date,instance_request_count,cpu_request,mem_request
2000/1/1 0:00,3169.166667,441297.9167,1292.073833
2000/1/1 0:01,3051.716667,414202.25,1409.087167
2000/1/1 0:02,2849.766667,394859.75,1295.0605
2000/1/1 0:03,2504.483333,359994.5,1250.953667
2000/1/1 0:04,2198.716667,339796.6667,974.2513333
2000/1/1 0:05,2534.883333,354289.3333,1040.984167
2000/1/1 0:06,2950.15,397351.0833,1321.710333
2000/1/1 0:07,6065.35,524202.8333,2507.435333
2000/1/1 0:08,11022.31667,766257.6667,3206.791333
2000/1/1 0:09,4353.666667,452369.3333,1571.730667
2000/1/1 0:10,5333.4,458454.5,2127.984
2000/1/1 0:11,4413.066667,281772.3333,1693.4005
2000/1/1 0:12,21554.18333,1948035.333,8680.162667
2000/1/1 0:13,21578.06667,1993641.5,8423.295333
2000/1/1 0:14,27745.71667,2361375.25,11589.40533
2000/1/1 0:15,32600.8,2863821.75,14120.53517
2000/1/1 0:16,23033.55,2096602.75,9516.484833
2000/1/1 0:17,22119.7,1953093.25,9083.548833
2000/1/1 0:18,14106.51667,998047.1667,6410.480667
2000/1/1 0:19,14196.96667,830079.5,7256.3635
2000/1/1 0:20,21139.1,1320373.417,11271.19717
2000/1/1 0:21,16661.81667,1087912.5,8867.02
2000/1/1 0:22,14523.23333,979783,7634.235167
2000/1/1 0:23,32969.88333,1938771.75,15045.8415
2000/1/1 0:24,32739.95,1913735.167,14932.9595
2000/1/1 0:25,32750.73333,1983859.167,14982.42333
2000/1/1 0:26,31491.81667,1860344.667,14310.61083
2000/1/1 0:27,29280.1,1683379.333,13147.81
2000/1/1 0:28,26809.36667,1471530.167,11892.43567
2000/1/1 0:29,25398.53333,1339051.083,11151.63583
2000/1/1 0:30,24565.15,1299114.667,10658.44933
2000/1/1 0:31,23493.41667,1243660.75,10084.7725
2000/1/1 0:32,23040.41667,1214614.5,9824.433833
2000/1/1 0:33,23049.71667,1212762.917,9854.800333
2000/1/1 0:34,30556.65,1996445.167,12385.01933
2000/1/1 0:35,23037.95,1270077,10087.80983
2000/1/1 0:36,23478.73333,1300214.25,10289.27383
2000/1/1 0:37,25188.11667,1374280,11108.58483
2000/1/1 0:38,24396.73333,1318984.917,10763.46517
2000/1/1 0:39,22947.88333,1237644,9481.987
2000/1/1 0:40,33907.58333,2385403.917,13760.888
2000/1/1 0:41,32163.06667,2235060.333,12961.39467
2000/1/1 0:42,23624.58333,1325326.5,9854.686667
2000/1/1 0:43,22029.11667,1187516,9079.657833
2000/1/1 0:44,22678.66667,1241997.333,9391.811333
2000/1/1 0:45,24146.7,1310429.167,10033.92667
2000/1/1 0:46,24396.8,1288348.333,10049.09867
2000/1/1 0:47,24181.53333,1276494.25,9935.207833
2000/1/1 0:48,23426.51667,1231386,9861.872333
2000/1/1 0:49,36995.7,1871898,18008.485
2000/1/1 0:50,37730.51667,1909681,18363.3535
2000/1/1 0:51,36005.5,1844035.5,17331.3135
2000/1/1 0:52,23243.01667,1243301,9755.186667
2000/1/1 0:53,24261.43333,1344708.083,10220.22833
2000/1/1 0:54,22979.35,1241306.583,9570.583167
2000/1/1 0:55,22045.43333,1123853.833,9335.705833
2000/1/1 0:56,6074.816667,350048.8333,3052.127333
2000/1/1 0:57,13863.41667,1042384.75,5903.63
2000/1/1 0:58,13066.53333,993197.1667,5703.213667
2000/1/1 0:59,6365.75,348900.3333,3392.6255
2000/1/1 1:00,26588.3,2343424,11980.24267
2000/1/1 1:01,25395.8,2254424.167,11354.0225
2000/1/1 1:02,19045.86667,1629818.75,9353.631167
2000/1/1 1:03,17922.78333,1573148.5,8811.19
2000/1/1 1:04,11127.76667,828076.1667,5707.383167
2000/1/1 1:05,6626.05,463570.1667,3475.981667
2000/1/1 1:06,4955.783333,336077,2550.160667
2000/1/1 1:07,5711.833333,387911.6667,2916.510667
2000/1/1 1:08,5309.15,350951.0833,2686.078
2000/1/1 1:09,5434.05,347189.0833,2691.487167
2000/1/1 1:10,9983.716667,821226,4806.332
2000/1/1 1:11,11306.3,838735.9167,5062.2975
2000/1/1 1:12,4924.966667,302851.5833,2040.671833
2000/1/1 1:13,4141.233333,216343.0833,1811.343667
2000/1/1 1:14,13603.75,1107883.167,5075.469833
2000/1/1 1:15,95251.55,9148390.083,29996.59333
2000/1/1 1:16,102051.1667,9468695.417,34732.381
2000/1/1 1:17,101907.75,9455102.5,34631.05933
2000/1/1 1:18,106327.8333,9678124.833,38073.442
2000/1/1 1:19,105594.8,9639299.333,37676.50817
2000/1/1 1:20,103256.95,9454889.667,36930.15133
2000/1/1 1:21,18268.95,989351,11512.515
2000/1/1 1:22,16971.4,943231.1667,10931.97683
2000/1/1 1:23,16327.13333,923756.6667,10526.595
2000/1/1 1:24,17362.36667,950801.5,11106.306
2000/1/1 1:25,17893.66667,979337.9167,11301.86017
2000/1/1 1:26,17390.63333,950557.0833,11121.32717
2000/1/1 1:27,18502.7,1065745.333,11827.99917
2000/1/1 1:28,17234.5,979116.5833,11191.52117
2000/1/1 1:29,32724.68333,2533473.833,15606.64083
2000/1/1 1:30,43267,3552142.75,21813.39083
2000/1/1 1:31,34163.51667,2256085.75,20396.61517
2000/1/1 1:32,47478.61667,3043580.5,28822.35817
2000/1/1 1:33,44639.38333,2815447.833,27982.82067
2000/1/1 1:34,36209.75,2327334.417,22812.4675
2000/1/1 1:35,32129.53333,2113285.667,20208.373
2000/1/1 1:36,42445.58333,3149102.417,23284.646
2000/1/1 1:37,43248.16667,3238237.5,23649.54167
2000/1/1 1:38,54371.11667,3764644.917,29025.20233
2000/1/1 1:39,49975.28333,3524665.833,26671.1105
2000/1/1 1:40,48017.53333,3429311.417,25558.74317
2000/1/1 1:41,45388.96667,3314462.75,24167.26117
2000/1/1 1:42,44394.71667,3252505.583,23745.76667
2000/1/1 1:43,44051.26667,3227435.083,23590.45867
2000/1/1 1:44,59337.71667,3991961.5,32567.02183
2000/1/1 1:45,81412.6,6373090.75,43774.34333
2000/1/1 1:46,81893.21667,6405213.25,43872.7895
2000/1/1 1:47,79318.48333,6247235,42537.9235
2000/1/1 1:48,68765.15,5713649.5,35280.61517
2000/1/1 1:49,73375.7,6192173.667,36178.353
2000/1/1 1:50,72303.91667,6121365.083,35703.03533
2000/1/1 1:51,69180.95,5944125,34119.69383
2000/1/1 1:52,63727.1,5422320.833,32604.64117
2000/1/1 1:53,64227.85,5436636.917,32792.778
2000/1/1 1:54,60433.41667,4131034.083,30891.93183
2000/1/1 1:55,59435.61667,3936219.917,30135.53183
2000/1/1 1:56,54729.38333,3733487.5,28024.83517
2000/1/1 1:57,66736.93333,5219857.917,33724.7065
2000/1/1 1:58,60595.58333,4649543.333,31556.99167
2000/1/1 1:59,65604.48333,5175475.333,34235.90567
2000/1/1 2:00,83170.98333,6759698.333,41563.0825
2000/1/1 2:01,83478.25,6780193,42076.54383
2000/1/1 2:02,78402.06667,6313659.917,40005.88783
2000/1/1 2:03,89492.98333,7365087.167,42488.73433
2000/1/1 2:04,84191.95,6832388.333,41627.74833
2000/1/1 2:05,90577.58333,7484508.5,42029.56117
2000/1/1 2:06,82165.78333,6552385.5,40287.09167
2000/1/1 2:07,69014.9,5312377.5,36038.25883
2000/1/1 2:08,66156.2,5112629.833,34743.215
2000/1/1 2:09,63025.53333,4924540.833,32939.22267
2000/1/1 2:10,53251.31667,3915870.833,27525.16883
2000/1/1 2:11,44428.6,3201731,22789.209
2000/1/1 2:12,36664.73333,2407959.333,20428.9705
2000/1/1 2:13,34096.3,2174641.667,18462.74367
2000/1/1 2:14,29450.4,1825551.083,16136.01567
2000/1/1 2:15,25417.76667,1519649.167,13971.388
2000/1/1 2:16,23414.48333,1427258.167,12390.91583
2000/1/1 2:17,23110.23333,1363076.25,12155.51917
2000/1/1 2:18,20174.88333,1148831.583,10769.02017
2000/1/1 2:19,19142.6,1099929.167,10094.2335
2000/1/1 2:20,18027.56667,1021747.417,9508.647
2000/1/1 2:21,18560.9,1105399.083,9579.908333
2000/1/1 2:22,20981.21667,1376547.583,10549.47883
2000/1/1 2:23,18810.08333,1345159.167,9868.048167
2000/1/1 2:24,17050.8,1218430.25,9091.006833
2000/1/1 2:25,18446.75,1162807.5,9825.117833
2000/1/1 2:26,20739.16667,1241356.667,10662.7605
2000/1/1 2:27,83407.33333,4508196.667,40989.58883
2000/1/1 2:28,90981.51667,5141106.667,45065.96983
2000/1/1 2:29,88322.53333,4839615.833,47114.9545
2000/1/1 2:30,82939.86667,4320763.333,41042.53783
2000/1/1 2:31,80296.11667,4124203.333,39866.98183
2000/1/1 2:32,78557.65,4024774.167,39071.46467
2000/1/1 2:33,82946.91667,4221469.667,41440.805
2000/1/1 2:34,86219.5,4523528,47547.10517
2000/1/1 2:35,73855.95,3898453.333,41329.62483
2000/1/1 2:36,36619.05,2284519.667,22283.70017
2000/1/1 2:37,23855.03333,1455621.833,16375.98717
2000/1/1 2:38,18055.88333,1111391.75,13384.17033
2000/1/1 2:39,15690.13333,972334,12175.142
2000/1/1 2:40,14807.96667,954201.6667,8013.61
2000/1/1 2:41,12577.75,730189.0833,6162.320167
2000/1/1 2:42,28122.05,1439576,16923.00917
2000/1/1 2:43,32279.15,1700510.5,18740.979
2000/1/1 2:44,30469.78333,1592784.667,17799.22033
2000/1/1 2:45,27296.5,1392849.167,16378.46117
2000/1/1 2:46,26651.41667,1359300.667,16074.78833
2000/1/1 2:47,25480.96667,1299783,15422.2775
2000/1/1 2:48,15933.73333,823285.8333,8633.237333
2000/1/1 2:49,17145.36667,1131741.167,7624.5195
2000/1/1 2:50,18214.21667,1225216.667,8199.436333
2000/1/1 2:51,11231.23333,647977.1667,5291.831833
2000/1/1 2:52,7663.283333,412875,3438.724833
2000/1/1 2:53,7207.816667,401333.3333,3281.706167
2000/1/1 2:54,11549.43333,618185.3333,6069.659167
2000/1/1 2:55,9675.933333,514074.8333,5016.752
2000/1/1 2:56,11797.88333,720892.0833,5633.189833
2000/1/1 2:57,13377.33333,877615,6223.415667
2000/1/1 2:58,13745.7,878530.3333,6545.2615
2000/1/1 2:59,20740.7,1575039.25,10436.72
2000/1/1 3:00,16442.75,1176203.083,8436.231833
2000/1/1 3:01,17276.96667,1205452.333,8186.314667
2000/1/1 3:02,28322.7,1646090.5,15045.39517
2000/1/1 3:03,26978.56667,1462482.833,14562.64817
2000/1/1 3:04,44854.7,2324557.833,25610.25667
2000/1/1 3:05,44652.88333,2342068.5,25695.717
2000/1/1 3:06,44165.85,2337309.25,25430.62783
2000/1/1 3:07,27588.21667,1452313.917,15591.382
2000/1/1 3:08,27334.06667,1435388.833,15265.03183
2000/1/1 3:09,20443.18333,1091310.5,11378.12717
2000/1/1 3:10,17405.61667,940113.25,9831.9175
2000/1/1 3:11,17583.03333,962313.75,9837.895833
2000/1/1 3:12,17231.41667,936249.6667,9640.150167
2000/1/1 3:13,15997.05,872606.0833,8859.615167
2000/1/1 3:14,15074.1,848230.9167,8008.240833
2000/1/1 3:15,11484.01667,652474.1667,6027.748333
2000/1/1 3:16,11918.7,673112.9167,5996.865167
2000/1/1 3:17,22850.78333,1778160,8147.980167
2000/1/1 3:18,23607.6,1856835.917,8437.872833
2000/1/1 3:19,26888.18333,2240122.5,9483.076833
2000/1/1 3:20,26558.06667,2234780,9352.245333
2000/1/1 3:21,41672.08333,3757343.167,19141.638
2000/1/1 3:22,38915.25,3425484.333,18351.33817
2000/1/1 3:23,29119.71667,2279456.75,14191.95433
2000/1/1 3:24,21148.33333,1212136.167,10568.155
2000/1/1 3:25,28326.66667,1691984.583,13681.96667
2000/1/1 3:26,52437.08333,4119440.833,25723.465
2000/1/1 3:27,75767.35,6471211,37065.972
2000/1/1 3:28,56922.56667,4664490.833,26341.97533
2000/1/1 3:29,61606.46667,5067513.083,29150.81267
2000/1/1 3:30,59039.8,4863815.917,28095.77217
2000/1/1 3:31,78873.01667,6887947.333,34202.58
2000/1/1 3:32,52208.66667,4133559.167,22493.85433
2000/1/1 3:33,36374.06667,2398395.833,18519.9965
2000/1/1 3:34,30517.85,1834949.667,16524.5885
2000/1/1 3:35,19561.76667,1211699.917,9860.9485
2000/1/1 3:36,21137.55,1457780.167,9765.943667
2000/1/1 3:37,23545.48333,1776197.083,11228.56717
2000/1/1 3:38,18723.21667,1370521.167,9823.515333
2000/1/1 3:39,28585.53333,2165599.167,13820.87117
2000/1/1 3:40,28222.26667,2097050.167,13583.59733
2000/1/1 3:41,20187.43333,1527874.333,9047.3505
2000/1/1 3:42,18632.56667,1341436.083,8283.724833
2000/1/1 3:43,12621.76667,844819.6667,5497.180833
2000/1/1 3:44,33099.88333,2149178.583,16309.784
2000/1/1 3:45,51003.03333,3478561.083,25293.70567
2000/1/1 3:46,42454.36667,2893101.417,21322.30033
2000/1/1 3:47,36615.7,2581315.75,18779.0335
2000/1/1 3:48,32313.48333,2287766.083,17099.21667
2000/1/1 3:49,27701.25,2062150,14317.2505
2000/1/1 3:50,26951.36667,1909838,13982.17367
2000/1/1 3:51,48055.35,4107094.833,19746.704
2000/1/1 3:52,48420.86667,4111166.333,20020.3255
2000/1/1 3:53,32891.48333,2659199,14890.96233
2000/1/1 3:54,23273.58333,1711203.417,11950.4945
2000/1/1 3:55,23499.06667,1740063.667,12197.37583
2000/1/1 3:56,23802.25,1794501.583,12404.93617
2000/1/1 3:57,26003.98333,1839368.333,13500.22817
2000/1/1 3:58,31827.33333,2092975.667,16962.91717
2000/1/1 3:59,30791.45,2026505.667,16325.5205
2000/1/1 4:00,28299.06667,1913974.167,14839.40883
2000/1/1 4:01,29812.33333,1981650.333,15782.50617
2000/1/1 4:02,29496.73333,1977695.75,15627.376
2000/1/1 4:03,37518.31667,2382993.333,20415.92217
2000/1/1 4:04,38329.25,2521301.75,20952.56683
2000/1/1 4:05,34157.13333,1981033.417,19670.1205
2000/1/1 4:06,31345.2,1710823.667,18364.23167
2000/1/1 4:07,31585.48333,1749891.083,18314.45517
2000/1/1 4:08,32170.75,1822590.417,18686.68683
2000/1/1 4:09,29844.26667,1688318.333,17606.037
2000/1/1 4:10,35254.63333,2889915.583,20826.0585
2000/1/1 4:11,38039.6,2991906.583,22280.93283
2000/1/1 4:12,36532.63333,2925349.667,21469.609
2000/1/1 4:13,35596.66667,2820149.333,21271.32483
2000/1/1 4:14,36440.61667,2918371.25,21415.38383
2000/1/1 4:15,34425.11667,2871942.5,20352.55717
2000/1/1 4:16,26805.5,2475278.667,16245.19133
2000/1/1 4:17,26685.91667,2462992.5,16072.3875
2000/1/1 4:18,23909.56667,2181200.083,14513.3735
2000/1/1 4:19,23837.11667,2186119.833,14471.87117
2000/1/1 4:20,23195.53333,2130903.667,14225.75533
2000/1/1 4:21,21110.95,1818916.667,13159.40117
2000/1/1 4:22,19284.21667,1361008.75,12346.54817
2000/1/1 4:23,20703.21667,1424965.833,12953.573
2000/1/1 4:24,22663.95,1516979.083,14102.06567
2000/1/1 4:25,22031.75,1490850.583,13670.17217
2000/1/1 4:26,22581.6,1535161.333,13396.21117
2000/1/1 4:27,19400.13333,1375921.75,12125.45683
2000/1/1 4:28,32393.43333,2637891.167,22064.54033
2000/1/1 4:29,35028.81667,2912604.333,22708.032
2000/1/1 4:30,33474.7,2714758.5,21676.31283
2000/1/1 4:31,33695.5,2601427.833,21556.56267
2000/1/1 4:32,34811.2,2634138.5,22376.16317
2000/1/1 4:33,33391.13333,2545755.667,21382.35183
2000/1/1 4:34,55398.86667,3634207.583,33794.80133
2000/1/1 4:35,61962.78333,3934506.583,38432.24817
2000/1/1 4:36,68304.48333,4574504.25,40338.3565
2000/1/1 4:37,69400.05,4613779.167,41060.233
2000/1/1 4:38,49951.58333,3561003.5,29826.81883
2000/1/1 4:39,38335.61667,2744167.167,24230.9085
2000/1/1 4:40,37842.33333,2716334.833,23663.683
2000/1/1 4:41,37333.6,2701331.25,23569.88567
2000/1/1 4:42,109142.6667,9374251.333,47535.60817
2000/1/1 4:43,108341.0833,9279473.333,48822.19283
2000/1/1 4:44,112478.7,9157015.833,51631.5965
2000/1/1 4:45,112125.9,8974098.833,50721.91717
2000/1/1 4:46,111695.0833,8818360.417,50133.1935
2000/1/1 4:47,102401.0667,8049997.75,45191.86233
2000/1/1 4:48,95762.73333,7609882.25,41580.90283
2000/1/1 4:49,86773,7044411.417,36506.05933
2000/1/1 4:50,90270.95,7392519.583,37521.50717
2000/1/1 4:51,89393.31667,7326902.417,37032.8815
2000/1/1 4:52,86262.7,7182371.5,35371.94017
2000/1/1 4:53,67344.41667,5547872.5,28754.5575
2000/1/1 4:54,39846.1,2561972.25,21749.443
2000/1/1 4:55,50845.13333,3661115.167,25263.17667
2000/1/1 4:56,80984.08333,5150769.917,31939.05233
2000/1/1 4:57,51992.25,3223709.167,22585.23867
2000/1/1 4:58,25399.75,1632095.833,13902.723
2000/1/1 4:59,29182.66667,1837591,15991.6265
2000/1/1 5:00,44237.68333,3050696.083,19184.28233
2000/1/1 5:01,38372.98333,2554115.417,17419.9555
2000/1/1 5:02,26606.65,1624612.667,14295.68733
2000/1/1 5:03,46382.88333,3569015.833,20149.20083
2000/1/1 5:04,61526.88333,5103447.5,24599.536
2000/1/1 5:05,63487.6,5359003.833,25065.6795
2000/1/1 5:06,50993.16667,4186535.833,22062.483
2000/1/1 5:07,47288.16667,2899410.833,18810.56817
2000/1/1 5:08,40087.36667,2604679.333,16478.17967
2000/1/1 5:09,50567.06667,4128049.833,25331.82533
2000/1/1 5:10,51192.2,4229300.833,25364.04617
2000/1/1 5:11,40312.86667,3117441.667,19868.70733
2000/1/1 5:12,37154.38333,2492902.917,19449.1025
2000/1/1 5:13,36536.51667,2666498.167,19565.144
2000/1/1 5:14,35280.4,2487360.5,19128.04783
2000/1/1 5:15,56816.8,4572356.25,25980.32183
2000/1/1 5:16,42781.46667,3631068.333,19424.14717
2000/1/1 5:17,30097.35,1986911.917,16183.18583
2000/1/1 5:18,28953.35,1906172.5,15059.38183
2000/1/1 5:19,45534.38333,3728134.167,22306.5395
2000/1/1 5:20,36038.13333,2789036.167,18299.04333
2000/1/1 5:21,29729.98333,2138221.083,15384.55833
2000/1/1 5:22,22474.91667,1483767.75,11519.11283
2000/1/1 5:23,17943.13333,1235524.167,9233.454167
2000/1/1 5:24,13207.51667,956947.5,6612.0245
2000/1/1 5:25,12410.13333,933945.6667,6352.249167
2000/1/1 5:26,11238.75,877353.4167,5655.396667
2000/1/1 5:27,10215.86667,783333.0833,5326.0635
2000/1/1 5:28,16516.81667,1136327.833,8441.130167
2000/1/1 5:29,20879.83333,1374311.667,10246.42167
2000/1/1 5:30,17694.63333,1198158.5,8717.582
2000/1/1 5:31,16343.83333,1151690.75,8282.535333
2000/1/1 5:32,35188.01667,2073212.25,18168.91517
2000/1/1 5:33,65874.15,3613364.167,34623.28117
2000/1/1 5:34,64251.51667,3539460.583,33577.35433
2000/1/1 5:35,63181.41667,3541609.5,33156.723
2000/1/1 5:36,59706.65,3375444.667,31212.841
2000/1/1 5:37,54794.53333,3155288.417,28580.75033
2000/1/1 5:38,53115.9,3069776,27635.82333
2000/1/1 5:39,39202.76667,2395277.333,19224.37783
2000/1/1 5:40,47560.03333,3433278.583,22995.7385
2000/1/1 5:41,48179.28333,3393663.5,23192.21733
2000/1/1 5:42,47099.26667,3320102.667,22774.74267
2000/1/1 5:43,46180.81667,3281646.167,22654.3305
2000/1/1 5:44,31969.41667,1996746.333,15418.75633
2000/1/1 5:45,47478.55,2758892.667,25939.9255
2000/1/1 5:46,45761.53333,2658275.167,25203.54367
2000/1/1 5:47,50432.96667,3270280.417,26171.68767
2000/1/1 5:48,52566.98333,3528295.5,27028.80883
2000/1/1 5:49,47191.28333,2869217,25503.73733
2000/1/1 5:50,59096.78333,3341202.5,32148.46817
2000/1/1 5:51,60207.66667,3371807.5,33080.413
2000/1/1 5:52,56707.86667,3192293,31528.8195
2000/1/1 5:53,66644.18333,4232684,34202.3965
2000/1/1 5:54,64201.05,4135608.167,32903.0455
2000/1/1 5:55,57943.45,3582343.667,30555.66
2000/1/1 5:56,54657.5,3108107,30078.63567
2000/1/1 5:57,47479.85,2743204.583,25867.99233
2000/1/1 5:58,102933.2833,7558261.083,47707.76483
2000/1/1 5:59,106829.7667,7736145.417,50058.59733
2000/1/1 6:00,136544.1667,10778538.08,57391.8925
2000/1/1 6:01,131471.4,10150346.58,56430.83017
2000/1/1 6:02,109453.5667,7926544.583,51289.9055
2000/1/1 6:03,83253.45,5504053.167,41566.86433
2000/1/1 6:04,106774.8,7250222.833,53987.4725
2000/1/1 6:05,105118.6667,7192786.5,53329.55317
2000/1/1 6:06,101836.6667,7021973.667,51957.56
2000/1/1 6:07,99685.23333,6849057.833,51127.71567
2000/1/1 6:08,97687.83333,6723516.833,50245.33917
2000/1/1 6:09,96142.36667,6627894.417,49443.37567
2000/1/1 6:10,94423.91667,6515077.5,48675.37383
2000/1/1 6:11,97024.91667,6569296.167,50632.04283
2000/1/1 6:12,84613.66667,5193248.333,45179.57683
2000/1/1 6:13,92927.8,5021706.667,53389.875
2000/1/1 6:14,89388.85,4830236.417,51686.72517
2000/1/1 6:15,93403.66667,5158893.5,53190.08833
2000/1/1 6:16,92820.33333,5184960.5,52949.19467
2000/1/1 6:17,104943.2,5711836.25,58228.13283
2000/1/1 6:18,112051.15,5955077.25,62039.90517
2000/1/1 6:19,110508.9167,5863034.667,61329.31233
2000/1/1 6:20,113653.2,6047724.5,63515.22167
2000/1/1 6:21,104563.3833,5574451.583,59255.84533
2000/1/1 6:22,95591.48333,5250711.667,54396.614
2000/1/1 6:23,93190.65,5146398.583,52835.55017
2000/1/1 6:24,107833.85,5872899.917,61441.0675
2000/1/1 6:25,98699.93333,5442572.25,55753.82617
2000/1/1 6:26,95982.36667,5323275.75,54509.6015
2000/1/1 6:27,94929.86667,5227036.417,53938.94083
2000/1/1 6:28,100010.5167,5566555.583,57200.15633
2000/1/1 6:29,100933.1333,5613432.5,57562.15417
2000/1/1 6:30,101462.9167,5700812.417,57745.46783
2000/1/1 6:31,102051.3833,5604109,58334.05683
2000/1/1 6:32,107067.25,5816868.25,60314.45067
2000/1/1 6:33,104686.6333,5676559,58294.14283
2000/1/1 6:34,98876.18333,5370633.083,55335.602
2000/1/1 6:35,92371.4,5028298.917,52025.55233
2000/1/1 6:36,87980.86667,4758008.5,49591.2815
2000/1/1 6:37,87847.23333,4772831.167,49858.78033
2000/1/1 6:38,85399.45,4636962.917,48516.89033
2000/1/1 6:39,85220.61667,4611853,48343.76717
2000/1/1 6:40,83576.51667,4576658.667,47785.63933
2000/1/1 6:41,83944.58333,4591454,47805.40017
2000/1/1 6:42,82657.1,4490770.333,47479.5345
2000/1/1 6:43,81602.76667,4510168.333,47937.595
2000/1/1 6:44,79001.25,4410872.833,46348.07217
2000/1/1 6:45,93278.15,5881449.333,50665.56083
2000/1/1 6:46,79406.63333,4834081.417,44632.10033
2000/1/1 6:47,73122.55,4270555.167,42386.423
2000/1/1 6:48,69746.86667,4113148.583,40457.5205
2000/1/1 6:49,61284.05,3605456,35826.054
2000/1/1 6:50,43768.81667,2641635.417,25418.599
2000/1/1 6:51,43362.73333,2647132.083,25429.2275
2000/1/1 6:52,58117.28333,3360829.167,33718.21783
2000/1/1 6:53,54286.88333,3210392.167,31497.41417
2000/1/1 6:54,55199.36667,3305751.083,31744.03767
2000/1/1 6:55,56015.81667,3398074.583,31954.24767
2000/1/1 6:56,53722.8,3287849.75,30136.9125
2000/1/1 6:57,48725.9,2887779.417,27861.79683
2000/1/1 6:58,46739.78333,2855834.083,26600.179
2000/1/1 6:59,45815.31667,2774132.5,26209.57083
2000/1/1 7:00,38060.71667,2328499.167,21909.9115
2000/1/1 7:01,113977.5833,9982425.5,44079.04733
2000/1/1 7:02,113481.3667,9944826.333,43841.932
2000/1/1 7:03,113266.4833,9924053.333,43767.60817
2000/1/1 7:04,112647.9167,9876565.5,43497.30833
2000/1/1 7:05,48245.4,3455904.333,24566.2215
2000/1/1 7:06,41497.8,2676441.667,23341.56817
2000/1/1 7:07,40039.55,2503488.833,22775.39783
2000/1/1 7:08,40007.53333,2487463.667,22124.7125
2000/1/1 7:09,50154.51667,3571495,25765.7225
2000/1/1 7:10,47837.55,3412641.667,24640.7935
2000/1/1 7:11,46542.28333,3345092.5,24069.07133
2000/1/1 7:12,52491.11667,3794551.25,26541.29367
2000/1/1 7:13,50110.53333,3638980.833,25665.43483
2000/1/1 7:14,45831.53333,3244750.417,24091.17183
2000/1/1 7:15,42676.8,3027467.5,23089.571
2000/1/1 7:16,63224.16667,5011175.667,27227.10833
2000/1/1 7:17,63849.28333,5055778.583,27850.17383
2000/1/1 7:18,63411.63333,5117073.667,27877.04767
2000/1/1 7:19,61884.71667,4998629.167,27075.189
2000/1/1 7:20,60359.31667,4884662.667,26185.14233
2000/1/1 7:21,51269.71667,3836304.75,25431.221
2000/1/1 7:22,42711.96667,2984953.25,23621.19433
2000/1/1 7:23,43129.26667,3011235.583,23741.00867
2000/1/1 7:24,40415.31667,2869781.167,22156.47033
2000/1/1 7:25,44989.6,3093787.5,24818.03283
2000/1/1 7:26,45554.63333,3193952.167,25000.836
2000/1/1 7:27,41951.5,3062398.667,22847.099
2000/1/1 7:28,33739.58333,2329784.583,19353.98983
2000/1/1 7:29,27831.26667,1758862.25,17027.63367
2000/1/1 7:30,28529.15,1935069.333,17263.40417
2000/1/1 7:31,28361.96667,1947636.167,17225.32783
2000/1/1 7:32,28206.5,1899465.333,17237.984
2000/1/1 7:33,28089.38333,1899298.333,17153.90283
2000/1/1 7:34,51997.61667,3252038,30107.46267
2000/1/1 7:35,50826.45,3193226.833,28739.98783
2000/1/1 7:36,53471,3301529.917,30477.4685
2000/1/1 7:37,59002.8,3582822.25,34954.5165
2000/1/1 7:38,56492.51667,3444660.833,33561.723
2000/1/1 7:39,56730.2,3450870.667,33596.5625
2000/1/1 7:40,57545.1,3543386.25,33891.88533
2000/1/1 7:41,63509.91667,3840530.833,37350.11783
2000/1/1 7:42,59065.08333,3514753.667,33968.83667
2000/1/1 7:43,59395.31667,3522351.667,34287.09017
2000/1/1 7:44,60979.7,3687739.5,34825.47017
2000/1/1 7:45,57754.23333,3549059.667,33274.65467
2000/1/1 7:46,55065.38333,3623199.417,30399.55067
2000/1/1 7:47,47422.16667,3287641.333,26548.32333
2000/1/1 7:48,41373.48333,2866048.667,23268.90283
2000/1/1 7:49,38000.2,2600064,22431.30167
2000/1/1 7:50,39061.33333,2635611.75,23061.32567
2000/1/1 7:51,37969.76667,2520993.167,22434.21233
2000/1/1 7:52,41841.63333,2730863,24480.53333
2000/1/1 7:53,46704.16667,3289766.417,25311.41767
2000/1/1 7:54,42691.33333,2729621.667,25322.553
2000/1/1 7:55,45162.65,2900860.333,26500.87433
2000/1/1 7:56,43669.96667,2808866.333,25477.2585
2000/1/1 7:57,41804.1,2658455.833,24661.45533
2000/1/1 7:58,40725.15,2599136.25,24043.70117
2000/1/1 7:59,40629.11667,2720547.583,24163.08017
2000/1/1 8:00,51265.9,3325129,29610.78017
2000/1/1 8:01,50359.13333,3297682.5,29104.37117
2000/1/1 8:02,53378.9,3553642.667,30564.75417
2000/1/1 8:03,47660.6,3235420.167,26562.14367
2000/1/1 8:04,48748.2,3552033.917,25302.42433
2000/1/1 8:05,48616.78333,3415921,25762.008
2000/1/1 8:06,43728.43333,2842775.25,24324.003
2000/1/1 8:07,41415.31667,2742453,23307.796
2000/1/1 8:08,36262.45,2468856.417,20345.0045
2000/1/1 8:09,34090.33333,2361879.167,19137.63183
2000/1/1 8:10,34910.98333,2360489.167,19458.04833
2000/1/1 8:11,32705.38333,2161735.583,17716.74017
2000/1/1 8:12,30815.6,2072684.083,16699.90183
2000/1/1 8:13,28182.1,1927280.833,15186.6655
2000/1/1 8:14,25280.9,1747900.917,13800.82467
2000/1/1 8:15,27973.81667,2022449.667,15779.97233
2000/1/1 8:16,25971.1,1902995.417,14459.4325
2000/1/1 8:17,22924.11667,1758004,12706.63033
2000/1/1 8:18,20980.13333,1796393.667,11998.57633
2000/1/1 8:19,29484.96667,2402995.5,17584.089
2000/1/1 8:20,29882,2430076.25,17734.6395
2000/1/1 8:21,28318.55,2339633.333,17049.79817
2000/1/1 8:22,26674.06667,2192873.333,16273.1275
2000/1/1 8:23,26185.7,2164440,16059.18033
2000/1/1 8:24,27043.93333,2266137.667,16397.554
2000/1/1 8:25,24732.93333,2129820.25,15304.463
2000/1/1 8:26,23810.66667,2042351.667,14970.42817
2000/1/1 8:27,23693.76667,1909826.917,14498.27017
2000/1/1 8:28,23411.78333,1871298.833,14208.2485
2000/1/1 8:29,24369.55,1893753.75,14560.25217
2000/1/1 8:30,27339.01667,2255986.667,14795.404
2000/1/1 8:31,25883.4,2166126.833,13955.445
2000/1/1 8:32,24125.56667,1991458.583,12732.97
2000/1/1 8:33,29019.4,2488440.5,14185.47617
2000/1/1 8:34,28282.86667,2382611.75,14568.60533
2000/1/1 8:35,23998.18333,1918812.5,13448.98683
2000/1/1 8:36,23304.76667,1865665.667,13562.553
2000/1/1 8:37,22560.3,1811468.5,13336.42833
2000/1/1 8:38,21593.65,1553449,12887.554
2000/1/1 8:39,22054.88333,1503165.917,12899.86317
2000/1/1 8:40,22863.83333,1535819.167,13124.498
2000/1/1 8:41,21643.86667,1471363.583,12456.32267
2000/1/1 8:42,20539.38333,1382009.583,11838.48067
2000/1/1 8:43,19872.21667,1367164.167,11470.44683
2000/1/1 8:44,19060.45,1328506.167,11050.07567
2000/1/1 8:45,16983.95,1200756.417,9743.9915
2000/1/1 8:46,16066.68333,1144978.333,8864.129667
2000/1/1 8:47,15259.76667,1253112.167,7955.590167
2000/1/1 8:48,14419.1,1211326.417,7588.171833
2000/1/1 8:49,14920.03333,1241522.333,7779.251333
2000/1/1 8:50,25329.45,1695901.083,13542.23383
2000/1/1 8:51,24075.11667,1606320.583,12987.68517
2000/1/1 8:52,22568.06667,1429438.167,12319.23317
2000/1/1 8:53,23391.15,1510498.083,12357.25
2000/1/1 8:54,22002.98333,1401163.333,11634.54967
2000/1/1 8:55,21770.2,1390033.083,11408.3795
2000/1/1 8:56,20597.53333,1487025.833,11158.68367
2000/1/1 8:57,19604.01667,1394840.833,10971.2215
2000/1/1 8:58,19457.23333,1385059.917,10879.72517
2000/1/1 8:59,22207.45,1523314.167,12447.54233
2000/1/1 9:00,32038,2425356.667,15659.15783
2000/1/1 9:01,79780.01667,6221788,36823.15017
2000/1/1 9:02,75375.95,5798644.333,34944.743
2000/1/1 9:03,75625.01667,5747885,35925.48117
2000/1/1 9:04,56577.46667,3719268.167,31132.739
2000/1/1 9:05,56057.66667,3352564.333,34701.19767
2000/1/1 9:06,65006.66667,4353062.75,37996.54317
2000/1/1 9:07,73080.71667,4741082.5,39132.98117
2000/1/1 9:08,58613.56667,3573302.5,34508.5535
2000/1/1 9:09,44943.71667,2738598.583,27302.30967
2000/1/1 9:10,42810.45,2612013.833,25102.6615
2000/1/1 9:11,40760.58333,2470370.5,24444.43917
2000/1/1 9:12,42318.91667,2507258.583,25166.70133
2000/1/1 9:13,49838.78333,2974125.833,29140.91667
2000/1/1 9:14,39003.56667,2340850.833,23049.24117
2000/1/1 9:15,32087.01667,1987710.333,17929.65533
2000/1/1 9:16,32727.13333,2068780.25,17078.7055
2000/1/1 9:17,27649.78333,1797209,14616.75917
2000/1/1 9:18,27114.78333,1734258.167,14649.5175
2000/1/1 9:19,26638.11667,1687422.333,14359.23117
2000/1/1 9:20,25518.98333,1628824.167,13640.545
2000/1/1 9:21,25108.9,1622364.417,13325.22333
2000/1/1 9:22,24447.76667,1583192.917,13077.274
2000/1/1 9:23,27863.58333,1795272.833,14666.213
2000/1/1 9:24,26742.3,1699756.833,14208.43133
2000/1/1 9:25,26852.03333,2099331.667,13239.16167
2000/1/1 9:26,29745.11667,2088983,16035.16367
2000/1/1 9:27,30577.08333,2076857.417,16577.01117
2000/1/1 9:28,27843.78333,1909698.5,14939.9955
2000/1/1 9:29,26593.4,1830274.5,14374.019
2000/1/1 9:30,25951.36667,1800578,14122.60867
2000/1/1 9:31,24400.65,1725556.5,13421.668
2000/1/1 9:32,23522.75,1677910.083,13068.51483
2000/1/1 9:33,21623.53333,1580515.583,11946.2405
2000/1/1 9:34,22985.31667,1650143.833,12488.9725
2000/1/1 9:35,22558.08333,1612524.083,12301.6745
2000/1/1 9:36,20961.61667,1405165.75,11229.04617
2000/1/1 9:37,20769.96667,1385971.583,11149.01983
2000/1/1 9:38,18951.36667,1294980.833,10177.39817
2000/1/1 9:39,21678,1886885.833,9976.2025
2000/1/1 9:40,16552.4,1601094.083,7483.799167
2000/1/1 9:41,12243.88333,1176404.667,6123.245
2000/1/1 9:42,10807.96667,1033859.583,5565.992
2000/1/1 9:43,10473.31667,1002381.667,5481.107667
2000/1/1 9:44,10620.71667,1005640.167,5565.81
2000/1/1 9:45,15909.06667,1524374.167,7039.977
2000/1/1 9:46,10618.93333,990842.5,5463.261333
2000/1/1 9:47,12295.51667,1162035.083,6401.774167
2000/1/1 9:48,12064.8,1193554.917,5975.223333
2000/1/1 9:49,14436.65,1195286.667,7825.072333
2000/1/1 9:50,20558.96667,1724375,9880.349333
2000/1/1 9:51,19736.36667,1678217.5,9576.540833
2000/1/1 9:52,15680.61667,1302597.5,8266.259
2000/1/1 9:53,12474.38333,1080255.833,6581.279833
2000/1/1 9:54,10588.6,935286,5402.361833
2000/1/1 9:55,11088.65,927141.6667,5696.799833
2000/1/1 9:56,13472.33333,1174333.333,6326.8235
2000/1/1 9:57,12980.98333,970469.1667,6326.718167
2000/1/1 9:58,9303.983333,658120.8333,4621.362
2000/1/1 9:59,8936.116667,640493.4167,4404.980333
2000/1/1 10:00,40950.4,3636638.5,20387.97883
2000/1/1 10:01,43094.6,3885708.5,20485.81633
2000/1/1 10:02,36386.18333,3228649,18346.87917
2000/1/1 10:03,33499.75,2882004.167,17540.6585
2000/1/1 10:04,15853.9,1202735.833,7474.568333
2000/1/1 10:05,12799.55,952666.5,6375.973
2000/1/1 10:06,13145.15,907647.5,6850.917833
2000/1/1 10:07,14224.48333,1015836.667,7297.457
2000/1/1 10:08,12993.13333,936582.1667,6413.722167
2000/1/1 10:09,28769.41667,2376552.167,10930.809
2000/1/1 10:10,47381.03333,4400536,18556.2205
2000/1/1 10:11,29439.41667,2545567.833,13616.14117
2000/1/1 10:12,22962.93333,1961431.417,11397.7135
2000/1/1 10:13,24851.23333,2213222.917,11644.38933
2000/1/1 10:14,30725.16667,3113911.667,17316.72433
2000/1/1 10:15,31963.65,3222468.5,17481.78217
2000/1/1 10:16,25583.25,2502471.5,15768.8445
2000/1/1 10:17,24491.53333,2340232.5,15870.06933
2000/1/1 10:18,31299.73333,3015733.667,17190.66283
2000/1/1 10:19,21604.86667,2097422.667,12751.53117
2000/1/1 10:20,12839.05,1338112.417,10091.60417
2000/1/1 10:21,15085.93333,1493864.583,10886.758
2000/1/1 10:22,13748.33333,1428183.667,10329.21917
2000/1/1 10:23,16347.93333,1666632.333,10722.2395
2000/1/1 10:24,11675.46667,1216120,9161.304333
2000/1/1 10:25,9519.2,1132683.167,8049.704833
2000/1/1 10:26,48857.81667,5069990,20435.76283
2000/1/1 10:27,24212.5,2572263.417,12418.79733
2000/1/1 10:28,12724.73333,1330474,7658.450167
2000/1/1 10:29,12794.75,1146829.083,9412.004
2000/1/1 10:30,21513.66667,1981384.667,12870.982
2000/1/1 10:31,17185.63333,1495574.333,11548.96833
2000/1/1 10:32,15603.08333,1228453,11183.91217
2000/1/1 10:33,17297.23333,1231792.917,11016.88017
2000/1/1 10:34,13260.46667,920668.3333,8220.262
2000/1/1 10:35,13269.68333,938048.3333,8246.201833
2000/1/1 10:36,12616.03333,895246.6667,7975.730833
2000/1/1 10:37,14814.55,1244958.917,9103.1355
2000/1/1 10:38,13988.56667,1182109.917,8718.495667
2000/1/1 10:39,10351.21667,985147.3333,6299.610167
2000/1/1 10:40,10332.65,975191.8333,6141.381833
2000/1/1 10:41,10186.55,900943,6260.455167
2000/1/1 10:42,10414.23333,911996.6667,6349.953
2000/1/1 10:43,36588.5,3529120.25,14198.98383
2000/1/1 10:44,31672.86667,3060182.583,12514.93717
2000/1/1 10:45,44673.03333,4479662.417,15435.93717
2000/1/1 10:46,64495.58333,6481713,22207.37633
2000/1/1 10:47,45113.21667,4558189.583,16273.851
2000/1/1 10:48,31756.08333,3229868.333,12607.29783
2000/1/1 10:49,13786.23333,1419697.5,7072.848667
2000/1/1 10:50,14149.18333,1465958.167,6169.8355
2000/1/1 10:51,27860.25,2844522.167,11751.71417
2000/1/1 10:52,8740.083333,880187.5,5297.708333
2000/1/1 10:53,5984.816667,562722.5,4078.761333
2000/1/1 10:54,5817.566667,541479.1667,3987.48
2000/1/1 10:55,6599.95,587659.1667,4291.672333
2000/1/1 10:56,6379.716667,588037,4245.208333
2000/1/1 10:57,5832.616667,543579.3333,4003.0635
2000/1/1 10:58,6004.883333,562290.3333,4267.291333
2000/1/1 10:59,5022.15,461371.6667,3750.3685
2000/1/1 11:00,6990.8,635870.1667,4463.552833
2000/1/1 11:01,5956.533333,508712.1667,4045.2635
2000/1/1 11:02,9752.216667,922066.1667,5266.918167
2000/1/1 11:03,6316.733333,588382.5,4290.315167
2000/1/1 11:04,6304.65,542857,3879.214667
2000/1/1 11:05,6012.533333,494970,3433.0395
2000/1/1 11:06,10051.35,682890.1667,6166.753333
2000/1/1 11:07,11125.7,765820.5,6500.777667
2000/1/1 11:08,17424.25,1078508,9293.789
2000/1/1 11:09,17046.4,1099083,9177.647
2000/1/1 11:10,12861.78333,851407.75,6428.716167
2000/1/1 11:11,14533.96667,997489.3333,6614.556
2000/1/1 11:12,15001.95,1036388.75,6933.025833
2000/1/1 11:13,12589.61667,851342.9167,6105.104
2000/1/1 11:14,14270.88333,931433.75,7013.822833
2000/1/1 11:15,24297.2,1661853.083,9681.379333
2000/1/1 11:16,17033.58333,1262119.167,7223.402167
2000/1/1 11:17,15849.98333,1202280.583,6544.562
2000/1/1 11:18,37804.63333,3454702.417,14975.1135
2000/1/1 11:19,62216.53333,5845296.417,22694.2725
2000/1/1 11:20,47812.56667,4435954.333,19048.134
2000/1/1 11:21,18107.1,1580889.833,9298.707
2000/1/1 11:22,27700,2552904.583,12113.06417
2000/1/1 11:23,17274.78333,1491252.167,7799.403667
2000/1/1 11:24,8573.35,681832.5,4439.431333
2000/1/1 11:25,11230.73333,953677.25,5381.016
2000/1/1 11:26,43271.53333,4188219.167,17928.6075
2000/1/1 11:27,40421.53333,3938225,16750.28733
2000/1/1 11:28,41083.35,3988245.167,16990.87017
2000/1/1 11:29,40872.28333,3957699.5,16894.22
2000/1/1 11:30,47260.48333,4449343.25,20001.25383
2000/1/1 11:31,48695.68333,4516290.75,21059.38417
2000/1/1 11:32,54177.48333,4700909.917,24595.94617
2000/1/1 11:33,44528.25,3801027.583,20483.033
2000/1/1 11:34,31631.96667,2536495,15489.72767
2000/1/1 11:35,22810.05,1526183,12461.398
2000/1/1 11:36,21700.23333,1413506,11970.03667
2000/1/1 11:37,22919.11667,1518777.5,12442.69983
2000/1/1 11:38,29088.65,1869545.417,14448.11217
2000/1/1 11:39,27836.16667,1733950.417,14001.95933
2000/1/1 11:40,25853.3,1593605,13070.549
2000/1/1 11:41,25554.08333,1634613.167,13041.7715
2000/1/1 11:42,22901.08333,1519542.333,11946.44267
2000/1/1 11:43,21002.86667,1406272.5,11142.66717
2000/1/1 11:44,54160.33333,4729400.583,21103.29067
2000/1/1 11:45,55019.83333,4816070,21605.59783
2000/1/1 11:46,54030,4717238.75,21426.94483
2000/1/1 11:47,24240.31667,1734987.5,12613.129
2000/1/1 11:48,21681.75,1482914.083,11801.00317
2000/1/1 11:49,20142.73333,1293260.5,10866.79783
2000/1/1 11:50,19446.36667,1244353.167,10473.91683
2000/1/1 11:51,21900.75,1428920.667,11576.12133
2000/1/1 11:52,23032,1509243.667,11857.764
2000/1/1 11:53,21511.83333,1385435.167,11358.02233
2000/1/1 11:54,23620.91667,1532397.333,12757.21867
2000/1/1 11:55,22891.81667,1484500,12463.22983
2000/1/1 11:56,21775.41667,1460650,11965.41617
2000/1/1 11:57,20181,1366573.333,11252.114
2000/1/1 11:58,24605.51667,1613903.917,15268.433
2000/1/1 11:59,23200.91667,1529869.167,14740.68317
2000/1/1 12:00,22844.46667,1513376.333,14598.21517
2000/1/1 12:01,22118.63333,1448064.167,14410.61517
2000/1/1 12:02,24843.25,1616386.75,15036.33517
2000/1/1 12:03,32597.46667,2046709.75,17994.079
2000/1/1 12:04,32706.1,2074986.25,17891.57367
2000/1/1 12:05,33509.41667,2081193.5,18208.427
2000/1/1 12:06,31668.48333,1974613.75,17525.2535
2000/1/1 12:07,33765.45,2258208.833,17533.765
2000/1/1 12:08,36681.28333,2906592.917,20169.06917
2000/1/1 12:09,34767.61667,2909172.083,19619.90333
2000/1/1 12:10,52126.56667,4722150.417,23703.1835
2000/1/1 12:11,47953.31667,4344655.417,20888.74667
2000/1/1 12:12,30418.13333,2518528.333,15198.9285
2000/1/1 12:13,23391.98333,1797624.583,12603.5985
2000/1/1 12:14,24130.8,1876710.833,13006.38367
2000/1/1 12:15,22385.15,1725315.917,12209.652
2000/1/1 12:16,19042.36667,1511154.167,9961.077667
2000/1/1 12:17,19549.23333,1568754.667,10064.52883
2000/1/1 12:18,15485.26667,1235782.5,8776.433167
2000/1/1 12:19,12553.5,1071176.667,7472.779333
2000/1/1 12:20,12345.01667,1092156.667,7352.228833
2000/1/1 12:21,10854.86667,981494.4167,6650.839333
2000/1/1 12:22,11739.81667,1021537.5,7114.960333
2000/1/1 12:23,11803.05,1025316.667,7162.471833
2000/1/1 12:24,12708.38333,1086198.333,7292.241167
2000/1/1 12:25,11277.58333,982884.1667,6897.9685
2000/1/1 12:26,10996.93333,930152.6667,6511.719333
2000/1/1 12:27,10223.8,877727,6115.736833
2000/1/1 12:28,9793.266667,855996.5833,5911.851
2000/1/1 12:29,10844.38333,908470,6359.405833
2000/1/1 12:30,12678.71667,1064812.5,7026.457167
2000/1/1 12:31,11969.16667,1001121.25,6801.0595
2000/1/1 12:32,12000.25,1026807.5,6934.746
2000/1/1 12:33,11470.35,978730.3333,6767.789167
2000/1/1 12:34,9547.933333,864364.5833,5796.6985
2000/1/1 12:35,8665.316667,818847.5,5335.537167
2000/1/1 12:36,8545.016667,876022.9167,5268.586333
2000/1/1 12:37,9727.683333,933746.75,5885.9035
2000/1/1 12:38,9989.383333,988544.1667,5954.497333
2000/1/1 12:39,10995.41667,911675.4167,6959.344333
2000/1/1 12:40,10074.78333,740875.8333,6297.853167
2000/1/1 12:41,19657.31667,1666081.667,9934.033667
2000/1/1 12:42,15685.2,1267580.833,8422.158
2000/1/1 12:43,15927.5,1081078.333,9459.208667
2000/1/1 12:44,15258.41667,1042817.083,9077.898833
2000/1/1 12:45,15247.03333,959174.5833,8996.229667
2000/1/1 12:46,26943.43333,2149220.833,12206.03633
2000/1/1 12:47,25042,2042167.5,11072.923
2000/1/1 12:48,25469.51667,2106429.167,11434.4735
2000/1/1 12:49,25981.1,2130710.833,11807.25533
2000/1/1 12:50,36137.25,2819394.167,16679.07533
2000/1/1 12:51,35579.86667,2786977.5,16468.23083
2000/1/1 12:52,34473.43333,2745195.667,15694.405
2000/1/1 12:53,43916.1,3193966.667,23197.30733
2000/1/1 12:54,35720.8,2652685,19016.36467
2000/1/1 12:55,35195.5,2696592.5,19052.3395
2000/1/1 12:56,34178.85,2591094.583,18552.31917
2000/1/1 12:57,34130.11667,2627005.417,18546.33633
2000/1/1 12:58,33455.33333,2543201.667,18184.29167
2000/1/1 12:59,34274.4,2567485,18334.81733
2000/1/1 13:00,35746.71667,2645890.833,19125.5615
2000/1/1 13:01,44485.93333,3484921.5,21518.00767
2000/1/1 13:02,26160.1,1820947.917,15891.90367
2000/1/1 13:03,15591,1028625.833,10852.28883
2000/1/1 13:04,15139.01667,1005180.417,10552.40933
2000/1/1 13:05,17925.43333,1275337.75,11676.5915
2000/1/1 13:06,21959.55,1496731.667,12626.60083
2000/1/1 13:07,21308.7,1454531.917,12344.86617
2000/1/1 13:08,33575.9,2740097.083,15995.79717
2000/1/1 13:09,38299.23333,3234562.5,18359.79233
2000/1/1 13:10,38496.81667,3277230.833,18527.67883
2000/1/1 13:11,33890.43333,2818076.917,16595.75633
2000/1/1 13:12,28114.41667,2268372,14549.6585
2000/1/1 13:13,21027.11667,1598359.583,12253.13667
2000/1/1 13:14,28183.56667,1919781.667,16572.63517
2000/1/1 13:15,27371.41667,1839460,16415.246
2000/1/1 13:16,25920.36667,1710566.667,15772.78517
2000/1/1 13:17,24331.23333,1561879.167,14897.04167
2000/1/1 13:18,24905.75,1631833,13919.96883
2000/1/1 13:19,23737.53333,1491883.917,13640.89117
2000/1/1 13:20,34566.25,2663914.167,17157.52217
2000/1/1 13:21,46742.78333,4010072.833,21069.87817
2000/1/1 13:22,44491.18333,3871952.833,20296.48383
2000/1/1 13:23,27664.41667,2202548.333,15692.91683
2000/1/1 13:24,21798.9,1601635,13793.45383
2000/1/1 13:25,24804.23333,1738200.833,14768.96217
2000/1/1 13:26,21857.48333,1542582.667,13512.053
2000/1/1 13:27,20170.66667,1454090.417,12824.48667
2000/1/1 13:28,22619.81667,1576645.167,14064.85733
2000/1/1 13:29,31772.11667,1994079.583,19342.99717
2000/1/1 13:30,30626.85,1958927.667,18388.657
2000/1/1 13:31,24786.36667,1692605,14965.58717
2000/1/1 13:32,22628.46667,1553837.5,13894.1095
2000/1/1 13:33,25762.85,2141644.5,13126.13917
2000/1/1 13:34,35892.88333,3198992.917,15428.25983
2000/1/1 13:35,31768.4,2841517.5,14072.9975
2000/1/1 13:36,33244.11667,3054413,14347.85717
2000/1/1 13:37,30844.11667,2807817,13553.50183
2000/1/1 13:38,18709.56667,1591901.5,9871.112333
2000/1/1 13:39,27331.93333,2457321.667,12487.29083
2000/1/1 13:40,18202.16667,1492330.667,9692.386167
2000/1/1 13:41,13677.88333,1040400.167,8318.956667
2000/1/1 13:42,12366.18333,937935.8333,7902.62
2000/1/1 13:43,14395.4,1148314.917,8502.650333
2000/1/1 13:44,13193.85,981291.5833,7949.879667
2000/1/1 13:45,13200.43333,943147.9167,8306.77
2000/1/1 13:46,19540.26667,1572056.417,10070.0075
2000/1/1 13:47,21501.76667,1828729.417,10496.09733
2000/1/1 13:48,16296.2,1313063.583,9069.714833
2000/1/1 13:49,13558.51667,1026949.417,8634.746667
2000/1/1 13:50,18058.71667,1441817.5,10101.43517
2000/1/1 13:51,16422.73333,1311869.667,9350.437333
2000/1/1 13:52,12528.61667,966664.75,7527.406
2000/1/1 13:53,11485.85,933743.3333,7274.048167
2000/1/1 13:54,11205.16667,926315.8333,7284.665667
2000/1/1 13:55,10996.78333,898686.8333,7081.096
2000/1/1 13:56,10665.41667,867952.0833,6919.183
2000/1/1 13:57,10460.16667,847806.5,6853.342
2000/1/1 13:58,10421.85,847610.5,6933.140333
2000/1/1 13:59,10638.85,851416.5,7018.278
2000/1/1 14:00,21544.53333,1941173.083,10243.834
2000/1/1 14:01,22780.96667,2073208.583,10602.96617
2000/1/1 14:02,17298.08333,1534721.333,9251.939667
2000/1/1 14:03,12498.11667,1052669.333,7821.1835
2000/1/1 14:04,12646.58333,1059464.583,7861.8725
2000/1/1 14:05,15845.28333,1377296.083,9225.778167
2000/1/1 14:06,15019.95,1295734.667,9044.561667
2000/1/1 14:07,15884.1,1334038.667,9327.038167
2000/1/1 14:08,17961.68333,1542896.083,9802.7415
2000/1/1 14:09,20645.36667,1668640.75,9853.7525
2000/1/1 14:10,14272.71667,1177516.917,7536.029
2000/1/1 14:11,14091.13333,1118183.333,6765.4125
2000/1/1 14:12,14101.45,1137326.917,6790.3315
2000/1/1 14:13,13571.71667,1093172.083,6211.795
2000/1/1 14:14,18795.4,1347680.5,9228.971
2000/1/1 14:15,21041.76667,1549203.167,10373.47767
2000/1/1 14:16,17580.55,1359550.75,9561.846833
2000/1/1 14:17,17169.26667,1309712.917,9060.840833
2000/1/1 14:18,13516.36667,1136206.917,6652.778333
2000/1/1 14:19,18023.66667,1841016.25,8637.0865
2000/1/1 14:20,15868.63333,1560409.583,7928.701333
2000/1/1 14:21,13469.25,1332374.083,7322.022167
2000/1/1 14:22,11289.68333,1138440.833,6138.860167
2000/1/1 14:23,10458.65,1000240,5641.581
2000/1/1 14:24,10950.5,1051352.833,5847.029333
2000/1/1 14:25,11301.71667,1076001.333,5432.155333
2000/1/1 14:26,10030.9,968235.8333,5178.967
2000/1/1 14:27,9562.716667,941486,5028.178167
2000/1/1 14:28,11159.23333,1080438.333,5939.700333
2000/1/1 14:29,18378.21667,1787079,7786.510833
2000/1/1 14:30,15104.38333,1412287.417,6677.852667
2000/1/1 14:31,8664.833333,754083.75,4432.604333
2000/1/1 14:32,10093.76667,832401.8333,5071.815333
2000/1/1 14:33,9290.833333,781457.4167,4757.097
2000/1/1 14:34,10158.66667,824414.5833,5186.883167
2000/1/1 14:35,11443.01667,970297.4167,5451.786333
2000/1/1 14:36,8359.8,691972,4256.59
2000/1/1 14:37,7847,647057.1667,4012.1195
2000/1/1 14:38,7483.133333,526095.8333,3681.589333
2000/1/1 14:39,14844.23333,1271123.75,5843.257333
2000/1/1 14:40,6491.4,439759.5833,3064.4165
2000/1/1 14:41,7044.5,453945.6667,3322.490833
2000/1/1 14:42,12932.7,784990.8333,5407.981
2000/1/1 14:43,12279.78333,799282.5,4673.6565
2000/1/1 14:44,14040.31667,1021577.5,5338.417667
2000/1/1 14:45,15193.46667,1027918.25,6271.9145
2000/1/1 14:46,13156.15,872372.0833,5210.646667
2000/1/1 14:47,18191.75,1431483.333,6782.697833
2000/1/1 14:48,23132.8,1870162.25,8316.2215
2000/1/1 14:49,21067.51667,1634639.583,7661.107
2000/1/1 14:50,31423.15,2586084.167,10850.21633
2000/1/1 14:51,28998.96667,2412960.417,9816.158167
2000/1/1 14:52,23956.78333,2020982.833,8629.540833
2000/1/1 14:53,33399.78333,3077239.583,11262.47167
2000/1/1 14:54,33154.16667,3089613.333,11268.5795
2000/1/1 14:55,46514.95,4317977.917,17721.85533
2000/1/1 14:56,46154.23333,4279109.917,17536.69383
2000/1/1 14:57,44075.23333,4087888.75,16928.6985
2000/1/1 14:58,23909.91667,2059422.917,9736.835167
2000/1/1 14:59,46632.61667,4342355.417,20890.106
2000/1/1 15:00,47876.51667,4526725.75,21187.88517
2000/1/1 15:01,33189.06667,3040282.083,14231.71567
2000/1/1 15:02,27499.21667,2425716.083,11255.024
2000/1/1 15:03,24688.63333,2251760.833,9473.269333
2000/1/1 15:04,14618.86667,1236330.167,6150.938333
2000/1/1 15:05,18246.48333,1512450.667,7466.0705
2000/1/1 15:06,23330.7,1815465.833,9273.432833
2000/1/1 15:07,15705.03333,1098121,6428.462833
2000/1/1 15:08,16048.71667,1117026.667,6493.9755
2000/1/1 15:09,27476.68333,2311923.25,9778.819833
2000/1/1 15:10,17220.5,1348051,6484.0895
2000/1/1 15:11,17178.08333,1397806.083,6732.6435
2000/1/1 15:12,16152.23333,1332119,6312.907833
2000/1/1 15:13,19105.48333,1480751.667,6461.261833
2000/1/1 15:14,13709.4,1174018.667,5326.810167
2000/1/1 15:15,10887.98333,845159.1667,5022.981667
2000/1/1 15:16,9487.75,724652.9167,4404.162667
2000/1/1 15:17,9301.866667,709448,4057.385333
2000/1/1 15:18,8157.3,607473.25,3709.189833
2000/1/1 15:19,15605.95,1390339.333,5791.023667
2000/1/1 15:20,17130.03333,1629792.833,6766.147333
2000/1/1 15:21,20337.7,1904867.5,7966.441333
2000/1/1 15:22,17224.68333,1623615,7051.873333
2000/1/1 15:23,11771.23333,1051091.333,5593.874333
2000/1/1 15:24,10962.13333,956459.1667,5213.391
2000/1/1 15:25,13089.51667,1184453.333,5811.339
2000/1/1 15:26,10783.88333,982676,5265.324333
2000/1/1 15:27,10650.48333,987368.5833,5051.568
2000/1/1 15:28,9381.816667,964759.1667,4580.217
2000/1/1 15:29,8577.116667,886066.25,4175.159833
2000/1/1 15:30,20951.65,1489006.667,10721.256
2000/1/1 15:31,19450.21667,1286171.667,10010.42683
2000/1/1 15:32,21036.21667,1433971.083,10487.54867
2000/1/1 15:33,17827.25,1257089.667,9161.386833
2000/1/1 15:34,16096.43333,1183356,8085.974667
2000/1/1 15:35,11120.93333,940407.5,5343.798333
2000/1/1 15:36,9786.866667,842642.5,4657.311
2000/1/1 15:37,7881.5,660181.6667,3731.319333
2000/1/1 15:38,12481.38333,956514.3333,6155.436667
2000/1/1 15:39,11931.95,1000122.917,5618.042
2000/1/1 15:40,9373.85,830653,4401.884167
2000/1/1 15:41,8696.466667,711833.5,3877.7795
2000/1/1 15:42,8288.433333,656578.8333,3481.459333
2000/1/1 15:43,8264.25,686001.6667,3585.532833
2000/1/1 15:44,10654.71667,813440,4424.654333
2000/1/1 15:45,18117.9,1545677.667,6898.634833
2000/1/1 15:46,16847.8,1238553.667,7729.488833
2000/1/1 15:47,15568.88333,1122756.167,7015.122833
2000/1/1 15:48,12856.16667,960058.3333,5699.552
2000/1/1 15:49,13358.21667,962693.1667,5852.981667
2000/1/1 15:50,12743.51667,907645.6667,5638.649833
2000/1/1 15:51,12427.93333,851375.0833,5467.5005
2000/1/1 15:52,10313.51667,718212.5,4404.436667
2000/1/1 15:53,10291.68333,730880,4228.017167
2000/1/1 15:54,9445.933333,699633.1667,3990.069167
2000/1/1 15:55,9701.333333,716667,4577.9945
2000/1/1 15:56,9802.666667,701982.5,4727.519167
2000/1/1 15:57,15684.8,1035089.167,6974.493833
2000/1/1 15:58,14266.06667,921209.1667,6275.0855
2000/1/1 15:59,16681.6,1100593.333,7331.709333
2000/1/1 16:00,21261.51667,1508702.833,9254.3865
2000/1/1 16:01,19208.18333,1382179.333,8264.229167
2000/1/1 16:02,16876.86667,1161694.167,7375.196167
2000/1/1 16:03,33438.78333,2431328.667,12362.75183
2000/1/1 16:04,32069.1,2336210,11827.656
2000/1/1 16:05,68092,6024676.25,24341.7265
2000/1/1 16:06,54545.31667,4847511.083,20183.40333
2000/1/1 16:07,49987.48333,4421268.333,18717.24567
2000/1/1 16:08,49127.03333,4358849.333,18303.93617
2000/1/1 16:09,50332.86667,4485548.833,18393.893
2000/1/1 16:10,52520.41667,4705030.167,18891.20283
2000/1/1 16:11,44632.05,4029154.167,16080.4225
2000/1/1 16:12,25358.86667,2160605,9945.188667
2000/1/1 16:13,12661.65,1047840,5772.986167
2000/1/1 16:14,34668.8,2861541.667,14784.12933
2000/1/1 16:15,48988.9,4279301.5,19698.60167
2000/1/1 16:16,84372.13333,7850204.583,29713.84217
2000/1/1 16:17,72945.16667,6658172.5,26502.7695
2000/1/1 16:18,68983.76667,6412975,24783.15983
2000/1/1 16:19,69039.48333,6405945.083,24740.62317
2000/1/1 16:20,66843.21667,6187016.667,24085.04917
2000/1/1 16:21,62078.61667,5706652,21732.94667
2000/1/1 16:22,44731.46667,4018346.5,16322.64817
2000/1/1 16:23,35821.9,3113425,13627.50033
2000/1/1 16:24,66896.13333,6217810.833,24187.6115
2000/1/1 16:25,50479.81667,4563262.5,19372.953
2000/1/1 16:26,34745.66667,2961321.333,14544.156
2000/1/1 16:27,19203.08333,1431655.417,9286.752167
2000/1/1 16:28,30967.56667,2637890.833,15528.72433
2000/1/1 16:29,28435.06667,2433275.833,14496.445
2000/1/1 16:30,26641.43333,2283021.667,13633.5255
2000/1/1 16:31,26394.1,2267040.833,13539.6475
2000/1/1 16:32,26024.8,2203182.5,13130.0355
2000/1/1 16:33,38320.13333,3403237.083,14722.63917
2000/1/1 16:34,22059.85,1733254.583,10485.17667
2000/1/1 16:35,16844.96667,1142203.333,8942.399167
2000/1/1 16:36,14112.41667,924790.1667,7527.626167
2000/1/1 16:37,12284,776931.6667,6197.971667
2000/1/1 16:38,20656.45,1243335.5,11606.09633
2000/1/1 16:39,19891.65,1198794.333,11262.78
2000/1/1 16:40,18877.7,1158988,10364.7625
2000/1/1 16:41,17357.86667,1066673.167,9087.807
2000/1/1 16:42,12749.13333,792090,6604.2555
2000/1/1 16:43,13203.06667,797921,6851.3455
2000/1/1 16:44,13239.66667,860959.1667,6768.673167
2000/1/1 16:45,10264.71667,654030,5635.151
2000/1/1 16:46,10289.71667,643630.9167,5759.494167
2000/1/1 16:47,11657.61667,762633.8333,6396.594
2000/1/1 16:48,11148.75,753077.8333,5935.162333
2000/1/1 16:49,16471.18333,1023438.333,8012.676667
2000/1/1 16:50,21757.3,1648407.5,9118.043667
2000/1/1 16:51,16425.2,1195795.667,6891.888
2000/1/1 16:52,14258.18333,979090,6303.162
2000/1/1 16:53,22928.65,1809746,9096.389833
2000/1/1 16:54,16422.43333,1185117.5,7282.411667
2000/1/1 16:55,15966.31667,1175600,6987.808333
2000/1/1 16:56,16997.53333,1336330.5,6883.728833
2000/1/1 16:57,12813.51667,1087941,5382.273333
2000/1/1 16:58,10923.96667,1009668.25,4898.540333
2000/1/1 16:59,8315.833333,831920.8333,3411.171333
2000/1/1 17:00,14411.4,1084464.833,4481.636667
2000/1/1 17:01,16188.5,1324552.667,5684.539
2000/1/1 17:02,8459.65,754292.8333,3934.635333
2000/1/1 17:03,17724.9,1641270.833,6730.699
2000/1/1 17:04,9034.45,762979.8333,4283.192333
2000/1/1 17:05,6126.183333,495149.1667,3288.5575
2000/1/1 17:06,6481.5,507135.5833,3678.7815
2000/1/1 17:07,5609.966667,434321.8333,3291.4795
2000/1/1 17:08,5612.65,434455.6667,3091.516667
2000/1/1 17:09,5647.866667,475019.3333,2912.981333
2000/1/1 17:10,5034.833333,415447.5,2364.049167
2000/1/1 17:11,3499,332597.0833,1998.397667
2000/1/1 17:12,3150.6,313844.6667,1812.017333
2000/1/1 17:13,6865.75,550896.6667,3668.768667
2000/1/1 17:14,11681.55,757632.8333,6587.335
2000/1/1 17:15,13307.5,1012329.583,6795.2415
2000/1/1 17:16,12130.13333,929320.0833,5992.1935
2000/1/1 17:17,25548.31667,2089895,11234.48933
2000/1/1 17:18,86977.81667,8258781.667,29462.691
2000/1/1 17:19,81466.66667,7770595.583,27075.98883
2000/1/1 17:20,81387.18333,7763490,27050.99633
2000/1/1 17:21,64834.86667,6125861.917,22329.783
2000/1/1 17:22,17477.15,1400175.25,8519.358333
2000/1/1 17:23,22685.08333,1923690,10066.2755
2000/1/1 17:24,18494.38333,1529105,8269.035
2000/1/1 17:25,15474.76667,1255800.833,7232.033667
2000/1/1 17:26,16239.31667,1247074.167,7580.3175
2000/1/1 17:27,22364.6,1884468,9486.496333
2000/1/1 17:28,86868.35,8363519.167,28685.95817
2000/1/1 17:29,86995.81667,8329726.167,29036.90717
2000/1/1 17:30,47569,4391982.667,17389.588
2000/1/1 17:31,15734.16667,1211391.833,7746.823333
2000/1/1 17:32,25340.7,2175818.333,12152.75833
2000/1/1 17:33,32210.43333,2869574.167,14190.05667
2000/1/1 17:34,38077.11667,3461469.167,16466.34367
2000/1/1 17:35,26979.11667,2357245.75,11367.62283
2000/1/1 17:36,17846.18333,1474762.75,8012.828667
2000/1/1 17:37,12132.25,925434.5,6085.1765
2000/1/1 17:38,11813.11667,892408.5833,5780.773833
2000/1/1 17:39,9499.9,680761.6667,5041.102
2000/1/1 17:40,4811.05,389933.3333,2398.0225
2000/1/1 17:41,4619,362666.6667,2306.675333
2000/1/1 17:42,4638.933333,420695,1951.928333
2000/1/1 17:43,3575.016667,334796,1567.897333
2000/1/1 17:44,3572.25,347944.3333,1513.904167
2000/1/1 17:45,4071.883333,401884.1667,1767.092333
2000/1/1 17:46,3072.85,310073.3333,1421.123833
2000/1/1 17:47,13269.35,1328792,4514.012
2000/1/1 17:48,35433.65,3530772.5,13910.931
2000/1/1 17:49,51129.93333,4994739.75,18937.5885
2000/1/1 17:50,48059.43333,4671425.833,17242.20867
2000/1/1 17:51,18771.4,1724352.667,7456.237167
2000/1/1 17:52,23392.86667,2218520,11115.83533
2000/1/1 17:53,15124.11667,1382443.667,6788.49
2000/1/1 17:54,8374.683333,637988.8333,3480.7735
2000/1/1 17:55,8677.95,666033,3492.1185
2000/1/1 17:56,7126.133333,511766,3176.581167
2000/1/1 17:57,53938.81667,5189697.5,23151.28933
2000/1/1 17:58,45901.75,4388858.75,20902.28167
2000/1/1 17:59,24942.86667,2292266.417,11925.89583
2000/1/1 18:00,8394.066667,636758.5,3538.04
2000/1/1 18:01,21634.83333,2013410.75,9981.0185
2000/1/1 18:02,15952.66667,1495173.25,7591.445333
2000/1/1 18:03,7623,695995.8333,3864.2495
2000/1/1 18:04,23192.63333,2293875.833,10310.45533
2000/1/1 18:05,5466.95,533916.8333,2595.769667
2000/1/1 18:06,25492.13333,2544868.333,11532.53917
2000/1/1 18:07,20343.88333,1928162.917,9663.5045
2000/1/1 18:08,7657.15,631962.5,3205.159167
2000/1/1 18:09,10840.63333,920709.5,4209.811833
2000/1/1 18:10,46852.03333,4501071.5,15415.3545
2000/1/1 18:11,45486.03333,4379009.583,14909.66417
2000/1/1 18:12,43641.58333,4178442.917,14542.85917
2000/1/1 18:13,47289.35,4583771.667,16070.86433
2000/1/1 18:14,34524.9,2777070,15476.55
2000/1/1 18:15,22355.66667,1654300.167,11365.0055
2000/1/1 18:16,24638.93333,1856059.583,12230.61017
2000/1/1 18:17,24499.56667,1821084.75,12840.13017
2000/1/1 18:18,17541.18333,1327262,9302.287667
2000/1/1 18:19,21129.55,1713915.333,9833.035167
2000/1/1 18:20,18075.38333,1347483.667,9060.539667
2000/1/1 18:21,15877.11667,1162560.833,8243.8665
2000/1/1 18:22,14010.93333,1039348,7202.6825
2000/1/1 18:23,13483.21667,994217,6966.69
2000/1/1 18:24,23468.13333,2029056.833,9749.642833
2000/1/1 18:25,11643.9,867786.75,6190.392333
2000/1/1 18:26,17764.63333,1411324.333,8546.413167
2000/1/1 18:27,17784.55,1452353.667,8790.056667
2000/1/1 18:28,16663.28333,1351882.583,8200.554833
2000/1/1 18:29,12428.45,945835.6667,6507.165
2000/1/1 18:30,17309.73333,1122878.75,8886.627667
2000/1/1 18:31,17281.21667,1118479.417,8910.8415
2000/1/1 18:32,15756.53333,1028165.167,8426.1025
2000/1/1 18:33,16867.36667,1055451.167,8837.962
2000/1/1 18:34,13762.15,906759.1667,7029.060667
2000/1/1 18:35,13445.45,892087.3333,6832.2225
2000/1/1 18:36,13103.21667,860846.3333,6685.821333
2000/1/1 18:37,14950.45,985735.0833,7394.872667
2000/1/1 18:38,13761.08333,908617.5,6984.050333
2000/1/1 18:39,11770.28333,739408.5833,6030.625167
2000/1/1 18:40,45247.6,3120569.167,20657.29467
2000/1/1 18:41,86600.75,7414027.5,32418.12333
2000/1/1 18:42,73935.91667,6485681.75,26944.0505
2000/1/1 18:43,55751.91667,5237776.083,19227.2275
2000/1/1 18:44,16663.85,1354224,7407.9345
2000/1/1 18:45,16016.78333,1311070.833,7131.950833
2000/1/1 18:46,12274.08333,1180381.667,4865.468667
2000/1/1 18:47,11116.25,1058715,4065.184333
2000/1/1 18:48,10665.76667,1011829.417,3743.308
2000/1/1 18:49,16134.78333,1561924.167,5314.4875
2000/1/1 18:50,18187.93333,1479153.667,7585.390333
2000/1/1 18:51,15154.96667,1284985.667,6280.9775
2000/1/1 18:52,12460.73333,1081823.5,4977.0115
2000/1/1 18:53,12123.91667,1048556.667,4828.250167
2000/1/1 18:54,12591.83333,1089364,5008.557333
2000/1/1 18:55,13255.9,1166566.667,5297.884167
2000/1/1 18:56,11638.63333,1068685.833,4356.297
2000/1/1 18:57,3870.116667,368813.3333,1647.923833
2000/1/1 18:58,2299.866667,231421.6667,1112.6595
2000/1/1 18:59,2548.083333,245725.3333,1238.1125
2000/1/1 19:00,4421.2,333287.8333,1579.032667
2000/1/1 19:01,4844.05,383920.5,1916.767333
2000/1/1 19:02,70213.26667,6911765.417,21589.54267
2000/1/1 19:03,55872.05,5508638.167,17495.3635
2000/1/1 19:04,55707.41667,5177777.167,17761.96167
2000/1/1 19:05,31853.16667,2836273,10552.34467
2000/1/1 19:06,9852.016667,595201.6667,4078.1305
2000/1/1 19:07,7855.466667,529271.6667,3294.248833
2000/1/1 19:08,5372.2,434731.0833,2293.785667
2000/1/1 19:09,9470.966667,688432.8333,3973.071667
2000/1/1 19:10,64795.71667,6175279.167,20564.70567
2000/1/1 19:11,64626.05,6175118.333,20513.2725
2000/1/1 19:12,53008.31667,4915255.833,16917.42733
2000/1/1 19:13,26943.1,2242176.667,9681.4155
2000/1/1 19:14,38317.23333,3384449.167,13090.98967
2000/1/1 19:15,28287.51667,2379136.75,10780.05067
2000/1/1 19:16,30998.96667,2707989.5,11322.24067
2000/1/1 19:17,25622.75,2204832.5,9651.403833
2000/1/1 19:18,14947.7,1024774.167,6234.027167
2000/1/1 19:19,54589.48333,5066130.833,18095.6135
2000/1/1 19:20,45872.3,4245675.167,15040.17217
2000/1/1 19:21,15850.11667,1167407.833,7115.941
2000/1/1 19:22,16758.66667,1212192.25,7656.645167
2000/1/1 19:23,13436.41667,847717.1667,6297.649167
2000/1/1 19:24,13065.76667,826888,5961.536833
2000/1/1 19:25,15556.11667,1051511.167,7615.879667
2000/1/1 19:26,18443.96667,1338924.167,9091.691333
2000/1/1 19:27,17018,1204554.167,8443.650167
2000/1/1 19:28,10122.06667,599611.6667,5050.809167
2000/1/1 19:29,7403.583333,446652.5,3878.572833
2000/1/1 19:30,22261.26667,1880388.333,8190.287833
2000/1/1 19:31,19645.18333,1628912.5,7398.783667
2000/1/1 19:32,5916.083333,333817.5,3142.822167
2000/1/1 19:33,3221.383333,201871.6667,1549.010333
2000/1/1 19:34,1389.066667,106365.8333,534.3915
2000/1/1 19:35,1324.716667,99758.33333,472.9778333
2000/1/1 19:36,686.6333333,85511.66667,290.5361667
2000/1/1 19:37,1835.8,201161.6667,804.9408333
2000/1/1 19:38,2411.35,356875.8333,1193.600667
2000/1/1 19:39,9597.35,1068163.333,3899.981
2000/1/1 19:40,6170.366667,718406.5,2646.816167
2000/1/1 19:41,2020.733333,311073.3333,1076.226833
2000/1/1 19:42,2119.366667,321782.75,1048.273667
2000/1/1 19:43,1690.9,274786.6667,906.7581667
2000/1/1 19:44,3722,415976.6667,1336.998833
2000/1/1 19:45,1796.983333,179229.1667,935.2713333
2000/1/1 19:46,1538.283333,185134.75,707.6558333
2000/1/1 19:47,692.8666667,112221.6667,370.1451667
2000/1/1 19:48,4162.866667,460395,1742.323667
2000/1/1 19:49,5552.683333,571472.4167,2047.259333
2000/1/1 19:50,4498.75,407405.75,1761.2775
2000/1/1 19:51,6462.433333,551545.8333,3011.393
2000/1/1 19:52,6187.933333,541044.1667,2869.271667
2000/1/1 19:53,2768.983333,311879.1667,1270.7175
2000/1/1 19:54,1351.166667,179500,627.8433333
2000/1/1 19:55,879.7333333,133324.1667,441.4641667
2000/1/1 19:56,681.1333333,115847.5,363.0836667
2000/1/1 19:57,30003.25,3033175.833,14923.61033
2000/1/1 19:58,26214.75,2671526.667,13102.076
2000/1/1 19:59,14618.73333,1192495,5777.006167
2000/1/1 20:00,10830.73333,749700.8333,4121.964
2000/1/1 20:01,9311.233333,675015.8333,3690.104333
2000/1/1 20:02,9387.033333,640203.3333,3776.702833
2000/1/1 20:03,7308.166667,431021.25,2848.375333
2000/1/1 20:04,7794.966667,472607.1667,3057.987333
2000/1/1 20:05,5395.616667,351538.6667,2218.709167
2000/1/1 20:06,3387.7,240540,1646.124667
2000/1/1 20:07,2279.9,153212,1233.019667
2000/1/1 20:08,2052.1,140947.6667,887.5713333
2000/1/1 20:09,1636.483333,105415.8333,678.353
2000/1/1 20:10,1906.983333,135964.0833,785.0176667
2000/1/1 20:11,1570.05,104196.6667,637.102
2000/1/1 20:12,2557.283333,202709.1667,1003.068667
2000/1/1 20:13,18485.4,2330108.417,9975.72
2000/1/1 20:14,37444.93333,3688059.917,20405.19683
2000/1/1 20:15,29198.46667,2716794.083,17994.256
2000/1/1 20:16,42655.65,4153840.833,23712.74483
2000/1/1 20:17,37824.71667,3699425.167,19896.7465
2000/1/1 20:18,26257.31667,2556186.667,13096.916
2000/1/1 20:19,20228.8,2066415,10076.80883
2000/1/1 20:20,11717.13333,1207224.083,5829.211
2000/1/1 20:21,4150.283333,442203.5833,1865.575167
2000/1/1 20:22,2455.316667,276032,1106.267833
2000/1/1 20:23,23454.68333,2324149.167,11135.737
2000/1/1 20:24,16147.56667,1628919.5,7823.0875
2000/1/1 20:25,21590.61667,2214678.333,6844.230833
2000/1/1 20:26,23187.81667,2369521.667,7454.888667
2000/1/1 20:27,66790.26667,6060225,25837.9205
2000/1/1 20:28,64126.41667,5805101.667,24890.922
2000/1/1 20:29,22276.1,1591905,12481.5295
2000/1/1 20:30,19704.8,1345640.75,11890.44217
2000/1/1 20:31,15857.23333,965677.5,10587.43833
2000/1/1 20:32,16306.11667,1010639.167,10738.11083
2000/1/1 20:33,23311.8,1635255.167,13544.13783
2000/1/1 20:34,23384.83333,1645678.667,13601.02417
2000/1/1 20:35,23323.2,1629734.167,13576.731
2000/1/1 20:36,23320.91667,1652847.083,13985.78567
2000/1/1 20:37,19026.31667,1189618.333,11935.02683
2000/1/1 20:38,16612.23333,979670.8333,10688.5595
2000/1/1 20:39,21821.55,1512445,12376.872
2000/1/1 20:40,25948.65,1920845.5,13284.53933
2000/1/1 20:41,17464.55,1072384.167,11304.578
2000/1/1 20:42,17498.73333,1083431.5,11493.841
2000/1/1 20:43,16116.05,947937.5,10597.72867
2000/1/1 20:44,25604.71667,1896609.833,14253.6615
2000/1/1 20:45,28526.83333,2188015.333,14782.045
2000/1/1 20:46,26425.33333,1978790.667,14423.8495
2000/1/1 20:47,21077.8,1435474.583,12110.33317
2000/1/1 20:48,16398.46667,952380,10598.89633
2000/1/1 20:49,19513.98333,1077024.583,12357.87517
2000/1/1 20:50,21584.26667,1205301.667,13405.33267
2000/1/1 20:51,17976.15,996951.6667,11401.0705
2000/1/1 20:52,17894.9,1010075.333,11213.25433
2000/1/1 20:53,33513.3,2597549.833,15785.6905
2000/1/1 20:54,25317.03333,1801225.667,13596.66617
2000/1/1 20:55,18073.7,1084415.833,11114.912
2000/1/1 20:56,17996.4,1040682.917,11082.6135
2000/1/1 20:57,16873.98333,955169.1667,10743.52483
2000/1/1 20:58,15952.58333,870723.3333,10357.79583
2000/1/1 20:59,15710.3,848375.75,10254.61467
2000/1/1 21:00,16659.98333,944461.5,10635.03567
2000/1/1 21:01,15568.33333,920660.8333,10068.8625
2000/1/1 21:02,12721.75,729156.6667,8609.191833
2000/1/1 21:03,12203.28333,697595,8359.876
2000/1/1 21:04,12831.3,800901.75,8638.563667
2000/1/1 21:05,18303.25,1338765,11536.18783
2000/1/1 21:06,14727.45,987712,9670.505333
2000/1/1 21:07,12908.48333,762908.5833,8507.522
2000/1/1 21:08,78249.73333,7325952.5,27948.10283
2000/1/1 21:09,78142.96667,7341102,28055.02417
2000/1/1 21:10,77767.35,7316006.333,27945.16367
2000/1/1 21:11,78667.25,7408103.333,28383.5735
2000/1/1 21:12,84870.01667,7977360,29971.583
2000/1/1 21:13,86160.3,8090359.917,30576.74867
2000/1/1 21:14,101071.05,9586385.5,35162.066
2000/1/1 21:15,160533.8167,15447972.33,53338.53233
2000/1/1 21:16,184429.8833,17853749.17,60343.98717
2000/1/1 21:17,92064.16667,8639271.5,33309.03733
2000/1/1 21:18,16321.31667,1083424.333,10265.40317
2000/1/1 21:19,15035.33333,963441.3333,9717.180167
2000/1/1 21:20,15232.21667,960629.6667,9776.195667
2000/1/1 21:21,15209.96667,940634.25,9846.757167
2000/1/1 21:22,15115.01667,902237.0833,9758.231
2000/1/1 21:23,15194.28333,915507.6667,9643.188333
2000/1/1 21:24,15652.43333,996531.5,9774.107333
2000/1/1 21:25,17709.5,1150775.833,11247.35467
2000/1/1 21:26,39167.68333,2186885,24151.9795
2000/1/1 21:27,132729.2333,11537154,51815.15333
2000/1/1 21:28,130966.15,11353735,51060.1125
2000/1/1 21:29,116894.6833,10737711.67,43270.81783
2000/1/1 21:30,108787.15,10280789,38336.40133
2000/1/1 21:31,34094.91667,2897617.167,15277.583
2000/1/1 21:32,13174.76667,840706.6667,8859.493833
2000/1/1 21:33,15184.71667,944911.6667,9634.256
2000/1/1 21:34,13174.48333,772773.3333,9015.056333
2000/1/1 21:35,13857,822220.5,9409.636167
2000/1/1 21:36,14954.5,877365.8333,9792.135667
2000/1/1 21:37,13722.33333,815760.8333,9166.337333
2000/1/1 21:38,12911.95,727966.1667,8586.060667
2000/1/1 21:39,11018.81667,579572.5,7636.690833
2000/1/1 21:40,62223.01667,5833351.5,23618.19733
2000/1/1 21:41,63589.13333,5979305.833,24295.574
2000/1/1 21:42,63127.61667,5938005.5,24459.4165
2000/1/1 21:43,22054.66667,1830856.167,11764.2775
2000/1/1 21:44,13813.78333,884949.1667,9308.274167
2000/1/1 21:45,77447.06667,7189713.667,40350.4475
2000/1/1 21:46,65513.48333,6001969.167,34652.88167
2000/1/1 21:47,25033.71667,1744048.417,14102.6345
2000/1/1 21:48,18233.5,1087244.167,10734.881
2000/1/1 21:49,18127.43333,1093426.083,10738.87783
2000/1/1 21:50,36798.23333,2686845,15839.65217
2000/1/1 21:51,39731.31667,3153533.083,16104.20283
2000/1/1 21:52,34187.7,2696933.083,14433.31283
2000/1/1 21:53,24611.41667,1827853.333,13028.31883
2000/1/1 21:54,18658.5,1397524.667,10337.39483
2000/1/1 21:55,19420.91667,1584360.083,10395.017
2000/1/1 21:56,17447.93333,1424761.5,9746.058833
2000/1/1 21:57,16086.7,1284984.167,9556.523667
2000/1/1 21:58,12238.68333,906410.1667,8392.159333
2000/1/1 21:59,12039.56667,884733.3333,8296.536167
2000/1/1 22:00,84626.61667,7837952.25,29329.32633
2000/1/1 22:01,83364.98333,7765971,29176.16033
2000/1/1 22:02,87473.96667,8170329.083,31234.87933
2000/1/1 22:03,33261.73333,2853491.667,15231.8445
2000/1/1 22:04,14192.73333,1020988.917,9347.1185
2000/1/1 22:05,14740.7,1050016.917,9485.019167
2000/1/1 22:06,16020.03333,1068995.5,10073.85633
2000/1/1 22:07,13921.65,874893.3333,9115.529833
2000/1/1 22:08,12432.6,763509.1667,8439.547333
2000/1/1 22:09,12924.21667,813723.5,8736.954833
2000/1/1 22:10,13673.23333,899741.6667,9031.738333
2000/1/1 22:11,13349,865817.5,8799.559167
2000/1/1 22:12,12579.08333,799040.8333,8480.684167
2000/1/1 22:13,11620.58333,726089.1667,8108.619
2000/1/1 22:14,15481.75,963676.6667,10414.325
2000/1/1 22:15,15577.85,961866.3333,10443.85867
2000/1/1 22:16,16212.98333,966328.1667,11077.7035
2000/1/1 22:17,22729.03333,1613237.333,13030.70217
2000/1/1 22:18,18917.1,1279915.833,11347.94867
2000/1/1 22:19,15724.4,954530.3333,10405.265
2000/1/1 22:20,14695.66667,852010.8333,9979.886333
2000/1/1 22:21,15617.9,1055582.5,10526.71233
2000/1/1 22:22,17567.4,1298439,11418.28133
2000/1/1 22:23,17299.25,1368945.333,11458.25417
2000/1/1 22:24,26328.93333,2215944.167,14000.51783
2000/1/1 22:25,23662.48333,1906221,13157.63717
2000/1/1 22:26,15950.91667,1146224.167,10723.69167
2000/1/1 22:27,16198.13333,1136026.667,10876.81733
2000/1/1 22:28,15387.45,1056756.833,10496.5635
2000/1/1 22:29,14842.83333,1011961.667,10010.47817
2000/1/1 22:30,13592.43333,950582.5,9102.68
2000/1/1 22:31,13430.96667,945044.5833,8874.678
2000/1/1 22:32,11885.93333,813359.1667,7930.582667
2000/1/1 22:33,14027.53333,893505,8765.091333
2000/1/1 22:34,13855.36667,870535.8333,8704.8915
2000/1/1 22:35,14677.76667,1090566.667,9240.445667
2000/1/1 22:36,13889.6,1021695.833,8887.025
2000/1/1 22:37,16662.96667,1294788.583,10827.36233
2000/1/1 22:38,14869.4,1056007.583,9785.5435
2000/1/1 22:39,13681.18333,905128.3333,9166.372833
2000/1/1 22:40,13425.46667,891451.75,8533.7795
2000/1/1 22:41,11891.43333,726382.0833,7812.548333
2000/1/1 22:42,11484.01667,692639.9167,7639.473167
2000/1/1 22:43,11220.13333,674834.1667,7543.547167
2000/1/1 22:44,12588.88333,778950,8027.642833
2000/1/1 22:45,14534.46667,952049.5,9104.373833
2000/1/1 22:46,13754.96667,947598.3333,8475.856
2000/1/1 22:47,13030.85,879775,8156.102
2000/1/1 22:48,11930.31667,755215,7653.086667
2000/1/1 22:49,11447.25,687804.1667,7469.523
2000/1/1 22:50,11922.26667,672460.8333,7754.864
2000/1/1 22:51,11257.23333,640790,7331.5425
2000/1/1 22:52,10931.75,598947.5,7117.202667
2000/1/1 22:53,11187.16667,621401.6667,7222.652
2000/1/1 22:54,10190.55,522127.5,6972.409
2000/1/1 22:55,10607.03333,542172.5,7189.060167
2000/1/1 22:56,10354.88333,528306.6667,7020.464333
2000/1/1 22:57,11224.45,622090.8333,7669.014667
2000/1/1 22:58,13230.18333,692832.5,8277.765833
2000/1/1 22:59,11650.98333,599955.8333,7521.786333
2000/1/1 23:00,10458.13333,530950.8333,7083.8975
2000/1/1 23:01,101765.6167,9666316.75,35646.384
2000/1/1 23:02,106128.4667,9866338.333,37751.35533
2000/1/1 23:03,106979.0333,9890366.333,37875.78117
2000/1/1 23:04,96918.35,8929040.5,34960.10517
2000/1/1 23:05,19699.48333,1313160,11264.803
2000/1/1 23:06,13111.68333,759777,8191.640167
2000/1/1 23:07,23158.18333,1866492.5,10852.27033
2000/1/1 23:08,28343.08333,1712601.667,16242.89183
2000/1/1 23:09,23414.91667,1219946.667,14706.18567
2000/1/1 23:10,23178.41667,1193503.333,14594.88767
2000/1/1 23:11,23031.86667,1183715,14527.20033
2000/1/1 23:12,10753.23333,559272.75,7301.090833
2000/1/1 23:13,19849.91667,1546251.667,9575.203333
2000/1/1 23:14,14692.88333,937829.5,8297.735333
2000/1/1 23:15,14750.33333,945818.8333,8508.807333
2000/1/1 23:16,12857.28333,753659.1667,7945.538
2000/1/1 23:17,19549.68333,1029760.833,11863.0855
2000/1/1 23:18,22262.05,1149214.167,12274.07633
2000/1/1 23:19,18149.38333,1032512.5,10980.98983
2000/1/1 23:20,16456.73333,953298.25,9952.734333
2000/1/1 23:21,16531.28333,974875,9787.711667
2000/1/1 23:22,17863.53333,1173954.583,11198.12017
2000/1/1 23:23,17488.41667,993533.6667,11462.93383
2000/1/1 23:24,19686.61667,1442761.833,11103.69517
2000/1/1 23:25,68729.03333,6349062.667,25743.67833
2000/1/1 23:26,66658.35,6192533,24672.08917
2000/1/1 23:27,32480.93333,2886873.167,14233.78583
2000/1/1 23:28,11567.91667,802549.3333,7900.848333
2000/1/1 23:29,11095.48333,793711,7631.172
2000/1/1 23:30,12628.55,799331.5,8185.285667
2000/1/1 23:31,19578.26667,1508774.167,10443.65117
2000/1/1 23:32,15808.18333,1138733.833,9633.218333
2000/1/1 23:33,12295.73333,759970.6667,7711.4745
2000/1/1 23:34,19724.65,1552860,7980.739833
2000/1/1 23:35,17592.25,1378547.083,7615.607833
2000/1/1 23:36,9076.316667,545993,5836.469
2000/1/1 23:37,9717.733333,576986.6667,6252.448667
2000/1/1 23:38,79292.11667,7444367.25,27202.499
2000/1/1 23:39,88699.31667,8480087.5,29858.69567
2000/1/1 23:40,85761.55,8244691.667,29045.69217
2000/1/1 23:41,76247.68333,7284767.5,25983.15817
2000/1/1 23:42,95366.05,9077806.167,32230.67717
2000/1/1 23:43,91844.15,8740499.833,30953.49233
2000/1/1 23:44,81598.86667,7828695.833,28034.67583
2000/1/1 23:45,79499.05,7623477.5,27338.88617
2000/1/1 23:46,78055.21667,7404105,26661.667
2000/1/1 23:47,76887.06667,7290105.833,26094.51583
2000/1/1 23:48,76723.26667,7273467.75,26017.006
2000/1/1 23:49,23639.63333,1949109.167,10214.17233
2000/1/1 23:50,15666.3,1161189.667,7861.846667
2000/1/1 23:51,15754.96667,927668.3333,8189.191
2000/1/1 23:52,14636.01667,830055,7721.445
2000/1/1 23:53,14551.26667,796476.25,7545.3925
2000/1/1 23:54,14705.01667,810119.5,7687.863667
2000/1/1 23:55,13839.13333,761415.6667,7416.006167
2000/1/1 23:56,12809.76667,709318,7127.791667
2000/1/1 23:57,12475.3,714701.1667,6999.980167
2000/1/1 23:58,8835.583333,524725.8333,5667.549
2000/1/1 23:59,16547.58333,1458662.5,7245.7695
2000/1/2 0:00,16197.11667,1426178.333,8102.323
2000/1/2 0:01,68850.88333,6641089.167,23534.46383
2000/1/2 0:02,66576.88333,6417402.5,22390.40583
2000/1/2 0:03,35887.18333,3208874.75,13826.54617
2000/1/2 0:04,12453.96667,869606.0833,6868.454333
2000/1/2 0:05,14196.56667,991973.75,7151.052833
2000/1/2 0:06,15763.3,1104278.75,8769.8165
2000/1/2 0:07,18638.9,1205582.75,9877.006833
2000/1/2 0:08,17623.11667,1094482.75,9348.788667
2000/1/2 0:09,16915.51667,1062509.167,8590.244
2000/1/2 0:10,17673.88333,1078327.5,9002.851167
2000/1/2 0:11,73627.73333,3916706.333,36757.8095
2000/1/2 0:12,68738.76667,3692022.833,34327.47667
2000/1/2 0:13,21172.4,1303944.667,11603.45283
2000/1/2 0:14,27082.61667,2287057.667,11514.36033
2000/1/2 0:15,24354.25,2053486,9893.397167
2000/1/2 0:16,50646.4,4603696.667,18742.48433
2000/1/2 0:17,59681.08333,5498109.667,22419.561
2000/1/2 0:18,16635.6,1238596.25,9163.873333
2000/1/2 0:19,16343.06667,993190,8350.614333
2000/1/2 0:20,29147.71667,2328808.5,12139.173
2000/1/2 0:21,30143.43333,2413936.167,13039.2165
2000/1/2 0:22,15652.33333,1081203.167,8383.918333
2000/1/2 0:23,12351.45,932822.5833,6629.7625
2000/1/2 0:24,21108.4,1405130.25,11688.57267
2000/1/2 0:25,22577.45,1368510.5,12962.57333
2000/1/2 0:26,21238.65,1303159.083,12167.79
2000/1/2 0:27,19723.36667,1160407.667,11440.82467
2000/1/2 0:28,18797,1117155.167,11036.93283
2000/1/2 0:29,19068.86667,1145298.833,11184.70683
2000/1/2 0:30,17352.48333,1051822.833,10097.94533
2000/1/2 0:31,23994.51667,1803057.167,11576.15133
2000/1/2 0:32,18079.86667,1262287,9674.699167
2000/1/2 0:33,15738.73333,1017953.833,8909.091167
2000/1/2 0:34,13208.25,818115.75,7829.473667
2000/1/2 0:35,12427.13333,782445,7644.639833
2000/1/2 0:36,12863.78333,853323.25,7896.775167
2000/1/2 0:37,12616.7,823026.8333,7708.336833
2000/1/2 0:38,14324.15,916130.9167,8646.695167
2000/1/2 0:39,13972.53333,880404.5833,8495.603833
2000/1/2 0:40,12861.86667,761962.75,8085.879333
2000/1/2 0:41,12487.06667,726663.3333,7891.233
2000/1/2 0:42,12588.01667,747493.5,7958.793
2000/1/2 0:43,12863.65,738400.9167,8178.882333
2000/1/2 0:44,13471.43333,768173.3333,8207.641333
2000/1/2 0:45,14484.58333,823241.75,9071.713833
2000/1/2 0:46,14592.5,823993.1667,9216.709333
2000/1/2 0:47,13796.33333,787712.5833,8735.727167
2000/1/2 0:48,16241.91667,1006581.583,10071.54533
2000/1/2 0:49,13872.68333,797010.5,8791.685667
2000/1/2 0:50,14685.63333,906842.25,9139.387333
2000/1/2 0:51,12883.06667,724761.1667,8197.600167
2000/1/2 0:52,12265.21667,690333.5,7720.119
2000/1/2 0:53,11443.06667,643771.75,7163.4555
2000/1/2 0:54,11275.4,651305.3333,7058.191667
2000/1/2 0:55,17500.53333,956805.25,10438.54533
2000/1/2 0:56,14884.25,834317.5,8694.772
2000/1/2 0:57,10477.75,597948.6667,6681.538833
2000/1/2 0:58,10523.51667,600059.1667,6633.759667
2000/1/2 0:59,11434.31667,643202.5,6783.663833
2000/1/2 1:00,11211.01667,634040.8333,6707.629667
2000/1/2 1:01,11350.65,634423.6667,7070.382167
2000/1/2 1:02,18147.01667,1120907.917,10317.61883
2000/1/2 1:03,19376.65,1266468.333,10513.8475
2000/1/2 1:04,12594.38333,700283.3333,7327.2875
2000/1/2 1:05,9631.75,652309.6667,5349.847167
2000/1/2 1:06,9177.783333,556308.5833,5142.595333
2000/1/2 1:07,9834.583333,610477.5,5472.303667
2000/1/2 1:08,10610.53333,682975,6103.209167
2000/1/2 1:09,25714.03333,2137321.333,11008.4955
2000/1/2 1:10,18193.81667,1350244.167,8811.311
2000/1/2 1:11,16919.96667,1052919.833,8768.8665
2000/1/2 1:12,25059.86667,1888443.667,11315.12567
2000/1/2 1:13,16157.85,1066286.5,7960.927167
2000/1/2 1:14,13459.51667,830762.3333,6641.2905
2000/1/2 1:15,16030.38333,1192193.667,7873.579833
2000/1/2 1:16,16979.71667,1214990.583,8869.0445
2000/1/2 1:17,12155,851252.5,6838.8045
2000/1/2 1:18,18763.61667,1492645.833,9102.880333
2000/1/2 1:19,20009.46667,1600208.833,10190.38133
2000/1/2 1:20,26441.01667,2258493.917,12274.57517
2000/1/2 1:21,19105.86667,1568787.167,9717.2705
2000/1/2 1:22,15336.05,1019621.417,8350.763667
2000/1/2 1:23,49106.38333,4353972.333,18002.60717
2000/1/2 1:24,47045.53333,4235875.5,16803.95483
2000/1/2 1:25,26473.76667,2087619.25,11444.46
2000/1/2 1:26,15091.66667,948557.5,7991.5775
2000/1/2 1:27,14826.83333,932683.9167,7962.152167
2000/1/2 1:28,14018.95,877099.4167,7488.7545
2000/1/2 1:29,10213.65,639619.0833,5510.467167
2000/1/2 1:30,9319.933333,629494.3333,5102.722167
2000/1/2 1:31,7921.466667,512355.0833,4536.149167
2000/1/2 1:32,13650.63333,795290.4167,7783.970667
2000/1/2 1:33,16588,864883.25,8430.4565
2000/1/2 1:34,29486.15,2252435.167,12114.34133
2000/1/2 1:35,15528.48333,822798.75,7973.7435
2000/1/2 1:36,14604.4,782461.3333,7895.557333
2000/1/2 1:37,12943.28333,718759.75,7495.925167
2000/1/2 1:38,16520.48333,1037879.667,8435.766667
2000/1/2 1:39,15268.38333,905737.5,8142.794167
2000/1/2 1:40,12607.55,701490.8333,7293.0375
2000/1/2 1:41,22131.28333,1581954.167,10502.2265
2000/1/2 1:42,15924.58333,945620.5,8865.9695
2000/1/2 1:43,15803.65,901887.5,8840.307833
2000/1/2 1:44,15742.28333,921148.4167,8642.245833
2000/1/2 1:45,15187.03333,865420.6667,8435.734
2000/1/2 1:46,15137.28333,817427.3333,8531.3885
2000/1/2 1:47,14060.61667,761661.6667,7989.724167
2000/1/2 1:48,14641.68333,818992.8333,8025.179833
2000/1/2 1:49,11158.23333,640369.4167,6508.5285
2000/1/2 1:50,10728.3,630187.75,6264.453
2000/1/2 1:51,12622.6,796847.3333,7114.735833
2000/1/2 1:52,49929.15,4566564.083,25506.02283
2000/1/2 1:53,48764.78333,4456652.583,24968.68667
2000/1/2 1:54,48889.38333,4471175.917,25008.60333
2000/1/2 1:55,48279.25,4425984.167,24783.82083
2000/1/2 1:56,49477.85,4488282.5,25287.143
2000/1/2 1:57,50562.1,4571330.833,25576.81117
2000/1/2 1:58,79899.88333,7419417.667,34591.17533
2000/1/2 1:59,74970.98333,6831390.5,33783.31617
2000/1/2 2:00,66542.03333,5961739,31549.2895
2000/1/2 2:01,54266.83333,4836173.667,27505.4395
2000/1/2 2:02,53548.5,4809798.833,27341.25767
2000/1/2 2:03,52863.98333,4733378.333,27053.71583
2000/1/2 2:04,52469.11667,4711750,26872.213
2000/1/2 2:05,59526.85,5107965.333,30561.6425
2000/1/2 2:06,75279.08333,5831935.583,39417.3335
2000/1/2 2:07,83780.93333,6202384.333,43747.871
2000/1/2 2:08,78932.8,5960547.917,41432.25583
2000/1/2 2:09,77939.63333,5904304.333,40889.438
2000/1/2 2:10,80064.13333,6059592.5,42050.56417
2000/1/2 2:11,80100.55,6090271.417,42028.12467
2000/1/2 2:12,79680.9,6060192.667,41685.22583
2000/1/2 2:13,77220.56667,5887232.167,40227.33767
2000/1/2 2:14,70146.5,5519305.25,36546.951
2000/1/2 2:15,65825.66667,5358136.583,33865.16033
2000/1/2 2:16,67035.11667,5438370.167,34666.58783
2000/1/2 2:17,62815.2,5223340.583,32234.7555
2000/1/2 2:18,61269.5,5305545.833,31515.79
2000/1/2 2:19,62287.06667,5350630.833,32313.05333
2000/1/2 2:20,68115.05,5963450,35251.72967
2000/1/2 2:21,78714.68333,6958787.5,40727.44417
2000/1/2 2:22,69352.16667,5914577.5,36281.51133
2000/1/2 2:23,61061.86667,5234660,31728.621
2000/1/2 2:24,59299.56667,5145252.5,30596.21967
2000/1/2 2:25,68848.25,5992866.333,34826.9995
2000/1/2 2:26,70992.16667,6328885.833,34306.43583
2000/1/2 2:27,107292.45,9971548.333,40269.528
2000/1/2 2:28,64032.25,5668224.167,19873.8195
2000/1/2 2:29,53726.23333,4889351.667,15696.35717
2000/1/2 2:30,54928.68333,4936475.833,16441.4365
2000/1/2 2:31,53900.38333,4436459.167,19278.14383
2000/1/2 2:32,25177.85,1409110.083,14696.61383
2000/1/2 2:33,28842.61667,1635755.167,15952.295
2000/1/2 2:34,29970.91667,1712811.333,16511.73983
2000/1/2 2:35,27866.48333,1614796.917,15411.238
2000/1/2 2:36,55809.81667,4530952.667,23325.18917
2000/1/2 2:37,43784.25,3359567.167,19689.70067
2000/1/2 2:38,23836.78333,1430433.5,13185.7165
2000/1/2 2:39,23574.56667,1417060.833,12859.19783
2000/1/2 2:40,25517.56667,1434004.167,13599.69017
2000/1/2 2:41,25481.63333,1496409,13340.2345
2000/1/2 2:42,31202,1988439.5,15855.1505
2000/1/2 2:43,26142.06667,1665141.25,13346.277
2000/1/2 2:44,20049.83333,1155605,10579.08333
2000/1/2 2:45,17768.8,940308.1667,9914.361
2000/1/2 2:46,16322.2,893079.5833,9367.123333
2000/1/2 2:47,15353.93333,827836.6667,8897.1915
2000/1/2 2:48,14753.51667,795871.3333,8805.200667
2000/1/2 2:49,14589.85,897149.1667,8416.373667
2000/1/2 2:50,18204.1,1067855.833,10048.43967
2000/1/2 2:51,16227.58333,872151.0833,9359.679667
2000/1/2 2:52,18256.23333,980463.5,10331.29067
2000/1/2 2:53,17861.06667,953316.5833,10171.4875
2000/1/2 2:54,27176.11667,1408742.5,15667.83133
2000/1/2 2:55,34613.7,1880105.5,20187.80217
2000/1/2 2:56,46363.05,2901475,29150.94633
2000/1/2 2:57,44471.66667,2733455.333,25739.5015
2000/1/2 2:58,55578.4,3852309.083,34116.88067
2000/1/2 2:59,46764.63333,3009350.667,30013.59733
2000/1/2 3:00,37623.06667,2189687,26258.39833
2000/1/2 3:01,132766.5,11599475.33,51926.892
2000/1/2 3:02,138028.1167,12124880.33,52479.82617
2000/1/2 3:03,134702.0667,11721148.92,51268.32433
2000/1/2 3:04,130762.0667,11252881,50021.06767
2000/1/2 3:05,125455.3167,10849898.25,47216.58767
2000/1/2 3:06,57267.35,4186281.583,31204.48433
2000/1/2 3:07,37464.78333,2191840.833,25170.46233
2000/1/2 3:08,35657.05,2204382.75,24451.59017
2000/1/2 3:09,34818.7,2066941.083,23699.59583
2000/1/2 3:10,32093.35,1833647.25,22339.8475
2000/1/2 3:11,33490.9,1910587.417,22888.59417
2000/1/2 3:12,34197.63333,1840120.667,18870.31317
2000/1/2 3:13,30645.73333,1633378.333,17431.83667
2000/1/2 3:14,32070.7,1774428.333,18151.0705
2000/1/2 3:15,34477.53333,1921188.833,19488.56
2000/1/2 3:16,31925.91667,1805028.333,18133.24683
2000/1/2 3:17,27941.71667,1509864.333,16235.616
2000/1/2 3:18,57181.26667,4381913.5,27466.75383
2000/1/2 3:19,41430.48333,2719031.667,21379.22783
2000/1/2 3:20,29600.31667,1608527.667,16690.72517
2000/1/2 3:21,24236.11667,1318577.167,13377.1625
2000/1/2 3:22,22354.5,1217260.833,12318.8015
2000/1/2 3:23,23758.48333,1343311.25,12528.41533
2000/1/2 3:24,22347.16667,1291063.333,11877.16833
2000/1/2 3:25,25184.1,1404465,13303.97417
2000/1/2 3:26,22662.6,1234180.833,12258.4655
2000/1/2 3:27,22582.08333,1290193.333,12301.20833
2000/1/2 3:28,21603.41667,1157144.167,11815.63283
2000/1/2 3:29,23611.88333,1247265,12966.02017
2000/1/2 3:30,25876.48333,1360006.667,14356.571
2000/1/2 3:31,27777.55,1478421.917,15010.48383
2000/1/2 3:32,26097.6,1371471.167,13578.45383
2000/1/2 3:33,24024.38333,1278092.833,12622.65483
2000/1/2 3:34,24015.51667,1280026.667,12642.03
2000/1/2 3:35,26036.56667,1380285.667,13688.5265
2000/1/2 3:36,26196.21667,1394427.833,13689.79533
2000/1/2 3:37,25409.2,1370822.917,13276.27817
2000/1/2 3:38,31968.78333,1683132.5,17447.0325
2000/1/2 3:39,39027.83333,2042793.75,21621.53617
2000/1/2 3:40,35820.38333,1880082,19386.386
2000/1/2 3:41,30524.7,1642379.167,16768.7685
2000/1/2 3:42,25901.7,1392708.167,14388.26683
2000/1/2 3:43,24082.71667,1311823.333,13252.56017
2000/1/2 3:44,23159.13333,1269342.5,12787.04217
2000/1/2 3:45,21980.65,1175735.583,12283.6375
2000/1/2 3:46,30327.98333,2096217.333,15360.05967
2000/1/2 3:47,30196.35,2074988.75,15341.8555
2000/1/2 3:48,28146.38333,1819448.083,13871.44033
2000/1/2 3:49,26911.5,1716901.333,13158.363
2000/1/2 3:50,27147.96667,1747487.833,13191.9945
2000/1/2 3:51,26667.33333,1701855.833,12953.75367
2000/1/2 3:52,24993.43333,1587805.833,12438.78233
2000/1/2 3:53,25824.05,1684082.5,13295.72217
2000/1/2 3:54,24550.06667,1584336.667,12731.28533
2000/1/2 3:55,102484.2333,5437207.833,58706.69767
2000/1/2 3:56,94814.73333,5046574.5,54239.15183
2000/1/2 3:57,97675.55,5101267.5,56202.15233
2000/1/2 3:58,94268.46667,4856339.167,54974.06433
2000/1/2 3:59,92850.75,4743170,54404.015
2000/1/2 4:00,90480.63333,4622671.667,53021.48383
2000/1/2 4:01,92531.98333,4697356.167,53804.17233
2000/1/2 4:02,93755.03333,4761726.5,54264.8815
2000/1/2 4:03,101909.6167,6024532,57585.539
2000/1/2 4:04,106606.1333,6560745.5,58642.443
2000/1/2 4:05,101315.6,5822584.333,56126.62133
2000/1/2 4:06,100774,5706136.833,55971.13217
2000/1/2 4:07,90766.46667,4835058,52524.1195
2000/1/2 4:08,92049.91667,4927588.5,52911.82267
2000/1/2 4:09,43349.38333,2439951.25,24311.69017
2000/1/2 4:10,12435.18333,821642.75,6329.924667
2000/1/2 4:11,15234.45,975850.3333,7565.969
2000/1/2 4:12,13413.48333,783688.3333,6920.585333
2000/1/2 4:13,13624.75,795042.3333,7090.269
2000/1/2 4:14,10486.8,656960.4167,4963.077667
2000/1/2 4:15,17380.48333,1055123.083,8419.346333
2000/1/2 4:16,16406.15,1037237.5,7813.475833
2000/1/2 4:17,39045.6,3289462,14921.49
2000/1/2 4:18,33489.23333,2829738.667,12678.58983
2000/1/2 4:19,13636.5,894064.1667,6279.672
2000/1/2 4:20,13456.85,847953,6501.114833
2000/1/2 4:21,13226.13333,844454.5,6360.0685
2000/1/2 4:22,14981.31667,955081.75,7236.1255
2000/1/2 4:23,12990.38333,802275.6667,6043.126667
2000/1/2 4:24,26556.38333,1968211.833,10903.11417
2000/1/2 4:25,30068.95,2159984,12579.95267
2000/1/2 4:26,82801.85,4908602.417,42874.40483
2000/1/2 4:27,81709.05,4814355,42458.3175
2000/1/2 4:28,78935.28333,4587436.667,41316.25283
2000/1/2 4:29,77820.05,4568003.333,41002.22917
2000/1/2 4:30,77961.28333,4570619.333,41273.83267
2000/1/2 4:31,77306.76667,4526107.167,40945.70833
2000/1/2 4:32,76975.11667,4506720.5,40739.881
2000/1/2 4:33,60340.08333,3564609.25,31419.79433
2000/1/2 4:34,51970.13333,2978010.833,27941.304
2000/1/2 4:35,46372.73333,2588359.167,25164.88883
2000/1/2 4:36,46925.23333,2607787.5,25277.66817
2000/1/2 4:37,47063.8,2615392.5,25466.2495
2000/1/2 4:38,45625.45,2525747.75,24431.54267
2000/1/2 4:39,22073.9,1397862.5,10646.6955
2000/1/2 4:40,18102.18333,1161311.667,8324.672333
2000/1/2 4:41,16419.65,1017565,7613.860167
2000/1/2 4:42,14749.91667,888784.1667,6855.555
2000/1/2 4:43,18972.7,1363047.5,7956.938
2000/1/2 4:44,9503.666667,605934.1667,3953.516
2000/1/2 4:45,24407.2,1912142.833,14494.40017
2000/1/2 4:46,22614.03333,1798786.5,13822.69133
2000/1/2 4:47,23247.33333,1876816.5,14240.46967
2000/1/2 4:48,24808.96667,1999607.167,14766.52017
2000/1/2 4:49,39850.38333,3442106.333,18036.34
2000/1/2 4:50,33649.35,2705423.75,17012.18267
2000/1/2 4:51,26919.78333,2089657.583,15669.2835
2000/1/2 4:52,40765.18333,3476573.333,18470.08917
2000/1/2 4:53,40914.9,3388157.5,18800.8795
2000/1/2 4:54,30961.41667,2434603.333,17204.56483
2000/1/2 4:55,28926.25,2183050.417,16744.87167
2000/1/2 4:56,26544.4,2015443.417,15720.14933
2000/1/2 4:57,29464.93333,2152913.333,16890.52383
2000/1/2 4:58,44276.63333,3003793,24605.50467
2000/1/2 4:59,40423.15,2795065,23044.38933
2000/1/2 5:00,44918.88333,3126253.833,24902.3365
2000/1/2 5:01,46388.83333,3194638.5,25241.42833
2000/1/2 5:02,69910.41667,4289400.667,39872.31967
2000/1/2 5:03,68982.33333,4295968.25,39328.38883
2000/1/2 5:04,63545.3,4005068.333,36620.58383
2000/1/2 5:05,61886.48333,3895492,35763.43567
2000/1/2 5:06,75427.55,5136890.75,39777.7185
2000/1/2 5:07,93387.71667,7120492.917,43856.391
2000/1/2 5:08,67318.93333,4726302.333,32182.10283
2000/1/2 5:09,47095.96667,2771959,25828.78883
2000/1/2 5:10,40571.96667,2337064.25,21590.14633
2000/1/2 5:11,44889.61667,2992589.167,22291.5245
2000/1/2 5:12,48944.91667,3190402.833,24994.12983
2000/1/2 5:13,47735.58333,3125726.583,23957.30533
2000/1/2 5:14,23689.38333,1477498.167,11601.91433
2000/1/2 5:15,24850.88333,1695068.333,11501.11617
2000/1/2 5:16,21583.61667,1337385.917,10685.745
2000/1/2 5:17,19064.76667,1117014.5,9639.611833
2000/1/2 5:18,18277.43333,1067073.333,9227.5325
2000/1/2 5:19,80579.43333,7304127.333,28190.84517
2000/1/2 5:20,97785.08333,8801247.083,33933.66717
2000/1/2 5:21,105354.5167,9648605,36071.9715
2000/1/2 5:22,81797.98333,7365644.167,29375.8855
2000/1/2 5:23,87416.78333,7821845,30825.8295
2000/1/2 5:24,37965.18333,2893242.5,15629.78733
2000/1/2 5:25,18280.35,1127918.333,8600.013833
2000/1/2 5:26,17847.56667,1065602.417,8377.869
2000/1/2 5:27,16319.53333,942345.9167,7679.509
2000/1/2 5:28,16402.63333,928411.5,7690.6115
2000/1/2 5:29,15713.7,919520,7337.758167
2000/1/2 5:30,18440.1,1038395.083,9106.1745
2000/1/2 5:31,25658.88333,1400893.917,12705.00733
2000/1/2 5:32,26591.43333,1458391.667,12711.72683
2000/1/2 5:33,28840.26667,1570755,13514.34233
2000/1/2 5:34,33361.9,2279317.5,15473.732
2000/1/2 5:35,32504.73333,2277956.75,15121.035
2000/1/2 5:36,29099.1,1801302.5,13895.92417
2000/1/2 5:37,23059.8,1256820.5,11476.27767
2000/1/2 5:38,20766.45,1135740,10310.21317
2000/1/2 5:39,14448.16667,812760.8333,6677.029
2000/1/2 5:40,14679.48333,840685.8333,6602.607167
2000/1/2 5:41,11792.78333,706625,5087.884167
2000/1/2 5:42,21056.53333,1181074.167,9451.279167
2000/1/2 5:43,23626.95,1318082.167,11288.94683
2000/1/2 5:44,32882.76667,2196587.5,14380.7695
2000/1/2 5:45,25720.73333,1596526.167,11708.97767
2000/1/2 5:46,38029.35,2205080.333,16241.105
2000/1/2 5:47,51868.8,2996020.833,23610.78167
2000/1/2 5:48,51460.96667,2834835.833,23586.89133
2000/1/2 5:49,51445.81667,2849176.667,23086.84
2000/1/2 5:50,60062.9,3186835.333,28338.30467
2000/1/2 5:51,58309.65,3012353.667,27837.479
2000/1/2 5:52,54499.01667,2933170,24582.22617
2000/1/2 5:53,51600.8,2805794.167,23529.0865
2000/1/2 5:54,45310,2424051,20322.53617
2000/1/2 5:55,50451.16667,2745285,23729.9265
2000/1/2 5:56,50318.78333,2735288.333,24065.9915
2000/1/2 5:57,52780.51667,2873003.333,24148.94733
2000/1/2 5:58,49345.98333,2690503.333,22244.12633
2000/1/2 5:59,54959.61667,2958838.667,25498.58367
2000/1/2 6:00,59901.53333,3449921.833,28461.98767
2000/1/2 6:01,57461.96667,3353903.583,28073.25583
2000/1/2 6:02,48111.88333,2703814.5,23365.54733
2000/1/2 6:03,41580.56667,2393467.167,19678.9825
2000/1/2 6:04,43271.58333,2639208.083,20786.5875
2000/1/2 6:05,45553.03333,2748624.5,21421.307
2000/1/2 6:06,44868.76667,2826384.167,20944.70217
2000/1/2 6:07,50284.83333,3521389.167,22248.84667
2000/1/2 6:08,46210.93333,3190430.667,20735.41583
2000/1/2 6:09,50545.2,3836225.083,21391.11933
2000/1/2 6:10,44137.95,3206875.583,19427.84383
2000/1/2 6:11,33450.51667,2169065.833,15964.9155
2000/1/2 6:12,53908.13333,4189506.833,20112.53433
2000/1/2 6:13,51454.16667,3948235.25,19100.85467
2000/1/2 6:14,53420.7,4142305,19943.58483
2000/1/2 6:15,33205.65,2265839.417,14908.65833
2000/1/2 6:16,35511.41667,2563087.833,15576.35083
2000/1/2 6:17,29264.55,1915769.167,13770.63983
2000/1/2 6:18,31474.78333,1915771.417,15329.28783
2000/1/2 6:19,30143.41667,1914672.5,14107.48617
2000/1/2 6:20,37647.28333,2252835.333,17076.71583
2000/1/2 6:21,51477.25,2776332.167,25569.08867
2000/1/2 6:22,50018.61667,2596626.583,25160.45183
2000/1/2 6:23,69467.4,4610497.417,31565.3665
2000/1/2 6:24,68726.26667,4700535.75,31605.5545
2000/1/2 6:25,132859.3333,7274899.5,71281.61983
2000/1/2 6:26,143143.8667,7444051,79507.21217
2000/1/2 6:27,143838.8167,7656146.667,79050.89667
2000/1/2 6:28,142145.55,7561566.667,78292.249
2000/1/2 6:29,137642.1,7294292.5,75925.23767
2000/1/2 6:30,135288.0167,7215081.667,74505.15467
2000/1/2 6:31,133836.0333,7063303.167,73720.687
2000/1/2 6:32,133815.1333,7062727,73703.18233
2000/1/2 6:33,136517.8333,7204896.25,74846.81183
2000/1/2 6:34,140852.0333,7447907,77124.05967
2000/1/2 6:35,142078.7833,7484060,77612.48233
2000/1/2 6:36,137390.1667,7223051,74310.229
2000/1/2 6:37,121973.9667,6429463.833,65167.645
2000/1/2 6:38,110738.7167,5893628.833,58580.58433
2000/1/2 6:39,101848.2833,5428560.75,53648.92833
2000/1/2 6:40,82020.01667,4460826.667,41688.04783
2000/1/2 6:41,76667.08333,4106444.667,39390.16183
2000/1/2 6:42,79140.68333,4875266.5,41065.6195
2000/1/2 6:43,82723.86667,5236885.5,42003.896
2000/1/2 6:44,85449.11667,5265603.333,44572.5575
2000/1/2 6:45,84430.91667,5065610.833,43732.45183
2000/1/2 6:46,84205.46667,5047690.833,43704.88483
2000/1/2 6:47,91352.48333,5965825.167,45251.56233
2000/1/2 6:48,86453.65,5712792.667,42545.37733
2000/1/2 6:49,90754.9,6197696.25,45242.26267
2000/1/2 6:50,87507.18333,6042329.333,43538.1065
2000/1/2 6:51,86048.81667,5974835.167,42796.442
2000/1/2 6:52,86628.01667,6019835.083,43041.943
2000/1/2 6:53,85267.96667,5991011.333,42247.024
2000/1/2 6:54,88774.71667,6398718,43746.0095
2000/1/2 6:55,86182.8,6258636.167,42394.53267
2000/1/2 6:56,84086.83333,5745096.583,41120.562
2000/1/2 6:57,76227.61667,5116585.583,37372.45983
2000/1/2 6:58,74109,5006094.25,36417.97117
2000/1/2 6:59,72448.55,4913036.583,35766.50917
2000/1/2 7:00,68741.68333,4624062.5,33491.01467
2000/1/2 7:01,66482.75,4367571.333,32164.93183
2000/1/2 7:02,85684.33333,6421588.583,37557.35167
2000/1/2 7:03,94061.96667,6785538.667,43194.425
2000/1/2 7:04,107424.5333,8058147.5,47291.25233
2000/1/2 7:05,94336.96667,6796705.333,43182.67417
2000/1/2 7:06,76291.15,5083669.25,37342.39867
2000/1/2 7:07,69256.58333,4470990.833,34632.03883
2000/1/2 7:08,69631.45,4583173.833,34315.39583
2000/1/2 7:09,67021.75,4322079.25,33333.06783
2000/1/2 7:10,59407.81667,3786405.833,29659.81517
2000/1/2 7:11,62074.46667,3962130.417,30980.57433
2000/1/2 7:12,62558.1,3980464.167,31181.787
2000/1/2 7:13,61164.63333,3902771.833,30428.09433
2000/1/2 7:14,67421.7,4586345.833,33095.75683
2000/1/2 7:15,62464.23333,3792295.25,32729.23217
2000/1/2 7:16,55432.8,3232465.833,29806.91883
2000/1/2 7:17,54755.13333,3205600.25,29046.271
2000/1/2 7:18,65472.18333,3800190.25,36509.0975
2000/1/2 7:19,63239.03333,3663316.583,35174.93
2000/1/2 7:20,65613.35,3787796.667,36838.8245
2000/1/2 7:21,63517.61667,3667309.083,35886.09533
2000/1/2 7:22,60165.81667,3530230,33486.27567
2000/1/2 7:23,56548.05,3318923.833,31175.1715
2000/1/2 7:24,57616.56667,3374926.667,31293.35683
2000/1/2 7:25,56694.33333,3323290,30831.23317
2000/1/2 7:26,53935.25,3190457.5,29457.15567
2000/1/2 7:27,45742.01667,2803672.5,24845.34833
2000/1/2 7:28,44752,2643668.333,24138.99517
2000/1/2 7:29,41160.68333,2308586.25,22328.9155
2000/1/2 7:30,41273.91667,2445245.833,21952.47383
2000/1/2 7:31,39031.46667,2317233.667,20430.21067
2000/1/2 7:32,37898.7,2208623.417,19870.77383
2000/1/2 7:33,39200.41667,2212054.083,20600.2225
2000/1/2 7:34,38057,2119224,20008.61967
2000/1/2 7:35,51410.8,2785016.833,27474.5955
2000/1/2 7:36,53160.93333,2862445,28492.7385
2000/1/2 7:37,52920.15,2859254.833,28026.3665
2000/1/2 7:38,50350.66667,2733700.583,26605.45833
2000/1/2 7:39,47930.25,2684242.5,25340.63167
2000/1/2 7:40,46286.38333,2646350.083,24723.26517
2000/1/2 7:41,45444.83333,2602788.333,24700.47867
2000/1/2 7:42,41004.66667,2347142.5,22194.69317
2000/1/2 7:43,43351.93333,2540453.583,22784.69517
2000/1/2 7:44,41473.3,2605824.167,23114.09083
2000/1/2 7:45,35711.06667,2124476.583,19633.03933
2000/1/2 7:46,50922.86667,3663640.083,23347.9805
2000/1/2 7:47,49625.88333,3558202.5,22957.17583
2000/1/2 7:48,47125.01667,3396683.333,22038.27067
2000/1/2 7:49,42823.86667,3091791.667,19306.423
2000/1/2 7:50,50205,3010075,26938.20267
2000/1/2 7:51,59833.93333,3997237.5,30887.57433
2000/1/2 7:52,56705.96667,3771761.667,29310.47467
2000/1/2 7:53,49262.65,3294104.333,25954.201
2000/1/2 7:54,39007.01667,2667046.417,21037.75517
2000/1/2 7:55,36345.75,2527265,18681.73333
2000/1/2 7:56,31269.71667,2447262.5,14501.11
2000/1/2 7:57,23415,1680694.167,11470.9855
2000/1/2 7:58,17661.43333,1135349.167,9504.836333
2000/1/2 7:59,16553.7,1034638.333,8885.940333
2000/1/2 8:00,61476.21667,4290733.333,28261.72933
2000/1/2 8:01,61764.45,4364520.833,28381.40883
2000/1/2 8:02,56874.36667,3790280.667,26775.476
2000/1/2 8:03,59947.78333,3897058.333,28938.30583
2000/1/2 8:04,54349.65,3592789.167,26334.0365
2000/1/2 8:05,53251.25,3549761.667,25479.22233
2000/1/2 8:06,55252.25,3686941.667,26191.32783
2000/1/2 8:07,56123.6,4122360,23817.08333
2000/1/2 8:08,50624.73333,3787138.667,21074.85517
2000/1/2 8:09,44063.33333,3271654.333,19578.37783
2000/1/2 8:10,45543.61667,3368132.5,20857.11233
2000/1/2 8:11,32475.58333,2204479,16842.04767
2000/1/2 8:12,31281.8,2213100.833,15553.49517
2000/1/2 8:13,23993.55,1596912.25,12868.6605
2000/1/2 8:14,22741.03333,1475216.333,12308.86217
2000/1/2 8:15,29170.38333,1972138.167,15289.32767
2000/1/2 8:16,28157.55,1875621.5,14489.15667
2000/1/2 8:17,28386.58333,1878420.417,14873.56083
2000/1/2 8:18,27517,1823132.5,14515.2245
2000/1/2 8:19,26224.21667,1754528.333,13771.412
2000/1/2 8:20,27128.81667,1844314.417,14005.24033
2000/1/2 8:21,30819.95,1988513.917,16162.94983
2000/1/2 8:22,103327.8167,9225854.667,37622.6325
2000/1/2 8:23,102238.7333,9163280,36885.56383
2000/1/2 8:24,101106.6667,9094648.333,36362.00617
2000/1/2 8:25,100526.0333,9027455.833,36219.4175
2000/1/2 8:26,98441.58333,8916800.5,35080.81683
2000/1/2 8:27,87883.28333,7918960,31205.729
2000/1/2 8:28,25691.65,1764905.75,12187.74333
2000/1/2 8:29,32932.78333,2548678.333,14305.75367
2000/1/2 8:30,31776.98333,2634267.667,14383.303
2000/1/2 8:31,21402.93333,1707873.333,11229.32167
2000/1/2 8:32,66733.31667,6175145,24851.191
2000/1/2 8:33,56361.3,5218494.167,21564.99833
2000/1/2 8:34,32744.81667,2833460.167,13989.9925
2000/1/2 8:35,60753.11667,4269803.083,29956.4955
2000/1/2 8:36,61401.66667,4297123.417,30291.245
2000/1/2 8:37,59114.65,4123312.75,28417.80667
2000/1/2 8:38,42778.51667,2604990,22704.43833
2000/1/2 8:39,38861.7,2239603.667,21215.349
2000/1/2 8:40,35806.63333,2120081.667,19337.40533
2000/1/2 8:41,34180.63333,2025644.167,18203.621
2000/1/2 8:42,33098.38333,1950287.75,17607.67417
2000/1/2 8:43,33299.58333,1947540.833,17820.68417
2000/1/2 8:44,32192.48333,1868823.333,17243.324
2000/1/2 8:45,31569.38333,1810026.5,16822.86467
2000/1/2 8:46,27650.61667,1505396.917,15501.148
2000/1/2 8:47,32892.03333,1749701.667,18529.18167
2000/1/2 8:48,30747.91667,1717814.167,17509.367
2000/1/2 8:49,29908.31667,1734615,17011.2135
2000/1/2 8:50,28775.03333,1691386.667,17199.82467
2000/1/2 8:51,27759.8,1598617.5,16582.36517
2000/1/2 8:52,25959.4,1465244.167,14720.16833
2000/1/2 8:53,25231.63333,1430258.833,14335.38033
2000/1/2 8:54,25320.01667,1524277.5,13955.88633
2000/1/2 8:55,25370.58333,1548386.5,13557.633
2000/1/2 8:56,38338.56667,2843105.583,18587.98567
2000/1/2 8:57,36478.48333,2759381.667,17892.51633
2000/1/2 8:58,36049.78333,2756198.333,17868.69233
2000/1/2 8:59,35761.25,2747110.167,17653.24333
2000/1/2 9:00,51054.61667,3752157.333,27468.56
2000/1/2 9:01,86101.4,6949036.917,39393.19183
2000/1/2 9:02,94296.43333,7227282.5,42767.88067
2000/1/2 9:03,85789.23333,6410805,40957.93117
2000/1/2 9:04,64235.7,4513991.667,34047.1255
2000/1/2 9:05,62314.23333,4302127.167,33277.89867
2000/1/2 9:06,54233.4,3774402.333,27477.18933
2000/1/2 9:07,76071.2,5954640.75,33899.111
2000/1/2 9:08,71890.33333,5681658.667,31996.21067
2000/1/2 9:09,58208.46667,4436167.833,27701.42683
2000/1/2 9:10,47943.88333,3479851.833,24469.304
2000/1/2 9:11,71705.33333,4586542.5,39272.92783
2000/1/2 9:12,156685.25,8803872.417,89370.38533
2000/1/2 9:13,154535.1667,8583718,88554.16633
2000/1/2 9:14,154095.05,8624108.333,88565.5085
2000/1/2 9:15,158087.6,8843519.25,88907.699
2000/1/2 9:16,153365.35,8630792.667,86641.64017
2000/1/2 9:17,152857.8833,8835925.25,86144.71883
2000/1/2 9:18,139172.65,7790953.583,79962.4745
2000/1/2 9:19,129314.0833,7336994.5,74813.21
2000/1/2 9:20,139092.6833,7924702,76876.25783
2000/1/2 9:21,133432.2167,7534630,75322.67967
2000/1/2 9:22,127368.95,7267290.833,73498.74367
2000/1/2 9:23,133207.9,7857911.5,75387.7295
2000/1/2 9:24,128416.5833,7471546.917,73582.58217
2000/1/2 9:25,145070.0167,8279153.333,83495.59517
2000/1/2 9:26,143170.9,8189278,82536.076
2000/1/2 9:27,135572.3333,7766205,79077.59483
2000/1/2 9:28,112334.0833,6480621.667,64838.98783
2000/1/2 9:29,43221.13333,3012161.333,23544.74583
2000/1/2 9:30,44827.36667,3417419.083,21948.824
2000/1/2 9:31,46240.13333,3527485,22595.99933
2000/1/2 9:32,36584.8,2774117.5,17743.82533
2000/1/2 9:33,34210,2589166.75,16692.9515
2000/1/2 9:34,34923.55,2640586.667,16932.95983
2000/1/2 9:35,32616.83333,2522754.667,15668.62717
2000/1/2 9:36,36067.08333,2616820.833,16881.55683
2000/1/2 9:37,35466.76667,2626750.833,16424.9345
2000/1/2 9:38,30600.53333,2365110.417,14516.60983
2000/1/2 9:39,29819.86667,2303305,14324.92317
2000/1/2 9:40,40987.65,3234585.833,19821.76117
2000/1/2 9:41,41430.25,3283629.167,20073.20667
2000/1/2 9:42,34692.11667,2648448.833,17784.27933
2000/1/2 9:43,33864.11667,2612905.833,17486.076
2000/1/2 9:44,38239.51667,3101596.667,17937.94233
2000/1/2 9:45,38062.76667,3062234.167,17943.79033
2000/1/2 9:46,34717.53333,2892863.333,15584.1245
2000/1/2 9:47,47236.68333,4225131.667,18428.8095
2000/1/2 9:48,46900.01667,4195775.167,17919.97017
2000/1/2 9:49,38105.71667,3306537.5,14865.7635
2000/1/2 9:50,33775.1,2874700.833,13715.01767
2000/1/2 9:51,27448.21667,2368286.667,11284.07667
2000/1/2 9:52,24467.36667,2244470.833,9408.211833
2000/1/2 9:53,24073.15,2211367.5,9267.117
2000/1/2 9:54,24310.95,2235242.083,9431.871167
2000/1/2 9:55,29812.93333,2713940.833,12236.98733
2000/1/2 9:56,28847.35,2592670.833,11253.32067
2000/1/2 9:57,28042.53333,2489340,10633.899
2000/1/2 9:58,29601.41667,2515596.667,11831.36783
2000/1/2 9:59,29105.1,2498255,11810.88983
2000/1/2 10:00,30795,2675918.5,12206.71933
2000/1/2 10:01,30906.68333,2616691.5,12232.64917
2000/1/2 10:02,35540.31667,2868390,15528.01133
2000/1/2 10:03,66226.45,5994113,24725.5055
2000/1/2 10:04,65717.33333,5963799.917,24537.24617
2000/1/2 10:05,68397.33333,6106761.083,25923.76633
2000/1/2 10:06,67723.98333,6085332.5,25592.49917
2000/1/2 10:07,67620.56667,6076678,26234.65167
2000/1/2 10:08,67797.56667,5971502.167,25842.88183
2000/1/2 10:09,65175.63333,5850698.333,24162.4055
2000/1/2 10:10,62831.28333,5645319.75,23222.03633
2000/1/2 10:11,39511.4,3329814.417,17218.52767
2000/1/2 10:12,29164.73333,2312192.5,14356.76617
2000/1/2 10:13,27892.26667,2215093.5,13374.14933
2000/1/2 10:14,31993.13333,2453486.25,15074.3325
2000/1/2 10:15,94014.01667,8755768.833,44527.4325
2000/1/2 10:16,90157.91667,8357628.333,43317.58833
2000/1/2 10:17,86539.73333,8017683.167,41919.33783
2000/1/2 10:18,81561.11667,7586205.333,39415.26133
2000/1/2 10:19,61477.26667,5354152.667,29297.863
2000/1/2 10:20,43546.51667,3552863.667,19255.63017
2000/1/2 10:21,34392.23333,2645695.333,17219.91433
2000/1/2 10:22,34907.76667,2688380.75,17166.93017
2000/1/2 10:23,93774.48333,6634484.667,35072.93133
2000/1/2 10:24,96836.11667,7058097.5,35867.86217
2000/1/2 10:25,95584.75,6979018.333,35147.23067
2000/1/2 10:26,50243.51667,3966034,22277.44717
2000/1/2 10:27,37398.56667,3171012.833,18525.6215
2000/1/2 10:28,39224.41667,3356443.25,18885.15617
2000/1/2 10:29,39313.05,3319803.333,18788.806
2000/1/2 10:30,53135.51667,4623665.167,22840.0015
2000/1/2 10:31,44846.35,3953268.75,20153.5085
2000/1/2 10:32,31743.61667,2782858.167,15352.92167
2000/1/2 10:33,66059.01667,4282742.333,25407.60917
2000/1/2 10:34,71992.88333,4584216.583,29839.60367
2000/1/2 10:35,72431.13333,4634977.583,29887.05767
2000/1/2 10:36,36991.16667,2722914.417,19005.50433
2000/1/2 10:37,29731.68333,2345200.833,16868.80983
2000/1/2 10:38,28876.43333,2305922.5,16517.93033
2000/1/2 10:39,32584.58333,2679021.667,17734.22317
2000/1/2 10:40,30732.78333,2484643.333,17311.46067
2000/1/2 10:41,66016.96667,5556667,30236.889
2000/1/2 10:42,63488,5375500.833,27762.659
2000/1/2 10:43,70250.9,6179461.667,28570.10417
2000/1/2 10:44,54558.65,4556745,24222.538
2000/1/2 10:45,38571.05,2958411.167,19608.95833
2000/1/2 10:46,34445.96667,2595420.833,18280.78183
2000/1/2 10:47,42937.88333,3629275,19798.32933
2000/1/2 10:48,35730.55,3211915.833,15766.86083
2000/1/2 10:49,22197.63333,1918318.333,11333.64633
2000/1/2 10:50,18967.16667,1683854.667,9628.352333
2000/1/2 10:51,19741.8,1790920.833,9800.659167
2000/1/2 10:52,19158.9,1739814.25,9457.615333
2000/1/2 10:53,30287.18333,2809525,13992.31683
2000/1/2 10:54,30425.61667,2840588.333,13234.6185
2000/1/2 10:55,21982.38333,2014076.667,10603.49617
2000/1/2 10:56,21256.83333,1927871.667,10494.59883
2000/1/2 10:57,21522.98333,1949727.5,10533.78333
2000/1/2 10:58,20901.51667,1882400.833,10388.95967
2000/1/2 10:59,23912.33333,2019325.833,11927.93717
2000/1/2 11:00,43064.75,3926304.167,16417.28483
2000/1/2 11:01,45766.2,4161563.333,17239.61867
2000/1/2 11:02,50260.83333,4699293.833,18563.0875
2000/1/2 11:03,46058.65,4370951.75,17429.86317
2000/1/2 11:04,65393.21667,6261124.167,21523.57
2000/1/2 11:05,55408.95,5295455.75,19137.85
2000/1/2 11:06,36744.95,3430355,14807.25917
2000/1/2 11:07,30476.08333,2671494.167,13729.6655
2000/1/2 11:08,26070.01667,2284558,12023.219
2000/1/2 11:09,36915.46667,3196313.417,15967.39817
2000/1/2 11:10,36246.66667,3033503.167,15919.09817
2000/1/2 11:11,31667.95,2595050.917,14205.46933
2000/1/2 11:12,35192.4,2981514.167,15560.16483
2000/1/2 11:13,30997.25,2686532,13490.82367
2000/1/2 11:14,27322.96667,2393720.167,12214.71317
2000/1/2 11:15,25074.71667,2277673.917,11572.37483
2000/1/2 11:16,22218.56667,2059921.5,10307.4095
2000/1/2 11:17,26594.58333,2221008.75,10636.91233
2000/1/2 11:18,19950.13333,1878802.25,9156.583833
2000/1/2 11:19,20969.53333,1890297.5,9605.117667
2000/1/2 11:20,21444.41667,1892615.833,9862.879
2000/1/2 11:21,24451.01667,2190770.667,10696.64167
2000/1/2 11:22,45865.91667,4358936.917,17313.477
2000/1/2 11:23,47016.35,4469954.167,18112.683
2000/1/2 11:24,43742.6,4114221,16956.2805
2000/1/2 11:25,43440.61667,4086725.75,16773.9425
2000/1/2 11:26,43649.3,4141023.417,16982.30083
2000/1/2 11:27,26165,2358715.583,11716.59417
2000/1/2 11:28,22677.5,1975209.25,10541.6935
2000/1/2 11:29,21304.91667,1851445.333,9903.863333
2000/1/2 11:30,24425.98333,2161941.25,11858.26183
2000/1/2 11:31,26562.51667,2369515.833,12654.9345
2000/1/2 11:32,25387.66667,2298598.583,12052.93033
2000/1/2 11:33,22509.8,2024515.833,10367.60233
2000/1/2 11:34,64812.98333,6261195,22892.74033
2000/1/2 11:35,52924.56667,5135580.417,19267.266
2000/1/2 11:36,27421.83333,2602287.25,11605.9615
2000/1/2 11:37,25270.55,2160371.833,11718.52583
2000/1/2 11:38,21953.56667,1856321,10171.78767
2000/1/2 11:39,22384.88333,1951887.5,10343.43067
2000/1/2 11:40,21478.18333,1894419.917,10131.54633
2000/1/2 11:41,48032.13333,4580178.167,18803.60517
2000/1/2 11:42,41779.15,3966874.5,17131.95567
2000/1/2 11:43,26190.2,2359746.667,12224.79967
2000/1/2 11:44,25549.65,2297387.333,11507.21467
2000/1/2 11:45,24260.03333,2339934.167,10875.98333
2000/1/2 11:46,30656.65,3987772.083,14840.5085
2000/1/2 11:47,28967.23333,3657503.083,14953.04583
2000/1/2 11:48,22146.65,2421388.25,13880.73233
2000/1/2 11:49,21937.45,2399645,13730.37067
2000/1/2 11:50,24061.18333,2542735,14694.65817
2000/1/2 11:51,23234.23333,2484877.5,14024.2975
2000/1/2 11:52,24213.63333,2587742.25,14199.19567
2000/1/2 11:53,24023.7,2580697.5,14069.64517
2000/1/2 11:54,31506.55,4105825.667,19277.62217
2000/1/2 11:55,26313.48333,3200463.333,18467.20967
2000/1/2 11:56,24242.78333,2829881.667,18101.37417
2000/1/2 11:57,29526.83333,3146945.833,20748.53583
2000/1/2 11:58,29152.55,2946736,19335.2225
2000/1/2 11:59,26659.16667,2586954.5,15875.3935
2000/1/2 12:00,25625.68333,2295906.167,11639.55633
2000/1/2 12:01,24942.5,2223936.833,11201.061
2000/1/2 12:02,23651.88333,2126132.583,10462.938
2000/1/2 12:03,23985.8,2196137.5,10477.2575
2000/1/2 12:04,22471.16667,2069179.833,9871.131833
2000/1/2 12:05,37706.3,3476945.417,14202.50333
2000/1/2 12:06,46803.78333,4428033.5,19799.37083
2000/1/2 12:07,38116.83333,3542044.083,17442.37083
2000/1/2 12:08,35877.15,3369532,16473.98867
2000/1/2 12:09,36014.36667,3399113.75,16505.065
2000/1/2 12:10,38320.01667,3566207.667,18376.16983
2000/1/2 12:11,36051.65,3305205.833,17209.92333
2000/1/2 12:12,37110.25,3431652.333,17777.68867
2000/1/2 12:13,34469.06667,3178014.167,16267.8535
2000/1/2 12:14,18779.05,1738696.667,8505.853167
2000/1/2 12:15,22592.81667,1873299.167,10118.93083
2000/1/2 12:16,39214.53333,3612060.417,17248.1875
2000/1/2 12:17,38150.2,3623617.417,16880.01917
2000/1/2 12:18,36032.78333,3492991.917,16061.80317
2000/1/2 12:19,38085.98333,3725531.667,16103.77583
2000/1/2 12:20,21702,2030210,10615.90733
2000/1/2 12:21,41214.76667,3971045,14426.07567
2000/1/2 12:22,41170.11667,3940794.167,14447.27583
2000/1/2 12:23,53808.55,4582768.5,21893.0135
2000/1/2 12:24,58240.05,5016473.417,22774.13
2000/1/2 12:25,52895.26667,4486945.833,21568.36383
2000/1/2 12:26,24990.96667,2226802.5,11961.09467
2000/1/2 12:27,22347.43333,2126527.667,10178.54467
2000/1/2 12:28,20715.8,2015411.667,9208.345167
2000/1/2 12:29,18700.41667,1779249.25,8621.453
2000/1/2 12:30,17744.28333,1658424.833,8176.776167
2000/1/2 12:31,17897.63333,1720545,8489.698667
2000/1/2 12:32,29181.83333,2294595.417,15061.01267
2000/1/2 12:33,27070.08333,2150860.75,14151.5535
2000/1/2 12:34,113781.5667,10761546.25,41901.18917
2000/1/2 12:35,105686.7667,10389208.33,37157.32433
2000/1/2 12:36,104764.5667,10280083.67,36572.55817
2000/1/2 12:37,104423.1667,10245261.83,35962.92883
2000/1/2 12:38,35486.1,3249035.417,15288.60833
2000/1/2 12:39,33003.28333,2877510,15239.6205
2000/1/2 12:40,44763.45,4031317.667,20409.74967
2000/1/2 12:41,42306.61667,3750435.833,19293.734
2000/1/2 12:42,32506.26667,2809918.917,14728.52467
2000/1/2 12:43,30874.53333,2734407.5,13935.63317
2000/1/2 12:44,29130.3,2615166.167,13117.83317
2000/1/2 12:45,33786.8,3059492.333,15466.15233
2000/1/2 12:46,36477.4,3347359.333,16435.65317
2000/1/2 12:47,32672.68333,3073403.333,15055.76467
2000/1/2 12:48,20679.55,1916227.917,11027.20583
2000/1/2 12:49,18515.13333,1708076.667,9962.4605
2000/1/2 12:50,20744.58333,1918800.667,10806.638
2000/1/2 12:51,20021.63333,1789922.5,10735.05233
2000/1/2 12:52,20039.93333,1759147.583,10697.3575
2000/1/2 12:53,20032.88333,1781341.417,10417.87783
2000/1/2 12:54,19735.01667,1758183.833,10333.39733
2000/1/2 12:55,18810.05,1696460.833,9989.640833
2000/1/2 12:56,29168.86667,2750120.833,13215.3755
2000/1/2 12:57,30786.86667,2866202.083,13824.9965
2000/1/2 12:58,35000.41667,3052164.167,16503.01633
2000/1/2 12:59,23186.38333,1888627.667,12796.05083
2000/1/2 13:00,21863.85,1773959.75,12434.94333
2000/1/2 13:01,20858.66667,1675238.333,11976.9655
2000/1/2 13:02,19758.6,1611430.5,10875.28083
2000/1/2 13:03,30446.41667,2658726,12769.52767
2000/1/2 13:04,33125.31667,2862997.917,13658.953
2000/1/2 13:05,33507.51667,2857750.5,14436.32917
2000/1/2 13:06,28414.91667,2340576.833,13194.34167
2000/1/2 13:07,33758.26667,2802445.75,15103.3475
2000/1/2 13:08,53132.7,4763707.5,20699.27
2000/1/2 13:09,52714.98333,4690761.167,20600.3135
2000/1/2 13:10,42791.43333,3711190,18423.96267
2000/1/2 13:11,37647.51667,3098135.833,17456.92833
2000/1/2 13:12,44939.88333,3825799.167,19446.151
2000/1/2 13:13,77757.55,7270587.167,30651.6845
2000/1/2 13:14,72443.76667,6734053.833,29194.64367
2000/1/2 13:15,73855.15,6846593.833,29967.866
2000/1/2 13:16,81566.45,7534266.25,33249.80333
2000/1/2 13:17,90553.71667,8393977.75,37472.33167
2000/1/2 13:18,88459.83333,8196058.75,36774.648
2000/1/2 13:19,60060.68333,5371231.667,25915.26033
2000/1/2 13:20,37700.33333,3152476.083,18870.89333
2000/1/2 13:21,36264.98333,3009572.583,18127.40567
2000/1/2 13:22,69090.83333,6476779.667,27407.04667
2000/1/2 13:23,61340.45,5750824.833,24723.84817
2000/1/2 13:24,34835.9,3143550.583,15329.49783
2000/1/2 13:25,32364.28333,3043599.167,14241.09083
2000/1/2 13:26,30516.21667,2923689.167,13413.92917
2000/1/2 13:27,38493.38333,3725986.25,15212.627
2000/1/2 13:28,40766.6,3899480.833,15617.25733
2000/1/2 13:29,31743.13333,3008100,12929.3285
2000/1/2 13:30,28759.01667,2763321.667,12281.19967
2000/1/2 13:31,26481.65,2529423.333,11576.22283
2000/1/2 13:32,25867.25,2464099.167,11210.66933
2000/1/2 13:33,25826.63333,2513865,11183.426
2000/1/2 13:34,25509.86667,2471953.333,11924.7875
2000/1/2 13:35,79096.73333,7825405.417,28796.4195
2000/1/2 13:36,78474.96667,7753694.167,28283.39333
2000/1/2 13:37,110101.8333,10920034.17,42979.28717
2000/1/2 13:38,93151.71667,9226363.75,34451.93283
2000/1/2 13:39,77121.9,7624367.083,26012.562
2000/1/2 13:40,76514.13333,7593110,25832.3725
2000/1/2 13:41,76647.81667,7596230,25888.06617
2000/1/2 13:42,76779.65,7601383.75,25918.9015
2000/1/2 13:43,76586.8,7593110.833,25813.01667
2000/1/2 13:44,25488.83333,2495957.917,10583.29983
2000/1/2 13:45,18797.88333,2068906.167,7218.591833
2000/1/2 13:46,17389.71667,1905859.167,6527.005167
2000/1/2 13:47,20556.71667,2188545.167,7857.403
2000/1/2 13:48,17806.85,1915371.667,6786.6825
2000/1/2 13:49,21293.91667,2191866.667,8468.590667
2000/1/2 13:50,17389.06667,1831265.833,6321.321
2000/1/2 13:51,16125.66667,1714590.083,5646.482667
2000/1/2 13:52,14592.41667,1564642.5,5006.621333
2000/1/2 13:53,16667,1669002.917,5817.172167
2000/1/2 13:54,16103.31667,1636052.917,5533.290167
2000/1/2 13:55,15995.85,1630424.333,5485.079667
2000/1/2 13:56,19485,2009954.667,6415.699667
2000/1/2 13:57,63704.73333,6483173.417,17829.3875
2000/1/2 13:58,121190.25,12244086.5,35034.71633
2000/1/2 13:59,96724.81667,9784960.25,30458.67067
2000/1/2 14:00,180808.7333,18049220.83,56113.07383
2000/1/2 14:01,141665.7,14210977.25,44541.66867
2000/1/2 14:02,122330.0333,12212572,38776.57867
2000/1/2 14:03,122239.0667,12204958.75,38802.68617
2000/1/2 14:04,124321.3667,12322375.42,39670.28
2000/1/2 14:05,56381.16667,5473652.667,19125.14433
2000/1/2 14:06,53907.55,5310634.417,19656.47383
2000/1/2 14:07,51909.45,5170997.5,19076.9855
2000/1/2 14:08,62186.88333,6225896.25,22241.39933
2000/1/2 14:09,45273.96667,4571492.5,16893.68833
2000/1/2 14:10,38737.83333,3936113.25,14937.73183
2000/1/2 14:11,37124.25,3806253.333,14315.08317
2000/1/2 14:12,36854.21667,3743218.083,14259.055
2000/1/2 14:13,35630.91667,3673647.917,13707.299
2000/1/2 14:14,36183.78333,3713086.667,13879.06783
2000/1/2 14:15,44136.25,4077461.833,18867.8195
2000/1/2 14:16,34909.53333,3188176.417,15795.35983
2000/1/2 14:17,26327.3,2438782.833,11655.04967
2000/1/2 14:18,27324.6,2540390,11749.86567
2000/1/2 14:19,23259.01667,2183610.667,10213.31667
2000/1/2 14:20,32464.45,3113244.583,12742.15017
2000/1/2 14:21,32653.23333,3053082.583,13405.8315
2000/1/2 14:22,26222.96667,2415522.333,11979.6735
2000/1/2 14:23,25545.61667,2298530.75,11673.92583
2000/1/2 14:24,24140.71667,2239974.25,10698.57767
2000/1/2 14:25,24373.6,2235050.417,10402.637
2000/1/2 14:26,25113.55,2320312.5,11144.96183
2000/1/2 14:27,26209.05,2453132.167,11226.53417
2000/1/2 14:28,24416.95,2276099.833,10746.9475
2000/1/2 14:29,24808.16667,2374863,10539.07383
2000/1/2 14:30,22699.41667,2185015.833,9441.9875
2000/1/2 14:31,21571.86667,2077777.917,9073.476833
2000/1/2 14:32,21923.01667,2083631.25,9478.442667
2000/1/2 14:33,22766.33333,2133669.5,9831.445833
2000/1/2 14:34,37393.18333,3605766.667,14423.258
2000/1/2 14:35,35749.1,3409714.667,14314.967
2000/1/2 14:36,23989.06667,2258195,10472.12933
2000/1/2 14:37,25355.6,2259289.583,11324.4715
2000/1/2 14:38,27486.36667,2411796.25,12423.74533
2000/1/2 14:39,30184.98333,2630678.333,13436.19
2000/1/2 14:40,28342.58333,2453366.25,12737.50467
2000/1/2 14:41,24282.23333,2172510.5,10304.60167
2000/1/2 14:42,25466.21667,2333464.583,10177.05767
2000/1/2 14:43,32077.41667,3043327.5,12840.00767
2000/1/2 14:44,24196.4,2298086.25,9588.3435
2000/1/2 14:45,32372.51667,2527828,15211.3025
2000/1/2 14:46,30539.38333,2433755.25,14362.67
2000/1/2 14:47,31790.53333,2554265,14980.3625
2000/1/2 14:48,30916.43333,2488923.75,14708.22467
2000/1/2 14:49,22565.63333,2038487.917,9432.949833
2000/1/2 14:50,18045.23333,1821846.667,7349.368
2000/1/2 14:51,33551.4,3200263.667,12299.14817
2000/1/2 14:52,29027.13333,2549546.667,11594.11717
2000/1/2 14:53,36160.05,3306279.083,13828.4395
2000/1/2 14:54,20424.03333,1774739.25,8014.9855
2000/1/2 14:55,20977.46667,1901615,9019.686333
2000/1/2 14:56,16921.46667,1540614.167,7545.143
2000/1/2 14:57,12978.48333,1156991.25,5716.7605
2000/1/2 14:58,11004.31667,962427.5,4559.7125
2000/1/2 14:59,10940.68333,956199.1667,4669.544167
2000/1/2 15:00,9950.866667,855195.6667,4283.802167
2000/1/2 15:01,22780.88333,2102484.75,8593.872167
2000/1/2 15:02,19151.13333,1681070.167,7588.3975
2000/1/2 15:03,9922.666667,867630,4184.3135
2000/1/2 15:04,18440.51667,1761718.833,6878.692333
2000/1/2 15:05,16689.25,1588975.167,6148.939833
2000/1/2 15:06,16126.98333,1511470.833,6212.444167
2000/1/2 15:07,12637.03333,1201712.083,5034.348333
2000/1/2 15:08,16381.83333,1556550.917,6562.322167
2000/1/2 15:09,16034.08333,1711964.167,6233.1105
2000/1/2 15:10,18048.9,1703471,6439.671167
2000/1/2 15:11,31721.11667,3139469,10948.87817
2000/1/2 15:12,25111.06667,2511800.417,8773.404
2000/1/2 15:13,12470.7,1239696.25,4208.203833
2000/1/2 15:14,15242.55,1362711.083,5582.949
2000/1/2 15:15,14514.51667,1285432.917,5142.923167
2000/1/2 15:16,16021.91667,1484676.417,6166.427167
2000/1/2 15:17,47457.43333,4618460,18120.917
2000/1/2 15:18,41913.41667,4079655,15896.85817
2000/1/2 15:19,17077.28333,1613642.917,6145.567833
2000/1/2 15:20,46540.31667,4527547.917,15974.3035
2000/1/2 15:21,117307.2667,11623321.17,37582.01717
2000/1/2 15:22,114894.9833,11408574.58,36636.30083
2000/1/2 15:23,114221.2667,11383182.58,36266.57083
2000/1/2 15:24,93615.23333,9292787.083,29764.329
2000/1/2 15:25,55458.3,5510752.917,18406.8705
2000/1/2 15:26,47849.65,4776505,16170.14483
2000/1/2 15:27,28458.66667,2840423.75,9988.117167
2000/1/2 15:28,28078.81667,2720422.5,10169.6075
2000/1/2 15:29,16040.98333,1499965.833,6585.261167
2000/1/2 15:30,57511.68333,5721187.917,20011.67567
2000/1/2 15:31,51758.81667,5174752,18240.313
2000/1/2 15:32,57536.86667,5795971.833,19604.367
2000/1/2 15:33,44363.48333,4447530,15741.47867
2000/1/2 15:34,13472.76667,1380473.333,6262.566333
2000/1/2 15:35,13884.3,1379924.583,6457.532833
2000/1/2 15:36,15666.38333,1589082.083,7318.051833
2000/1/2 15:37,16183.73333,1579821.167,7411.5065
2000/1/2 15:38,13288.85,1319487.5,6016.1235
2000/1/2 15:39,7693.483333,796847.9167,3349.258
2000/1/2 15:40,8119.283333,839212.9167,3537.182167
2000/1/2 15:41,6716.516667,663849.5833,2772.667833
2000/1/2 15:42,12370.25,1296387.667,4150.656833
2000/1/2 15:43,37969.03333,3886573.333,12345.0245
2000/1/2 15:44,36684.88333,3736848.333,12249.4565
2000/1/2 15:45,8627.516667,892029.25,4023.453333
2000/1/2 15:46,8174.3,830116.5,3768.947833
2000/1/2 15:47,9559.6,1001955,4438.185
2000/1/2 15:48,25947.35,2648398.75,11069.3575
2000/1/2 15:49,24458.75,2522274.167,10403.51033
2000/1/2 15:50,16575.51667,1683458.75,7240.260833
2000/1/2 15:51,9939.683333,1080520.583,4721.184833
2000/1/2 15:52,9708.783333,1069125,4429.454167
2000/1/2 15:53,7692.616667,849057.5,3537.562333
2000/1/2 15:54,6786.733333,766041,3087.365333
2000/1/2 15:55,7259.95,785418.75,3307.129833
2000/1/2 15:56,9067.883333,883777.1667,4074.048333
2000/1/2 15:57,7095.116667,704401.75,3050.501333
2000/1/2 15:58,6714.4,684174.1667,2860.526667
2000/1/2 15:59,5867.366667,629730,2416.595
2000/1/2 16:00,4548.883333,498929.75,1854.4435
2000/1/2 16:01,26329.2,2370627,9529.914333
2000/1/2 16:02,29862.28333,2651359.583,10884.59833
2000/1/2 16:03,12987.3,1165957.083,4850.149333
2000/1/2 16:04,5579.25,556732,2324.451
2000/1/2 16:05,50562.33333,5056567.5,15834.0285
2000/1/2 16:06,64494,6486170,20161.40283
2000/1/2 16:07,58058.81667,5848303.917,17874.436
2000/1/2 16:08,54458.35,5488590.75,19186.6185
2000/1/2 16:09,53473.1,5358668.75,18784.869
2000/1/2 16:10,59216.76667,5877797.333,19882.11167
2000/1/2 16:11,57613.36667,5724962.917,19542.95817
2000/1/2 16:12,52318.73333,5232242.5,17770.89867
2000/1/2 16:13,55018.03333,5483919.833,18912.04133
2000/1/2 16:14,55016.63333,5473115.25,19240.309
2000/1/2 16:15,65184.06667,6499352.583,22145.7525
2000/1/2 16:16,52394.73333,5156565.583,19211.35483
2000/1/2 16:17,15727.05,1494078.083,8061.999333
2000/1/2 16:18,16241.7,1600591.667,8408.894667
2000/1/2 16:19,11055.8,1132589.583,6303.388
2000/1/2 16:20,21705.2,2128850.417,9510.985333
2000/1/2 16:21,19514.1,1916665.167,8600.819667
2000/1/2 16:22,8959,903729.5833,4862.225833
2000/1/2 16:23,13812.7,1534751.917,6635.9255
2000/1/2 16:24,13738.4,1534541.667,6598.972
2000/1/2 16:25,13714.43333,1507554.583,6687.124833
2000/1/2 16:26,13666.01667,1521554.583,6627.271
2000/1/2 16:27,10914.91667,1230385,5527.775667
2000/1/2 16:28,11281.9,1213339.167,6261.145667
2000/1/2 16:29,11699.9,1225179.167,6481.9395
2000/1/2 16:30,18176.71667,1566162.583,10088.82
2000/1/2 16:31,16067.66667,1395172.667,8955.653
2000/1/2 16:32,14253.53333,1189670.833,7491.829333
2000/1/2 16:33,12898.21667,1090857.083,6669.843833
2000/1/2 16:34,24899.36667,2298345.833,10397.67083
2000/1/2 16:35,13781.96667,1130392.917,7049.141833
2000/1/2 16:36,16120.6,1173142.833,8713.819667
2000/1/2 16:37,14598.11667,1087148.75,7978.9945
2000/1/2 16:38,17932.98333,1260475.833,9844.610333
2000/1/2 16:39,15638.03333,1145045.667,8385.006
2000/1/2 16:40,15027.71667,1106805.917,8004.691
2000/1/2 16:41,12378.2,1003664.667,6493.3445
2000/1/2 16:42,12314.48333,1042159.75,6308.33
2000/1/2 16:43,11107.7,1023326.083,6035.751167
2000/1/2 16:44,24088.2,2337936.667,8309.4445
2000/1/2 16:45,24766.06667,2335375,8410.3475
2000/1/2 16:46,24919.03333,2355840.75,8327.727667
2000/1/2 16:47,89755.85,9041764.5,28049.0755
2000/1/2 16:48,85198.08333,8595911.25,26606.1515
2000/1/2 16:49,83858.41667,8472476.833,25951.08883
2000/1/2 16:50,84029.05,8463868.75,26124.98217
2000/1/2 16:51,50287.26667,5113900.833,16399.174
2000/1/2 16:52,11051.81667,1129705.167,4992.932
2000/1/2 16:53,39690.76667,4034044.25,13605.9325
2000/1/2 16:54,31969.66667,3277029.583,11159.15617
2000/1/2 16:55,7933.766667,873494.5833,4213.596667
2000/1/2 16:56,6887.6,791927.1667,3496.138833
2000/1/2 16:57,7650.916667,766020,3814.587
2000/1/2 16:58,5231.7,532967.9167,2372.128667
2000/1/2 16:59,32365.76667,3344194.167,10285.52983
2000/1/2 17:00,31105.83333,3279455,9554.698667
2000/1/2 17:01,43983.71667,4528945.5,13406.7085
2000/1/2 17:02,23758.4,2547685.833,7510.302667
2000/1/2 17:03,3826.266667,354487.25,1699.8545
2000/1/2 17:04,4364.616667,420511.25,1677.543833
2000/1/2 17:05,7199.4,600315.3333,3039.245333
2000/1/2 17:06,8369.666667,628720.4167,3637.650167
2000/1/2 17:07,5716.5,489507.5,2787.6655
2000/1/2 17:08,3117.15,295508.3333,1765.661667
2000/1/2 17:09,5688.783333,565744.1667,2669.263
2000/1/2 17:10,7903.066667,752519.1667,3138.550667
2000/1/2 17:11,38674.21667,3865610.417,12350.87267
2000/1/2 17:12,31720.45,3131945.667,10542.348
2000/1/2 17:13,5870.516667,590509.6667,2568.5
2000/1/2 17:14,8399.55,738240.4167,4026.243333
2000/1/2 17:15,7681.633333,714554.1667,3377.812167
2000/1/2 17:16,12508.23333,1245860,4799.748333
2000/1/2 17:17,8566.916667,956005.8333,3594.024
2000/1/2 17:18,6511.3,738406.4167,2897.835
2000/1/2 17:19,4038.816667,509538.3333,1607.871
2000/1/2 17:20,4399.116667,548759.1667,1624.736333
2000/1/2 17:21,30989.21667,3220251.583,9677.537333
2000/1/2 17:22,60047.6,6142027.5,18698.23483
2000/1/2 17:23,60996.15,6194111.667,19229.993
2000/1/2 17:24,41365.18333,4268303.25,13021.82267
2000/1/2 17:25,31145.58333,3245815.417,10002.13133
2000/1/2 17:26,29216.08333,2984758.75,9088.4355
2000/1/2 17:27,30108.81667,2991198.417,9577.98
2000/1/2 17:28,34336,3304783.75,11476.6165
2000/1/2 17:29,33320.86667,3179085.5,11196.76417
2000/1/2 17:30,42444.71667,4100861,13764.67217
2000/1/2 17:31,39024.66667,3761478.333,12580.17467
2000/1/2 17:32,36120.95,3469229.167,11919.93183
2000/1/2 17:33,37755.91667,3591186.917,12326.903
2000/1/2 17:34,36176.26667,3446627.167,12120.37167
2000/1/2 17:35,36443.43333,3502247.583,12231.396
2000/1/2 17:36,31617.21667,3037062.333,10616.98767
2000/1/2 17:37,7521.466667,637496.1667,3137.796167
2000/1/2 17:38,31234.56667,3014451.667,10656.83317
2000/1/2 17:39,19888.25,1879680.833,7033.1875
2000/1/2 17:40,26946.05,2584774.167,9831.137167
2000/1/2 17:41,22942.91667,2226843.25,8127.978333
2000/1/2 17:42,51903.3,5108230.917,16316.52833
2000/1/2 17:43,49790.05,4911331.667,15470.71033
2000/1/2 17:44,61412.66667,5928211.667,19858.36517
2000/1/2 17:45,26805.4,2580465.167,8882.399333
2000/1/2 17:46,6711.066667,563463.25,2660.521333
2000/1/2 17:47,11793.4,1117399.167,3943.306167
2000/1/2 17:48,47123.93333,4679366.667,14481.20383
2000/1/2 17:49,38832.75,3858822.5,12024.12483
2000/1/2 17:50,20832.38333,2024267.833,6864.705667
2000/1/2 17:51,14758.86667,1463317.833,5033.895333
2000/1/2 17:52,20781.93333,2079363.167,6860.075333
2000/1/2 17:53,23425.8,2348079.917,8071.968667
2000/1/2 17:54,48228.38333,4828112.5,15756.75767
2000/1/2 17:55,36436.38333,3702888.333,11917.88233
2000/1/2 17:56,87254.36667,8753295,27644.82983
2000/1/2 17:57,82290.88333,8258603.917,25579.00483
2000/1/2 17:58,11294.33333,1158890.833,4453.512833
2000/1/2 17:59,3441.5,370715.8333,1949.667167
2000/1/2 18:00,46554.21667,4719471.667,14582.0225
2000/1/2 18:01,40860.38333,4151911.583,12938.05067
2000/1/2 18:02,12174.9,1282601.667,4424.994
2000/1/2 18:03,9717.633333,1016449,3691.800333
2000/1/2 18:04,5454.666667,604369.5,2229.228333
2000/1/2 18:05,5965.866667,661271.6667,2337.451833
2000/1/2 18:06,4347.7,495874,1832.3285
2000/1/2 18:07,2573.3,315268.75,1458.460667
2000/1/2 18:08,2563.033333,307216.5,1327.117667
2000/1/2 18:09,3284.983333,384848.3333,1442.132333
2000/1/2 18:10,6794.216667,735930.8333,3153.5975
2000/1/2 18:11,11316.48333,1048251.167,5144.397333
2000/1/2 18:12,10074.33333,937350.3333,4802.129833
2000/1/2 18:13,14552.96667,1411640.833,5931.987833
2000/1/2 18:14,10445.61667,995379.3333,4654.798667
2000/1/2 18:15,12216.36667,902423.1667,6346.380167
2000/1/2 18:16,12811.56667,908551.6667,6653.147167
2000/1/2 18:17,10233.98333,759606.1667,5503.3275
2000/1/2 18:18,22694.71667,2076208.833,8915.297667
2000/1/2 18:19,17377.03333,1726796.583,6375.977833
2000/1/2 18:20,18393.48333,1794779.167,6172.154667
2000/1/2 18:21,9498.75,929322.8333,3515.161167
2000/1/2 18:22,4542.1,466456.6667,2287.383333
2000/1/2 18:23,4855.05,523835,2300.323833
2000/1/2 18:24,3324.35,399722.5,1728.3495
2000/1/2 18:25,3156.583333,384492.5,1574.295
2000/1/2 18:26,2904.766667,331441.6667,1406.6285
2000/1/2 18:27,2131.4,257965.8333,1122.433333
2000/1/2 18:28,2923.55,300879.3333,1438.244167
2000/1/2 18:29,2599.8,288510.8333,1265.45
2000/1/2 18:30,2358.783333,266292.5,1183.916
2000/1/2 18:31,38541.48333,3898592.833,12089.9035
2000/1/2 18:32,15892.31667,1628334.417,5364.1885
2000/1/2 18:33,4535.133333,513170,1884.798667
2000/1/2 18:34,3584.633333,385820.8333,1675.072667
2000/1/2 18:35,5386.266667,558066.6667,2737.047833
2000/1/2 18:36,3362.216667,430440.8333,1861.646833
2000/1/2 18:37,4452.433333,501070.0833,2183.4865
2000/1/2 18:38,2433.1,312535,1219.213
2000/1/2 18:39,1522.233333,238173.4167,863.2591667
2000/1/2 18:40,1568.183333,247077.3333,935.2936667
2000/1/2 18:41,11891,1286072.417,4946.400833
2000/1/2 18:42,3766.85,483379.3333,1753.170333
2000/1/2 18:43,2453.5,271972.5833,1354.0035
2000/1/2 18:44,1879.5,243856.6667,1033.007833
2000/1/2 18:45,4235.116667,501054.0833,1726.665667
2000/1/2 18:46,1647.033333,246080,895.3435
2000/1/2 18:47,57996,5893592.083,12335.35233
2000/1/2 18:48,62129.86667,6196519.417,14314.62567
2000/1/2 18:49,58512.25,5862178.333,13002.04917
2000/1/2 18:50,58787.15,5881565.667,13126.67
2000/1/2 18:51,57695.78333,5829459.417,12621.72167
2000/1/2 18:52,42620.08333,4366659.917,10067.556
2000/1/2 18:53,17785.6,1886511.667,6437.264833
2000/1/2 18:54,23158.96667,2328604.167,8252.227
2000/1/2 18:55,6848.2,706140.8333,3246.2355
2000/1/2 18:56,5113.883333,542381.1667,2694.5475
2000/1/2 18:57,3283.366667,418364.1667,1736.015667
2000/1/2 18:58,2699.433333,377073.3333,1437.289833
2000/1/2 18:59,2101.816667,310968.3333,1177.749167
2000/1/2 19:00,12531.33333,1427310.333,4893.1275
2000/1/2 19:01,11211.28333,1394623.833,5249.222833
2000/1/2 19:02,8563.516667,1336862.75,4701.8545
2000/1/2 19:03,7353.166667,1246730.75,4173.922333
2000/1/2 19:04,13703.03333,1587045.25,7108.772833
2000/1/2 19:05,24098.71667,2597118.833,12099.9765
2000/1/2 19:06,19746.58333,2104176.917,9985.786333
2000/1/2 19:07,13491.55,1491885.833,7066.8425
2000/1/2 19:08,13698.16667,1525083.333,7331.976833
2000/1/2 19:09,33022.01667,3542279.167,16637.70083
2000/1/2 19:10,96559.3,9953848.333,48027.298
2000/1/2 19:11,89346.15,9267522.5,44424.14433
2000/1/2 19:12,96976.28333,10065304.17,47126.6765
2000/1/2 19:13,117446.2333,11762945,55100.44217
2000/1/2 19:14,117047.5833,11721283.92,54438.57283
2000/1/2 19:15,47976.2,4867074.167,22106.0505
2000/1/2 19:16,27291.9,2834809.667,12029.54417
2000/1/2 19:17,18113.6,2017062.5,8751.611167
2000/1/2 19:18,12941.35,1540316.667,6710.2055
2000/1/2 19:19,13512.48333,1636180,6593.7045
2000/1/2 19:20,14686.26667,1665700.833,7199.099667
2000/1/2 19:21,16099.46667,1729278.583,8267.852667
2000/1/2 19:22,14114.4,1631769.667,7654.3085
2000/1/2 19:23,12618.78333,1463944.167,7337.3315
2000/1/2 19:24,13632.6,1576225.833,7831.194
2000/1/2 19:25,12353.13333,1472975.667,7098.4695
2000/1/2 19:26,9532.483333,1256612.25,5285.543667
2000/1/2 19:27,8299.516667,1166536.667,4602.5545
2000/1/2 19:28,7948.7,1137529.833,4448.765667
2000/1/2 19:29,9115.016667,1255443.333,5107.0225
2000/1/2 19:30,17376.45,2078155.417,7671.975167
2000/1/2 19:31,16306.06667,1996353.167,7094.107833
2000/1/2 19:32,10908.65,1512190.167,5367.899667
2000/1/2 19:33,11525.8,1541045.833,6244.7725
2000/1/2 19:34,12471.83333,1619133.333,6823.278167
2000/1/2 19:35,11649.2,1565441.667,6410.835167
2000/1/2 19:36,25083,2886232.333,13029.6645
2000/1/2 19:37,25728.76667,2831800.417,13099.48
2000/1/2 19:38,26487.43333,2871850.833,13471.68317
2000/1/2 19:39,28010.63333,3040683.333,13720.78933
2000/1/2 19:40,24751,2760225,12487.13917
2000/1/2 19:41,24424.48333,2747972.583,12511.0355
2000/1/2 19:42,25768.6,2891588.333,12711.63883
2000/1/2 19:43,25172.81667,2834240,12448.58983
2000/1/2 19:44,24622.78333,2807261.667,12381.03517
2000/1/2 19:45,24939.85,2845035.083,12659.68133
2000/1/2 19:46,57351.78333,6092753.833,28700.4805
2000/1/2 19:47,51475.8,5517179.167,25841.36783
2000/1/2 19:48,111278.8167,11494100.83,43976.0515
2000/1/2 19:49,99260.48333,10317797.33,38471.6015
2000/1/2 19:50,98821.45,10038784.33,39213.422
2000/1/2 19:51,91357.81667,9300345.583,36310.33233
2000/1/2 19:52,39593.45,4151620.083,20622.58483
2000/1/2 19:53,38828.06667,4081611.083,19921.47883
2000/1/2 19:54,35645.31667,3763906.667,18722.13617
2000/1/2 19:55,30543.41667,3254604.167,16325.4915
2000/1/2 19:56,33092.93333,3385201.667,17607.60217
2000/1/2 19:57,39956.03333,4089979.167,19432.2155
2000/1/2 19:58,28096.4,3051708.333,14769.8145
2000/1/2 19:59,31145.8,3360394.5,15917.464
2000/1/2 20:00,33032.68333,3502148.333,16716.58167
2000/1/2 20:01,52342.3,5386141.167,20296.50383
2000/1/2 20:02,51475.78333,5299069.083,19687.23767
2000/1/2 20:03,41273.81667,4346261.417,16733.11567
2000/1/2 20:04,19588.1,2221200.417,9746.0235
2000/1/2 20:05,16754.18333,1964017.5,8684.436833
2000/1/2 20:06,12817.61667,1510413.333,6946.1525
2000/1/2 20:07,10479.4,1290885.75,5662.515
2000/1/2 20:08,9299.266667,1221144.667,5123.5785
2000/1/2 20:09,11906.21667,1487983,5701.105167
2000/1/2 20:10,12606.95,1541156,6200.183333
2000/1/2 20:11,14009.6,1633075,6928.403
2000/1/2 20:12,12262.76667,1530962.167,5898.9115
2000/1/2 20:13,12817.7,1566637.5,5998.4975
2000/1/2 20:14,10271.68333,1329446.667,5020.4065
2000/1/2 20:15,7742.633333,1162028.333,4102.129833
2000/1/2 20:16,9278.3,1269702.083,4685.245667
2000/1/2 20:17,16000.3,1901907.5,7699.196833
2000/1/2 20:18,11066.75,1412298.083,5632.847667
2000/1/2 20:19,14214.48333,1471583.333,5707.126333
2000/1/2 20:20,27620.51667,2338783.333,10304.39217
2000/1/2 20:21,30695.45,2962997.5,12911.629
2000/1/2 20:22,17993.13333,2106192.75,8705.237333
2000/1/2 20:23,12815.68333,1632296.75,6170.518667
2000/1/2 20:24,10537.9,1427411.333,5185.794667
2000/1/2 20:25,10107.45,1379230.833,5010.755667
2000/1/2 20:26,10294.26667,1397328.25,5090.143333
2000/1/2 20:27,22675.08333,2573561.667,8885.572833
2000/1/2 20:28,16886.95,1990513.333,7087.101833
2000/1/2 20:29,30316.35,2791607.5,11043.563
2000/1/2 20:30,23341.28333,2236370.833,9593.3615
2000/1/2 20:31,16271.41667,1654960.333,7932.357667
2000/1/2 20:32,17522.85,1782020.333,8366.160667
2000/1/2 20:33,15570.28333,1555086.667,7626.734167
2000/1/2 20:34,15865.85,1581535.417,7681.8115
2000/1/2 20:35,14687.86667,1523810.833,7194.558833
2000/1/2 20:36,15609.48333,1638487.5,7333.384833
2000/1/2 20:37,16276.03333,1663966.833,7752.638833
2000/1/2 20:38,16752.11667,1723878.333,8300.094833
2000/1/2 20:39,14458.46667,1547624.833,7525.059667
2000/1/2 20:40,16223.28333,1746972.5,8153.968167
2000/1/2 20:41,18302.93333,1946329.917,8820.026
2000/1/2 20:42,19683.36667,2131498.25,9775.7825
2000/1/2 20:43,15681,1756431.667,7907.372167
2000/1/2 20:44,10095.23333,1240800.833,5130.2685
2000/1/2 20:45,15154.8,1644324.167,7562.099
2000/1/2 20:46,11386.8,1345845.167,5788.018833
2000/1/2 20:47,9847.166667,1258402.5,5127.212167
2000/1/2 20:48,9414.433333,1236260,4880.810833
2000/1/2 20:49,7858.65,1152210.833,4255.3885
2000/1/2 20:50,46882.73333,5065927.75,18413.33433
2000/1/2 20:51,48760.78333,5281470,19140.92483
2000/1/2 20:52,47101.13333,5073950,18377.6635
2000/1/2 20:53,51824.55,5578835,20648.32917
2000/1/2 20:54,39664.18333,4442310.5,16618.93183
2000/1/2 20:55,12074.38333,1699218.333,7090.220667
2000/1/2 20:56,6209.266667,1105346.667,4389.425667
2000/1/2 20:57,6352.583333,1121227.5,4339.021667
2000/1/2 20:58,39131.05,4399205,18878.38683
2000/1/2 20:59,36844.3,4155740,18094.14
2000/1/2 21:00,33345.53333,3824139.333,16814.1555
2000/1/2 21:01,34876.61667,3978748,17299.06333
2000/1/2 21:02,47988.23333,5216185.833,21052.75483
2000/1/2 21:03,46109.61667,5108409,20854.9225
2000/1/2 21:04,39906.5,4462500.75,18941.12017
2000/1/2 21:05,38891.16667,4377215,18504.4855
2000/1/2 21:06,40102.75,4444976.667,19014.38267
2000/1/2 21:07,32198.13333,3654609,15921.65533
2000/1/2 21:08,20247.96667,2432406.667,10039.86033
2000/1/2 21:09,17625.83333,2170620.833,9181.627833
2000/1/2 21:10,12119.33333,1653617.5,6647.836167
2000/1/2 21:11,9742.316667,1433510.833,5588.207833
2000/1/2 21:12,7553.733333,1229776.667,4446.269833
2000/1/2 21:13,8060.55,1228871,4577.216167
2000/1/2 21:14,16903.11667,1668129.167,9164.994667
2000/1/2 21:15,15431.01667,1579552.917,8556.902667
2000/1/2 21:16,13243.83333,1521300.833,7446.098167
2000/1/2 21:17,17709.41667,2014464.167,9229.9735
2000/1/2 21:18,15392.43333,1861962.833,8547.266333
2000/1/2 21:19,16593.48333,2128060.833,9277.667167
2000/1/2 21:20,16183.71667,2221964.75,8422.604667
2000/1/2 21:21,13076.76667,1966181.167,7133.2505
2000/1/2 21:22,13119.21667,1921961.667,7297.806333
2000/1/2 21:23,17664.11667,2198113.333,8934.460167
2000/1/2 21:24,16257.76667,1975828.333,8262.807167
2000/1/2 21:25,75884.53333,8103430,25988.78767
2000/1/2 21:26,67279.18333,7283932.5,23599.03283
2000/1/2 21:27,28871.13333,3461983.333,12262.11883
2000/1/2 21:28,12110.48333,1757614.167,6809.787167
2000/1/2 21:29,11439.23333,1687743.333,6475.491
2000/1/2 21:30,11117.35,1630187.5,6283.211667
2000/1/2 21:31,9982.783333,1522816.167,5575.126833
2000/1/2 21:32,10493.88333,1585274.167,6054.5485
2000/1/2 21:33,10636.41667,1594517.5,5988.339833
2000/1/2 21:34,10977.9,1662705.167,6018.631167
2000/1/2 21:35,10476.78333,1657434.167,5830.589333
2000/1/2 21:36,21613.16667,2762832,9223.4965
2000/1/2 21:37,21857.78333,2799497.667,9419.323
2000/1/2 21:38,21720.46667,2772397.167,9308.226833
2000/1/2 21:39,9539.85,1488194.167,5318.862333
2000/1/2 21:40,33321.11667,3880667.833,22204.93517
2000/1/2 21:41,24408.06667,2992823.333,16162.58133
2000/1/2 21:42,16346.6,2135975.25,10408.66583
2000/1/2 21:43,17409.85,2242808.333,10117.6755
2000/1/2 21:44,35128.13333,4019590,18479.56833
2000/1/2 21:45,28016.33333,3301640.083,14622.21883
2000/1/2 21:46,27533.45,3259535.833,14385.73817
2000/1/2 21:47,25766.5,3072750,13404.42
2000/1/2 21:48,26083.16667,2795492.5,13459.02933
2000/1/2 21:49,25530.5,2603330.5,12843.94017
2000/1/2 21:50,23260.46667,2425697.167,11731.85767
2000/1/2 21:51,19973.5,2124835.833,10101.495
2000/1/2 21:52,24815.65,2515742.167,11515.79883
2000/1/2 21:53,11080.83333,1160287.5,5078.355833
2000/1/2 21:54,7959.066667,852550.8333,3904.801833
2000/1/2 21:55,37853.9,3856321.667,12373.3115
2000/1/2 21:56,37516.45,3898342.5,12095.811
2000/1/2 21:57,16574.36667,1821260.417,6139.036833
2000/1/2 21:58,10219.15,1187593.333,4150.963333
2000/1/2 21:59,15573.68333,1724913.333,5845.311167
2000/1/2 22:00,7577.233333,912439.5833,3353.127833
2000/1/2 22:01,4633.666667,615140.8333,2408.903333
2000/1/2 22:02,5072.9,637995.8333,2521.0975
2000/1/2 22:03,7993.316667,719119.1667,3799.152667
2000/1/2 22:04,9494.833333,842796.6667,4391.701
2000/1/2 22:05,9559.066667,855590.75,5445.660833
2000/1/2 22:06,9893.116667,827004.5,5660.912
2000/1/2 22:07,9893.366667,831947.5833,5669.994167
2000/1/2 22:08,11492.35,1079123.333,5852.622333
2000/1/2 22:09,20429.01667,2037955.833,8352.612167
2000/1/2 22:10,20338.36667,2103205.333,9415.227833
2000/1/2 22:11,31795.85,3262034.667,12268.24567
2000/1/2 22:12,29501.73333,3055516.583,11419.4165
2000/1/2 22:13,22370.28333,2399249.583,9134.791333
2000/1/2 22:14,23004.06667,2487724.167,9528.455833
2000/1/2 22:15,23560.31667,2542622.917,9780.192667
2000/1/2 22:16,23090.83333,2498784.75,9222.062167
2000/1/2 22:17,20150.76667,2101956.5,7339.918333
2000/1/2 22:18,18249.46667,1877192.5,6629.373333
2000/1/2 22:19,18163,1869702.5,6584.3415
2000/1/2 22:20,19381.75,1980851.667,6993.083833
2000/1/2 22:21,14665.86667,1384830.833,5958.552
2000/1/2 22:22,7922.333333,790803.3333,3721.285833
2000/1/2 22:23,5495.1,639783.3333,2642.802833
2000/1/2 22:24,4810.433333,500538.3333,2244.378833
2000/1/2 22:25,3789.016667,425407.5,1780.347667
2000/1/2 22:26,3245.633333,393013.3333,1553.398167
2000/1/2 22:27,3277.466667,396180,1563.762833
2000/1/2 22:28,3199.083333,395966.6667,1521.806333
2000/1/2 22:29,4350.366667,473023.9167,2121.032667
2000/1/2 22:30,5949.483333,638695.5833,2875.3735
2000/1/2 22:31,4995.283333,544077.75,2388.9895
2000/1/2 22:32,4763.833333,456780.8333,2256.614167
2000/1/2 22:33,4184.1,409451.6667,1959.8415
2000/1/2 22:34,6798.25,720588.3333,3288.486833
2000/1/2 22:35,6090.266667,646209.1667,3881.547333
2000/1/2 22:36,7624.25,719055.75,4325.0705
2000/1/2 22:37,4503.95,458614.3333,2903.946333
2000/1/2 22:38,1158.816667,176592.5,706.3635
2000/1/2 22:39,1066.033333,168375,667.5075
2000/1/2 22:40,2456.35,238228.3333,1207.253833
2000/1/2 22:41,3360.733333,373597.5,1705.353333
2000/1/2 22:42,4204.666667,408197.5,1822.402333
2000/1/2 22:43,1590.1,217600.8333,949.9786667
2000/1/2 22:44,847.7833333,161147.5,578.7836667
2000/1/2 22:45,68944.88333,6979571.833,22479.031
2000/1/2 22:46,68721.21667,6957655,22400.5615
2000/1/2 22:47,67688.85,6822888.333,21770.22233
2000/1/2 22:48,44431.23333,4494267.5,14462.0585
2000/1/2 22:49,5575.55,619374.1667,2927.7185
2000/1/2 22:50,16721.38333,1262534.167,9374.9865
2000/1/2 22:51,13893.16667,1016097.5,7917.7825
2000/1/2 22:52,10894.05,809630.8333,6410.9685
2000/1/2 22:53,3448.2,428437.5,2103.3335
2000/1/2 22:54,2622.483333,389645.5,1569.8945
2000/1/2 22:55,2494.3,386334.5,1503.566333
2000/1/2 22:56,7065.816667,614632.5,3962.321
2000/1/2 22:57,6939.45,613085.8333,3874.554167
2000/1/2 22:58,8781.366667,788105.1667,4447.201833
2000/1/2 22:59,6895.4,608194.1667,3849.112167
2000/1/2 23:00,6281.216667,618412.75,3399.551667
2000/1/2 23:01,89004.05,8989659.167,27634.744
2000/1/2 23:02,89047.55,8988089.167,27604.802
2000/1/2 23:03,87383.31667,8816249.167,26761.73533
2000/1/2 23:04,36635.03333,3667312.5,12280.97617
2000/1/2 23:05,9258.75,744461.6667,4229.774333
2000/1/2 23:06,12059.33333,873885,5319.973667
2000/1/2 23:07,10308.58333,760047.5,4595.189
2000/1/2 23:08,8905.6,662215,4127.376167
2000/1/2 23:09,7536.05,569738.3333,3517.1325
2000/1/2 23:10,6088.316667,507125.8333,2743.490833
2000/1/2 23:11,5244.966667,451871.6667,2406.193833
2000/1/2 23:12,4781.983333,428707.5,2216.016333
2000/1/2 23:13,4665.266667,422179.1667,2169.807333
2000/1/2 23:14,4064.283333,394979.5833,1937.552833
2000/1/2 23:15,1522.083333,268022.1667,934.3286667
2000/1/2 23:16,1555.3,273137.3333,975.4795
2000/1/2 23:17,11782.93333,967974.1667,6360.022667
2000/1/2 23:18,10665.16667,902319.1667,5675.771667
2000/1/2 23:19,8866.816667,756070.9167,5655.89
2000/1/2 23:20,8885.066667,766242.6667,5635.999
2000/1/2 23:21,3086.383333,373906.5,2583.894333
2000/1/2 23:22,3479.75,438718.3333,2624.401333
2000/1/2 23:23,8781.15,702240.8333,4851.639833
2000/1/2 23:24,9074.083333,703900.8333,5109.446167
2000/1/2 23:25,8415.8,657991.6667,4792.783167
2000/1/2 23:26,7329.816667,604905.5,4325.115667
2000/1/2 23:27,7198.75,584878,4319.632833
2000/1/2 23:28,6916.15,585108.3333,4069.8435
2000/1/2 23:29,6691.733333,580652.5,3931.016167
2000/1/2 23:30,6662.95,553032.5,3957.384167
2000/1/2 23:31,4844.033333,445860.1667,3201.086833
2000/1/2 23:32,4424.933333,427095.0833,3024.106
2000/1/2 23:33,4139.766667,436011,2820.805833
2000/1/2 23:34,5027.266667,439212.5,2351.412333
2000/1/2 23:35,3254.516667,324860,1586.089
2000/1/2 23:36,2721.7,301343.25,1367.665667
2000/1/2 23:37,3659.45,384856.0833,1783.403333
2000/1/2 23:38,2403.6,309650.8333,1285.277333
2000/1/2 23:39,1928.066667,261615,1053.160667
2000/1/2 23:40,9676.283333,1063550,4078.694333
2000/1/2 23:41,7165.85,830567.5,3102.006667
2000/1/2 23:42,898.1833333,204104.1667,648.7125
2000/1/2 23:43,808.65,195192.5,607.568
2000/1/2 23:44,896.4333333,205592.5,648.3808333
2000/1/2 23:45,1232.583333,220785.8333,785.585
2000/1/2 23:46,2451.233333,326161.5833,1397.518
2000/1/2 23:47,3952.1,488658.6667,1972.394667
2000/1/2 23:48,4104.033333,508465.8333,2009.711333
2000/1/2 23:49,3251.383333,426637.0833,1709.020833
2000/1/2 23:50,8577.333333,713076.6667,5615.787333
2000/1/2 23:51,7384.283333,622905.6667,4959.639833
2000/1/2 23:52,2266.966667,320327.8333,2096.6355
2000/1/2 23:53,2433.366667,330611.6667,2247.7965
2000/1/2 23:54,1873.75,303865.8333,1939.548333
2000/1/2 23:55,1886.25,300683.3333,1917.996667
2000/1/2 23:56,5715.366667,503383.3333,3260.9565
2000/1/2 23:57,2979.133333,327491.6667,1633.644833
2000/1/2 23:58,1535.8,276998.75,986.82
2000/1/2 23:59,1328.716667,259948.4167,894.6163333
2000/1/3 0:00,2366.4,329875.9167,1269.603667
2000/1/3 0:01,2021.833333,282505.8333,1128.139167
2000/1/3 0:02,1882.35,256268.0833,1036.4265
2000/1/3 0:03,1146.55,217371.6667,744.78
2000/1/3 0:04,1054.716667,210214.1667,713.5678333
2000/1/3 0:05,9938.816667,661121.5833,5640.673667
2000/1/3 0:06,14218.61667,887090.25,7787.901
2000/1/3 0:07,18059.36667,1061583.667,9897.4635
2000/1/3 0:08,18265.96667,1074781.333,9913.731667
2000/1/3 0:09,31609.95,1761757.333,17708.29
2000/1/3 0:10,31091.76667,1735166.5,17417.61033
2000/1/3 0:11,22337.3,1298053.25,12228.51217
2000/1/3 0:12,17236.53333,1073702.5,8938.211167
2000/1/3 0:13,14747.03333,911370.6667,7818.691667
2000/1/3 0:14,14952.28333,945956.6667,7881.820167
2000/1/3 0:15,17940.96667,1067841.75,9284.215
2000/1/3 0:16,19222.31667,1125935.75,9747.982833
2000/1/3 0:17,19239.33333,1131219.333,10013.77333
2000/1/3 0:18,22403.31667,1347870.917,12187.7215
2000/1/3 0:19,21652.58333,1332938.167,12184.85633
2000/1/3 0:20,37311.6,2709619,17992.07467
2000/1/3 0:21,37504.2,2763925.25,18066.18367
2000/1/3 0:22,23619.95,1452462.083,13446.809
2000/1/3 0:23,20767.63333,1237995,12021.21933
2000/1/3 0:24,21591.35,1257866,12626.09117
2000/1/3 0:25,86891.63333,7746331.667,25722.71667
2000/1/3 0:26,85589.73333,7732042.5,24349.81567
2000/1/3 0:27,94588.51667,8221764.833,29730.4685
2000/1/3 0:28,85071.6,7310746.167,27507.26117
2000/1/3 0:29,28353,1580178.417,16347.324
2000/1/3 0:30,30426.85,1814466.75,17635.73
2000/1/3 0:31,28847.1,1710483.917,16512.9845
2000/1/3 0:32,18184.98333,1066212.833,10540.74317
2000/1/3 0:33,19264.7,1322549.167,10106.77433
2000/1/3 0:34,16042.6,987871.3333,9055.1985
2000/1/3 0:35,14074,859384.3333,8076.036167
2000/1/3 0:36,12883.05,767187.5,7577.104333
2000/1/3 0:37,17899.75,1001732.5,9880.488
2000/1/3 0:38,20682.5,1147769.667,10949.6905
2000/1/3 0:39,17212.2,967543,9594.096833
2000/1/3 0:40,22244.7,1220325,12513.66767
2000/1/3 0:41,19488.06667,1081585,10927.69333
2000/1/3 0:42,19524.51667,1083185.167,10562.83883
2000/1/3 0:43,18756.3,1046961.667,10026.8195
2000/1/3 0:44,19486.73333,1136509.167,11132.263
2000/1/3 0:45,19948.48333,1210856.333,11519.14167
2000/1/3 0:46,19385.66667,1161955.833,11202.98667
2000/1/3 0:47,18461.95,1111948.333,10682.92667
2000/1/3 0:48,17381.13333,1033785.917,9451.480167
2000/1/3 0:49,16841.25,980401.6667,8441.36
2000/1/3 0:50,16306.23333,965103.5833,8180.864333
2000/1/3 0:51,17861.01667,1075823.5,9805.252333
2000/1/3 0:52,17470.55,1071681.083,9670.351
2000/1/3 0:53,16232.51667,1013049.167,9195.097167
2000/1/3 0:54,15228.98333,953220.6667,8692.094833
2000/1/3 0:55,13156.43333,783814.25,7049.882167
2000/1/3 0:56,16151.31667,1004932.5,8364.997333
2000/1/3 0:57,15030.01667,978800.9167,7778.193833
2000/1/3 0:58,19219.43333,1175933,9383.688333
2000/1/3 0:59,36626.55,2091145.917,19529.52833
2000/1/3 1:00,33906.68333,1898394,18315.56783
2000/1/3 1:01,34074.98333,1898074.667,18635.24167
2000/1/3 1:02,34670.06667,1897292,18768.018
2000/1/3 1:03,36001.2,1999003,19423.3385
2000/1/3 1:04,34681.81667,1928090,18928.73333
2000/1/3 1:05,32978.15,1796964.333,18006.889
2000/1/3 1:06,33114.5,1846318,17739.4685
2000/1/3 1:07,23272.7,1343603,11944.887
2000/1/3 1:08,20225.61667,1144693.5,10437.74817
2000/1/3 1:09,19868.31667,1196107.75,10304.26817
2000/1/3 1:10,19927.6,1222997.583,10361.4475
2000/1/3 1:11,19370.46667,1194287,10112.881
2000/1/3 1:12,19504.26667,1211314.5,10195.63333
2000/1/3 1:13,20618.1,1260915.667,10663.89867
2000/1/3 1:14,18634.5,1154486.833,9860.1135
2000/1/3 1:15,13215.61667,854954.1667,7676.325667
2000/1/3 1:16,12698.61667,790149.1667,7420.722
2000/1/3 1:17,13918.38333,972742,8044.211
2000/1/3 1:18,14816.28333,1055666.083,8369.865667
2000/1/3 1:19,16853.4,1116646.667,9835.742833
2000/1/3 1:20,29996.45,1999503.5,15037.40817
2000/1/3 1:21,33120.03333,2091724.583,16669.04483
2000/1/3 1:22,29263.03333,1646082.667,15478.8185
2000/1/3 1:23,26980.2,1489422.5,14216.75133
2000/1/3 1:24,24437.63333,1358073,12932.5495
2000/1/3 1:25,23978.5,1318248.333,12631.1725
2000/1/3 1:26,23762.01667,1314054.167,12500.8675
2000/1/3 1:27,27261.88333,1482896.167,14503.71133
2000/1/3 1:28,27344.21667,1472434.167,14474.50483
2000/1/3 1:29,34694.81667,1831044.917,18454.75033
2000/1/3 1:30,33662.58333,1776452.833,17779.58117
2000/1/3 1:31,36466.55,2056502.417,18140.765
2000/1/3 1:32,30100.45,1680961,15141.31917
2000/1/3 1:33,24382.76667,1340714.333,12504.8865
2000/1/3 1:34,24763.96667,1413971,12845.36233
2000/1/3 1:35,22830.38333,1320399.167,12031.36567
2000/1/3 1:36,22085.08333,1281145.75,11676.5435
2000/1/3 1:37,21695.4,1270246.667,11555.99767
2000/1/3 1:38,28896.21667,1856199.167,14918.37767
2000/1/3 1:39,25698.98333,1647172.5,13306.283
2000/1/3 1:40,27688.48333,1725030.083,14376.07683
2000/1/3 1:41,25656.7,1542443.25,13419.32967
2000/1/3 1:42,23224.63333,1288894,12341.89967
2000/1/3 1:43,24937.06667,1338826.333,13428.783
2000/1/3 1:44,23525.85,1280380.833,12703.16017
2000/1/3 1:45,36598.23333,2504649.833,17346.67617
2000/1/3 1:46,29995.43333,1845653.667,15368.0875
2000/1/3 1:47,23237.85,1253129.167,12532.86733
2000/1/3 1:48,20400.81667,1051154.25,10932.71733
2000/1/3 1:49,20467.48333,1055908.833,10374.28583
2000/1/3 1:50,22208.38333,1176562.5,11285.14183
2000/1/3 1:51,23995.75,1371045.833,11861.54067
2000/1/3 1:52,34178.78333,2399346,14895.7245
2000/1/3 1:53,31043.2,2228301.833,14626.3655
2000/1/3 1:54,26620.28333,1811302.333,13338.55083
2000/1/3 1:55,20980.45,1252691.333,11023.0175
2000/1/3 1:56,22589.75,1308705,12408.87517
2000/1/3 1:57,22294.33333,1288508.333,12338.2395
2000/1/3 1:58,21180.83333,1230578,11825.5105
2000/1/3 1:59,17624.76667,1063688.667,9765.145833
2000/1/3 2:00,24180.06667,1423223.75,11137.915
2000/1/3 2:01,23764.16667,1389008.333,11049.46783
2000/1/3 2:02,18985.25,1164846,10398.84533
2000/1/3 2:03,23485.21667,1520879.25,13448.01883
2000/1/3 2:04,24577.58333,1552187.5,13504.7635
2000/1/3 2:05,22343.23333,1423898.083,12153.15933
2000/1/3 2:06,28014.78333,1636757.75,14815.73467
2000/1/3 2:07,26060.06667,1517437.333,13850.3015
2000/1/3 2:08,33765.78333,1852981.917,17395.82983
2000/1/3 2:09,34151.95,1742444.417,17598.14333
2000/1/3 2:10,31817.76667,1617343.25,16080.929
2000/1/3 2:11,27157.36667,1402389.417,14149.77367
2000/1/3 2:12,23173.95,1244053.333,11702.138
2000/1/3 2:13,22308.46667,1190180,11386.32883
2000/1/3 2:14,26901.26667,1379220.083,13410.7415
2000/1/3 2:15,21966.35,1122537,11415.4275
2000/1/3 2:16,21507.23333,1101947.5,11311.1355
2000/1/3 2:17,19926.68333,1026672.25,10666.15533
2000/1/3 2:18,20107.03333,1093574.417,10705.3335
2000/1/3 2:19,24521.96667,1291247.5,13045.10067
2000/1/3 2:20,48515.95,3640933.167,24867.236
2000/1/3 2:21,47752.73333,3602267.667,24293.043
2000/1/3 2:22,24309.93333,1418436.667,12609.61817
2000/1/3 2:23,19317.26667,994950.8333,10036.612
2000/1/3 2:24,18759.16667,961330.0833,9709.946
2000/1/3 2:25,18672.98333,995337.5,9874.7415
2000/1/3 2:26,19423.7,1169744.917,10794.8795
2000/1/3 2:27,20714.51667,1279825.583,11383.748
2000/1/3 2:28,23597.76667,1425746.917,12366.68483
2000/1/3 2:29,19852.73333,1205838.333,10920.1945
2000/1/3 2:30,38336.36667,3003711.75,17625.36233
2000/1/3 2:31,40355.3,2971016.833,18873.79033
2000/1/3 2:32,37592.23333,2813662.25,17565.4
2000/1/3 2:33,36070.68333,2717887.833,16730.615
2000/1/3 2:34,35766.25,2700866.167,16539.261
2000/1/3 2:35,36688.63333,2751207.167,16939.34833
2000/1/3 2:36,42811.88333,3050100.25,20523.73867
2000/1/3 2:37,41281.5,2994947.5,19653.27567
2000/1/3 2:38,42638.16667,3049158.167,20664.853
2000/1/3 2:39,42325.08333,3038465.5,20532.62983
2000/1/3 2:40,46636.16667,3148333.333,23202.00833
2000/1/3 2:41,31798.61667,1863272.5,17263.186
2000/1/3 2:42,27113.93333,1641348.167,14510.02533
2000/1/3 2:43,26553.15,1615017.083,14175.07067
2000/1/3 2:44,22391,1390861.167,11910.77267
2000/1/3 2:45,20087.75,1227515.583,10747.93433
2000/1/3 2:46,27586.58333,1561253.25,15189.82967
2000/1/3 2:47,27797.91667,1599617.417,15219.2305
2000/1/3 2:48,29565.83333,1796530,15896.7835
2000/1/3 2:49,28310.81667,1718193.667,15436.44517
2000/1/3 2:50,28303.4,1720182.333,15364.13133
2000/1/3 2:51,27324.48333,1619455.917,14971.03617
2000/1/3 2:52,26235.05,1480321.333,14711.9175
2000/1/3 2:53,24407.51667,1390582.5,13719.50167
2000/1/3 2:54,23665.63333,1353741.75,13378.0705
2000/1/3 2:55,23600.93333,1369497.75,13364.5575
2000/1/3 2:56,21584.28333,1265757.5,12210.80633
2000/1/3 2:57,39590.48333,3087989.167,17412.68333
2000/1/3 2:58,38523.5,2999465.833,17062.5605
2000/1/3 2:59,22772.81667,1453091.667,12879.056
2000/1/3 3:00,25359.13333,1438155.833,14978.84083
2000/1/3 3:01,25621.26667,1454372.5,15087.89967
2000/1/3 3:02,46636.78333,2505296.833,25235.87317
2000/1/3 3:03,51637.73333,2755083.167,28500.49183
2000/1/3 3:04,52787.45,2874172.333,28896.40433
2000/1/3 3:05,59204.96667,3207387.5,31850.37317
2000/1/3 3:06,67040.98333,4148949,35988.837
2000/1/3 3:07,61194.43333,3815574.333,33183.75483
2000/1/3 3:08,56452.75,3540884.333,31536.50233
2000/1/3 3:09,46817.15,3021132.583,26826.979
2000/1/3 3:10,50393.03333,3174588.333,29117.93733
2000/1/3 3:11,45999.08333,2957733.75,25978.552
2000/1/3 3:12,56818.96667,3576319.5,31934.01733
2000/1/3 3:13,57531.03333,3616485.333,32680.379
2000/1/3 3:14,56027.35,3542073.833,31912.33033
2000/1/3 3:15,56247.45,3586955.917,31872.30133
2000/1/3 3:16,53157.16667,3404098.75,30342.72717
2000/1/3 3:17,51319.76667,3328503.417,29321.634
2000/1/3 3:18,65548.38333,4428272.75,36264.199
2000/1/3 3:19,59949.1,3936992.333,34334.7695
2000/1/3 3:20,59665.93333,3544085.75,34289.90967
2000/1/3 3:21,57107.58333,3285675.5,32627.68283
2000/1/3 3:22,53387.98333,2963546.417,31134.46
2000/1/3 3:23,50931.5,2791609.5,30053.88633
2000/1/3 3:24,49585.53333,2735786.417,29287.4345
2000/1/3 3:25,48122.76667,2650940,28489.63267
2000/1/3 3:26,43447.35,2385131.75,25788.87617
2000/1/3 3:27,40820.36667,2318332.917,23872.285
2000/1/3 3:28,41411.86667,2419232.5,23555.48317
2000/1/3 3:29,38857.78333,2297386.667,21991.15483
2000/1/3 3:30,35732.73333,2173794.667,19999.02033
2000/1/3 3:31,30283.56667,1848797.917,17046.19317
2000/1/3 3:32,28758.05,1820794.167,15821.32417
2000/1/3 3:33,44327.46667,3350356,20782.98883
2000/1/3 3:34,44954.38333,3340750.833,21112.42883
2000/1/3 3:35,43181.86667,2962900.583,21643.92667
2000/1/3 3:36,34598.28333,2114695.917,19006.93717
2000/1/3 3:37,31904.33333,1930343.167,17418.10533
2000/1/3 3:38,39340.63333,2321665.5,20701.6235
2000/1/3 3:39,36849.75,2156445.083,19322.44183
2000/1/3 3:40,34527.56667,2158448.333,17345.53067
2000/1/3 3:41,30695.11667,1856113.333,15853.33517
2000/1/3 3:42,29510.63333,1775281.75,15458.27633
2000/1/3 3:43,30496.36667,1862542.75,15782.53067
2000/1/3 3:44,32398.6,1997566.667,16613.0385
2000/1/3 3:45,29039.45,1791789.333,14683.4015
2000/1/3 3:46,28877.03333,1745565.917,14697.22983
2000/1/3 3:47,31209.25,2044434.5,14835.84283
2000/1/3 3:48,30412.11667,1874368.75,15225.0695
2000/1/3 3:49,36660.68333,2346096.583,17726.088
2000/1/3 3:50,32102.38333,1913954.167,16438.35917
2000/1/3 3:51,29257.21667,1763298.583,14689.44267
2000/1/3 3:52,30428.21667,1848705,15364.11033
2000/1/3 3:53,28783.05,1708486.083,15308.29733
2000/1/3 3:54,26621.2,1575919.5,14304.82167
2000/1/3 3:55,29239.13333,1679815,16199.09883
2000/1/3 3:56,31997.65,1813501.25,18026.803
2000/1/3 3:57,30330.58333,1754970,17045.3705
2000/1/3 3:58,25330.45,1505200.667,14026.52667
2000/1/3 3:59,26928.48333,1576736.167,14835.827
2000/1/3 4:00,26951.76667,1706381.667,14028.166
2000/1/3 4:01,20989.41667,1320762.833,11154.01183
2000/1/3 4:02,29949.71667,1724460,16729.69533
2000/1/3 4:03,36776.15,2078803.083,20528.205
2000/1/3 4:04,54248.8,3785137.667,24450.45917
2000/1/3 4:05,60263.36667,4118404.167,28852.78183
2000/1/3 4:06,43898.83333,2545804.167,23828.45433
2000/1/3 4:07,38416.2,2231106.667,21018.62333
2000/1/3 4:08,28670.18333,1716260.333,15310.96633
2000/1/3 4:09,22489.21667,1402727.833,11695.29283
2000/1/3 4:10,30461.56667,1751685,15972.55533
2000/1/3 4:11,35500.95,2054201.833,18799.00283
2000/1/3 4:12,32593.65,1920698.583,16967.3205
2000/1/3 4:13,33837.85,1995148.917,17610.71617
2000/1/3 4:14,33029.85,1854491.667,17006.44767
2000/1/3 4:15,28941.86667,1524514.75,14698.71983
2000/1/3 4:16,32531.38333,2144075.5,16924.62217
2000/1/3 4:17,37362.41667,2517514.083,17642.6695
2000/1/3 4:18,36319.76667,2420369.75,16967.2425
2000/1/3 4:19,28102.73333,1551990.917,13568.5255
2000/1/3 4:20,24760.53333,1321598.667,12333.55717
2000/1/3 4:21,23071.46667,1200437.917,11363.93067
2000/1/3 4:22,22724.73333,1265160.667,11104.04317
2000/1/3 4:23,25438.75,1342490.75,13179.32717
2000/1/3 4:24,25275.51667,1321525,13451.72717
2000/1/3 4:25,25145.76667,1305897.667,13351.494
2000/1/3 4:26,19889.78333,1056058.917,10148.8445
2000/1/3 4:27,39214.08333,2052738.333,21374.00667
2000/1/3 4:28,39022.86667,2040148.333,21234.74783
2000/1/3 4:29,38312.65,1974394.167,20958.7305
2000/1/3 4:30,38016.56667,1969028.083,20812.12717
2000/1/3 4:31,37771.36667,1952936.833,20660.564
2000/1/3 4:32,27623.05,1584001.5,13405.572
2000/1/3 4:33,22860.08333,1260415.417,11284.74783
2000/1/3 4:34,21795.83333,1275362.25,10710.788
2000/1/3 4:35,20264.61667,1193998.417,9729.783333
2000/1/3 4:36,22926.33333,1303878.167,11528.07117
2000/1/3 4:37,20878.13333,1110969.167,10678.33033
2000/1/3 4:38,19823.08333,1034893.083,9954.768667
2000/1/3 4:39,16706.16667,883927.1667,8217.510667
2000/1/3 4:40,15538.08333,827651.6667,7748.432333
2000/1/3 4:41,15143.78333,857567.8333,7587.751
2000/1/3 4:42,13167.86667,713787.5,6796.6735
2000/1/3 4:43,29036.41667,1489230.833,13063.01167
2000/1/3 4:44,28968.41667,1518935,13044.94217
2000/1/3 4:45,32436.11667,1765653,14669.5585
2000/1/3 4:46,32987.08333,1778415.833,15115.32733
2000/1/3 4:47,28097.31667,1439486.667,12499.06917
2000/1/3 4:48,32094.41667,1662167.5,14807.488
2000/1/3 4:49,32780.4,1677046.25,14982.6515
2000/1/3 4:50,33199.68333,1709923.417,15219.3805
2000/1/3 4:51,41920.31667,2605962.917,17968.75867
2000/1/3 4:52,46965.46667,3077926.667,20409.569
2000/1/3 4:53,33872.63333,1813315.833,15851.696
2000/1/3 4:54,38918.05,2122800.833,18884.36833
2000/1/3 4:55,41978.35,2296416.667,20640.26117
2000/1/3 4:56,39043.05,2138681,18524.968
2000/1/3 4:57,37217.91667,1988040.583,17521.7465
2000/1/3 4:58,37269.81667,2042103.583,17567.94883
2000/1/3 4:59,38025.8,2108155.833,17776.4725
2000/1/3 5:00,42656.11667,2456633.333,19414.65833
2000/1/3 5:01,44922.68333,2623821.833,20062.03817
2000/1/3 5:02,55605.48333,3612869.667,23639.17533
2000/1/3 5:03,71374.73333,4356285,26127.12333
2000/1/3 5:04,67373.56667,4137107.5,24646.07183
2000/1/3 5:05,64819.63333,4824581.667,24971.081
2000/1/3 5:06,49383.53333,3374590,20053.43317
2000/1/3 5:07,33291.2,1782907,15181.84117
2000/1/3 5:08,38549.83333,2128662.917,17995.92133
2000/1/3 5:09,38168.7,2110321.75,17796.65067
2000/1/3 5:10,51250.25,3457311.25,21247.90633
2000/1/3 5:11,40082.01667,2482974.167,17249.63483
2000/1/3 5:12,30358.3,1587099.833,13634.64883
2000/1/3 5:13,33944.28333,1953914.167,14246.78133
2000/1/3 5:14,29288.28333,1511769.167,12935.70767
2000/1/3 5:15,28996.43333,1479321.083,12760.9935
2000/1/3 5:16,28656.6,1484173.833,12635.9905
2000/1/3 5:17,29618.95,1558302,13141.97683
2000/1/3 5:18,30659.66667,1591005,13527.75017
2000/1/3 5:19,30361.45,1603571.667,13404.91567
2000/1/3 5:20,31469.66667,1750941.833,13751.701
2000/1/3 5:21,31891.45,1756404.833,13839.74617
2000/1/3 5:22,43228.26667,2309878.667,20144.83133
2000/1/3 5:23,64234.96667,4384205.333,24240.2675
2000/1/3 5:24,62632.26667,4226572.333,23440.72367
2000/1/3 5:25,53275.75,3314185.75,21419.60167
2000/1/3 5:26,26963.68333,1348884.5,13740.21483
2000/1/3 5:27,49434.73333,2489036.917,27133.52967
2000/1/3 5:28,51915.2,2641768,27486.9045
2000/1/3 5:29,51636.88333,2645351.5,27284.46083
2000/1/3 5:30,68446.95,3847402.417,36349.5335
2000/1/3 5:31,65456.05,3576557.917,35287.48367
2000/1/3 5:32,58980.61667,3055294.167,32657.31
2000/1/3 5:33,54881.5,2841303.167,30394.78367
2000/1/3 5:34,54220.66667,2904023.333,29637.98067
2000/1/3 5:35,48137.3,2518978.333,25040.80417
2000/1/3 5:36,44597.78333,2277941.417,23538.61783
2000/1/3 5:37,40798.31667,2107503.333,21985.39767
2000/1/3 5:38,39917,2052378.333,21849.80817
2000/1/3 5:39,41487.73333,2121410.917,22849.72633
2000/1/3 5:40,50385.1,2684233.333,27354.29017
2000/1/3 5:41,61618.46667,3234227.5,33808.6375
2000/1/3 5:42,59078.35,3091055,32290.07783
2000/1/3 5:43,97977.8,4971565.833,47094.5015
2000/1/3 5:44,63542.13333,3222965.167,29869.27333
2000/1/3 5:45,39500.06667,1955440,20888.25467
2000/1/3 5:46,42168.26667,2076671.667,21511.10917
2000/1/3 5:47,58661.33333,2902773,30278.26617
2000/1/3 5:48,66261.33333,3315620.833,35039.57767
2000/1/3 5:49,67127.45,3411417.25,35362.01083
2000/1/3 5:50,63663.76667,3303803.333,33679.96833
2000/1/3 5:51,59122.21667,3096622.5,31314.38183
2000/1/3 5:52,58763.43333,3025488.75,30870.98817
2000/1/3 5:53,62417.5,3250087.667,31081.832
2000/1/3 5:54,56976.58333,2894246.667,28399.54833
2000/1/3 5:55,55881.8,2836843.333,27930.71567
2000/1/3 5:56,33136.9,1632873.333,15567.7555
2000/1/3 5:57,25732.46667,1258639.917,13163.562
2000/1/3 5:58,29110.16667,1440487.75,14654.8525
2000/1/3 5:59,33734.78333,1658865.833,16615.29867
2000/1/3 6:00,28552.46667,1429877.75,13943.27333
2000/1/3 6:01,73145.81667,5962766.833,27179.50417
2000/1/3 6:02,85328,6911468,32754.40517
2000/1/3 6:03,81137.15,6548395,31339.496
2000/1/3 6:04,80264.51667,6510698.917,31075.9345
2000/1/3 6:05,89858.98333,7290254.5,34106.705
2000/1/3 6:06,84707.73333,6866637.917,32451.02983
2000/1/3 6:07,62955.93333,4779808.5,25722.36833
2000/1/3 6:08,48642.78333,3092584,20464.78117
2000/1/3 6:09,32488.83333,1865406.083,15853.75633
2000/1/3 6:10,33714.41667,2132404.917,15856.866
2000/1/3 6:11,32930.36667,2039851.667,15954.8095
2000/1/3 6:12,31698.15,1963755,15612.39633
2000/1/3 6:13,31659.08333,1821821.417,15953.445
2000/1/3 6:14,34296.85,1942328.083,17562.134
2000/1/3 6:15,33006.28333,1877222.917,16873.20317
2000/1/3 6:16,30488.83333,1812320.833,16117.948
2000/1/3 6:17,30858.91667,1747917.833,16541.9035
2000/1/3 6:18,27366.1,1550184.167,14565.60717
2000/1/3 6:19,33081.41667,2112110.5,16180.33183
2000/1/3 6:20,31674.31667,1910714.333,15720.8285
2000/1/3 6:21,26382.83333,1477153.667,13654.8245
2000/1/3 6:22,28023.75,1692670.833,14646.79967
2000/1/3 6:23,26160.91667,1616677.917,13982.38417
2000/1/3 6:24,28565,1673946.667,14965.406
2000/1/3 6:25,38406.16667,2667627.333,18727.455
2000/1/3 6:26,37355.65,2599648.75,18243.10333
2000/1/3 6:27,40982.18333,2690722.5,20940.364
2000/1/3 6:28,71601.26667,4177530,37770.6845
2000/1/3 6:29,91988.56667,5186276.667,49535.927
2000/1/3 6:30,97332.81667,5418871.333,51862.18
2000/1/3 6:31,96354.51667,5463210.333,50674.66533
2000/1/3 6:32,99559.6,5599546.417,52307.05083
2000/1/3 6:33,95773.4,5350168.833,50043.99917
2000/1/3 6:34,137414.7833,9548350.5,65149.4495
2000/1/3 6:35,133965.7667,9283753.75,63970.098
2000/1/3 6:36,119387.9333,8047017.083,59002.32383
2000/1/3 6:37,126111.8,8788554.5,61539.46067
2000/1/3 6:38,122802.5833,8680062.667,59463.288
2000/1/3 6:39,117143.4,8221439.167,57206.01867
2000/1/3 6:40,112707.7,7910946.667,54966.87817
2000/1/3 6:41,110126.95,7770824.5,53511.86483
2000/1/3 6:42,102481.4667,7240252.667,49896.933
2000/1/3 6:43,84847.93333,5726495.5,42122.74633
2000/1/3 6:44,78924.16667,4650258.5,41758.84667
2000/1/3 6:45,79587.16667,4681882.667,41980.97917
2000/1/3 6:46,78132.23333,4652630.25,40807.98383
2000/1/3 6:47,76202.28333,4477665,40007.84767
2000/1/3 6:48,117618.8,8647452.5,54385.42517
2000/1/3 6:49,115205.95,8496966.833,53554.26283
2000/1/3 6:50,106303.3667,7994907.333,48787.55367
2000/1/3 6:51,120355.4167,9423430.333,53742.93617
2000/1/3 6:52,123393.9167,9618710.333,55940.247
2000/1/3 6:53,112698.1833,8526753.25,52552.313
2000/1/3 6:54,110173.4833,8377669.333,51322.00467
2000/1/3 6:55,102581.9667,8069344.083,46893.669
2000/1/3 6:56,105171.4667,8541771.167,46798.50083
2000/1/3 6:57,99516.26667,8071491.667,44750.4195
2000/1/3 6:58,92905.1,7621120.333,41155.2835
2000/1/3 6:59,89599.65,7362320.5,39160.13717
2000/1/3 7:00,90516.8,7409262.417,39395.90217
2000/1/3 7:01,92404.38333,7567662,39978.387
2000/1/3 7:02,95477.08333,8034859.417,40949.2785
2000/1/3 7:03,172433.5833,15775840.33,65222.62933
2000/1/3 7:04,169769.4167,15545374.67,64137.2075
2000/1/3 7:05,167374.7167,15461725.33,62706.7245
2000/1/3 7:06,171297.4167,15436488.67,66003.11583
2000/1/3 7:07,135644.5833,12063120,54355.2215
2000/1/3 7:08,103310.8333,8238671.333,47648.52267
2000/1/3 7:09,68783.18333,4684445,36996.99883
2000/1/3 7:10,67753.01667,4620019.583,36470.27383
2000/1/3 7:11,64751.25,4393270,34889.399
2000/1/3 7:12,63342.4,4235722.917,34102.29883
2000/1/3 7:13,68204.86667,4412780.333,36632.34083
2000/1/3 7:14,65088.06667,4245431.333,34339.28183
2000/1/3 7:15,63572.23333,4158710.333,33700.78617
2000/1/3 7:16,68472.01667,4359813.333,36424.47183
2000/1/3 7:17,67725.01667,4269873.333,36050.47917
2000/1/3 7:18,115808.75,9117399.167,50401.7835
2000/1/3 7:19,111489.4,8792837.25,48699.80367
2000/1/3 7:20,68978.7,4638576.667,35285.824
2000/1/3 7:21,71109.16667,4726363.333,36008.87417
2000/1/3 7:22,69825.83333,4566350.167,35398.56583
2000/1/3 7:23,71107.51667,4600697.5,37246.08483
2000/1/3 7:24,67943.8,4394041.667,35632.7225
2000/1/3 7:25,66510.26667,4282027.917,34947.99433
2000/1/3 7:26,67992.8,4376183.333,35493.96133
2000/1/3 7:27,69732.9,4445321.083,36348.67867
2000/1/3 7:28,70892.88333,4412145.667,36380.8775
2000/1/3 7:29,72114.7,4514853.333,37037.02067
2000/1/3 7:30,77765.45,4846908.333,40554.4115
2000/1/3 7:31,75609.18333,4739285.75,39420.01667
2000/1/3 7:32,71206.3,4470192.167,37093.10567
2000/1/3 7:33,71518.43333,4517337.583,37207.98333
2000/1/3 7:34,68620.98333,4305198.333,35842.93083
2000/1/3 7:35,65117.66667,4106730.917,33835.42683
2000/1/3 7:36,66798.01667,4179330.333,35131.30583
2000/1/3 7:37,61911.16667,3891220.833,33056.42317
2000/1/3 7:38,58242.91667,3709970,31307.44117
2000/1/3 7:39,55319.28333,3576999.667,29592.5965
2000/1/3 7:40,51808.56667,3368915,27402.145
2000/1/3 7:41,51902.23333,3323939.167,27585.784
2000/1/3 7:42,49332.8,3241037.75,26186.3025
2000/1/3 7:43,38912.83333,2802414.25,18851.80967
2000/1/3 7:44,79625.33333,6973670,30148.48
2000/1/3 7:45,63390.88333,5432581.333,25105.52033
2000/1/3 7:46,38258.86667,2728834.417,18498.67833
2000/1/3 7:47,40082.98333,2859909.667,19664.81133
2000/1/3 7:48,40694.23333,2802036.667,20074.21133
2000/1/3 7:49,39173.71667,2696873.333,18922.6935
2000/1/3 7:50,41928.58333,2835231.667,20905.91083
2000/1/3 7:51,85677.85,6239111.417,39186.1055
2000/1/3 7:52,74307.2,5851434.833,32536.717
2000/1/3 7:53,49589.7,3447483.833,24456.09583
2000/1/3 7:54,46893.73333,3091310.083,23586.53283
2000/1/3 7:55,49312.58333,3236887.75,24781.02933
2000/1/3 7:56,48839.5,3293232.917,24249.66717
2000/1/3 7:57,47833.38333,3242888.333,24000.81083
2000/1/3 7:58,51744.6,3689877.5,25431.7085
2000/1/3 7:59,41684.43333,2838159.167,21066.23667
2000/1/3 8:00,58613.26667,3633608.333,30567.29
2000/1/3 8:01,53268.73333,3131228.75,28648.78183
2000/1/3 8:02,56935.16667,3297297.833,30765.3235
2000/1/3 8:03,51139.4,2781853.167,28336.24167
2000/1/3 8:04,52118.88333,2851332.583,28701.63317
2000/1/3 8:05,45215.88333,2488564.417,25064.32367
2000/1/3 8:06,43075.61667,2364143.5,24120.0515
2000/1/3 8:07,50247.55,3112710.417,26750.51117
2000/1/3 8:08,48233.96667,3099640.667,24776.22567
2000/1/3 8:09,41836.66667,2791463.25,21171.11833
2000/1/3 8:10,44770.91667,2870627.667,21968.40317
2000/1/3 8:11,39942,2618155,20630.81833
2000/1/3 8:12,40056.3,2594903.833,20764.68667
2000/1/3 8:13,37834.4,2480064.5,19564.92517
2000/1/3 8:14,35379.6,2307109.167,17596.32333
2000/1/3 8:15,41768.56667,2833231.083,19655.68983
2000/1/3 8:16,45433.3,3173142.583,21125.85817
2000/1/3 8:17,42879.31667,3053689.083,20282.40617
2000/1/3 8:18,34738.05,2313827,17739.86417
2000/1/3 8:19,31924.76667,1978550.833,17163.577
2000/1/3 8:20,30370.23333,1778154.167,16799.01467
2000/1/3 8:21,66793.25,3543562.5,24290.575
2000/1/3 8:22,66555.38333,3527232.667,24187.61183
2000/1/3 8:23,70113.28333,3711725,25919.86817
2000/1/3 8:24,50717.73333,2682048.333,20074.456
2000/1/3 8:25,48702.66667,2633747.5,20205.86417
2000/1/3 8:26,48228.7,2598135.167,19951.4645
2000/1/3 8:27,41367.78333,2183511.667,18171.3965
2000/1/3 8:28,35094.26667,1849439.167,15980.11717
2000/1/3 8:29,33756.15,1795801.667,15301.1605
2000/1/3 8:30,30073.38333,1845364.833,14773.60633
2000/1/3 8:31,21687.26667,1192113.667,12067.84667
2000/1/3 8:32,23689.61667,1443601.167,13200.81467
2000/1/3 8:33,26422.06667,1598813.917,14625.986
2000/1/3 8:34,32854.36667,2183804.167,17122.92083
2000/1/3 8:35,30299.81667,1897140.167,16408.53067
2000/1/3 8:36,27754.81667,1716864.167,15189.58483
2000/1/3 8:37,25689.91667,1563060.833,14291.055
2000/1/3 8:38,23395.15,1275867.25,13184.67917
2000/1/3 8:39,49314.06667,3391958.5,24471.94433
2000/1/3 8:40,47470.7,3288829.167,23604.35733
2000/1/3 8:41,48081.26667,3516571.333,23600.3135
2000/1/3 8:42,51707.31667,3561770.583,25017.38383
2000/1/3 8:43,48353.65,3257147.5,23022.86217
2000/1/3 8:44,47333.06667,3216825.833,22464.27233
2000/1/3 8:45,43639.4,2542441.667,21862.79283
2000/1/3 8:46,42696.71667,2300543.667,22184.34
2000/1/3 8:47,38844.2,2059897.667,20287.64517
2000/1/3 8:48,44252.08333,2454929.417,23420.24433
2000/1/3 8:49,45199.83333,2692904.083,23235.05717
2000/1/3 8:50,41080.15,2392047.5,20792.78417
2000/1/3 8:51,36007.88333,2087869.167,18171.16933
2000/1/3 8:52,33493.16667,1955071.333,16944.22233
2000/1/3 8:53,35286.13333,2005990.667,18610.736
2000/1/3 8:54,33894,1913799.167,17937.98367
2000/1/3 8:55,36575.88333,2029389.167,18944.24833
2000/1/3 8:56,33850.1,1950595.833,17079.10867
2000/1/3 8:57,32171.5,1932209.167,15552.19733
2000/1/3 8:58,28690.3,1701852.5,14241.11783
2000/1/3 8:59,61289.88333,4961491,29960.28317
2000/1/3 9:00,86404,7010474.25,41567.329
2000/1/3 9:01,88563.38333,6949482.917,43507.78567
2000/1/3 9:02,92546.88333,6993819.167,45233.05233
2000/1/3 9:03,90039.26667,6911441.5,44016.19083
2000/1/3 9:04,102508.9333,7394601.667,49565.8855
2000/1/3 9:05,98584.8,6981852.5,49371.66433
2000/1/3 9:06,98992.85,6930370.833,49023.21533
2000/1/3 9:07,77599.13333,5585971.667,38911.55533
2000/1/3 9:08,71282.98333,5450022.083,34266.27333
2000/1/3 9:09,62070.13333,4540236.667,29480.94317
2000/1/3 9:10,53042.25,3714482.5,25574.99767
2000/1/3 9:11,59289,3859879.167,29569.8395
2000/1/3 9:12,56738.33333,3660375,28533.72417
2000/1/3 9:13,52052.45,3324849.167,26132.35217
2000/1/3 9:14,53565.9,3603990.833,25659.303
2000/1/3 9:15,50950,3362704.167,25141.5455
2000/1/3 9:16,39976.13333,2370219.25,20833.8775
2000/1/3 9:17,44774.66667,2681849.5,23414.98083
2000/1/3 9:18,42909.46667,2528480.417,22089.30017
2000/1/3 9:19,39130.5,2253296.833,20242.304
2000/1/3 9:20,37147.85,2155172.083,19088.279
2000/1/3 9:21,36129.68333,2053757.5,18575.63183
2000/1/3 9:22,41978.56667,2326340.5,22176.83
2000/1/3 9:23,40121.43333,2253417.917,20943.6765
2000/1/3 9:24,36815.53333,2062939,18709.41783
2000/1/3 9:25,38748.96667,2428690.083,20053.58333
2000/1/3 9:26,35388.71667,2195463.083,18124.23217
2000/1/3 9:27,36611.6,2242939,18625.76283
2000/1/3 9:28,34696.65,2054057.5,17879.85
2000/1/3 9:29,30625.78333,1753832.5,15693.85667
2000/1/3 9:30,40316.66667,2676920,18624.16283
2000/1/3 9:31,35200.06667,2290706.667,17058.54383
2000/1/3 9:32,30525.76667,1882878.167,15969.15833
2000/1/3 9:33,30895.45,1905437.5,15947.11217
2000/1/3 9:34,28920.06667,1729820,15005.655
2000/1/3 9:35,27687.25,1623984.25,14389.9845
2000/1/3 9:36,31726.88333,2040370.083,15517.38183
2000/1/3 9:37,47377.08333,3646304.167,20182.50083
2000/1/3 9:38,49002.78333,3580986.667,22643.469
2000/1/3 9:39,41071.11667,2871296.667,20324.03483
2000/1/3 9:40,38971.68333,2586100.917,19876.91433
2000/1/3 9:41,36496.75,2407336.667,18404.60167
2000/1/3 9:42,37167.85,2577166.667,18323.17833
2000/1/3 9:43,32779.26667,2297720,16556.72283
2000/1/3 9:44,32500.6,2319565,16675.38133
2000/1/3 9:45,31027.95,2216986.667,14987.82383
2000/1/3 9:46,33769.98333,2404075.833,15782.33567
2000/1/3 9:47,34691.51667,2506150.833,16059.78633
2000/1/3 9:48,29458.28333,2079245.833,14160.80017
2000/1/3 9:49,29225.86667,2096470,13859.6165
2000/1/3 9:50,26673.75,1925375.833,12819.39917
2000/1/3 9:51,25496.08333,1845468.833,12347.24683
2000/1/3 9:52,29848.7,2158738.333,14028.42833
2000/1/3 9:53,31339.75,2198246.667,15045.7475
2000/1/3 9:54,31347.71667,2033339.167,16934.46417
2000/1/3 9:55,33617.4,2046312.5,19431.604
2000/1/3 9:56,34787.23333,2199758.667,20137.02633
2000/1/3 9:57,34294.65,2172297.5,19869.043
2000/1/3 9:58,30522.11667,1882506.667,17790.10633
2000/1/3 9:59,28336.51667,1750645.833,16317.35867
2000/1/3 10:00,29013.15,2001723.083,15417.03833
2000/1/3 10:01,28693.2,1886057.417,15812.10867
2000/1/3 10:02,56998.58333,4436117.417,24726.00583
2000/1/3 10:03,54104.95,4158180,23945.46583
2000/1/3 10:04,28065.83333,1852957.333,15425.2195
2000/1/3 10:05,27691.46667,1803574.917,15453.0285
2000/1/3 10:06,33222.35,2457336.417,16241.285
2000/1/3 10:07,25184.25,1883046.667,11611.2965
2000/1/3 10:08,24319.98333,1841515,10993.35517
2000/1/3 10:09,22310.98333,1734554.167,10088.622
2000/1/3 10:10,18483.36667,1374160.167,9165.7615
2000/1/3 10:11,17020.21667,1208635.833,8703.935167
2000/1/3 10:12,16145.11667,1132859.167,8132.713333
2000/1/3 10:13,16221.26667,1151779.167,8067.512333
2000/1/3 10:14,18103.88333,1233653.333,8906.919667
2000/1/3 10:15,25028,1838587.5,10863.75333
2000/1/3 10:16,21983.75,1703883.333,10173.1365
2000/1/3 10:17,22139.33333,1805503.333,9698.771833
2000/1/3 10:18,17338.11667,1329134.667,8041.893
2000/1/3 10:19,14521.16667,1037647.5,7454.832333
2000/1/3 10:20,20698.35,1614819.833,9887.779167
2000/1/3 10:21,17039.61667,1219397.5,7981.134333
2000/1/3 10:22,28146.21667,2343766.667,11213.7195
2000/1/3 10:23,13197.83333,871161.3333,6698.5025
2000/1/3 10:24,13896.76667,913780.4167,6713.293167
2000/1/3 10:25,11752.23333,736948.3333,6012.013833
2000/1/3 10:26,13195.4,882020,6751.676667
2000/1/3 10:27,16801.36667,1033855.833,8370.394167
2000/1/3 10:28,16939.51667,1061680,8370.937333
2000/1/3 10:29,16976.3,1063675.833,8411.105167
2000/1/3 10:30,17076.31667,1045729.167,8299.693
2000/1/3 10:31,17370.98333,1021855.583,8527.154833
2000/1/3 10:32,16103.13333,942220,7970.625167
2000/1/3 10:33,14506.85,847275.6667,7268.334167
2000/1/3 10:34,14683.08333,880490.8333,7299.9375
2000/1/3 10:35,11713.83333,727158.3333,6110.112667
2000/1/3 10:36,12599.08333,829383.3333,6602.8395
2000/1/3 10:37,16970.05,1289750,7888.751167
2000/1/3 10:38,11878.31667,935006.5,6152.2785
2000/1/3 10:39,10905.45,840344.5833,5640.416833
2000/1/3 10:40,10330.4,800713.75,5428.381167
2000/1/3 10:41,9594.133333,736070.8333,5097.7395
2000/1/3 10:42,10560.71667,833134.1667,5328.874
2000/1/3 10:43,10032.78333,773531.6667,5202.894333
2000/1/3 10:44,21049.93333,1762721.667,8913.6055
2000/1/3 10:45,23569.18333,2081852.25,10970.98067
2000/1/3 10:46,16251.91667,1404330,8256.186833
2000/1/3 10:47,16348.65,1415160,8331.884
2000/1/3 10:48,16385.25,1418963.25,8328.5255
2000/1/3 10:49,15995.8,1352694.833,8045.039833
2000/1/3 10:50,10431.91667,718068.3333,5458.5245
2000/1/3 10:51,9483.416667,638603.1667,5053.344
2000/1/3 10:52,10570.68333,698758.6667,5433.986333
2000/1/3 10:53,9602.816667,586516.6667,5098.113167
2000/1/3 10:54,9711.116667,624205,5080.875333
2000/1/3 10:55,8707.933333,558804.6667,4588.582
2000/1/3 10:56,7963.316667,503782.8333,4243.239833
2000/1/3 10:57,32668.96667,2904987.5,12125.50083
2000/1/3 10:58,32475,2892220,12044.06933
2000/1/3 10:59,32187.28333,2870465.833,11949.24033
2000/1/3 11:00,32397.41667,2855238.333,12233.13283
2000/1/3 11:01,11260.56667,695857.4167,6038.1275
2000/1/3 11:02,14169.68333,839611.4167,6733.545667
2000/1/3 11:03,15865.8,1170573.333,7411.211167
2000/1/3 11:04,17939.11667,1323336.333,7438.046833
2000/1/3 11:05,19106.43333,1401102.333,7845.565167
2000/1/3 11:06,15507.08333,1034624.167,6751.882667
2000/1/3 11:07,27574.76667,2236167.5,10375.12333
2000/1/3 11:08,25373.51667,2027099.167,9958.705167
2000/1/3 11:09,19744.35,1485251.667,8347.250333
2000/1/3 11:10,18529.91667,1346433.083,8032.696
2000/1/3 11:11,23019.63333,1771308.333,9294.573167
2000/1/3 11:12,22785.43333,1699340,9198.403333
2000/1/3 11:13,21121.76667,1558187.5,8372.423833
2000/1/3 11:14,23690.71667,1726485.833,9747.438667
2000/1/3 11:15,25287.38333,1776170.833,10415.25267
2000/1/3 11:16,66511.46667,5974649.417,22192.1365
2000/1/3 11:17,61516.11667,5592786.667,20358.50817
2000/1/3 11:18,52295.18333,4450460.833,18110.5405
2000/1/3 11:19,38817.95,3006594.5,14815.20483
2000/1/3 11:20,128321.6833,11945801.5,41663.9205
2000/1/3 11:21,126703.1,11997557.83,41306.86233
2000/1/3 11:22,132849.2667,12663587,43591.87633
2000/1/3 11:23,36125.78333,3015048.333,14554.67083
2000/1/3 11:24,37077.8,3061177.5,14966.43
2000/1/3 11:25,38678.51667,3170412.083,15624.21683
2000/1/3 11:26,36605.7,2977143.333,14838.62883
2000/1/3 11:27,32237.18333,2508706.667,13509.7555
2000/1/3 11:28,30274.85,2349328.333,12542.81383
2000/1/3 11:29,25344.58333,1925715.833,10695.02367
2000/1/3 11:30,23165.95,1749795.667,9998.9155
2000/1/3 11:31,22324.71667,1687228.333,9825.869167
2000/1/3 11:32,16720.1,1191797.083,7812.6295
2000/1/3 11:33,28842.48333,2407162.083,11260.2945
2000/1/3 11:34,35330.26667,3068013.75,13225.1165
2000/1/3 11:35,20090.1,1581798.333,8581.127833
2000/1/3 11:36,15134.31667,1098044.583,6901.368167
2000/1/3 11:37,14811.78333,1070113.833,6825.444833
2000/1/3 11:38,14243.9,1051430.25,6663.8195
2000/1/3 11:39,17918.85,1228552.25,8904.951
2000/1/3 11:40,18139.45,1231336.667,8961.967833
2000/1/3 11:41,19162.18333,1299272.417,9329.874
2000/1/3 11:42,54189.91667,4693562,19513.23217
2000/1/3 11:43,62927.21667,5522116.667,21713.60717
2000/1/3 11:44,43139.25,3739998.333,16727.48333
2000/1/3 11:45,27188.03333,2160052.5,11678.76417
2000/1/3 11:46,23846.98333,1834221,11099.1605
2000/1/3 11:47,29913.95,2459992.333,13318.02817
2000/1/3 11:48,26334.36667,2123305.583,11971.263
2000/1/3 11:49,26486.65,2135876.667,11818.398
2000/1/3 11:50,31194,2627476.25,14197.57983
2000/1/3 11:51,30386.95,2551938.333,13976.70167
2000/1/3 11:52,28309.45,2274639.083,14049.62367
2000/1/3 11:53,34803.83333,2919579.917,16006.14383
2000/1/3 11:54,25396.36667,1977581.75,13033.05067
2000/1/3 11:55,38318.03333,3310547.833,16662.79767
2000/1/3 11:56,24084.31667,1814370,12432.76667
2000/1/3 11:57,26636.2,1955477.5,13928.6765
2000/1/3 11:58,25616.03333,1874092.5,13455.74667
2000/1/3 11:59,26589.55,1953786.5,13599.432
2000/1/3 12:00,26026.93333,1880633.333,13489.29567
2000/1/3 12:01,33552.48333,2479519,15184.4585
2000/1/3 12:02,121294.7667,11548087.5,40842.30517
2000/1/3 12:03,132318.5833,12846902.5,43791.68517
2000/1/3 12:04,124737.7333,12069969.17,41404.7495
2000/1/3 12:05,119477.5,11544045,40037.824
2000/1/3 12:06,119424.95,11532616.42,40090.19383
2000/1/3 12:07,119270.9,11522449.5,40000.46183
2000/1/3 12:08,118810.9333,11479764.5,39876.68417
2000/1/3 12:09,116776.2333,11269925,38670.69667
2000/1/3 12:10,114888.45,11073068.17,37703.97133
2000/1/3 12:11,115159,11130637.83,37732.07133
2000/1/3 12:12,115660.3333,11091643.58,38045.2245
2000/1/3 12:13,112797.2,10947136.67,36897.34867
2000/1/3 12:14,115946.85,11336976.67,37613.24933
2000/1/3 12:15,115037.15,11291379.67,37429.16333
2000/1/3 12:16,114064.1667,11104965.08,36985.23183
2000/1/3 12:17,84139.85,8093470.167,28265.21183
2000/1/3 12:18,21046.95,2286347.5,13234.81983
2000/1/3 12:19,17593.18333,1852968.333,12389.28917
2000/1/3 12:20,14435.66667,1446677.333,10396.9085
2000/1/3 12:21,13038.9,1159648.5,6873.241
2000/1/3 12:22,13617.68333,1165074.333,7067.9385
2000/1/3 12:23,13361.51667,1136129,6961.261833
2000/1/3 12:24,18170.43333,1626665.583,8323.908
2000/1/3 12:25,28478.78333,2590214.5,14543.20317
2000/1/3 12:26,28718.33333,2599700.333,14555.26017
2000/1/3 12:27,38000.43333,3578350.833,19139.9535
2000/1/3 12:28,30737.96667,2831397.083,14826.118
2000/1/3 12:29,24360.81667,2228730.417,12503.002
2000/1/3 12:30,24924.91667,2279019.917,12402.7395
2000/1/3 12:31,13228,1116545,6925.5985
2000/1/3 12:32,20242.98333,1371723.583,10758.5095
2000/1/3 12:33,18635.55,1267720,10079.8215
2000/1/3 12:34,22802.21667,1751633.667,11129.4375
2000/1/3 12:35,22016.75,1708848.833,10780.25383
2000/1/3 12:36,22793.58333,1735136.667,11161.64767
2000/1/3 12:37,26223.91667,2016150,12375.66383
2000/1/3 12:38,29146.01667,2284814.333,14147.36233
2000/1/3 12:39,25861.73333,1948657.083,12527.7145
2000/1/3 12:40,30085.05,2421492.5,13386.02483
2000/1/3 12:41,28401.9,2307190.833,12944.8005
2000/1/3 12:42,45879.91667,2925600.833,16714.82833
2000/1/3 12:43,34460.81667,2213626.667,13802.032
2000/1/3 12:44,21703.66667,1610159.917,11236.56033
2000/1/3 12:45,18935.76667,1424815.5,10163.67033
2000/1/3 12:46,18236.8,1357448.25,9877.916667
2000/1/3 12:47,16148.71667,1233953.167,8734.677167
2000/1/3 12:48,13614.8,1121372.167,6902.213167
2000/1/3 12:49,15330.3,1297013.333,7695.442667
2000/1/3 12:50,15652.63333,1303075.167,7700.4515
2000/1/3 12:51,15379.65,1286880.833,7587.469833
2000/1/3 12:52,14840.3,1246840.833,7351.188333
2000/1/3 12:53,14097.33333,1075885,6682.063167
2000/1/3 12:54,13933.16667,1055680.833,6598.633833
2000/1/3 12:55,14427.9,1082880.75,6779.8185
2000/1/3 12:56,14980.98333,1103540.167,7118.0245
2000/1/3 12:57,16738.48333,1191587.5,7966.387
2000/1/3 12:58,31885.68333,2720026.25,14483.7195
2000/1/3 12:59,33753,2903463.333,15114.84317
2000/1/3 13:00,37046.71667,2978291.25,15362.44633
2000/1/3 13:01,34006.11667,2871699.25,14807.52183
2000/1/3 13:02,31405.61667,2718604.167,14190.74783
2000/1/3 13:03,29949.66667,2572765.833,13610.54383
2000/1/3 13:04,28986.03333,2501301.667,13037.61233
2000/1/3 13:05,29382.13333,2523387.917,13234.201
2000/1/3 13:06,28453.85,2461903.583,12791.27217
2000/1/3 13:07,28336.26667,2468023.917,12684.72617
2000/1/3 13:08,24982.25,2078314.167,11864.2955
2000/1/3 13:09,15501.45,1136259.167,7596.128333
2000/1/3 13:10,13418.58333,905810,6581.917167
2000/1/3 13:11,113602.65,10879617.25,36731.24383
2000/1/3 13:12,210536.6333,20610498.33,65688.62833
2000/1/3 13:13,296824.2333,29263399.25,91695.30433
2000/1/3 13:14,299995.2333,29402769.33,92953.8555
2000/1/3 13:15,299245.85,29404608.92,92608.2675
2000/1/3 13:16,302209.15,29631163.75,93886.99633
2000/1/3 13:17,238769.7,23299804.08,75423.746
2000/1/3 13:18,233083.4,22720408.75,75476.3035
2000/1/3 13:19,155751.8,14971668.67,53211.42533
2000/1/3 13:20,137582.3167,13168723.42,47658.016
2000/1/3 13:21,136248.5333,13053811.67,47214.85117
2000/1/3 13:22,134538.15,13042129.58,46719.19933
2000/1/3 13:23,134972.4667,13090596.67,46728.97267
2000/1/3 13:24,118872.8667,11494651.25,40317.89217
2000/1/3 13:25,116247.4667,11297290.83,38860.27533
2000/1/3 13:26,112984.25,11005632.5,37197.84017
2000/1/3 13:27,110131.25,10727046.33,35781.82567
2000/1/3 13:28,118493.2333,11567284,39846.67267
2000/1/3 13:29,119204.4667,11640550.5,39245.64783
2000/1/3 13:30,111588.2833,10816592.5,36556.35733
2000/1/3 13:31,109746.0167,10716202.5,35547.00067
2000/1/3 13:32,113827.0833,11139419.42,36674.69633
2000/1/3 13:33,109887.3833,10717894.17,35361.33783
2000/1/3 13:34,108531.1,10487618.58,34490.30517
2000/1/3 13:35,109137.25,10525499.58,34877.63317
2000/1/3 13:36,57260.75,5361970.25,19767.70967
2000/1/3 13:37,16786.91667,1156455.417,7906.420833
2000/1/3 13:38,23967.16667,2032278.667,9804.199833
2000/1/3 13:39,24299.41667,2047488.75,9901.5795
2000/1/3 13:40,17080.2,1330390.833,7964.183
2000/1/3 13:41,16074.25,1218948.75,7703.9495
2000/1/3 13:42,18296.31667,1467346.667,8257.4205
2000/1/3 13:43,14894.2,1065417.5,6784.164
2000/1/3 13:44,14036.15,1026255.833,6650.6885
2000/1/3 13:45,19284.91667,1402996.167,9062.588667
2000/1/3 13:46,22698.9,1750467.083,9705.980667
2000/1/3 13:47,14904.96667,1001538.583,7061.798167
2000/1/3 13:48,16583.55,1150912.833,7427.160667
2000/1/3 13:49,16334.13333,1115868.667,7323.542
2000/1/3 13:50,15587.31667,1000645.75,7062.721333
2000/1/3 13:51,14923.41667,953467.0833,6884.058167
2000/1/3 13:52,15375.88333,1001755.5,6934.014833
2000/1/3 13:53,15314.98333,994924.25,6630.030167
2000/1/3 13:54,17699.3,1233817.5,7419.665333
2000/1/3 13:55,21128.86667,1596254.583,8338.3035
2000/1/3 13:56,20382.01667,1528157.917,8077.751833
2000/1/3 13:57,19544.71667,1479411.333,7735.781
2000/1/3 13:58,17136.25,1256532.333,7121.6745
2000/1/3 13:59,17918.71667,1363227.5,7451.156833
2000/1/3 14:00,13876.2,966530.8333,6110.996
2000/1/3 14:01,16352.95,1214201.417,7013.4895
2000/1/3 14:02,16192.98333,1203433.25,6543.436667
2000/1/3 14:03,14841.21667,1053165.083,5872.370667
2000/1/3 14:04,14705.6,1030458.5,6087.757167
2000/1/3 14:05,17163.13333,1186295.333,7042.316167
2000/1/3 14:06,31249.41667,2189106.5,12175.3775
2000/1/3 14:07,27884.28333,1885295.833,10931.83067
2000/1/3 14:08,25293.75,1665812.5,10119.5805
2000/1/3 14:09,20523.73333,1263902.5,8230.660167
2000/1/3 14:10,21624.46667,1447413.167,8914.8435
2000/1/3 14:11,23596.21667,1662669.333,9473.075333
2000/1/3 14:12,35520.96667,2856179.167,13008.5605
2000/1/3 14:13,34559.73333,2634260,12498.0345
2000/1/3 14:14,27420.56667,1956129.167,10445.509
2000/1/3 14:15,21975.91667,1539417.5,8884.870167
2000/1/3 14:16,48571.16667,4204104.167,18962.028
2000/1/3 14:17,56457.76667,4989475.417,21306.83
2000/1/3 14:18,54757.98333,4820508.917,20656.20433
2000/1/3 14:19,50316.58333,4377061.25,18738.62567
2000/1/3 14:20,48211.33333,4165968.333,17785.25483
2000/1/3 14:21,41430.53333,3524258.333,15566.6465
2000/1/3 14:22,44799.28333,3825114.667,16777.60683
2000/1/3 14:23,42505.56667,3578676.667,15970.51967
2000/1/3 14:24,42200.5,3553538.75,16158.09867
2000/1/3 14:25,70872.33333,6381012.667,24577.94933
2000/1/3 14:26,79181.11667,6912601,28513.676
2000/1/3 14:27,95697.85,8642322.083,33384.68917
2000/1/3 14:28,82283.55,7403355.417,29065.01417
2000/1/3 14:29,41426.93333,3377247.917,16206.61133
2000/1/3 14:30,41523.63333,3373850.833,16200.493
2000/1/3 14:31,39606.55,3264213.75,15229.5335
2000/1/3 14:32,47018.11667,3993712.583,17584.785
2000/1/3 14:33,44070.48333,3687612,16529.41667
2000/1/3 14:34,39001.71667,3184952.917,14937.42533
2000/1/3 14:35,29701.38333,2184085.833,12453.91433
2000/1/3 14:36,20311.91667,1465111.667,9113.297667
2000/1/3 14:37,19116.41667,1414514.917,8716.492667
2000/1/3 14:38,22175.28333,1721941.917,10231.083
2000/1/3 14:39,19351.36667,1458968.333,8827.891667
2000/1/3 14:40,19489.58333,1449007.917,8766.354333
2000/1/3 14:41,18921.7,1424312.917,8669.7865
2000/1/3 14:42,19493.6,1486550,9061.693833
2000/1/3 14:43,18117.28333,1352204.167,8323.784
2000/1/3 14:44,25844.66667,2127265.833,10577.02233
2000/1/3 14:45,20531.26667,1559164,9312.902667
2000/1/3 14:46,19240.8,1429800.583,8942.3625
2000/1/3 14:47,19519.46667,1457969.167,9100.928167
2000/1/3 14:48,17569.15,1305162.333,8003.116667
2000/1/3 14:49,19305.06667,1392166.667,9012.9465
2000/1/3 14:50,26591.6,2004154.25,11897.24817
2000/1/3 14:51,26206.96667,1939840,12040.78083
2000/1/3 14:52,24635.21667,1766051,11490.81467
2000/1/3 14:53,32276.6,2049377,16274.078
2000/1/3 14:54,30400.75,1807901.25,15320.979
2000/1/3 14:55,26674.6,1527746.333,13913.83817
2000/1/3 14:56,24214.38333,1380049.167,12382.5785
2000/1/3 14:57,27476.61667,1515802.917,14215.2085
2000/1/3 14:58,25088.33333,1332766.75,13404.26367
2000/1/3 14:59,24410.58333,1313325.25,13032.29083
2000/1/3 15:00,33280.66667,2272541.417,14897.5975
2000/1/3 15:01,53707.31667,4349236.833,20962.87583
2000/1/3 15:02,81252.8,7485425.417,34517.78583
2000/1/3 15:03,136573.7167,12853414.17,51315.50117
2000/1/3 15:04,132233.0333,12495392.5,49951.53167
2000/1/3 15:05,130031.6833,12329358,49614.01817
2000/1/3 15:06,131525.1167,12407667.5,50314.86233
2000/1/3 15:07,193319.2333,18597812.83,68858.96083
2000/1/3 15:08,175824.1667,16884715.17,63402.48717
2000/1/3 15:09,189985.7,18485253.83,68155.73967
2000/1/3 15:10,162405.2167,15779495.83,60268.716
2000/1/3 15:11,126090.9,12167595,48900.9115
2000/1/3 15:12,123951.0167,11996412.25,47779.66017
2000/1/3 15:13,129201.8333,12521318.67,49689.92217
2000/1/3 15:14,119921.6667,11410495,47389.79717
2000/1/3 15:15,116769.0833,11092375.83,50261.27917
2000/1/3 15:16,92123.41667,8715373.75,42685.98217
2000/1/3 15:17,80290.21667,7504478.5,39213.01167
2000/1/3 15:18,76649.61667,7180543.75,37785.113
2000/1/3 15:19,73200.25,6900623.333,36582.8315
2000/1/3 15:20,60674.98333,5643153.75,32786.55833
2000/1/3 15:21,55784.95,5084835.583,30893.15317
2000/1/3 15:22,44811.78333,4023010.25,26474.00583
2000/1/3 15:23,40147.85,3549516.25,24286.395
2000/1/3 15:24,39941.78333,3370190.25,22127.48933
2000/1/3 15:25,25046.15,1686501,14213.694
2000/1/3 15:26,22480.28333,1308529.167,10598.824
2000/1/3 15:27,19355.28333,1062977.5,9183.9715
2000/1/3 15:28,20550.01667,1111008.75,9806.790667
2000/1/3 15:29,19352.95,1058004.167,9169.514833
2000/1/3 15:30,20506.46667,1179032.5,9654.706
2000/1/3 15:31,28637.63333,1561527,15145.9835
2000/1/3 15:32,31127.98333,1837402.5,15737.72033
2000/1/3 15:33,28310.41667,1571795.833,14815.26317
2000/1/3 15:34,27878.96667,1566768.333,14904.0725
2000/1/3 15:35,27728.08333,1562112.5,14801.30717
2000/1/3 15:36,27085.25,1530741.667,14345.7645
2000/1/3 15:37,27834.41667,1562133.333,14615.76483
2000/1/3 15:38,25880.6,1394519.583,13717.66967
2000/1/3 15:39,53617.85,4214562.833,27111.86383
2000/1/3 15:40,39912.01667,2854729,20436.22117
2000/1/3 15:41,24305.13333,1319174.167,12767.14083
2000/1/3 15:42,23598.65,1270948.333,12427.36783
2000/1/3 15:43,24564.63333,1383704.167,13375.59967
2000/1/3 15:44,24629.46667,1420521.667,13152.60117
2000/1/3 15:45,28684.76667,1849723.667,15037.42017
2000/1/3 15:46,50591.41667,3998560.583,21974.1735
2000/1/3 15:47,71548.7,6097750.417,27973.46617
2000/1/3 15:48,70307.15,5972486,27822.777
2000/1/3 15:49,56354.26667,4574591,23735.08383
2000/1/3 15:50,57293.73333,4666267.083,24419.54983
2000/1/3 15:51,54698.4,4400464.167,23378.20067
2000/1/3 15:52,54295.05,4380125.833,23181.42483
2000/1/3 15:53,53589.01667,4316345,22848.28167
2000/1/3 15:54,63064.81667,5245372.083,25682.14717
2000/1/3 15:55,54617.88333,4400749.167,23153.96217
2000/1/3 15:56,32748.9,2216504.167,16621.46117
2000/1/3 15:57,33657.9,2334090.417,16463.93417
2000/1/3 15:58,29365.86667,2047968.333,14998.64983
2000/1/3 15:59,28332.1,1958965.833,14627.86217
2000/1/3 16:00,40174,3135238.417,18536.78083
2000/1/3 16:01,39834.1,3022186.75,18937.1875
2000/1/3 16:02,36600.83333,2698414.417,17908.487
2000/1/3 16:03,32082.8,2253849.75,16407.773
2000/1/3 16:04,30948.98333,2211577.917,15549.52933
2000/1/3 16:05,28242.68333,1970260.917,14078.81133
2000/1/3 16:06,24982.25,1717283.667,12985.58217
2000/1/3 16:07,27587.55,1834639.583,13636.0875
2000/1/3 16:08,23124.43333,1549341.083,11959.63167
2000/1/3 16:09,22065.63333,1482266.833,11473.75983
2000/1/3 16:10,34164.08333,2726411.083,15075.3085
2000/1/3 16:11,37445.76667,2941334.5,16912.08233
2000/1/3 16:12,25301.93333,1714430.417,13061.596
2000/1/3 16:13,20888.2,1351972.5,10945.73083
2000/1/3 16:14,19625.86667,1205528.75,10247.9845
2000/1/3 16:15,19078.21667,1158316.75,9891.1645
2000/1/3 16:16,19240.75,1076299.333,8875.574167
2000/1/3 16:17,17769.71667,997184.6667,8375.801333
2000/1/3 16:18,18140.8,1032298.833,8532.376
2000/1/3 16:19,15355.58333,951859.9167,7843.678833
2000/1/3 16:20,16021.38333,1041117.667,8218.666667
2000/1/3 16:21,14937.15,939836.5,7571.2625
2000/1/3 16:22,15190.11667,957498.0833,7647.281833
2000/1/3 16:23,14933.73333,930742.25,7435.185167
2000/1/3 16:24,16745.38333,998034.5833,8015.999167
2000/1/3 16:25,37037.31667,2992122.667,14194.62433
2000/1/3 16:26,40237.21667,3338456.667,15229.32567
2000/1/3 16:27,39794.46667,3360691.5,15273.64967
2000/1/3 16:28,31173.83333,2603966.75,11908.09
2000/1/3 16:29,26847.8,2149100.917,10442.33217
2000/1/3 16:30,25249.3,1999815.917,9989.98
2000/1/3 16:31,23940.23333,1886471.083,9760.864833
2000/1/3 16:32,25526.33333,2026197.833,10510.4775
2000/1/3 16:33,26626.73333,2119355.25,11076.3455
2000/1/3 16:34,25899.15,2056184.917,10757.26917
2000/1/3 16:35,25310.16667,2010120.917,10297.65617
2000/1/3 16:36,24709.01667,1961991.083,10009.98067
2000/1/3 16:37,25651.5,2049628.833,10624.517
2000/1/3 16:38,21982.63333,1701744.833,9675.278333
2000/1/3 16:39,26363.71667,2149009,10611.81033
2000/1/3 16:40,20648.41667,1524834.583,9192.483667
2000/1/3 16:41,17674.28333,1428704.917,8464.105833
2000/1/3 16:42,15671.58333,1266586.5,7339.3555
2000/1/3 16:43,14282.23333,1157584.333,6883.914333
2000/1/3 16:44,34627.7,3187646.083,12978.17933
2000/1/3 16:45,23545.28333,2018216.333,9905.108333
2000/1/3 16:46,12657.41667,955205.8333,6440.487167
2000/1/3 16:47,14476.45,1011502.083,6963.1595
2000/1/3 16:48,25313.61667,2110272.667,10245.03383
2000/1/3 16:49,25078.75,2079498.75,10167.33433
2000/1/3 16:50,20092.71667,1574385.167,8593.490833
2000/1/3 16:51,13665.66667,941558.5833,6468.622667
2000/1/3 16:52,25558.06667,1563225.833,13747.58017
2000/1/3 16:53,25763.21667,1593904,13989.37867
2000/1/3 16:54,24473.13333,1522736.833,13301.8215
2000/1/3 16:55,11702.31667,774150.4167,6167.215333
2000/1/3 16:56,11863.35,807102.0833,6093.996333
2000/1/3 16:57,20445.11667,1666636.75,8706.6475
2000/1/3 16:58,21418.18333,1768301.833,9012.505833
2000/1/3 16:59,21810.43333,1811156.583,8945.628167
2000/1/3 17:00,13969.55,1003773,6704.467667
2000/1/3 17:01,151756.4333,14609458.92,50511.68283
2000/1/3 17:02,156650.0167,15167551.5,52040.95783
2000/1/3 17:03,115895.9667,11170598.33,40995.29533
2000/1/3 17:04,53724.73333,4984048.75,22904.16967
2000/1/3 17:05,53903.23333,5014341.25,23106.30583
2000/1/3 17:06,80323.95,7662054.583,30682.419
2000/1/3 17:07,63822.05,6011985,24457.85033
2000/1/3 17:08,38177.23333,3447794.167,16204.80133
2000/1/3 17:09,22601.4,1889568.75,10636.652
2000/1/3 17:10,20378.06667,1667845.417,9718.7
2000/1/3 17:11,20452.05,1656959.167,8997.792667
2000/1/3 17:12,27780.05,2401997.417,11122.115
2000/1/3 17:13,22247.68333,1848293,9041.490167
2000/1/3 17:14,22349.23333,1802698.917,8711.487667
2000/1/3 17:15,43317.03333,3707908.833,16420.3475
2000/1/3 17:16,28452.45,2192878.833,11916.71133
2000/1/3 17:17,22049.96667,1614046.333,10232.62967
2000/1/3 17:18,18003.55,1286264,8957.520333
2000/1/3 17:19,16746.13333,1296030.417,8617.1075
2000/1/3 17:20,15468.78333,1281658.167,7855.733833
2000/1/3 17:21,17595.35,1461703.167,8878.480833
2000/1/3 17:22,16948.91667,1396894.083,8829.295833
2000/1/3 17:23,18422.43333,1551552.75,9094.24
2000/1/3 17:24,18612.2,1526170.333,9577.902
2000/1/3 17:25,18062.53333,1490259.75,9376.047167
2000/1/3 17:26,15519.86667,1265476.833,8052.095167
2000/1/3 17:27,14968.8,1148978,7487.745667
2000/1/3 17:28,23767.53333,2090384.917,9888.047833
2000/1/3 17:29,19879.91667,1708494.833,8493.861167
2000/1/3 17:30,16344.03333,1313723.917,8096.800167
2000/1/3 17:31,14765.23333,1154954.083,7616.58
2000/1/3 17:32,15282.41667,1241806.833,7746.046
2000/1/3 17:33,15853.46667,1225243.75,7954.1395
2000/1/3 17:34,18598.88333,1434737,8871.003167
2000/1/3 17:35,25162.93333,2102743,10645.84617
2000/1/3 17:36,20933.66667,1662630.667,9681.384167
2000/1/3 17:37,15687.91667,1171006.917,7353.883667
2000/1/3 17:38,29614.41667,2655299,13046.70367
2000/1/3 17:39,28510.13333,2590084.25,12669.83883
2000/1/3 17:40,51489.93333,4479149.333,21842.00683
2000/1/3 17:41,59565.68333,5353719.417,23985.07217
2000/1/3 17:42,49477.18333,4479579.167,19983.59167
2000/1/3 17:43,33587.38333,3052257.5,14821.92017
2000/1/3 17:44,43222.3,4088076.833,17513.60567
2000/1/3 17:45,50624.08333,4173481.417,23726.96067
2000/1/3 17:46,42582.58333,3392419.833,20574.139
2000/1/3 17:47,34313.56667,2860094.917,16108.70017
2000/1/3 17:48,25734.65,2446541.833,11640.67183
2000/1/3 17:49,25633.71667,2445193.583,11570.67033
2000/1/3 17:50,25823.65,2469782,11766.352
2000/1/3 17:51,32204,2851768.583,14444.14817
2000/1/3 17:52,33822.25,2998881.25,15350.36317
2000/1/3 17:53,37211.86667,3354560.25,15758.73533
2000/1/3 17:54,33232.5,2998153.417,14489.0455
2000/1/3 17:55,31701.15,2799357.25,14059.9875
2000/1/3 17:56,30492.16667,2692116.667,13636.714
2000/1/3 17:57,31576.3,2739822.583,14069.29467
2000/1/3 17:58,30660.08333,2675337.667,13616.70983
2000/1/3 17:59,43880.2,4005698.25,18657.837
2000/1/3 18:00,35780.28333,3214804.417,15028.22067
2000/1/3 18:01,29905.35,2632264.417,12595.34817
2000/1/3 18:02,28410.2,2494772.833,12291.45033
2000/1/3 18:03,32428.05,2895219.667,13421.27167
2000/1/3 18:04,30130.41667,2699372.917,12926.5635
2000/1/3 18:05,29026.48333,2611790.917,12469.16133
2000/1/3 18:06,30310.1,2748867.917,13097.5355
2000/1/3 18:07,34481.88333,3080328.583,15427.44933
2000/1/3 18:08,22115.28333,1839397.25,10482.95567
2000/1/3 18:09,21184.16667,1607591.417,9860.401667
2000/1/3 18:10,21298.28333,1554071.5,9399.936167
2000/1/3 18:11,21409.41667,1723900.083,9586.903333
2000/1/3 18:12,19347.7,1537465.333,8682.443833
2000/1/3 18:13,19539.1,1564399.75,9024.339333
2000/1/3 18:14,23099.95,1864272.5,10867.17783
2000/1/3 18:15,41251.7,3699147.583,20500.64217
2000/1/3 18:16,34895.18333,2964914,17870.40533
2000/1/3 18:17,29807.38333,2642322.5,18147.24517
2000/1/3 18:18,27829.68333,2502374.167,14849.40133
2000/1/3 18:19,20703.35,1666699.75,8652.884
2000/1/3 18:20,17821.16667,1433056.5,7398.043167
2000/1/3 18:21,19773.35,1627786.667,8926.438667
2000/1/3 18:22,17188.28333,1362854,7957.697
2000/1/3 18:23,13354.13333,1020815,5839.358833
2000/1/3 18:24,14815.18333,1157573.333,6598.262
2000/1/3 18:25,19335.38333,1830659.083,11771.84183
2000/1/3 18:26,18924.25,1725452.25,11821.92033
2000/1/3 18:27,15404.48333,1300804.333,9530.479167
2000/1/3 18:28,11784.66667,846920.4167,5475.5335
2000/1/3 18:29,12228.1,886807.5,5248.411667
2000/1/3 18:30,11390.83333,800065.5,5063.179167
2000/1/3 18:31,9829.116667,658731.5833,4730.424833
2000/1/3 18:32,11597.3,792617.9167,5017.531333
2000/1/3 18:33,13693.13333,752511.3333,5871.255333
2000/1/3 18:34,9322.7,516123.5,4260.198667
2000/1/3 18:35,9902.366667,583904.8333,4495.907667
2000/1/3 18:36,8517.466667,443620,4104.977167
2000/1/3 18:37,10500.75,637393.3333,4530.836667
2000/1/3 18:38,9731.6,560930,4306.685167
2000/1/3 18:39,23570.96667,1936655,8824.231333
2000/1/3 18:40,22953.68333,1878472.333,8511.614333
2000/1/3 18:41,13121.38333,786363.6667,6128.324833
2000/1/3 18:42,17318.38333,1305907.25,7533.171667
2000/1/3 18:43,18864.58333,1387682.333,7942.8235
2000/1/3 18:44,13448.88333,836310.6667,6217.0255
2000/1/3 18:45,10657.01667,566455.5,4989.6655
2000/1/3 18:46,10429.51667,575089.0833,4780.907
2000/1/3 18:47,10146.63333,548223.75,4710.794167
2000/1/3 18:48,10595.58333,595572.5,4723.943833
2000/1/3 18:49,9823.766667,518196.6667,4601.438333
2000/1/3 18:50,17715.9,1135146.583,8164.337667
2000/1/3 18:51,15878.01667,956913.1667,7402.594333
2000/1/3 18:52,14678.8,821339.0833,6773.289833
2000/1/3 18:53,17049.76667,1190732.25,7365.127667
2000/1/3 18:54,15280.51667,972015.0833,6473.757
2000/1/3 18:55,12920.41667,780354,5374.384
2000/1/3 18:56,14361.18333,919121.8333,6052.813
2000/1/3 18:57,12768.81667,778238.6667,5812.343667
2000/1/3 18:58,11263.63333,623912.4167,5102.784167
2000/1/3 18:59,10641.06667,571504.9167,4958.797
2000/1/3 19:00,9970.066667,524318.9167,4827.001
2000/1/3 19:01,19825.4,1511816.083,7608.1375
2000/1/3 19:02,14668.08333,1007462.667,6095.029667
2000/1/3 19:03,14455.35,927202.3333,7216.031667
2000/1/3 19:04,16081.16667,1042745.75,8090.4905
2000/1/3 19:05,17428.86667,1160339.167,8384.7455
2000/1/3 19:06,15005.6,939341.9167,7096.881167
2000/1/3 19:07,11892.95,624552.5,5703.981333
2000/1/3 19:08,11533.28333,644458.25,5180.082667
2000/1/3 19:09,10045.13333,528758.6667,4696.2315
2000/1/3 19:10,11594,700457,5324.814167
2000/1/3 19:11,12794.66667,803472.25,5915.131333
2000/1/3 19:12,11637.98333,705411.5,5408.726833
2000/1/3 19:13,12942.58333,758743.8333,5317.154667
2000/1/3 19:14,17099.38333,892425.1667,7826.337667
2000/1/3 19:15,14761.3,752956.4167,7327.5705
2000/1/3 19:16,15682.68333,791131.25,7686
2000/1/3 19:17,10424.3,531092.8333,5079.445
2000/1/3 19:18,8745.433333,454359.4167,4281.4965
2000/1/3 19:19,8634.7,455706.75,4244.135833
2000/1/3 19:20,11589.61667,600790.8333,6034.985833
2000/1/3 19:21,12521.36667,658331.5,6352.904667
2000/1/3 19:22,11516.75,589758.9167,5962.4985
2000/1/3 19:23,11738.4,603734.9167,6094.454667
2000/1/3 19:24,12141.68333,623408.5,6248.9525
2000/1/3 19:25,12865.9,657517.5,6536.46
2000/1/3 19:26,21197.53333,1351897.083,9398.0605
2000/1/3 19:27,24362.53333,1603836.333,9785.573167
2000/1/3 19:28,20045.13333,1212962.083,8376.354167
2000/1/3 19:29,16337.6,878459.8333,7205.574667
2000/1/3 19:30,13742.71667,718031.9167,6682.289667
2000/1/3 19:31,12014.8,616054.6667,6162.8005
2000/1/3 19:32,12591.65,700002.5833,6596.972
2000/1/3 19:33,12813.05,733712.4167,6683.792167
2000/1/3 19:34,12742.9,696898.0833,6611.926333
2000/1/3 19:35,11941.96667,631240.0833,6121.531
2000/1/3 19:36,27579.35,2220148.583,10816.94467
2000/1/3 19:37,28258.4,2236476,11117.26967
2000/1/3 19:38,13192.38333,862175.25,6029.391
2000/1/3 19:39,8808.666667,466955.1667,4397.566167
2000/1/3 19:40,7861.8,405019.1667,3988.335333
2000/1/3 19:41,7811.533333,403892.9167,3965.575833
2000/1/3 19:42,7468.966667,384223.1667,3806.640833
2000/1/3 19:43,7174.85,368853.3333,3702.858
2000/1/3 19:44,7013.316667,354276.6667,3634.154167
2000/1/3 19:45,8373.566667,483973.8333,4300.3355
2000/1/3 19:46,16793.11667,1328913.667,6660.449167
2000/1/3 19:47,15197.71667,1002941.917,6611.622833
2000/1/3 19:48,13736.61667,1030384.75,7251.616167
2000/1/3 19:49,12050.03333,881178.8333,6521.979333
2000/1/3 19:50,10993.16667,722076.75,5789.397667
2000/1/3 19:51,8805.466667,498166.6667,4444.375333
2000/1/3 19:52,7776.816667,393776.0833,3904.608833
2000/1/3 19:53,11861.88333,760433.8333,5161.847
2000/1/3 19:54,16056.75,1222858,6246.559
2000/1/3 19:55,11647.51667,774830.6667,4996.2735
2000/1/3 19:56,66115.81667,6203393.167,21450.05867
2000/1/3 19:57,93792.46667,9018336.5,35952.82833
2000/1/3 19:58,89502.65,8481449.167,34316.84033
2000/1/3 19:59,43557.15,3887708.5,20473.81883
2000/1/3 20:00,48682.81667,4377870.833,22731.88967
2000/1/3 20:01,44025.9,4002934.333,21269.196
2000/1/3 20:02,42188.96667,3849698.083,20548.14483
2000/1/3 20:03,42696.06667,3907435.917,20454.12133
2000/1/3 20:04,39267.86667,3595815,19158.48783
2000/1/3 20:05,37534.83333,3418274.583,19689.00383
2000/1/3 20:06,23734.8,2038030.417,12757.09867
2000/1/3 20:07,35011.96667,3162418,14543.58517
2000/1/3 20:08,17254.6,1366979,8084.608667
2000/1/3 20:09,23813.36667,1958500,10355.00083
2000/1/3 20:10,20920.86667,1705843.333,9395.7795
2000/1/3 20:11,13605.33333,863631.6667,7000.541833
2000/1/3 20:12,18873.33333,1260846.25,8538.27
2000/1/3 20:13,13999.53333,908459.9167,6532.894
2000/1/3 20:14,13524.76667,983123.3333,6384.367333
2000/1/3 20:15,15832.73333,991950.9167,8197.4715
2000/1/3 20:16,15052.93333,864123.9167,6821.060667
2000/1/3 20:17,10558.33333,588076.5833,4289.104667
2000/1/3 20:18,9865.75,537758.5833,3846.631167
2000/1/3 20:19,8766.466667,570121.5833,3900.2535
2000/1/3 20:20,8646.35,528604.1667,3925.452167
2000/1/3 20:21,10592.18333,695129.1667,4623.190167
2000/1/3 20:22,9449.516667,562954.3333,4641.146833
2000/1/3 20:23,10721.78333,643591.1667,5053.806667
2000/1/3 20:24,11526.58333,656757.25,5458.8855
2000/1/3 20:25,11143.33333,670064.4167,4993.624833
2000/1/3 20:26,12118.73333,799973.5833,5279.075833
2000/1/3 20:27,10164.68333,634588.75,4709.673833
2000/1/3 20:28,7556.133333,396353.4167,3825.308
2000/1/3 20:29,11790.75,811082.5833,5053.419167
2000/1/3 20:30,15566.13333,1198423.833,7164.8
2000/1/3 20:31,11943.68333,868480.25,5468.702333
2000/1/3 20:32,7480.516667,418399.3333,3708.309333
2000/1/3 20:33,11745.41667,749741,4903.012833
2000/1/3 20:34,11889.68333,758869.6667,5387.344667
2000/1/3 20:35,11078.61667,697890.5,5399.518667
2000/1/3 20:36,10085.3,623584.6667,4977.193667
2000/1/3 20:37,8926.133333,548352.25,4185.982
2000/1/3 20:38,12248.78333,868487.5833,4898.941333
2000/1/3 20:39,25958.63333,2269329.917,8809.969667
2000/1/3 20:40,27485.01667,2421735,9768.208833
2000/1/3 20:41,13496.3,1046349.917,6007.017667
2000/1/3 20:42,15801.26667,1285420.833,6877.608833
2000/1/3 20:43,18908.96667,1568029.583,8074.130333
2000/1/3 20:44,20593.26667,1750728,9026.265667
2000/1/3 20:45,16569.3,1308212.083,7449.813
2000/1/3 20:46,17709.2,1442721.667,7754.419833
2000/1/3 20:47,18849.65,1563903.833,8263.969333
2000/1/3 20:48,8683.95,539361.4167,4258.350667
2000/1/3 20:49,9840.25,755025.4167,4511.2755
2000/1/3 20:50,18136.43333,1243327.25,9027.3925
2000/1/3 20:51,17783.43333,1221299.667,8749.701
2000/1/3 20:52,19161.35,1259646.667,9485.446
2000/1/3 20:53,13396.41667,986747.8333,6514.824667
2000/1/3 20:54,23229.7,1950093.333,8814.8105
2000/1/3 20:55,15409.35,1152649.75,6250.924833
2000/1/3 20:56,13959.03333,1043222,6019.4395
2000/1/3 20:57,9904.533333,649551.9167,4679.333833
2000/1/3 20:58,13402.56667,854929,5902.214833
2000/1/3 20:59,15032.03333,1020052.5,6800.522167
2000/1/3 21:00,15803.56667,1186514.583,7253.553167
2000/1/3 21:01,17032.51667,1336379.75,7045.557667
2000/1/3 21:02,20488.9,1692490.333,8495.977167
2000/1/3 21:03,20920.03333,1710136.417,9735.284833
2000/1/3 21:04,17494.16667,1321978.917,9076.859833
2000/1/3 21:05,16591.91667,1261188.583,8047.610167
2000/1/3 21:06,21763.75,1681653.5,10199.1285
2000/1/3 21:07,23388.91667,1892471.583,11072.25433
2000/1/3 21:08,18966.8,1472606.5,9073.696167
2000/1/3 21:09,18707.53333,1564932.667,8676.141833
2000/1/3 21:10,17547.2,1420257.667,8242.664667
2000/1/3 21:11,18864.16667,1446284.25,8580.174167
2000/1/3 21:12,19087.98333,1472073.833,8877.717167
2000/1/3 21:13,15149.48333,1074499.917,7316.994333
2000/1/3 21:14,23251.25,1818041.417,10042.9415
2000/1/3 21:15,20091.91667,1517233.333,8772.181333
2000/1/3 21:16,11695.01667,806148.0833,6064.031667
2000/1/3 21:17,13867.6,1269737.5,6850.6185
2000/1/3 21:18,20826.51667,1893266.083,9136.338
2000/1/3 21:19,17641.13333,1524246.667,8318.494667
2000/1/3 21:20,18603.66667,1512805,9436.916
2000/1/3 21:21,23417.06667,2015195.333,11821.57
2000/1/3 21:22,22715.2,1968269.667,11628.82133
2000/1/3 21:23,22805.61667,1984217.167,11241.495
2000/1/3 21:24,20281.21667,1647182.5,9833.817
2000/1/3 21:25,11931.13333,828772.6667,5981.870667
2000/1/3 21:26,10593.9,715641.8333,5230.681
2000/1/3 21:27,11688.53333,738061.8333,5486.231333
2000/1/3 21:28,9728.216667,578436.75,4517.859167
2000/1/3 21:29,14997.83333,1083453.083,7054.8555
2000/1/3 21:30,23215.98333,1805436.5,10158.66217
2000/1/3 21:31,23450,1915130.083,9982.885167
2000/1/3 21:32,18966.9,1513067.417,9254.168667
2000/1/3 21:33,26075.45,2249641.5,12268.79717
2000/1/3 21:34,29597.16667,2620585.5,13648.83517
2000/1/3 21:35,28374.58333,2254678.25,12091.24067
2000/1/3 21:36,47802,3236608.25,23857.05517
2000/1/3 21:37,43218.31667,2859266.167,21868.14267
2000/1/3 21:38,37635.15,2369025.667,19342.99933
2000/1/3 21:39,34539.88333,2206376.75,18234.969
2000/1/3 21:40,55870.23333,3522561.917,32252.93467
2000/1/3 21:41,55307.15,3862372.583,30253.39817
2000/1/3 21:42,42661.35,2633341.417,25086.87767
2000/1/3 21:43,39576.31667,2284255.167,23585.09083
2000/1/3 21:44,25053.11667,1518521.25,14968.43583
2000/1/3 21:45,45378.7,3547453.417,23014.70733
2000/1/3 21:46,44393.75,3496878.167,23053.12583
2000/1/3 21:47,28369.38333,1899598.417,16402.77533
2000/1/3 21:48,24169.05,1498740.25,14974.65267
2000/1/3 21:49,22641.91667,1369834.333,14190.42617
2000/1/3 21:50,27104.88333,1812763.333,16374.3065
2000/1/3 21:51,45585.9,3756271.083,22808.287
2000/1/3 21:52,54568.58333,4352390.25,27486.52967
2000/1/3 21:53,55915.18333,4524300.833,27603.68167
2000/1/3 21:54,54681.73333,4410364.25,27485.22833
2000/1/3 21:55,49429.55,3912003.167,25976.0355
2000/1/3 21:56,40522.25,2940974.5,22573.17333
2000/1/3 21:57,29218.93333,1901564.333,17184.37567
2000/1/3 21:58,24900.21667,1570902.667,14567.34033
2000/1/3 21:59,20709.46667,1449252.167,11976.1985
2000/1/3 22:00,23541.45,1714070.5,12520.5955
2000/1/3 22:01,112519.0333,10620375.08,38955.0335
2000/1/3 22:02,128935.1,12038430,44139.73617
2000/1/3 22:03,124871.85,11832345.92,42635.55517
2000/1/3 22:04,122488.3833,11414112.75,42498.64517
2000/1/3 22:05,121442.2167,11022028.58,43070.24017
2000/1/3 22:06,125452.7333,11523399.42,43549.01783
2000/1/3 22:07,133915.5333,12429583.42,45721.3395
2000/1/3 22:08,128890.35,12007458.33,44560.1435
2000/1/3 22:09,65431.65,5697772.5,26162.21833
2000/1/3 22:10,22317.8,1496833.167,12308.1315
2000/1/3 22:11,14958.11667,1047775.417,8103.347333
2000/1/3 22:12,14147.45,974301.25,7737.829167
2000/1/3 22:13,36804.65,2211793.583,20566.78133
2000/1/3 22:14,42554.01667,2805031,22929.699
2000/1/3 22:15,42480.41667,2803043.333,22836.10133
2000/1/3 22:16,43245.4,3016161.417,24125.69433
2000/1/3 22:17,35297.33333,2448787.5,19824.81617
2000/1/3 22:18,33898.65,2222526.667,19115.24817
2000/1/3 22:19,29241.66667,1941259.083,16277.52317
2000/1/3 22:20,23205.08333,1703273.75,12505.085
2000/1/3 22:21,22275.18333,1632045.583,12101.59683
2000/1/3 22:22,20868.66667,1542958.833,11534.10817
2000/1/3 22:23,43129.88333,3751981.667,20610.21183
2000/1/3 22:24,37344.36667,3247268.5,18400.6345
2000/1/3 22:25,23222.41667,1932707.583,12321.4845
2000/1/3 22:26,17073.81667,1293381.583,9153.257833
2000/1/3 22:27,11767.46667,774353.9167,6261.714833
2000/1/3 22:28,25032.9,1668915.667,12686.29167
2000/1/3 22:29,24199.01667,1514514.083,12621.47767
2000/1/3 22:30,23185.86667,1472751.167,12574.58383
2000/1/3 22:31,22200.91667,1418518.333,12123.674
2000/1/3 22:32,21306.61667,1335185.667,11593.4935
2000/1/3 22:33,24654.53333,1681967,12557.311
2000/1/3 22:34,24385.45,1628709.667,12654.76117
2000/1/3 22:35,24364.6,1640501.25,12391.62617
2000/1/3 22:36,22837.46667,1512113.167,11828.81417
2000/1/3 22:37,20417.38333,1317637.083,11120.49217
2000/1/3 22:38,18929.6,1133591,10262.65483
2000/1/3 22:39,16806.26667,993896.6667,9190.278667
2000/1/3 22:40,9581.966667,632598.9167,5218.407
2000/1/3 22:41,13399.1,962620.75,6588.928167
2000/1/3 22:42,13093.45,916776.9167,6427.9215
2000/1/3 22:43,12935.98333,925775.0833,6651.382833
2000/1/3 22:44,12437.88333,892593,6528.925667
2000/1/3 22:45,11674.15,807788.9167,6302.177833
2000/1/3 22:46,12458.88333,920185.3333,6637.245
2000/1/3 22:47,18886.76667,1564934.583,8663.6245
2000/1/3 22:48,22889.16667,1933634.25,9779.823833
2000/1/3 22:49,29840.75,2504303.5,11913.9875
2000/1/3 22:50,30881.88333,2271886,14022.90817
2000/1/3 22:51,23491.26667,1565641.083,11696.04883
2000/1/3 22:52,23847.76667,1683202.083,11640.12617
2000/1/3 22:53,15039.8,983755.5833,7759.1105
2000/1/3 22:54,16578.08333,1250766.583,8506.2635
2000/1/3 22:55,11138.16667,676087.4167,5843.0935
2000/1/3 22:56,9692.333333,572901.5833,5122.265833
2000/1/3 22:57,8297.8,433074,4503.327167
2000/1/3 22:58,8993.5,502377.5,4742.093833
2000/1/3 22:59,12442.6,827178.3333,5858.248667
2000/1/3 23:00,11131.33333,693551.8333,5496.312667
2000/1/3 23:01,9037.316667,476121.8333,4788.351667
2000/1/3 23:02,13759.76667,754258.25,7194.1005
2000/1/3 23:03,19179.81667,1295955.583,9120.073667
2000/1/3 23:04,16477.78333,1068283,8072.316667
2000/1/3 23:05,13121.91667,750108.3333,6754.192667
2000/1/3 23:06,11822.31667,786949,5926.4765
2000/1/3 23:07,12211.46667,725272.3333,5965.228667
2000/1/3 23:08,11583.36667,602073.8333,5801.548333
2000/1/3 23:09,30981.51667,2620094.75,13758.18867
2000/1/3 23:10,33118.71667,2871501.083,15131.6645
2000/1/3 23:11,14134.96667,1000825.667,7467.8385
2000/1/3 23:12,27162.13333,2048071.25,10152.16483
2000/1/3 23:13,24529.18333,1848392.167,9387.17
2000/1/3 23:14,18933.16667,1425756.25,9072.019667
2000/1/3 23:15,19635.2,1198459.583,11254.15367
2000/1/3 23:16,19601.96667,1201848.583,11293.41267
2000/1/3 23:17,20854.8,1197137.667,12065.4455
2000/1/3 23:18,21495,1232359.417,12437.54333
2000/1/3 23:19,25443.91667,1717743,13521.251
2000/1/3 23:20,112008.4,10432760.67,39241.60583
2000/1/3 23:21,105447.55,9752065.5,36337.21817
2000/1/3 23:22,104647.4667,9645364.583,35743.5995
2000/1/3 23:23,109426.8333,10137608.75,37499.03433
2000/1/3 23:24,91255.03333,8278359.833,32542.38133
2000/1/3 23:25,19588.38333,1159706.5,10759.50867
2000/1/3 23:26,26267.15,2036466.333,12590.88783
2000/1/3 23:27,19203.96667,1423607.75,10273.146
2000/1/3 23:28,20108.31667,1548771.917,11078.3975
2000/1/3 23:29,22306.93333,1699006.167,11146.7595
2000/1/3 23:30,111153.85,10510163.08,38202.12267
2000/1/3 23:31,107934.15,10278478.25,37525.7115
2000/1/3 23:32,116212.7333,11102721.83,39252.0495
2000/1/3 23:33,109013,10329961.08,37252.94917
2000/1/3 23:34,106672.8833,10085991.67,36460.49383
2000/1/3 23:35,85855.43333,8041318,30440.9745
2000/1/3 23:36,18101.73333,1358450.5,9994.4045
2000/1/3 23:37,17454.43333,1301269.083,9708.043833
2000/1/3 23:38,17302.15,1291077,9639.913667
2000/1/3 23:39,16802.26667,1249308.417,9327.6715
2000/1/3 23:40,17515.2,1292774.667,9580.803333
2000/1/3 23:41,17059.46667,1226356.167,9309.682
2000/1/3 23:42,17276.16667,1268597.417,9445.0055
2000/1/3 23:43,72580.56667,6794969.083,26011.909
2000/1/3 23:44,55267.15,5007057.667,20746.71917
2000/1/3 23:45,18634.4,1312226.667,9982.911833
2000/1/3 23:46,20956.35,1569403.5,10648.891
2000/1/3 23:47,107484.5167,10246527.33,36724.976
2000/1/3 23:48,105517.9833,10046328.75,36076.39817
2000/1/3 23:49,107358.8,10109199.67,36913.38667
2000/1/3 23:50,106476.5667,10023201.58,36561.79083
2000/1/3 23:51,62949.5,5639674.667,23656.646
2000/1/3 23:52,23897.06667,1756401.833,11762.90367
2000/1/3 23:53,20506.86667,1443356.833,10940.029
2000/1/3 23:54,22004.78333,1555088,11546.28883
2000/1/3 23:55,32524.91667,2583551.333,14599.4235
2000/1/3 23:56,19396.78333,1223958.917,10505.25067
2000/1/3 23:57,19189.08333,1198787,10281.04583
2000/1/3 23:58,18799.35,1156945.333,10042.10283
2000/1/3 23:59,17929.28333,1083341.333,9777.3335
2000/1/4 0:00,17527.78333,1058237.167,9712.743167
2000/1/4 0:01,25282.48333,1830455.583,12344.85083
2000/1/4 0:02,33900.78333,2694788.25,14903.89833
2000/1/4 0:03,31871.06667,2498530.917,14228.5115
2000/1/4 0:04,25774.96667,1869657.833,12576.06117
2000/1/4 0:05,30270.33333,2338657.167,14049.67633
2000/1/4 0:06,30945.38333,2120777.667,15537.4165
2000/1/4 0:07,31336.01667,2160288.25,15654.64133
2000/1/4 0:08,30962.9,2140396.417,15496.48133
2000/1/4 0:09,28773.26667,2003902.417,14113.01667
2000/1/4 0:10,27000.38333,1865548.333,13155.24317
2000/1/4 0:11,31951.15,2371141.5,14726.83867
2000/1/4 0:12,31333.51667,2274935.917,14181.82417
2000/1/4 0:13,31735.51667,2249634.583,14172.707
2000/1/4 0:14,28353.96667,2131519.083,13005.097
2000/1/4 0:15,36655.73333,3009613.583,15144.384
2000/1/4 0:16,32753.56667,2459305.75,14428.23917
2000/1/4 0:17,27848.81667,1939307.833,13854.12717
2000/1/4 0:18,28173.78333,1889661.167,13734.272
2000/1/4 0:19,26342.36667,1678303.5,13710.94183
2000/1/4 0:20,26784.16667,1585446.167,14391.34967
2000/1/4 0:21,25803.51667,1521044.583,13651.8685
2000/1/4 0:22,26003,1528326.5,13521.96533
2000/1/4 0:23,26536.03333,1541966.333,14327.057
2000/1/4 0:24,28644.05,1602671.667,15792.132
2000/1/4 0:25,27360.71667,1546626.917,15357.2405
2000/1/4 0:26,30376.15,1887222.083,16068.743
2000/1/4 0:27,32569.9,1767345.917,18303.87017
2000/1/4 0:28,31048.08333,1644482.333,17901.095
2000/1/4 0:29,23471.11667,1534970.667,13329.01917
2000/1/4 0:30,21096.06667,1378350.167,12003.06417
2000/1/4 0:31,21980.35,1474252.25,12452.37083
2000/1/4 0:32,32952.06667,2560708,15650.56917
2000/1/4 0:33,34640.9,2630182.833,16491.3725
2000/1/4 0:34,28094.76667,2034707.917,14439.415
2000/1/4 0:35,22623.65,1559792.75,12681.3515
2000/1/4 0:36,20496.85,1352400.583,11636.69483
2000/1/4 0:37,19680.68333,1255066.5,11252.16083
2000/1/4 0:38,20842.36667,1350867.5,11658.5085
2000/1/4 0:39,22537.45,1542370.5,12487.09383
2000/1/4 0:40,22100.13333,1498173.917,12363.39867
2000/1/4 0:41,21076.91667,1415414.833,11360.41933
2000/1/4 0:42,21518.25,1446383.833,11438.66817
2000/1/4 0:43,20722.33333,1282949.417,11384.137
2000/1/4 0:44,22239.88333,1496511.917,12020.247
2000/1/4 0:45,24861.73333,1760263.917,12700.931
2000/1/4 0:46,28180.66667,1667478.5,15530.18633
2000/1/4 0:47,41378.75,2980010.333,19747.39767
2000/1/4 0:48,38871.21667,2743504.333,18582.8175
2000/1/4 0:49,35862.6,2464478.5,17492.83533
2000/1/4 0:50,25340.93333,1426931.917,14187.84133
2000/1/4 0:51,25552.33333,1491346.583,14056.61467
2000/1/4 0:52,43686.51667,3156942.75,20201.33317
2000/1/4 0:53,28318.65,1662218.75,15182.497
2000/1/4 0:54,25229.45,1341171.167,14172.28133
2000/1/4 0:55,23415.75,1174459.583,13247.55333
2000/1/4 0:56,23528.98333,1308755.333,12899.053
2000/1/4 0:57,26432.61667,1480845.25,14425.30367
2000/1/4 0:58,24767.18333,1441185.083,13912.43467
2000/1/4 0:59,25920.71667,1481534.083,14369.79767
2000/1/4 1:00,31776.5,1982333.833,17232.6905
2000/1/4 1:01,25668.25,1418870.583,14242.28267
2000/1/4 1:02,27334.71667,1421312.167,14573.89633
2000/1/4 1:03,26893.63333,1390457.25,14257.785
2000/1/4 1:04,26369.13333,1334286.917,13826.5885
2000/1/4 1:05,26115.15,1275293.5,13269.37933
2000/1/4 1:06,25881.18333,1259681.083,13088.91133
2000/1/4 1:07,25581.16667,1270413.667,13020.52667
2000/1/4 1:08,23411.7,1148026.5,12098.20217
2000/1/4 1:09,23135.21667,1173820,12190.65567
2000/1/4 1:10,24112.95,1267749.75,12597.785
2000/1/4 1:11,23227.16667,1219449.417,12383.58333
2000/1/4 1:12,22685.5,1181028.083,12300.283
2000/1/4 1:13,23009.11667,1206390.583,12344.69217
2000/1/4 1:14,25535.93333,1471928.5,13661.10183
2000/1/4 1:15,25053.08333,1389387.167,13267.72317
2000/1/4 1:16,22797.81667,1162942.167,12099.608
2000/1/4 1:17,22334.73333,1131081.333,12074.4915
2000/1/4 1:18,29574.83333,1865509.833,14678.82833
2000/1/4 1:19,23973.6,1275477.5,13091.47633
2000/1/4 1:20,25981.83333,1470587.583,14070.39883
2000/1/4 1:21,26305.4,1525064.917,14662.91033
2000/1/4 1:22,26291.73333,1553073.417,13977.91817
2000/1/4 1:23,59477.61667,4890827.167,23597.18883
2000/1/4 1:24,57609.48333,4694789.333,23025.41783
2000/1/4 1:25,57272.35,4659726.917,22963.76483
2000/1/4 1:26,44955.3,3357724.083,19560.51867
2000/1/4 1:27,23852.75,1241634.167,12969.37333
2000/1/4 1:28,25781.65,1332108.917,13300.12233
2000/1/4 1:29,25765.13333,1329474.583,13273.83117
2000/1/4 1:30,29941.33333,1639040,14621.08517
2000/1/4 1:31,31123.11667,1613750.25,15996.3
2000/1/4 1:32,28394.9,1463180.75,15222.5615
2000/1/4 1:33,27039.71667,1393398.25,14943.44533
2000/1/4 1:34,27122.81667,1399905.167,14997.07083
2000/1/4 1:35,27355.16667,1412538.75,15087.21167
2000/1/4 1:36,25398.51667,1381474.5,13784.23783
2000/1/4 1:37,25671.61667,1455107.583,13759.99433
2000/1/4 1:38,23855.33333,1280174.75,12964.91867
2000/1/4 1:39,23224.68333,1186851.833,12525.85417
2000/1/4 1:40,23076.85,1143198.417,12320.512
2000/1/4 1:41,21545.83333,1116522.25,12089.75617
2000/1/4 1:42,22548.41667,1166354.667,12556.58233
2000/1/4 1:43,21458.85,1079448.333,12068.64383
2000/1/4 1:44,21113.9,1062039.833,11951.05883
2000/1/4 1:45,21413.98333,1123010.75,12162.2755
2000/1/4 1:46,20301.38333,1031580.417,11638.6945
2000/1/4 1:47,20186.83333,1018491.75,11569.97817
2000/1/4 1:48,46150.6,2313582.25,27380.1875
2000/1/4 1:49,48681.46667,2439832,27978.42867
2000/1/4 1:50,48278.73333,2428513.167,28522.09817
2000/1/4 1:51,48287.7,2433402.25,28526.66067
2000/1/4 1:52,47959.46667,2405461.083,28407.02917
2000/1/4 1:53,47895.61667,2400481.333,28381.29433
2000/1/4 1:54,47829.25,2395019.417,28372.7835
2000/1/4 1:55,48181.81667,2417339.917,28517.6585
2000/1/4 1:56,48949.25,2501896.333,28915.13383
2000/1/4 1:57,48148.98333,2422390.833,28514.35733
2000/1/4 1:58,48978.6,2552949.167,28820.95617
2000/1/4 1:59,48023,2475077.667,28426.01883
2000/1/4 2:00,91615.63333,4684263.5,51957.10867
2000/1/4 2:01,90038.11667,4577857.667,51352.95167
2000/1/4 2:02,74274.16667,3811462.583,43108.78383
2000/1/4 2:03,88429.11667,5101585.917,48197.372
2000/1/4 2:04,81678.15,4749775.5,44397.07517
2000/1/4 2:05,76498.31667,4491712.583,41365.847
2000/1/4 2:06,76492.61667,4532003,41083.89883
2000/1/4 2:07,75006.36667,4498146.75,40259.78683
2000/1/4 2:08,78538.48333,4674428.583,41689.97383
2000/1/4 2:09,79686.93333,4714126.417,42390.443
2000/1/4 2:10,78547.18333,4641710.5,41732.22867
2000/1/4 2:11,75964.56667,4496501.667,40333.4745
2000/1/4 2:12,74942.63333,4453164.667,39808.81567
2000/1/4 2:13,74482.13333,4419235.417,39804.73
2000/1/4 2:14,75645.1,4544982.833,39969.81233
2000/1/4 2:15,76773.25,4608636,40257.53117
2000/1/4 2:16,84344.43333,5314868.417,42945.54267
2000/1/4 2:17,72658.31667,4599932.833,37449.90483
2000/1/4 2:18,63439.7,3802643.583,33780.11133
2000/1/4 2:19,66427.46667,4169162.25,34301.35617
2000/1/4 2:20,74580.4,4372815.083,37001.90267
2000/1/4 2:21,66685.53333,3664691.667,34105.79033
2000/1/4 2:22,64470.43333,3569021.833,32755.4465
2000/1/4 2:23,63431.7,3521877.917,32262.14167
2000/1/4 2:24,68248.56667,3761187.417,34797.57217
2000/1/4 2:25,65929.78333,3629368.333,33788.42767
2000/1/4 2:26,62382.13333,3471327.5,31699.375
2000/1/4 2:27,58565.78333,3289373.167,29436.9325
2000/1/4 2:28,63749.01667,3562818.833,32593.7175
2000/1/4 2:29,62892.36667,3495702.75,32206.93783
2000/1/4 2:30,67060.8,3758299.167,34602.04867
2000/1/4 2:31,66891.25,3654269.083,34791.245
2000/1/4 2:32,66621.01667,3651332.417,34665.10833
2000/1/4 2:33,65412.35,3522828.417,34099.73933
2000/1/4 2:34,62568.06667,3236683.833,32834.89333
2000/1/4 2:35,58137.1,3105801.667,29906.441
2000/1/4 2:36,53857.76667,2791941.167,27087.1825
2000/1/4 2:37,48123.03333,2358093.5,23956.06033
2000/1/4 2:38,46630.5,2280500.667,23970.55917
2000/1/4 2:39,45169.51667,2208505,23251.4315
2000/1/4 2:40,45092.06667,2201771.333,23251.177
2000/1/4 2:41,43657.43333,2135812.667,22658.71533
2000/1/4 2:42,50133.46667,2534683.667,25456.43917
2000/1/4 2:43,51343.01667,2520973.5,25585.54717
2000/1/4 2:44,48044.71667,2281769.5,23874.453
2000/1/4 2:45,50870.45,2496583,25125.15433
2000/1/4 2:46,47019.68333,2334805.833,22761.10283
2000/1/4 2:47,47893.5,2450460.833,23413.84917
2000/1/4 2:48,45343.03333,2296322.167,22690.9445
2000/1/4 2:49,43352.13333,2149522.333,21676.32233
2000/1/4 2:50,47203.53333,2350539.083,23786.7715
2000/1/4 2:51,49358.51667,2451363.833,25064.80617
2000/1/4 2:52,50354.8,2522295.833,25497.87267
2000/1/4 2:53,46529.88333,2305841.667,23413.50133
2000/1/4 2:54,43308.8,2180389.5,21424.21717
2000/1/4 2:55,40252.25,1994700.417,19683.8435
2000/1/4 2:56,38757.3,1904322.167,18799.42717
2000/1/4 2:57,40191.88333,2079012.5,21399.40083
2000/1/4 2:58,39182.33333,2007879.25,20861.6745
2000/1/4 2:59,43411.5,2262299.167,23092.52983
2000/1/4 3:00,57150.8,2931204.5,31994.4565
2000/1/4 3:01,54583.83333,2750866.417,29925.594
2000/1/4 3:02,52665.61667,2584920.667,28577.46067
2000/1/4 3:03,68536.48333,3608592.5,36529.30933
2000/1/4 3:04,79919,4173646.333,43324.02117
2000/1/4 3:05,76768.66667,4116592.583,43634.37017
2000/1/4 3:06,76315.71667,4101273.833,42854.87683
2000/1/4 3:07,56700.03333,3009209.083,31856.125
2000/1/4 3:08,51972.55,2617434.583,29654.9205
2000/1/4 3:09,54471.06667,2842405.083,30674.30967
2000/1/4 3:10,61102.16667,3160157.5,34320.871
2000/1/4 3:11,58752.43333,3022499,33179.626
2000/1/4 3:12,57560.6,2956737.833,32583.06917
2000/1/4 3:13,56620.78333,3071139.25,31170.1185
2000/1/4 3:14,57382.41667,3037237,32224.61067
2000/1/4 3:15,54694.38333,2929303.417,30742.4725
2000/1/4 3:16,51194.26667,2852226.5,28599.062
2000/1/4 3:17,71187.66667,5887599.667,37025.61217
2000/1/4 3:18,68033.15,5530082,35427.457
2000/1/4 3:19,69138.88333,5569137.5,36006.7845
2000/1/4 3:20,71023.23333,5524562.417,37291.888
2000/1/4 3:21,60604.63333,4573850.333,33778.60317
2000/1/4 3:22,145672.25,8898265,84121.1675
2000/1/4 3:23,144099.7,8767014.083,83520.1805
2000/1/4 3:24,149112.8167,8988020.417,86448.042
2000/1/4 3:25,152422.2667,9107557.583,88399.40083
2000/1/4 3:26,146464.85,8784674.583,85160.77517
2000/1/4 3:27,139238.5167,8377279.333,82075.16233
2000/1/4 3:28,133702.0167,7774183.5,78435.176
2000/1/4 3:29,124641.75,6348403.25,73118.09417
2000/1/4 3:30,123383.2833,6254168.583,72462.45133
2000/1/4 3:31,123111.35,6237379.083,72314.16667
2000/1/4 3:32,110166.2167,5568296.833,64783.13
2000/1/4 3:33,40282.16667,2043471,23431.48867
2000/1/4 3:34,45074.48333,2259634.75,26293.4745
2000/1/4 3:35,50303.68333,2844843,27357.24783
2000/1/4 3:36,51086.41667,2894369.333,27745.0645
2000/1/4 3:37,46448.68333,2525807.167,25725.08383
2000/1/4 3:38,39832.03333,2053837.167,22406.92567
2000/1/4 3:39,34071.26667,1753253.083,19374.90367
2000/1/4 3:40,28196.88333,1425482.583,16059.3875
2000/1/4 3:41,41045.7,2557547.333,21597.66617
2000/1/4 3:42,37480.51667,2263402,19066.10967
2000/1/4 3:43,25009.26667,1259483.667,13177.55683
2000/1/4 3:44,26000.36667,1410440.917,13346.69233
2000/1/4 3:45,27694.36667,1471416,14311.34167
2000/1/4 3:46,24904.95,1327726.667,12693.00917
2000/1/4 3:47,29514.43333,1562207.25,15750.09033
2000/1/4 3:48,28148.31667,1551249.833,14889.12083
2000/1/4 3:49,26528.01667,1429124.75,14326.23067
2000/1/4 3:50,26679.93333,1520649.167,14276.918
2000/1/4 3:51,25187.75,1419584.583,13206.03417
2000/1/4 3:52,21407.41667,1205848.083,11850.80683
2000/1/4 3:53,21780.76667,1173323.333,12415.28083
2000/1/4 3:54,20865.93333,1301064.083,12030.78217
2000/1/4 3:55,21984.03333,1374680.5,12677.49883
2000/1/4 3:56,64492.65,5451561.083,29495.02067
2000/1/4 3:57,66481.7,5337397.5,30172.99267
2000/1/4 3:58,48910.63333,3596724.5,20995.06
2000/1/4 3:59,45822.88333,3381464.917,18465.64967
2000/1/4 4:00,48076.85,3502357.333,19727.21367
2000/1/4 4:01,49797.88333,3846643.667,19605.52967
2000/1/4 4:02,67474.78333,5013746.75,29086.30267
2000/1/4 4:03,66967.75,4815306.417,29677.54667
2000/1/4 4:04,67201.25,4809987.917,29278.52817
2000/1/4 4:05,64915.36667,4666238.333,28213.93233
2000/1/4 4:06,63269,4693595.833,26516.604
2000/1/4 4:07,53187.46667,3705226.667,24131.14417
2000/1/4 4:08,51430.6,3132944.917,24507.876
2000/1/4 4:09,30843.05,1649347.167,15791.641
2000/1/4 4:10,22734.21667,1241811.833,12512.75117
2000/1/4 4:11,23683.31667,1295113.833,12843.28367
2000/1/4 4:12,27758.93333,1487544,14919.84483
2000/1/4 4:13,24955.58333,1333109.667,13014.28317
2000/1/4 4:14,22924.13333,1376494.917,11398.956
2000/1/4 4:15,20722.88333,1209265.833,10359.69083
2000/1/4 4:16,25311.38333,1380718.833,13434.17283
2000/1/4 4:17,28677.76667,1689552.333,14444.25117
2000/1/4 4:18,24441.66667,1482520,13250.8585
2000/1/4 4:19,28038.03333,1839346.083,14359.84633
2000/1/4 4:20,30718.88333,1948317.5,15697.92017
2000/1/4 4:21,34816.86667,2141864.167,17317.76583
2000/1/4 4:22,36755.51667,2193375.583,18303.534
2000/1/4 4:23,39171.11667,2453403.833,19360.0775
2000/1/4 4:24,44066.26667,2794904.75,21592.9775
2000/1/4 4:25,46070.48333,2899923.75,22569.39067
2000/1/4 4:26,39596.5,2345239.667,19937.86867
2000/1/4 4:27,52566.03333,2784674.75,21581.348
2000/1/4 4:28,60246.76667,3291522.917,23184.377
2000/1/4 4:29,60410.28333,3348266.917,23842.42733
2000/1/4 4:30,63544.75,3557219.167,24983.34017
2000/1/4 4:31,63865.8,3486542.667,26418.33967
2000/1/4 4:32,59729.25,3236260.333,24787.90517
2000/1/4 4:33,50284.78333,2793105.5,22534.5655
2000/1/4 4:34,48862.53333,2718389.833,21814.84
2000/1/4 4:35,38755.71667,2199791,17558.77567
2000/1/4 4:36,29343.26667,1773996.25,14203.65333
2000/1/4 4:37,24598.36667,1504287.417,11565.7225
2000/1/4 4:38,31500,2057638.417,14611.9505
2000/1/4 4:39,35100.03333,2254135.25,19241.32583
2000/1/4 4:40,33266.88333,2243964.667,17669.63483
2000/1/4 4:41,30188.63333,2005129.083,15993.7975
2000/1/4 4:42,27051.78333,1731821.583,15038.23533
2000/1/4 4:43,30385.41667,1782302.583,17680.7235
2000/1/4 4:44,31841.28333,1960236.167,18042.6815
2000/1/4 4:45,39609.65,2616113.333,21197.25817
2000/1/4 4:46,41923.98333,2838518.333,21696.03533
2000/1/4 4:47,38978.4,2685526.333,20070.6585
2000/1/4 4:48,47092.95,2977144.917,22247.56383
2000/1/4 4:49,43262.75,2664184.583,21856.34017
2000/1/4 4:50,41511.28333,2503710.417,21075.81183
2000/1/4 4:51,40811.23333,2409214,20865.03167
2000/1/4 4:52,32038.93333,1894214.25,16431.8245
2000/1/4 4:53,33727.85,2278203.25,16457.50883
2000/1/4 4:54,32977.56667,2277319.917,15802.32117
2000/1/4 4:55,50446.33333,3155095.5,19586.94817
2000/1/4 4:56,51799.4,3024363.083,21506.20867
2000/1/4 4:57,37279.73333,2292250.75,18466.48917
2000/1/4 4:58,33693.1,2275693.833,17391.3185
2000/1/4 4:59,36536.16667,2228787.167,17757.97467
2000/1/4 5:00,41444.58333,2722422.833,18540.077
2000/1/4 5:01,30670.91667,1836106.417,14496.65317
2000/1/4 5:02,28601.9,1741052.5,13395.46083
2000/1/4 5:03,26513.71667,1669210.75,13899.54683
2000/1/4 5:04,30458.53333,1822352.833,13750.21217
2000/1/4 5:05,46587.66667,3528412.083,18236.52633
2000/1/4 5:06,52446.91667,3568226,20986.75333
2000/1/4 5:07,38924.13333,2152467,17142.339
2000/1/4 5:08,46174.96667,2893303.083,20462.2665
2000/1/4 5:09,47235.55,3239199.417,23758.38783
2000/1/4 5:10,39664.4,2538143.917,20423.80267
2000/1/4 5:11,59194.8,4089151.25,30428.38067
2000/1/4 5:12,46169.85,2866215.083,26584.0605
2000/1/4 5:13,45685.35,2659060.667,26638.29117
2000/1/4 5:14,47040.48333,2665836.667,26423.49667
2000/1/4 5:15,51684.26667,2985168.583,29798.38567
2000/1/4 5:16,66220.3,3741077.417,38197.5675
2000/1/4 5:17,58379.56667,3289883.167,33905.75667
2000/1/4 5:18,51175,2906498.333,29730.0985
2000/1/4 5:19,44109.31667,2510593.583,24736.7295
2000/1/4 5:20,37465.73333,2167648.75,21009.312
2000/1/4 5:21,33642.51667,2000700.083,18931.26967
2000/1/4 5:22,28194.71667,1651090.833,16145.26067
2000/1/4 5:23,25661.21667,1466827.667,14392.21417
2000/1/4 5:24,26775.5,1515660.75,14747.67833
2000/1/4 5:25,50509.01667,3121792,22889.531
2000/1/4 5:26,77408.46667,5284294.333,32846.688
2000/1/4 5:27,88723.13333,5438766.583,40339.68833
2000/1/4 5:28,86443.33333,4449431.167,44077.887
2000/1/4 5:29,81779.85,4217653,41563.26917
2000/1/4 5:30,81204.23333,4450370.333,41071.43883
2000/1/4 5:31,71665.03333,4132573.833,37861.21417
2000/1/4 5:32,68909.05,3810261.5,37281.21867
2000/1/4 5:33,66881.25,3653629.417,37106.33483
2000/1/4 5:34,62438.08333,3383194.167,34837.52733
2000/1/4 5:35,119472.0333,7428164.833,55759.5855
2000/1/4 5:36,138613.5333,8340388.333,66174.7395
2000/1/4 5:37,147433.5333,8862118.917,70346.03033
2000/1/4 5:38,155943.85,9530148.667,73969.71383
2000/1/4 5:39,155973.2667,9666413.583,75943.169
2000/1/4 5:40,138909.35,8251163.333,71098.035
2000/1/4 5:41,118930.0167,6503786.917,64585.83183
2000/1/4 5:42,126136.25,6831389.583,68090.57367
2000/1/4 5:43,122523.7833,6645500.917,66510.74717
2000/1/4 5:44,128508.3667,6858278.583,69594.9885
2000/1/4 5:45,139550.6,8044575.833,72176.90217
2000/1/4 5:46,130808.3,7401656.833,68639.96983
2000/1/4 5:47,110991.3667,5857209,61295.006
2000/1/4 5:48,105931.2333,5527487.5,58963.6905
2000/1/4 5:49,101014.4333,5273827.667,56281.4285
2000/1/4 5:50,98476.28333,5179884.25,54604.07283
2000/1/4 5:51,91152.18333,4786231.25,50333.24983
2000/1/4 5:52,89580.26667,4734877.75,49968.756
2000/1/4 5:53,87270.38333,4592954.25,49194.61433
2000/1/4 5:54,99507.78333,5707433.167,54858.4585
2000/1/4 5:55,102451.8,5834568.333,56073.01117
2000/1/4 5:56,267784.3667,22424673.5,105635.6477
2000/1/4 5:57,268333.55,22559748.67,105084.631
2000/1/4 5:58,261608.7333,22149484,101846.7217
2000/1/4 5:59,257133.1833,21919918.33,100109.5582
2000/1/4 6:00,250686.1167,21534457.75,97250.821
2000/1/4 6:01,248684.6,21437526.75,95834.73867
2000/1/4 6:02,245977.7333,21257544.58,94193.52283
2000/1/4 6:03,257103.3333,22017104.33,99875.86883
2000/1/4 6:04,261557.1667,22537952.83,101622.6017
2000/1/4 6:05,263245.35,22525866,102566.1173
2000/1/4 6:06,177469.7667,13855570.08,76481.40167
2000/1/4 6:07,100571.5833,6034085.417,53630.04483
2000/1/4 6:08,106924.5667,6367680.5,57102.89933
2000/1/4 6:09,136946.2,9138047.417,70063.76883
2000/1/4 6:10,139113.7333,9148162.583,71641.73783
2000/1/4 6:11,141828.2167,8981374.167,75061.334
2000/1/4 6:12,130462.2167,8161530.25,70198.80333
2000/1/4 6:13,165542.6833,11584011.67,84483.8775
2000/1/4 6:14,164812.4667,11484388,82211.29433
2000/1/4 6:15,149447.8333,10369300.58,75797.097
2000/1/4 6:16,142051.35,9630835,72361.23917
2000/1/4 6:17,135185.2833,9188781.25,68345.54033
2000/1/4 6:18,134026.4833,8642509.333,68901.02317
2000/1/4 6:19,132647.5333,8626838.75,67990.40267
2000/1/4 6:20,134704.1333,8839945.917,68637.87667
2000/1/4 6:21,133874.4167,8844147.667,68028.4545
2000/1/4 6:22,140346.85,9153244.417,72392.1785
2000/1/4 6:23,136325.3333,8863113.5,70611.31617
2000/1/4 6:24,164172.75,11344856.83,84242.78317
2000/1/4 6:25,202376.3,15107473.67,98046.70233
2000/1/4 6:26,186038.3,13506166.75,90075.19867
2000/1/4 6:27,188219.15,13746261.5,86932.98467
2000/1/4 6:28,175782.15,12844340.75,80481.4445
2000/1/4 6:29,163931,11861762,75500.44033
2000/1/4 6:30,148295.55,10460921.5,70019.92383
2000/1/4 6:31,151200.1,10648581.58,71551.28483
2000/1/4 6:32,148715.3167,10397828.42,70195.11933
2000/1/4 6:33,137790.4333,9681965.167,65593.4605
2000/1/4 6:34,131746.3,9344662.333,63328.17517
2000/1/4 6:35,121848.35,8786674.333,57870.36233
2000/1/4 6:36,128298.55,9109398.417,61634.40867
2000/1/4 6:37,131194.5667,9393166.25,62557.08183
2000/1/4 6:38,125637.7,9062347.5,59501.65983
2000/1/4 6:39,121122.4167,8683690.083,57325.20417
2000/1/4 6:40,111754.75,8171094.083,52099.1015
2000/1/4 6:41,107862.2667,7967261.083,50179.87333
2000/1/4 6:42,103902.6167,7781926.417,47748.56567
2000/1/4 6:43,101104.15,7613439.917,46421.84883
2000/1/4 6:44,103977.2833,7741671.167,47153.024
2000/1/4 6:45,132500.8833,10685245.92,55708.661
2000/1/4 6:46,130731.15,10601476.92,55075.8145
2000/1/4 6:47,122106.25,9928787.5,52154.67967
2000/1/4 6:48,95411.01667,7397906.333,43915.22767
2000/1/4 6:49,92464.1,7152069.917,42930.58083
2000/1/4 6:50,53105.33333,3307286.833,29098.30983
2000/1/4 6:51,67902.23333,4046421.833,38217.97733
2000/1/4 6:52,65024.78333,3841062,36446.07883
2000/1/4 6:53,60715.71667,3519933,34407.17333
2000/1/4 6:54,59431.6,3426477.083,33701.0785
2000/1/4 6:55,58708.56667,3398723.667,33606.83433
2000/1/4 6:56,72693.36667,4780872.333,37636.21683
2000/1/4 6:57,113010.05,8662000.333,50276.97617
2000/1/4 6:58,99571.71667,7618373.583,44576.959
2000/1/4 6:59,56169.58333,3859620.667,28972.92033
2000/1/4 7:00,54333.65,3506310.167,29745.8535
2000/1/4 7:01,59957.45,3997413.417,32009.376
2000/1/4 7:02,60935.28333,4045628.5,32636.25033
2000/1/4 7:03,55484.48333,3506034.667,30735.50517
2000/1/4 7:04,52266.51667,3195549.75,28918.027
2000/1/4 7:05,57731.65,3693655.583,30845.99367
2000/1/4 7:06,57034.8,3611930.167,30569.87133
2000/1/4 7:07,60838.01667,3999090.667,31909.9045
2000/1/4 7:08,74535.86667,4637819.75,40154.85567
2000/1/4 7:09,71868.46667,4368480.083,39103.94
2000/1/4 7:10,70741.08333,4361377.167,39037.994
2000/1/4 7:11,71604.08333,4595950.417,39314.475
2000/1/4 7:12,82084.35,5025251.417,46613.3535
2000/1/4 7:13,67865.86667,4067173.917,38587.94633
2000/1/4 7:14,62574.33333,3697640.667,35955.07133
2000/1/4 7:15,58936.06667,3389939.333,34092.6325
2000/1/4 7:16,57494.53333,3298978.917,33302.01483
2000/1/4 7:17,55888.16667,3204077.25,32584.38333
2000/1/4 7:18,54578.36667,3136559.417,31781.33617
2000/1/4 7:19,66728.41667,3647126.833,35389.7615
2000/1/4 7:20,65343.56667,3571803.25,34725.54417
2000/1/4 7:21,64544.85,3509788.167,33810.7855
2000/1/4 7:22,63270.66667,3495162,32910.13983
2000/1/4 7:23,61128.76667,3472299,32762.54517
2000/1/4 7:24,96063.86667,7173685.25,44425.24067
2000/1/4 7:25,93481.45,7091728.583,43381.916
2000/1/4 7:26,88582.83333,6843852.75,41069.76317
2000/1/4 7:27,85104.8,6726121.667,38584.26683
2000/1/4 7:28,126167.4667,10835975.33,50536.47483
2000/1/4 7:29,121816.9,10558371.58,48465.36983
2000/1/4 7:30,124016.4333,10613560.42,49471.0265
2000/1/4 7:31,121494.3,10466301.92,48297.751
2000/1/4 7:32,121305.45,10526069.75,48195.92683
2000/1/4 7:33,120613.1,10499346.58,47961.23267
2000/1/4 7:34,123410.6667,10770782.92,47795.26067
2000/1/4 7:35,123200.2833,10769377,47715.74817
2000/1/4 7:36,107589.6,9270024.917,44559.9165
2000/1/4 7:37,90427.23333,7564465.333,39196.76817
2000/1/4 7:38,87251.66667,7450042.25,37400.68683
2000/1/4 7:39,88703.85,7459913.75,38038.29883
2000/1/4 7:40,91187.43333,7582291.5,39451.5085
2000/1/4 7:41,87132.56667,7359071.667,37331.92983
2000/1/4 7:42,77430.26667,6505206.667,32397.2285
2000/1/4 7:43,73674.8,6148223.667,30602.379
2000/1/4 7:44,72546.06667,6100861.25,30107.53683
2000/1/4 7:45,69736.26667,5784257.333,29754.24967
2000/1/4 7:46,73721.26667,5991133.333,32046.884
2000/1/4 7:47,73323.86667,5985192.5,31860.65283
2000/1/4 7:48,77104.13333,6527425,33176.7395
2000/1/4 7:49,78729.7,6599909.917,33939.27567
2000/1/4 7:50,72997.56667,6124316.583,31351.11633
2000/1/4 7:51,79773.48333,6932441.167,31988.887
2000/1/4 7:52,78204.46667,6986615.583,31094.50683
2000/1/4 7:53,63339.51667,5578072.667,26701.119
2000/1/4 7:54,84472.43333,7701649.083,34900.47017
2000/1/4 7:55,107203.8833,9911953.917,42159.28317
2000/1/4 7:56,109273.55,10090306.5,43065.31067
2000/1/4 7:57,98109.33333,8983048.917,39989.4285
2000/1/4 7:58,102612.9,9488342.5,38282.6265
2000/1/4 7:59,97014.81667,9007339.5,36384.32083
2000/1/4 8:00,88357.9,8072463.833,32999.165
2000/1/4 8:01,80837,6906567,33131.1355
2000/1/4 8:02,81011.75,6651318.833,35295.91783
2000/1/4 8:03,103110.5333,8093875,46069.5765
2000/1/4 8:04,105543.6833,8362125.833,47927.77417
2000/1/4 8:05,100535.2,7787731.417,46358.887
2000/1/4 8:06,94024.53333,7390029.833,42452.2615
2000/1/4 8:07,91353.18333,7324461.083,41481.32217
2000/1/4 8:08,91300.68333,7572203.667,41704.64733
2000/1/4 8:09,85983.53333,7197190.667,39064.45867
2000/1/4 8:10,79057.13333,6698491.167,35225.30317
2000/1/4 8:11,77462.43333,6637216.083,34165.38483
2000/1/4 8:12,77119.06667,6636297.75,33558.546
2000/1/4 8:13,76049.43333,6611061,32477.664
2000/1/4 8:14,73663.21667,6422721.75,31291.65683
2000/1/4 8:15,92935.56667,7977456.25,38221.98567
2000/1/4 8:16,94109.48333,8175981.667,38949.7005
2000/1/4 8:17,83858.88333,7122369.5,36256.557
2000/1/4 8:18,81523.88333,6874931,35780.13417
2000/1/4 8:19,78202.61667,6571301.333,34120.35817
2000/1/4 8:20,74504.56667,6302288,32327.33617
2000/1/4 8:21,69800.08333,6021650.417,30317.02267
2000/1/4 8:22,33317.93333,2530625.667,18742.307
2000/1/4 8:23,32064.48333,2423294,17663.93183
2000/1/4 8:24,32773.26667,2445141.833,18082.65517
2000/1/4 8:25,35956.98333,2711239.917,19392.40767
2000/1/4 8:26,32575.86667,2427170.167,17847.66617
2000/1/4 8:27,45988.76667,3850307.667,21454.116
2000/1/4 8:28,51470.5,4449041.25,22708.62317
2000/1/4 8:29,45732.73333,3897720.167,21220.43133
2000/1/4 8:30,37902.6,3053976.917,19315.4905
2000/1/4 8:31,43063.85,3275998.75,22167.84367
2000/1/4 8:32,41863.63333,3125699.167,21411.15
2000/1/4 8:33,45396.53333,3554039.167,22101.81467
2000/1/4 8:34,48892.25,3481514.667,26064.56117
2000/1/4 8:35,50120.98333,3546604.833,26567.65567
2000/1/4 8:36,46718.1,3403810.583,24796.88733
2000/1/4 8:37,44613.2,3238821.917,23686.94
2000/1/4 8:38,43389.01667,3162111.333,22815.66333
2000/1/4 8:39,63441.91667,5346503.333,28513.02117
2000/1/4 8:40,68021.58333,5536094.75,31318.17767
2000/1/4 8:41,47284.68333,3538343.917,25023.08017
2000/1/4 8:42,44162.85,3324526.167,23794.18517
2000/1/4 8:43,29451.11667,2107463.333,17189.34333
2000/1/4 8:44,29396.56667,2140874.25,17198.42117
2000/1/4 8:45,31929.3,2235747.333,18236.70183
2000/1/4 8:46,48158.6,3688826.75,24718.43067
2000/1/4 8:47,48761.55,3833561.75,24700.02433
2000/1/4 8:48,57238.23333,4713970.25,28283.3505
2000/1/4 8:49,51192.53333,4246591.333,25597.508
2000/1/4 8:50,52050.6,4340092.75,26002.17133
2000/1/4 8:51,48567.83333,4025970.083,24123.816
2000/1/4 8:52,41487.16667,3347917.667,21122.93883
2000/1/4 8:53,39775.26667,3131862.5,20145.47433
2000/1/4 8:54,37683.45,2976967.083,19146.791
2000/1/4 8:55,36651.46667,2920751.833,18576.7535
2000/1/4 8:56,35388.58333,2736769.667,17938.97117
2000/1/4 8:57,34781.08333,2699979.333,17541.186
2000/1/4 8:58,32411.63333,2531515.75,16433.07483
2000/1/4 8:59,33722.41667,2595010,16713.26367
2000/1/4 9:00,36171.41667,2717808.75,17398.06817
2000/1/4 9:01,41921.86667,3141826.833,20470.92767
2000/1/4 9:02,115056.9667,10502686.33,43170.9785
2000/1/4 9:03,118892.3167,10641381.92,46353.3935
2000/1/4 9:04,112861.05,10065652.5,44622.287
2000/1/4 9:05,111589.8833,9949956.667,44214.53
2000/1/4 9:06,108794.6,9658299.25,43869.478
2000/1/4 9:07,104551.2667,9262243.833,41660.384
2000/1/4 9:08,99632.51667,8982876.417,39346.656
2000/1/4 9:09,65979.63333,5787199.25,29198.827
2000/1/4 9:10,29734.3,2238540.25,18112.947
2000/1/4 9:11,31687.23333,2303430.833,18824.39133
2000/1/4 9:12,25929.56667,1899416.75,15438.94683
2000/1/4 9:13,24170.55,1793887.5,14685.9095
2000/1/4 9:14,29029.78333,2022494.083,17265.26733
2000/1/4 9:15,27820.13333,1895955.167,16668.85517
2000/1/4 9:16,22283.96667,1540157.25,13854.14333
2000/1/4 9:17,23215.16667,1626428.917,14039.3565
2000/1/4 9:18,29128.75,2434850.5,14972.127
2000/1/4 9:19,27229.71667,2290791.5,14130.81133
2000/1/4 9:20,18574.46667,1425924.667,11715.82133
2000/1/4 9:21,18427.06667,1350190.5,11434.10667
2000/1/4 9:22,32595.36667,2843693.583,16153.8985
2000/1/4 9:23,34536.3,3073616.667,16808.5495
2000/1/4 9:24,33174.28333,2881045,16910.22517
2000/1/4 9:25,28109.48333,2452974.5,15005.03417
2000/1/4 9:26,22137.55,1906364,12906.3905
2000/1/4 9:27,20015.46667,1701245.083,12281.76167
2000/1/4 9:28,17046.46667,1548419,10537.80667
2000/1/4 9:29,14699.56667,1347160.833,9262.367167
2000/1/4 9:30,14606.9,1335616.667,9071.263
2000/1/4 9:31,33166.81667,2277803.25,18981.07283
2000/1/4 9:32,40217.68333,3134860.583,22017.10217
2000/1/4 9:33,38886.4,3064668.75,21574.38367
2000/1/4 9:34,38765.33333,2630072.75,23377.03167
2000/1/4 9:35,29687.98333,2016851.917,18267.50383
2000/1/4 9:36,18043.48333,1423387.083,11694.45467
2000/1/4 9:37,16809.11667,1349036.583,11170.28567
2000/1/4 9:38,15456.86667,1244945.167,10268.75467
2000/1/4 9:39,13648.61667,1086840.667,8644.45
2000/1/4 9:40,12496.53333,950229.0833,7954.597
2000/1/4 9:41,11729.56667,894130.6667,7518.115167
2000/1/4 9:42,10530.21667,814245.5833,7045.586833
2000/1/4 9:43,11929.68333,898238.8333,7442.217833
2000/1/4 9:44,24934.73333,1562976.75,15309.86517
2000/1/4 9:45,36053.55,2132407.833,23255.34983
2000/1/4 9:46,37554.68333,2212821.667,24229.63
2000/1/4 9:47,34750.16667,2081194.083,22611.90683
2000/1/4 9:48,33997.01667,2076728.917,21963.71767
2000/1/4 9:49,29692.85,1815832.583,18576.93183
2000/1/4 9:50,27792.5,1744276.25,16951.803
2000/1/4 9:51,27625.3,1777655.583,16898.03617
2000/1/4 9:52,26634.5,1731641,16356.11817
2000/1/4 9:53,26640.01667,1756989,16106.0465
2000/1/4 9:54,25232.28333,1608830.167,15422.991
2000/1/4 9:55,25287.73333,1573710.5,15170.12383
2000/1/4 9:56,24000.83333,1531137,14632.88783
2000/1/4 9:57,22070.25,1407084.917,13684.52267
2000/1/4 9:58,22211.7,1442743.083,13736.07933
2000/1/4 9:59,22242.16667,1475016.25,13964.9765
2000/1/4 10:00,23490.28333,1542205.25,14394.79167
2000/1/4 10:01,22899.03333,1457088.333,13971.20983
2000/1/4 10:02,25394.6,1712113.667,15221.7065
2000/1/4 10:03,24149.78333,1651426,14637.93283
2000/1/4 10:04,23462.58333,1630011.667,14223.5355
2000/1/4 10:05,26161.56667,1777464.083,15471.1235
2000/1/4 10:06,25717.13333,1740789.5,15175.19317
2000/1/4 10:07,26657.78333,1774715.25,15975.56633
2000/1/4 10:08,25641.25,1793370.417,15511.99983
2000/1/4 10:09,28127.85,2051526.167,17691.7485
2000/1/4 10:10,25171.13333,1819430.667,16074.634
2000/1/4 10:11,27160.16667,1901014.167,17006.29383
2000/1/4 10:12,26851.81667,1823588.167,16570.0915
2000/1/4 10:13,30139.31667,2146740,16659.70333
2000/1/4 10:14,27877.76667,1785195.083,15771.99667
2000/1/4 10:15,26377.71667,1647324.25,14830.29333
2000/1/4 10:16,30804.88333,1948608.5,17602.79283
2000/1/4 10:17,28437.23333,1755479.333,16132.75267
2000/1/4 10:18,26455.85,1593782.583,14969.36983
2000/1/4 10:19,28039.85,1770064.417,15396.047
2000/1/4 10:20,27985,1733148.667,15581.0985
2000/1/4 10:21,25447.81667,1518038.333,14714.554
2000/1/4 10:22,24279.5,1448362.75,14229.71767
2000/1/4 10:23,23354.28333,1421664.333,13932.1115
2000/1/4 10:24,23324.4,1411104.833,13893.9225
2000/1/4 10:25,22986.45,1379305.833,13587.88483
2000/1/4 10:26,22109.48333,1300468.833,13117.29967
2000/1/4 10:27,22146.95,1333327.083,13132.39417
2000/1/4 10:28,22105.56667,1326422.5,13102.2095
2000/1/4 10:29,25510.21667,1512028.167,15657.42117
2000/1/4 10:30,23118.1,1331163.5,14436.82667
2000/1/4 10:31,22540.98333,1300116.667,14227.17467
2000/1/4 10:32,22070.23333,1271776.667,14004.066
2000/1/4 10:33,22289.28333,1283242.833,14081.11233
2000/1/4 10:34,26528.83333,1494901.583,16476.19767
2000/1/4 10:35,26885.95,1427066.667,16343.91383
2000/1/4 10:36,44195,3124541,20734.16383
2000/1/4 10:37,38528.93333,2715295.833,18456.62883
2000/1/4 10:38,22715.98333,1173323.25,13455.08933
2000/1/4 10:39,91203.83333,8022033.583,34267.33683
2000/1/4 10:40,91526.73333,8027853,34387.7775
2000/1/4 10:41,96308.13333,8570126.417,35682.765
2000/1/4 10:42,83910.58333,7329954.833,32162.96433
2000/1/4 10:43,47332.31667,3558292.917,21476.45933
2000/1/4 10:44,25553.63333,1582153.583,13582.72233
2000/1/4 10:45,22700.51667,1322453.583,12558.1955
2000/1/4 10:46,18329.53333,1071503.167,10085.27283
2000/1/4 10:47,18124.75,1037503,10280.7875
2000/1/4 10:48,13486.2,690998.25,8134.316
2000/1/4 10:49,13546.18333,683169,8067.709667
2000/1/4 10:50,27047,1430840.667,15277.205
2000/1/4 10:51,23751.96667,1187695.167,13827.18233
2000/1/4 10:52,21962.38333,1107333.75,13032.78167
2000/1/4 10:53,19196.28333,969462.75,11440.482
2000/1/4 10:54,19186.53333,969299.5833,11439.02833
2000/1/4 10:55,13362.35,672408,7960.240833
2000/1/4 10:56,11098.41667,568085.5,6769.871833
2000/1/4 10:57,10491.96667,609157.0833,6303.327167
2000/1/4 10:58,9334.283333,536504.4167,5595.832333
2000/1/4 10:59,7822.9,463558.4167,4774.593
2000/1/4 11:00,7460.616667,457779.5833,4666.505333
2000/1/4 11:01,8313.016667,486807.5833,4898.273333
2000/1/4 11:02,7508.866667,448301.9167,4662.947667
2000/1/4 11:03,8484.566667,494699.6667,5053.803667
2000/1/4 11:04,8380.766667,506457.5,4837.62
2000/1/4 11:05,7957.533333,490201.3333,4606.610667
2000/1/4 11:06,8569.083333,529662.0833,4839.1825
2000/1/4 11:07,8556.233333,543617.5,4854.323833
2000/1/4 11:08,7776.3,471622.5,4483.053833
2000/1/4 11:09,7726.316667,460282.25,4363.061667
2000/1/4 11:10,8346.366667,520293.6667,4651.718667
2000/1/4 11:11,8164.816667,509491.3333,4580.193833
2000/1/4 11:12,7995.65,483593.3333,4490.543667
2000/1/4 11:13,9252.083333,500363.8333,5195.683167
2000/1/4 11:14,8852.766667,472237.5,4985.509667
2000/1/4 11:15,8081.066667,428201,4579.586333
2000/1/4 11:16,7405.383333,394797.8333,4222.97
2000/1/4 11:17,8787.1,539527.75,4824.549833
2000/1/4 11:18,9015.733333,571585.4167,4865.002667
2000/1/4 11:19,21231.85,1184047,11771.1725
2000/1/4 11:20,23015.68333,1271206.667,12540.83967
2000/1/4 11:21,22807.7,1260655,12420.987
2000/1/4 11:22,21589.16667,1200745.417,11852.14583
2000/1/4 11:23,15689.15,847050.3333,8664.4625
2000/1/4 11:24,9016.066667,531932.5833,4811.726833
2000/1/4 11:25,9850.55,581342.5,5203.665667
2000/1/4 11:26,14420.68333,1236047.5,6957.830167
2000/1/4 11:27,11201.35,1061118.333,6380.523833
2000/1/4 11:28,10752.86667,1029955.333,6102.257667
2000/1/4 11:29,10839.96667,1030105.25,6133.269
2000/1/4 11:30,14273.25,1218340.583,7928.451333
2000/1/4 11:31,12457.5,909730.8333,6962.125167
2000/1/4 11:32,19417.33333,1217828.75,9784.368833
2000/1/4 11:33,17233.3,1102135,8368.1185
2000/1/4 11:34,16347.86667,1056049.167,8007.740333
2000/1/4 11:35,21981.1,1322275.083,11523.547
2000/1/4 11:36,18914.7,1167294.167,9704.251
2000/1/4 11:37,16859.91667,1149899.167,8064.033833
2000/1/4 11:38,18368.21667,1333418.083,8732.4005
2000/1/4 11:39,16215.35,1115646,7871.296667
2000/1/4 11:40,16307.98333,1167931.333,7741.549167
2000/1/4 11:41,16297.46667,1176991.25,7837.863333
2000/1/4 11:42,14311.65,983734.6667,7104.693167
2000/1/4 11:43,14292.65,981600.1667,7010.291833
2000/1/4 11:44,14611.18333,995150,7121.6945
2000/1/4 11:45,20834.26667,1560766.083,9081.8245
2000/1/4 11:46,16067.66667,1083662.083,7662.731167
2000/1/4 11:47,18654.43333,1350806,8783.541333
2000/1/4 11:48,17357.7,1267522.417,8292.853167
2000/1/4 11:49,16428.4,1186028.083,7883.731167
2000/1/4 11:50,19701.43333,1415250.917,9546.328667
2000/1/4 11:51,18964,1355820.833,9357.814833
2000/1/4 11:52,21949.05,1694515.417,10027.29
2000/1/4 11:53,23861.75,1959853.25,10514.1055
2000/1/4 11:54,17188.28333,1290603.333,8406.605167
2000/1/4 11:55,62513.98333,5821722,22267.03117
2000/1/4 11:56,61472.85,5664857,21758.39217
2000/1/4 11:57,60887.65,5607988.5,21493.51667
2000/1/4 11:58,33948.45,2918765.5,13633.58817
2000/1/4 11:59,16741.86667,1215213.417,8523.0345
2000/1/4 12:00,27808.71667,2319951.083,11943.251
2000/1/4 12:01,25184.23333,2056377.5,10971.85433
2000/1/4 12:02,15872.81667,1117871.917,8033.2935
2000/1/4 12:03,26430.75,2136617.167,11474.04833
2000/1/4 12:04,15559.31667,1106334.333,7147.02
2000/1/4 12:05,15459.45,970453.75,7359.106
2000/1/4 12:06,22600.06667,1694069,10280.10083
2000/1/4 12:07,19861.35,1451448.833,8924.287833
2000/1/4 12:08,219706.7,21399201.42,68961.08867
2000/1/4 12:09,281856.6167,27622974.17,87184.739
2000/1/4 12:10,282562.4,27627369,87188.571
2000/1/4 12:11,281723.0167,27558279.67,86908.06133
2000/1/4 12:12,281440.3333,27614939.75,86733.315
2000/1/4 12:13,280312.6167,27494896.08,86188.8045
2000/1/4 12:14,237286.0833,23205463.75,73103.01917
2000/1/4 12:15,185424.1833,17819425.83,58363.4695
2000/1/4 12:16,127020.0833,11875516.42,42443.09
2000/1/4 12:17,121637.8833,11428825.67,40341.0555
2000/1/4 12:18,120678.9167,11366931.17,39809.32817
2000/1/4 12:19,118864.0667,11354495.83,38204.89067
2000/1/4 12:20,125381.9833,11899158,40559.98733
2000/1/4 12:21,120245.2,11497971,38335.4415
2000/1/4 12:22,120981.4333,11557360.5,38451.9485
2000/1/4 12:23,122533.7167,11590962.5,39311.71417
2000/1/4 12:24,122646.1333,11736188,39598.14817
2000/1/4 12:25,121936.6333,11702009.75,39256.09817
2000/1/4 12:26,121196.1333,11652024.92,38947.81433
2000/1/4 12:27,100913.9667,9663105.667,33587.03067
2000/1/4 12:28,49123.68333,4478586,17736.41017
2000/1/4 12:29,22353.9,1742303.417,9645.908333
2000/1/4 12:30,87831.43333,8283789.833,29773.54983
2000/1/4 12:31,100579.75,9868838.583,32733.44417
2000/1/4 12:32,96831.48333,9503745,31305.28567
2000/1/4 12:33,81222.76667,7982779.25,26343.9025
2000/1/4 12:34,79209.71667,7809419.167,26006.78633
2000/1/4 12:35,80341.15,7916922.75,26652.44817
2000/1/4 12:36,79287.8,7789269.083,26125.93617
2000/1/4 12:37,45445.05,4182765.667,16541.24433
2000/1/4 12:38,17583.83333,1392751.583,8207.647667
2000/1/4 12:39,16486.41667,1313546.667,7703.483167
2000/1/4 12:40,15134.63333,1260111.5,6600.514
2000/1/4 12:41,12651.51667,1110664.917,5547.299667
2000/1/4 12:42,11946.93333,1059820.167,5320.128833
2000/1/4 12:43,10793.18333,949154.6667,4810.462667
2000/1/4 12:44,11246.76667,985687.75,4991.541
2000/1/4 12:45,11241.55,933938.3333,5014.7405
2000/1/4 12:46,11702.48333,999485.1667,5177.847333
2000/1/4 12:47,15131.96667,1297975.833,7227.832833
2000/1/4 12:48,12866.7,1061167.833,7006.2555
2000/1/4 12:49,11677.5,978628.9167,6569.8785
2000/1/4 12:50,24137.16667,2127664.333,10425.84617
2000/1/4 12:51,21204.35,1876644.917,8784.391667
2000/1/4 12:52,23347.41667,2091543.917,9171.011167
2000/1/4 12:53,22564.96667,2011412.833,8871.853167
2000/1/4 12:54,19277.75,1684655.917,7862.237
2000/1/4 12:55,13112.73333,1069925.167,6226.363167
2000/1/4 12:56,11281.13333,885432.4167,5146.182333
2000/1/4 12:57,10671.36667,824489.9167,4851.1875
2000/1/4 12:58,10659.38333,824776.1667,4850.464333
2000/1/4 12:59,10845.38333,835131.6667,4946.411833
2000/1/4 13:00,10530.85,798985.4167,4851.369
2000/1/4 13:01,11597.73333,866187.0833,4980.679167
2000/1/4 13:02,10714.53333,829641.4167,4593.8935
2000/1/4 13:03,10272.08333,797041.3333,4474.567
2000/1/4 13:04,10624.25,859965.25,4673.133833
2000/1/4 13:05,140688.1,13884624.58,43650.67983
2000/1/4 13:06,140045.0167,13810780.5,43461.55133
2000/1/4 13:07,146324.45,14140769.33,46621.44033
2000/1/4 13:08,146396.6167,14126135.42,46747.686
2000/1/4 13:09,143280.0833,13922049.17,45287.29533
2000/1/4 13:10,135510.2167,13206147.58,42683.81767
2000/1/4 13:11,115719.2,11290687,36488.03067
2000/1/4 13:12,151647.7833,14881734.92,47612.99117
2000/1/4 13:13,117864.4833,11536090.33,37298.544
2000/1/4 13:14,105311.1833,10303418.67,33754.984
2000/1/4 13:15,84742.76667,8067805.583,28105.39583
2000/1/4 13:16,85744.56667,8094980.333,28501.942
2000/1/4 13:17,84139.76667,8014738.333,27621.40033
2000/1/4 13:18,86436.75,8246975,28428.595
2000/1/4 13:19,33729.86667,3000834.917,12661.55483
2000/1/4 13:20,98271.75,9397264.167,32364.2015
2000/1/4 13:21,102198.7,9703125.583,34886.1005
2000/1/4 13:22,97382.93333,9260464.917,33052.771
2000/1/4 13:23,91594.85,8820073.333,30980.67283
2000/1/4 13:24,90269.1,8770909,30380.76017
2000/1/4 13:25,91059.35,8885729.25,31031.61667
2000/1/4 13:26,78085.75,7584856.583,27266.618
2000/1/4 13:27,56021.35,5373567.417,20580.70667
2000/1/4 13:28,75057.78333,7284603.333,27909.004
2000/1/4 13:29,82232.9,7925477.083,30112.35583
2000/1/4 13:30,71285.03333,6781959,29156.085
2000/1/4 13:31,57653.25,5444017.333,24382.34867
2000/1/4 13:32,104116.3667,9667715.833,45816.7755
2000/1/4 13:33,256958.4667,24864371.17,90684.433
2000/1/4 13:34,227855.7667,21981287.5,78917.97633
2000/1/4 13:35,209583.05,20144390.5,70659.21983
2000/1/4 13:36,203602.9333,19565456.58,67833.131
2000/1/4 13:37,196196.7167,19064429.17,64176.69317
2000/1/4 13:38,195932.3167,18904681.08,64466.67017
2000/1/4 13:39,155233.4333,14874319.17,52023.63133
2000/1/4 13:40,112078.8333,10560062.08,39268.11283
2000/1/4 13:41,32381.7,2600594.667,15309.57733
2000/1/4 13:42,36067.33333,2570551.333,18450.93183
2000/1/4 13:43,101054.45,9065594.25,37872.00867
2000/1/4 13:44,101774.0333,9140656.917,38098.2205
2000/1/4 13:45,104368.1333,9425717.25,38992.706
2000/1/4 13:46,107674.1,9774526.333,40639.28317
2000/1/4 13:47,116084,10203054.08,45354.39583
2000/1/4 13:48,111797.45,9801411.583,43373.0105
2000/1/4 13:49,105315.9333,9428958.167,39588.85733
2000/1/4 13:50,106210.9,9469157.167,40008.21733
2000/1/4 13:51,108002.2833,9677591.417,41407.4975
2000/1/4 13:52,104196.5833,9325704.333,40115.07583
2000/1/4 13:53,103779.6,9295613.083,39927.47683
2000/1/4 13:54,79296.31667,6833820.417,32900.70683
2000/1/4 13:55,36447.86667,2587445.25,19571.1445
2000/1/4 13:56,136433.95,12587704.92,49213.3555
2000/1/4 13:57,120122.9833,10902699.75,43930.532
2000/1/4 13:58,99127.68333,8820699.917,37478.97567
2000/1/4 13:59,91385.48333,8487414.833,32913.8225
2000/1/4 14:00,81679.93333,7957066.25,27836.8975
2000/1/4 14:01,89285.48333,8655430,30883.60483
2000/1/4 14:02,102691.25,9990601,36427.93083
2000/1/4 14:03,99880.6,9702132.167,35264.9505
2000/1/4 14:04,164644.3667,16172628.17,54439.59417
2000/1/4 14:05,166565.0333,16323078,55628.61183
2000/1/4 14:06,120474.4167,11713688.75,40965.61733
2000/1/4 14:07,86923.33333,8320445.75,29719.20617
2000/1/4 14:08,84605.46667,8128704.833,28715.94633
2000/1/4 14:09,88036.26667,8495877.667,30057.78067
2000/1/4 14:10,86839.46667,8268961.833,29919.92267
2000/1/4 14:11,85694.03333,8148232.667,29288.419
2000/1/4 14:12,83772.78333,8012303.917,28652.98
2000/1/4 14:13,83501.98333,7988384.25,28747.9755
2000/1/4 14:14,83730.85,8054759.833,28680.833
2000/1/4 14:15,84092.85,8134402.667,28050.469
2000/1/4 14:16,52637.48333,5113061.25,18474.08167
2000/1/4 14:17,21265.1,1940196.75,10308.10717
2000/1/4 14:18,30827.35,2918127.833,12852.71433
2000/1/4 14:19,30149.26667,2864322,13081.16233
2000/1/4 14:20,31989.41667,3071353.917,13525.73933
2000/1/4 14:21,19446.33333,1791315.167,8570.3365
2000/1/4 14:22,18140.81667,1631070.417,7823.455333
2000/1/4 14:23,15068.25,1341758.833,6364.252
2000/1/4 14:24,17815.25,1684081.667,7180.748833
2000/1/4 14:25,15022.6,1411825.167,6026.309667
2000/1/4 14:26,17182.16667,1389601.083,7882.992667
2000/1/4 14:27,20467.05,1589680.083,9397.6945
2000/1/4 14:28,85654.55,8167606.167,28615.438
2000/1/4 14:29,116254.8,11307531.67,37416.2405
2000/1/4 14:30,114731.9333,11216091.42,36821.9025
2000/1/4 14:31,112350.7167,11125667,35398.237
2000/1/4 14:32,176498.4333,17564233.58,48107.91783
2000/1/4 14:33,176201.2333,17415150.17,48525.2985
2000/1/4 14:34,154971.35,15283580.92,43762.11933
2000/1/4 14:35,211736.2333,20958073.33,60808.56433
2000/1/4 14:36,187132.8833,18479856,55754.4005
2000/1/4 14:37,145319.85,14315332.5,46782.67883
2000/1/4 14:38,142892.1833,14110276.92,45954.923
2000/1/4 14:39,58129.71667,5663049.5,20212.82717
2000/1/4 14:40,44138.81667,4272538.667,16938.88467
2000/1/4 14:41,41058.3,3956119.833,16016.95883
2000/1/4 14:42,32969.95,3170619.583,13594.99883
2000/1/4 14:43,23034.15,1757410.333,11043.80317
2000/1/4 14:44,16396.38333,1233531.083,8020.622333
2000/1/4 14:45,15544.53333,1243527.25,7629.449333
2000/1/4 14:46,11811.5,1091001.5,5224.232333
2000/1/4 14:47,27772.18333,2702645.25,11696.666
2000/1/4 14:48,93645.16667,9307536.75,31856.21233
2000/1/4 14:49,154013.5833,15309353.25,51098.42683
2000/1/4 14:50,189642.5667,18835503.25,61274.7035
2000/1/4 14:51,188786.65,18687798.67,61009.5925
2000/1/4 14:52,148278.1667,14690768.5,48670.57683
2000/1/4 14:53,117484.4,11683017.58,38092.80083
2000/1/4 14:54,130077.3167,12960281.83,43504.46333
2000/1/4 14:55,173666.2333,17356484.75,52162.20817
2000/1/4 14:56,146604.0333,14650208.92,44071.06833
2000/1/4 14:57,97905.15,9780514.25,29061.2365
2000/1/4 14:58,63515.35,6369674.5,21205.9975
2000/1/4 14:59,87152.36667,8735793.583,23957.59117
2000/1/4 15:00,87559.08333,8756436.583,24196.9475
2000/1/4 15:01,87233.15,8673777.917,23950.73667
2000/1/4 15:02,118435.5833,11773409.33,33097.74083
2000/1/4 15:03,82727.85,8199706.417,26026.84633
2000/1/4 15:04,53077.08333,5247553.333,19892.03233
2000/1/4 15:05,47771.76667,4719640.083,17081.07283
2000/1/4 15:06,42229.21667,4199863.083,14501.4705
2000/1/4 15:07,41365,4049693,14155.3565
2000/1/4 15:08,41182.81667,4094702.333,13969.0815
2000/1/4 15:09,39846.46667,4000692.667,13381.4225
2000/1/4 15:10,51986.25,5209369.167,16947.90333
2000/1/4 15:11,47182.55,4696159,17530.954
2000/1/4 15:12,17178.73333,1700209.5,8451.984833
2000/1/4 15:13,18025.13333,1787237,8765.683667
2000/1/4 15:14,18443.61667,1829416.167,8971.288167
2000/1/4 15:15,83278.53333,8296018.417,28346.816
2000/1/4 15:16,82392.98333,8211856.917,28008.006
2000/1/4 15:17,81763.5,8153890.417,27786.12033
2000/1/4 15:18,83462.93333,8239203.833,28699.467
2000/1/4 15:19,80051.6,7894509.167,27429.46467
2000/1/4 15:20,50467.26667,4938825.75,17348.986
2000/1/4 15:21,47818.06667,4687226.083,15974.58867
2000/1/4 15:22,48229.58333,4667796.333,15992.70717
2000/1/4 15:23,47614.51667,4637666.167,15752.8505
2000/1/4 15:24,105596.1333,10413599.92,34869.47517
2000/1/4 15:25,79591.21667,7679687.917,27242.243
2000/1/4 15:26,81829.55,7973882.75,30583.10433
2000/1/4 15:27,94461.6,9228509.5,34355.40383
2000/1/4 15:28,79571.13333,7791903.167,27756.4085
2000/1/4 15:29,63030.05,6201695.5,21872.08683
2000/1/4 15:30,11121.11667,985191.8333,5375.855
2000/1/4 15:31,9538.033333,830088,4619.725167
2000/1/4 15:32,8497.95,750951.1667,4155.753333
2000/1/4 15:33,17949.33333,1610041.5,7166.986
2000/1/4 15:34,81940.86667,8012114.417,19783.46367
2000/1/4 15:35,74009.98333,7245981.25,17252.46867
2000/1/4 15:36,75917.28333,7363658.583,17994.71733
2000/1/4 15:37,147218.2833,14509193.67,32882.7875
2000/1/4 15:38,161247.9833,15999266.67,43987.5385
2000/1/4 15:39,108255.85,10745416.67,32840.46133
2000/1/4 15:40,43540.3,4292427.75,18024.67133
2000/1/4 15:41,30609.73333,2999358.833,15164.31717
2000/1/4 15:42,36338.26667,3583636.833,16916.68733
2000/1/4 15:43,29391.55,2891502.25,14736.50233
2000/1/4 15:44,27342.6,2682282.083,13501.5835
2000/1/4 15:45,11187.95,1067291,5439.363
2000/1/4 15:46,6939.833333,650369.5,3472.3685
2000/1/4 15:47,24157.53333,2367583.167,8612.216167
2000/1/4 15:48,65633.03333,6507006.833,21140.03083
2000/1/4 15:49,66624.21667,6618771.25,21687.1535
2000/1/4 15:50,68698.46667,6764974.417,22539.42767
2000/1/4 15:51,54549.15,5398388.5,20053.42533
2000/1/4 15:52,19561.48333,1920594.833,8995.429667
2000/1/4 15:53,18649.46667,1828664.75,8586.822333
2000/1/4 15:54,18153.51667,1799619.25,8352.212167
2000/1/4 15:55,13510.01667,1340305,6185.6295
2000/1/4 15:56,10912.35,992098.1667,4989.628667
2000/1/4 15:57,10808.26667,986327.75,4969.511833
2000/1/4 15:58,9785.683333,932537.4167,4382.354
2000/1/4 15:59,9763.083333,956645.3333,4349.136
2000/1/4 16:00,9268.15,917010.25,4121.575667
2000/1/4 16:01,10572.51667,969283.6667,4642.643167
2000/1/4 16:02,10002.63333,937932.5833,4401.9225
2000/1/4 16:03,28077.48333,2775974.5,9831.911833
2000/1/4 16:04,18574.91667,1833396.417,7043.305667
2000/1/4 16:05,9789.183333,954383.6667,5421.7525
2000/1/4 16:06,9920.633333,982741.0833,5458.476333
2000/1/4 16:07,9360.883333,920350.75,5161.9195
2000/1/4 16:08,10185.25,879513.5,5047.17
2000/1/4 16:09,6805.1,632219.5833,3536.563167
2000/1/4 16:10,6033.95,593913.75,3209.823833
2000/1/4 16:11,6974.083333,693030.0833,3805.568833
2000/1/4 16:12,5861.816667,582223,3177.860333
2000/1/4 16:13,6224.7,619206.75,3425.098
2000/1/4 16:14,7155.566667,645755,3686.6075
2000/1/4 16:15,10532.41667,808513,5071.342
2000/1/4 16:16,8546.7,706315.0833,4172.374
2000/1/4 16:17,5752.133333,557443.9167,3015.2485
2000/1/4 16:18,5652.116667,537607.1667,2949.731833
2000/1/4 16:19,37424.01667,3582759.833,18665.70717
2000/1/4 16:20,45900.88333,4449655.917,22043.02433
2000/1/4 16:21,27840.01667,2661281.167,13403.86217
2000/1/4 16:22,13246.88333,1120387.833,6540.724
2000/1/4 16:23,15633.95,1395841.167,7557.073
2000/1/4 16:24,12841.58333,1148916.917,6248.5435
2000/1/4 16:25,7764.283333,610733.5833,3790.252
2000/1/4 16:26,6353.983333,486069.5,3134.389167
2000/1/4 16:27,7724.066667,624500.9167,3847.591667
2000/1/4 16:28,8191.616667,643660.8333,4134.875333
2000/1/4 16:29,32154.33333,3060493.833,13177.16633
2000/1/4 16:30,22977.36667,2095464.583,10535.2895
2000/1/4 16:31,17303.31667,1634864.75,8465.2925
2000/1/4 16:32,15977.96667,1516202.667,7852.279
2000/1/4 16:33,15120.96667,1421579.5,7269.754167
2000/1/4 16:34,18231.1,1613624.083,8863.687167
2000/1/4 16:35,14836.28333,1430374,7027.551333
2000/1/4 16:36,12360.36667,1200189.917,5906.172333
2000/1/4 16:37,14772.63333,1402565.833,6967.5005
2000/1/4 16:38,13970.61667,1337253.75,6590.438667
2000/1/4 16:39,12701.25,1234177.75,6088.659667
2000/1/4 16:40,20236.15,1618110.833,10365.63917
2000/1/4 16:41,18589.33333,1518990,9575.9025
2000/1/4 16:42,14466.13333,1301684.333,7048.941167
2000/1/4 16:43,12110.41667,1167603.25,5754.8675
2000/1/4 16:44,13559.36667,1271355,6519.875
2000/1/4 16:45,13983.8,1324432.583,6774.1615
2000/1/4 16:46,13941.41667,1230016.083,5946.546333
2000/1/4 16:47,13198.98333,1169413.167,5640.933167
2000/1/4 16:48,12996.66667,1190628.583,6246.859
2000/1/4 16:49,16733.1,1312092.917,6700.104
2000/1/4 16:50,34051.2,3117875.083,11979.47483
2000/1/4 16:51,17703.66667,1482153.667,6982.658667
2000/1/4 16:52,17373.16667,1468654.75,6804.343833
2000/1/4 16:53,14498.28333,1316825,6261.5605
2000/1/4 16:54,14076.01667,1264897.917,6057.519167
2000/1/4 16:55,13127.16667,1172515.75,5619.765667
2000/1/4 16:56,13236.9,1190904.75,5628.175833
2000/1/4 16:57,14118.35,1282229.667,6067.9945
2000/1/4 16:58,13735.11667,1241906.333,5940.173
2000/1/4 16:59,10147.65,970304.3333,4710.187167
2000/1/4 17:00,1452.066667,124354.6667,456.8011667
2000/1/4 17:01,5110.133333,495353.9167,1505.525333
2000/1/4 17:02,553.2666667,39671.08333,192.6115
2000/1/4 17:03,628.05,51434.58333,298.7193333
2000/1/4 17:04,749.4166667,51066.75,246.4125
2000/1/4 17:05,446.9666667,31847.91667,156.9205
2000/1/4 17:06,138.5166667,5634.666667,17.16216667
2000/1/4 17:07,199.7666667,12373.41667,58.14616667
2000/1/4 17:08,127.4166667,5702.333333,14.14466667
2000/1/4 17:09,520.2166667,34853,191.1443333
2000/1/4 17:10,4974.7,317641.6667,1759.315167
2000/1/4 17:11,5306.066667,511893.5833,1946.348
2000/1/4 17:12,2861.05,271198.1667,1556.113
2000/1/4 17:13,3793.4,246526.25,1931.397
2000/1/4 17:14,2785.716667,167338.8333,1387.523
2000/1/4 17:15,4630.3,252176.8333,1940.052333
2000/1/4 17:16,3110.333333,156749,1158.971167
2000/1/4 17:17,2376.816667,117866.5833,942.3291667
2000/1/4 17:18,2668.95,132078.8333,1096.233667
2000/1/4 17:19,2417.4,122181.25,956.6765
2000/1/4 17:20,6325.166667,377592.9167,3217.885333
2000/1/4 17:21,9564.616667,618766.75,4174.7605
2000/1/4 17:22,9172.816667,595655.3333,3998.682833
2000/1/4 17:23,9410.166667,635640.6667,4088.296167
2000/1/4 17:24,11021.15,675253.0833,4515.907667
2000/1/4 17:25,9151.383333,580429.3333,4064.611833
2000/1/4 17:26,7615.366667,498188.4167,3302.522667
2000/1/4 17:27,7083.616667,493949.0833,3255.987
2000/1/4 17:28,4858.933333,319978.75,2451.7445
2000/1/4 17:29,11980.06667,1000573.417,4622.411833
2000/1/4 17:30,7846.683333,597172.6667,3537.380167
2000/1/4 17:31,5820.516667,352163.3333,3009.345167
2000/1/4 17:32,9663.183333,742251.0833,4208.023333
2000/1/4 17:33,10575.55,810587.9167,4627.936167
2000/1/4 17:34,9827.633333,754264.5,4235.809833
2000/1/4 17:35,11189.95,809606.25,4799.914333
2000/1/4 17:36,10368.71667,732701.6667,4489.954833
2000/1/4 17:37,8024.366667,616022.8333,3132.800167
2000/1/4 17:38,6301.133333,542151.1667,2266.4545
2000/1/4 17:39,5785.5,516458.5,2065.563333
2000/1/4 17:40,13167.26667,1251087,4311.498667
2000/1/4 17:41,11866.53333,1050119.917,4407.545667
2000/1/4 17:42,6898.133333,586006,2718.184333
2000/1/4 17:43,9993.033333,938566.4167,4619.0945
2000/1/4 17:44,5539.633333,509263.6667,3045.646167
2000/1/4 17:45,5700.166667,529137.75,3168.359167
2000/1/4 17:46,4312.116667,309619.5833,2196.975333
2000/1/4 17:47,2869.766667,205958.9167,1352.679
2000/1/4 17:48,4272.566667,280820.9167,1846.412
2000/1/4 17:49,3664.5,246791.25,1670.8935
2000/1/4 17:50,6113.666667,533980.6667,2415.839833
2000/1/4 17:51,5683.483333,507123.5,2333.678333
2000/1/4 17:52,2889.016667,244872.5,1369.682833
2000/1/4 17:53,25511.76667,1337192.333,14829.53333
2000/1/4 17:54,27242.66667,1421018.917,15775.50067
2000/1/4 17:55,20426.38333,1126406.833,11819.78433
2000/1/4 17:56,14498.2,839706,8060.0925
2000/1/4 17:57,5294.5,332354.25,2942.4685
2000/1/4 17:58,3689.783333,362589.5,1422.990833
2000/1/4 17:59,2308.466667,227236.5833,1140.204333
2000/1/4 18:00,2709.3,229803.5833,1326.060667
2000/1/4 18:01,1858.366667,150708,903.8566667
2000/1/4 18:02,4110.933333,263519.1667,2215.933167
2000/1/4 18:03,4299.383333,289321.6667,2305.4195
2000/1/4 18:04,3038.633333,168001.75,1671.779667
2000/1/4 18:05,4218.566667,218518.1667,2334.835333
2000/1/4 18:06,10860.71667,779940.4167,5273.8915
2000/1/4 18:07,9665.3,726520.5833,4608.022333
2000/1/4 18:08,7951.666667,620070.9167,3802.966
2000/1/4 18:09,6921.016667,565137.5,3395.994667
2000/1/4 18:10,6457.35,529850.6667,3203.3495
2000/1/4 18:11,6074.1,511127.9167,3040.241667
2000/1/4 18:12,6011.233333,508914.8333,3027.500833
2000/1/4 18:13,6039.483333,508208.4167,3017.687
2000/1/4 18:14,8106.866667,606068.8333,3957.7545
2000/1/4 18:15,7714.75,616172,3845.371667
2000/1/4 18:16,9097.766667,784433.8333,4774.0305
2000/1/4 18:17,6613.55,550786.6667,3343.971333
2000/1/4 18:18,6122.4,520531.6667,3133.829167
2000/1/4 18:19,6153.633333,521215.8333,3149.312833
2000/1/4 18:20,6621.8,544103.1667,3332.958333
2000/1/4 18:21,7551.15,590514.0833,3904.2165
2000/1/4 18:22,45814.88333,4434990.5,15601.46233
2000/1/4 18:23,37531.18333,3643612.167,13540.00867
2000/1/4 18:24,12535.13333,1029770.167,6577.79
2000/1/4 18:25,12611.23333,1004857.167,6614.7715
2000/1/4 18:26,10376.63333,877226.8333,5397.168
2000/1/4 18:27,9606.233333,796503.3333,5022.891833
2000/1/4 18:28,10032.98333,939928.5,5280.034667
2000/1/4 18:29,8706.433333,858916.3333,4641.450333
2000/1/4 18:30,10432.1,992025.1667,5402.4155
2000/1/4 18:31,10104.61667,824981.75,5301.2885
2000/1/4 18:32,10532,849311.4167,5409.288167
2000/1/4 18:33,9252.633333,756643.5,4709.214167
2000/1/4 18:34,9245.666667,789287.1667,4566.383333
2000/1/4 18:35,8062.516667,685630,4187.545
2000/1/4 18:36,7985.733333,624880.1667,4197.708833
2000/1/4 18:37,6781.583333,493370.25,3425.262333
2000/1/4 18:38,8822.733333,552493.3333,4876.521833
2000/1/4 18:39,8703.65,545531.6667,4829.933167
2000/1/4 18:40,5918.066667,405510.6667,3201.184167
2000/1/4 18:41,5347.833333,395644.3333,2787.568
2000/1/4 18:42,5042.133333,364578.3333,2710.5305
2000/1/4 18:43,7498.466667,577680.25,3985.823
2000/1/4 18:44,7179.1,545552.5,3811.3465
2000/1/4 18:45,7745.866667,572305,4090.704667
2000/1/4 18:46,7236.35,539589.4167,3830.864833
2000/1/4 18:47,7144.9,565013.6667,3745.715
2000/1/4 18:48,6799.333333,547750.75,3501.607167
2000/1/4 18:49,5760.666667,446434.1667,2917.810667
2000/1/4 18:50,4654.683333,363732.8333,2343.506833
2000/1/4 18:51,4007.633333,323063.75,2030.784833
2000/1/4 18:52,2547.4,233791,1267.277167
2000/1/4 18:53,7718.35,748921,2815.850167
2000/1/4 18:54,5254.6,504155.5,2134.837333
2000/1/4 18:55,2256.7,171938.3333,1205.178333
2000/1/4 18:56,2143.316667,160972.3333,1140.062167
2000/1/4 18:57,2113.466667,158076.8333,1126.557167
2000/1/4 18:58,2204.583333,167758.0833,1159.468833
2000/1/4 18:59,3199.383333,270422.8333,1530.255167
2000/1/4 19:00,1946.2,150479.6667,1069.116167
2000/1/4 19:01,3449.133333,287942.5,1853.871
2000/1/4 19:02,2979.8,259089.1667,1493.036
2000/1/4 19:03,2299.316667,163973.3333,1165.785167
2000/1/4 19:04,6498.433333,574428.0833,3095.230333
2000/1/4 19:05,7549.016667,616972.8333,3656.251667
2000/1/4 19:06,5475.783333,417958,2710.737
2000/1/4 19:07,19765.03333,1886220.833,6696.543
2000/1/4 19:08,4280.166667,348585.0833,2204.2475
2000/1/4 19:09,4167.7,238830.9167,2308.161333
2000/1/4 19:10,3280.483333,190683.1667,1796.015833
2000/1/4 19:11,3598.9,249471.1667,1987.6565
2000/1/4 19:12,4289.083333,279547.5833,2314.875667
2000/1/4 19:13,3796.266667,233237,2059.873333
2000/1/4 19:14,3560.966667,235355,1969.825
2000/1/4 19:15,2588.033333,140989.8333,1483.924333
2000/1/4 19:16,2386.55,124964.5833,1195.880333
2000/1/4 19:17,4674.616667,351956.9167,2185.845167
2000/1/4 19:18,3648.85,211590.3333,1912.407667
2000/1/4 19:19,3502.516667,201032.5,1873.778833
2000/1/4 19:20,9442.016667,820925.8333,3673.466167
2000/1/4 19:21,6237.766667,492888.3333,3009.05
2000/1/4 19:22,4166.433333,235454.9167,2265.789
2000/1/4 19:23,3621.05,201986.6667,1954.6
2000/1/4 19:24,3290.933333,185445.8333,1701.108
2000/1/4 19:25,3341.466667,186804.1667,1828.992667
2000/1/4 19:26,3593.65,205438.25,1927.497167
2000/1/4 19:27,3006.416667,170830,1568.069833
2000/1/4 19:28,4017.316667,205274.8333,1937.696
2000/1/4 19:29,3998.783333,218333.8333,1888.651833
2000/1/4 19:30,3012.25,199348.6667,1580.358167
2000/1/4 19:31,2230.683333,124894.8333,1205.507167
2000/1/4 19:32,2599.133333,151802.75,1348.8695
2000/1/4 19:33,2532.95,143969.4167,1323.197
2000/1/4 19:34,2632.25,161842.3333,1306.865667
2000/1/4 19:35,1953.65,107200.8333,994.4231667
2000/1/4 19:36,2489.916667,140692,1173.626833
2000/1/4 19:37,5156.933333,302047.4167,2259.561167
2000/1/4 19:38,4878.25,283669.5,2196.569667
2000/1/4 19:39,10424.45,908253.25,4369.1725
2000/1/4 19:40,8759.8,682723,3886.003
2000/1/4 19:41,4983.75,343926.3333,2261.059
2000/1/4 19:42,4413.066667,329010.9167,1964.3425
2000/1/4 19:43,3777.383333,300686.5833,1753.754333
2000/1/4 19:44,3294.4,286184.6667,1540.106667
2000/1/4 19:45,3060.8,246337.8333,1402.629833
2000/1/4 19:46,3034.883333,242436.1667,1418.017
2000/1/4 19:47,2502.933333,162321.6667,1179.965667
2000/1/4 19:48,3826.666667,297754.4167,1809.938
2000/1/4 19:49,2712.3,183440,1287.759667
2000/1/4 19:50,37876.11667,3711752.833,11746.5065
2000/1/4 19:51,19116.58333,1810044.25,6429.955333
2000/1/4 19:52,4337.4,281123.3333,2135.3225
2000/1/4 19:53,3925.766667,252753.8333,1968.651
2000/1/4 19:54,3390.083333,208247.3333,1750.1235
2000/1/4 19:55,3582.9,235966.5,1857.660333
2000/1/4 19:56,2974.75,192668,1601.016333
2000/1/4 19:57,7335.666667,633008.8333,3096.406833
2000/1/4 19:58,1420.133333,95493.66667,729.3638333
2000/1/4 19:59,867,45112.5,373.5498333
2000/1/4 20:00,3619.883333,317800.8333,1299.316667
2000/1/4 20:01,1297.066667,84764.75,586.7451667
2000/1/4 20:02,3077.566667,255456.6667,1501.490667
2000/1/4 20:03,3645.566667,324651.9167,1661.681833
2000/1/4 20:04,2021.95,182883.25,1093.331667
2000/1/4 20:05,747.8833333,62397.91667,364.7731667
2000/1/4 20:06,667.6666667,53068,281.069
2000/1/4 20:07,448.1166667,23730.41667,189.0501667
2000/1/4 20:08,525.1333333,27755.16667,221.4745
2000/1/4 20:09,656.4166667,42036.83333,292.932
2000/1/4 20:10,4697.866667,439015.5833,1458.860667
2000/1/4 20:11,3376.933333,318215.5,1096.229
2000/1/4 20:12,642.5666667,37263.91667,247.4095
2000/1/4 20:13,2947.65,206894.3333,1282.2455
2000/1/4 20:14,14787.21667,1115125.667,5683.4935
2000/1/4 20:15,9292.166667,756822.8333,3290.647667
2000/1/4 20:16,2613.166667,144430,1222.253667
2000/1/4 20:17,9359.816667,484215.8333,5169.579167
2000/1/4 20:18,12744.83333,743278.5833,6229.853167
2000/1/4 20:19,11405.96667,588205.8333,5936.484833
2000/1/4 20:20,12285.16667,662910.8333,6307.807
2000/1/4 20:21,11638.06667,650560.25,5921.278
2000/1/4 20:22,10429.51667,574820.1667,5133.8315
2000/1/4 20:23,8689.333333,485853,4501.971
2000/1/4 20:24,7117.716667,384118.5,3850.041167
2000/1/4 20:25,67275.4,6411004.5,21781.85983
2000/1/4 20:26,53083.26667,5009640.833,17773.5345
2000/1/4 20:27,7747.066667,489258.3333,4116.846333
2000/1/4 20:28,7278.1,452306.0833,3907.313333
2000/1/4 20:29,7395.8,464915.3333,3962.472333
2000/1/4 20:30,16848.91667,985782,9387.923167
2000/1/4 20:31,15197.8,845359.25,8660.867833
2000/1/4 20:32,13889.05,763280,7940.1615
2000/1/4 20:33,9576.366667,547228.25,4895.9655
2000/1/4 20:34,8809.666667,509075,4406.1135
2000/1/4 20:35,8370.583333,487583.9167,4237.630167
2000/1/4 20:36,9103.833333,554143,4528.520333
2000/1/4 20:37,8069.833333,502224.1667,3894.583
2000/1/4 20:38,7711.233333,482143.75,3742.0395
2000/1/4 20:39,9912.766667,569780.6667,5014.789833
2000/1/4 20:40,20905.78333,1232909.583,11093.9325
2000/1/4 20:41,11812.41667,687119.5833,6099.1355
2000/1/4 20:42,6515.483333,394187.6667,3224.354667
2000/1/4 20:43,5668.266667,362498.25,2763.609667
2000/1/4 20:44,5086.466667,335912.0833,2542.014
2000/1/4 20:45,6828.533333,415311.8333,3561.641833
2000/1/4 20:46,5943.383333,373523.5833,3079.3885
2000/1/4 20:47,5182.416667,336507.1667,2756.244167
2000/1/4 20:48,6522.116667,389350,3276.005
2000/1/4 20:49,6171.65,374161.8333,3067.6565
2000/1/4 20:50,6692.816667,396328.9167,3284.615167
2000/1/4 20:51,6906.966667,541666.3333,3522.464167
2000/1/4 20:52,5398.4,432135,2856.972
2000/1/4 20:53,4515.833333,403726.25,2446.835167
2000/1/4 20:54,6576.95,477594.9167,3296.028167
2000/1/4 20:55,6541.3,441460.5,3211.866833
2000/1/4 20:56,4648.016667,347058.9167,2344.644833
2000/1/4 20:57,3796.85,301190.8333,1982.6205
2000/1/4 20:58,3028.35,265001.0833,1731.4945
2000/1/4 20:59,5380.8,423733.3333,2810.819
2000/1/4 21:00,3786.75,285653.0833,2018.533333
2000/1/4 21:01,8749.616667,543825.5,4874.784167
2000/1/4 21:02,8510.366667,505434.6667,4708.816667
2000/1/4 21:03,8843.05,572802.75,4632.676333
2000/1/4 21:04,3938.333333,317354.75,1627.036333
2000/1/4 21:05,8318.983333,684846.8333,4736.6965
2000/1/4 21:06,10713.2,937573.6667,5800.969
2000/1/4 21:07,10128.25,874820.8333,5613.221
2000/1/4 21:08,9096.333333,791049.5,5073.8615
2000/1/4 21:09,8822.95,764198.5,4900.560667
2000/1/4 21:10,7616.433333,652257.5,3572.785
2000/1/4 21:11,5879.066667,436348.0833,2346.019333
2000/1/4 21:12,8897.016667,579934.25,2717.367667
2000/1/4 21:13,4843.666667,359172.1667,1843.619333
2000/1/4 21:14,4804.066667,326504.75,2091.8
2000/1/4 21:15,11378.88333,691866.8333,5805.984333
2000/1/4 21:16,9227.916667,558714.5,4919.2635
2000/1/4 21:17,9432.566667,633946.6667,5103.189167
2000/1/4 21:18,5598.65,328405.8333,3064.121833
2000/1/4 21:19,5256.116667,314967.9167,2893.528
2000/1/4 21:20,6275.833333,447901,3458.500833
2000/1/4 21:21,5159.966667,348516.8333,2948.245167
2000/1/4 21:22,6304.4,397418.75,3404.286333
2000/1/4 21:23,6779.433333,359118,3427.2435
2000/1/4 21:24,6238.05,406214.6667,2821.905667
2000/1/4 21:25,2489.633333,183936.8333,971.1051667
2000/1/4 21:26,1933.833333,145957.0833,733.6955
2000/1/4 21:27,2715.6,175782.8333,1103.535667
2000/1/4 21:28,2197.95,132784.1667,916.3638333
2000/1/4 21:29,2442.716667,139420.6667,1010.713833
2000/1/4 21:30,4918.2,321900.4167,1968.393
2000/1/4 21:31,6151.55,697374.25,3249.548667
2000/1/4 21:32,4768,567024.8333,2686.365
2000/1/4 21:33,2917.8,443752.8333,1925.111833
2000/1/4 21:34,2541.233333,413223.8333,1761.955833
2000/1/4 21:35,3241.666667,504678,2078.7495
2000/1/4 21:36,1934.866667,406156.8333,1597.5395
2000/1/4 21:37,2098,407454.5,1605.706833
2000/1/4 21:38,1563.35,364726.4167,1415.422333
2000/1/4 21:39,1601.866667,368865.8333,1414.667667
2000/1/4 21:40,12219.78333,899850.6667,7334.0555
2000/1/4 21:41,6267.783333,592309.3333,4047.939167
2000/1/4 21:42,1344.416667,346323.3333,1345.256333
2000/1/4 21:43,1369.766667,344095,1378.664
2000/1/4 21:44,3610.566667,461829.6667,1764.573667
2000/1/4 21:45,935.8333333,321751.6667,1154.740833
2000/1/4 21:46,1117.2,330080.4167,1235.2155
2000/1/4 21:47,3044.083333,527305.5833,2082.237333
2000/1/4 21:48,2253.75,439735.8333,1836.602833
2000/1/4 21:49,3396.716667,461908.0833,1784.860333
2000/1/4 21:50,3791.533333,433101.6667,1835.111
2000/1/4 21:51,3726.95,429450.4167,1760.8405
2000/1/4 21:52,4791.733333,504215,2178.173667
2000/1/4 21:53,7939.5,770715.0833,2897.679333
2000/1/4 21:54,5822.3,647639,2467.283833
2000/1/4 21:55,5120.733333,525141.3333,2415.306833
2000/1/4 21:56,4580.683333,563052.3333,2455.164667
2000/1/4 21:57,4852.75,609127.8333,2738.4905
2000/1/4 21:58,3399.066667,472652.5,2081.3695
2000/1/4 21:59,2584.316667,414122.75,1597.2365
2000/1/4 22:00,4394.383333,560629.75,2652.9855
2000/1/4 22:01,4381.533333,571778.6667,2672.951
2000/1/4 22:02,3779.016667,545139.3333,2424.600333
2000/1/4 22:03,6096.616667,659635.9167,3448.6825
2000/1/4 22:04,8051.916667,704670.8333,3469.825833
2000/1/4 22:05,12653,1097990.5,5041.251667
2000/1/4 22:06,13318.95,1167709.417,6223.0335
2000/1/4 22:07,10414.93333,1014744.167,5240.829
2000/1/4 22:08,3805.8,487632.0833,2238.658667
2000/1/4 22:09,3148.4,449069,1804.167
2000/1/4 22:10,2293.333333,394846.25,1530.794833
2000/1/4 22:11,1939.833333,372882.1667,1355.413333
2000/1/4 22:12,1622.466667,359366.6667,1195.6765
2000/1/4 22:13,1530.033333,354745.1667,1164.443667
2000/1/4 22:14,1468.4,351135,1148.203167
2000/1/4 22:15,3818.6,554296.75,2174.957167
2000/1/4 22:16,2702.783333,470153.4167,1641.747167
2000/1/4 22:17,3386.266667,548775.3333,1975.703333
2000/1/4 22:18,2058.966667,419311.75,1408.299
2000/1/4 22:19,1800.783333,404562.25,1327.6295
2000/1/4 22:20,2809.6,455357.6667,1734.835667
2000/1/4 22:21,4985.783333,556863.4167,2554.862167
2000/1/4 22:22,4094.283333,509675.4167,2210.604833
2000/1/4 22:23,4584.833333,559857.0833,2408.815167
2000/1/4 22:24,24303.48333,1547800.667,13358.34983
2000/1/4 22:25,23471.78333,1495776.167,12754.747
2000/1/4 22:26,21862.9,1466731.833,11740.20267
2000/1/4 22:27,18771.03333,1236051.25,10420.025
2000/1/4 22:28,18385.78333,1224813.667,10242.6365
2000/1/4 22:29,14158.81667,1016966.5,7861.7405
2000/1/4 22:30,15322.2,1072799.5,8292.631167
2000/1/4 22:31,15521.81667,1116123.083,8344.874
2000/1/4 22:32,14530.1,1035967.333,7970.5805
2000/1/4 22:33,14419.11667,1030989.417,7961.537
2000/1/4 22:34,15266.63333,1085518.917,8196.798333
2000/1/4 22:35,13568.46667,979642,7487.089833
2000/1/4 22:36,20652.1,1332691.833,11711.19
2000/1/4 22:37,19339.51667,1272448.083,10838.555
2000/1/4 22:38,14417.23333,1118350.083,7545.448333
2000/1/4 22:39,7185.566667,675755.6667,3850.555667
2000/1/4 22:40,36184.06667,2976046,16231.77083
2000/1/4 22:41,34030.55,2780271,15285.85467
2000/1/4 22:42,28641.36667,2552330.833,12697.38
2000/1/4 22:43,12767.91667,1384009.167,6040.579167
2000/1/4 22:44,9370.166667,1047826.25,4958.114333
2000/1/4 22:45,11928.73333,1240671.667,6208.9335
2000/1/4 22:46,9814.516667,1034214.917,5134.095333
2000/1/4 22:47,8185.583333,874425,4227.365333
2000/1/4 22:48,9123.916667,879258.4167,4684.682833
2000/1/4 22:49,9319.9,916043.3333,4568.47
2000/1/4 22:50,8182.616667,817163.75,4190.006667
2000/1/4 22:51,9726.05,997039.3333,4965.9825
2000/1/4 22:52,7379.416667,786118.5,3838.766833
2000/1/4 22:53,8716.35,876062.0833,3956.174167
2000/1/4 22:54,9130.433333,963891.5,4520.505333
2000/1/4 22:55,7682.066667,834365.8333,3751.026833
2000/1/4 22:56,7564.35,822223.25,3697.169667
2000/1/4 22:57,7523.95,825427.5,3668.083667
2000/1/4 22:58,7246.5,832249.1667,3626.653
2000/1/4 22:59,7840.733333,897211,4190.209
2000/1/4 23:00,19376.23333,1810876.333,7838.037167
2000/1/4 23:01,16084.15,1658132.167,6801.487833
2000/1/4 23:02,16510.11667,1693642.333,6843.1865
2000/1/4 23:03,17242.8,1668734.583,6735.982
2000/1/4 23:04,11937.11667,1153406.5,5519.496167
2000/1/4 23:05,12305.2,1203088.667,5850.388333
2000/1/4 23:06,9495.766667,925302.25,4912.907167
2000/1/4 23:07,5722.916667,498182.5,2832.528833
2000/1/4 23:08,4178.05,368508.3333,1818.8085
2000/1/4 23:09,4318.883333,377275.3333,1830.5395
2000/1/4 23:10,7948.15,597645.25,2843.187833
2000/1/4 23:11,10902.23333,1033377.5,4242.134167
2000/1/4 23:12,7783.133333,729846.6667,3212.116
2000/1/4 23:13,2441.4,219561.4167,978.0598333
2000/1/4 23:14,5182.9,346346.75,2561.197833
2000/1/4 23:15,2390.416667,225381.9167,1008.335
2000/1/4 23:16,2505.933333,217765.5,1098.051333
2000/1/4 23:17,3749.75,282714.8333,1841.619167
2000/1/4 23:18,7925,485763.5833,4964.651
2000/1/4 23:19,7133.933333,445199.8333,4518.902167
2000/1/4 23:20,8604.866667,518660.6667,5165.519833
2000/1/4 23:21,7508.866667,473308.8333,4734.145667
2000/1/4 23:22,5793.833333,402679.6667,3330.073
2000/1/4 23:23,16068.51667,1582998.167,7585.745667
2000/1/4 23:24,11693.51667,1147242.417,5448.515
2000/1/4 23:25,6647.85,437751.1667,3029.232
2000/1/4 23:26,6892.283333,444034.5,3180.961333
2000/1/4 23:27,7835.983333,484963.1667,3613.755167
2000/1/4 23:28,8511.783333,512716.4167,3790.2115
2000/1/4 23:29,8712.75,497885.0833,3921.386167
2000/1/4 23:30,7274.816667,407407.3333,3357.490833
2000/1/4 23:31,7672.716667,438435.6667,3355.462667
2000/1/4 23:32,7418.15,420246.75,3212.025833
2000/1/4 23:33,12211.3,968198.75,4439.1555
2000/1/4 23:34,10344.76667,789917.0833,4032.494833
2000/1/4 23:35,11252.45,863766.3333,4300.695667
2000/1/4 23:36,6197.983333,372514.1667,2785.047333
2000/1/4 23:37,6529.183333,340351.25,2759.5445
2000/1/4 23:38,19184.63333,1669123.333,6433.396667
2000/1/4 23:39,5460.65,265432.0833,1788.572167
2000/1/4 23:40,5757.5,297353.6667,1877.080167
2000/1/4 23:41,5934.016667,319028.75,1983.600833
2000/1/4 23:42,5867.883333,338735.5,1917.4605
2000/1/4 23:43,6164.45,328725.5833,2316.314167
2000/1/4 23:44,5267.916667,235513.9167,1798.1105
2000/1/4 23:45,5785.15,263603.8333,2236.315333
2000/1/4 23:46,16062.2,1380649.25,6047.298833
2000/1/4 23:47,64658.51667,6248273.417,20621.42083
2000/1/4 23:48,52576.83333,5030384.833,16692.01167
2000/1/4 23:49,26066.66667,2439613.5,8453.393667
2000/1/4 23:50,4586.45,292563,1978.764
2000/1/4 23:51,5389.333333,368674.3333,2314.822167
2000/1/4 23:52,3864.783333,226173.25,1459.781333
2000/1/4 23:53,2997.633333,159342.3333,980.3755
2000/1/4 23:54,4188.15,285651.6667,1590.018
2000/1/4 23:55,3931.833333,270434.5,1507.703333
2000/1/4 23:56,2834.433333,168230.8333,1021.355
2000/1/4 23:57,2505.7,139021.25,891.354
2000/1/4 23:58,2502.066667,136640.6667,887.5321667
2000/1/4 23:59,3563.916667,222208.0833,1338.448667
2000/1/5 0:00,18835.36667,1597686.75,6418.429
2000/1/5 0:01,23429.9,1821844.583,8101.101167
2000/1/5 0:02,22703.71667,1790288.583,7640.682833
2000/1/5 0:03,21309.7,1708498.5,6938.779167
2000/1/5 0:04,20929.96667,1692709.75,6811.237167
2000/1/5 0:05,23750.9,1832930.917,8200.968333
2000/1/5 0:06,25260.86667,1909092.583,8926.082333
2000/1/5 0:07,25352.83333,1911257.917,9002.023
2000/1/5 0:08,27837.06667,2033656.833,10093.3705
2000/1/5 0:09,27353.1,2011985,9908.181333
2000/1/5 0:10,25636.36667,1944575.5,9225.645667
2000/1/5 0:11,24814.3,1910847.917,8815.872667
2000/1/5 0:12,28384.61667,2204590.833,10069.30817
2000/1/5 0:13,29381.13333,2260560,10748.83667
2000/1/5 0:14,25296.08333,2067199.083,9196.231
2000/1/5 0:15,25723.5,2081235.25,9617.007667
2000/1/5 0:16,25355.78333,2017317.167,9535.765667
2000/1/5 0:17,24391.71667,1994352.75,8894.579667
2000/1/5 0:18,23877.23333,1982821.75,8843.236167
2000/1/5 0:19,34648.03333,3242098.667,12832.80167
2000/1/5 0:20,35319.85,3224492.583,13670.2895
2000/1/5 0:21,41044.08333,3872594.667,15195.04317
2000/1/5 0:22,39986.91667,3751716.25,14896.21883
2000/1/5 0:23,33782,3207213.333,13138.40817
2000/1/5 0:24,25487.8,2128253.917,9832.0455
2000/1/5 0:25,42733.1,2921959.167,16649.46933
2000/1/5 0:26,34319.76667,2074427.667,14490.71033
2000/1/5 0:27,16095.55,980669.8333,7679.519333
2000/1/5 0:28,20698.91667,1203172.75,10948.2185
2000/1/5 0:29,20763.53333,1218745.417,10928.19783
2000/1/5 0:30,16812.33333,1013842.583,8382.172667
2000/1/5 0:31,19194.13333,1290807.583,8765.848667
2000/1/5 0:32,18490.68333,1271870.917,8396.925667
2000/1/5 0:33,19348.63333,1328738.417,9025.118
2000/1/5 0:34,20400.56667,1298004.417,9921.096667
2000/1/5 0:35,17766.6,1117558.25,8733.192333
2000/1/5 0:36,17529.53333,1159350.25,8799.111167
2000/1/5 0:37,17564.31667,1160639.167,8742.684167
2000/1/5 0:38,16812.53333,1091983.583,8142.224333
2000/1/5 0:39,14880.6,958852.8333,6995.322833
2000/1/5 0:40,24176.55,1862173.25,10751.83083
2000/1/5 0:41,18790.71667,1411856.333,8476.130667
2000/1/5 0:42,10042.31667,686364.1667,4710.127
2000/1/5 0:43,9449.733333,655579.6667,4463.249833
2000/1/5 0:44,7727.233333,565806.75,3476.813167
2000/1/5 0:45,8971.5,702156.6667,4119.357
2000/1/5 0:46,7709.55,601137.5,3506.382333
2000/1/5 0:47,8445.3,675005.4167,3945.892667
2000/1/5 0:48,8353.366667,668150.25,3895.380667
2000/1/5 0:49,8280.033333,645082.25,3708.068333
2000/1/5 0:50,11070.33333,911232.6667,5067.5985
2000/1/5 0:51,9815.916667,763169.1667,4320.022
2000/1/5 0:52,7866.25,585739.8333,3397.812
2000/1/5 0:53,7520.5,572491.6667,3083.762
2000/1/5 0:54,6469.6,503677.5833,2658.195
2000/1/5 0:55,6455.616667,493842.5,2598.905833
2000/1/5 0:56,6202.15,477712.0833,2518.552833
2000/1/5 0:57,23116.2,1310794.583,12306.2035
2000/1/5 0:58,23086.9,1278580.75,12249.37733
2000/1/5 0:59,22877.93333,1298903.417,12467.884
2000/1/5 1:00,24407.55,1319463.5,13416.51867
2000/1/5 1:01,134835.9667,12030370.42,47062.79117
2000/1/5 1:02,134075.6333,12011937.08,47523.40433
2000/1/5 1:03,116628.7667,10473722.58,41089.78983
2000/1/5 1:04,116671.4167,10587460.75,41759.7295
2000/1/5 1:05,48170.41667,3794951.833,21105.02367
2000/1/5 1:06,26212.33333,1543415.083,14753.7575
2000/1/5 1:07,25808.91667,1536426.5,14195.679
2000/1/5 1:08,22981.31667,1309908.75,12402.582
2000/1/5 1:09,14260.86667,811135.75,7385.377167
2000/1/5 1:10,20651.01667,1136913.917,10995.313
2000/1/5 1:11,20394.9,1102579.083,10697.14033
2000/1/5 1:12,21006.66667,1100341.083,11160.34383
2000/1/5 1:13,16479.01667,891863,9193.071667
2000/1/5 1:14,3700.833333,232013.1667,1282.441667
2000/1/5 1:15,3892.3,234793.0833,1389.177167
2000/1/5 1:16,7990.783333,645765.6667,3402.325
2000/1/5 1:17,8249.2,626345.8333,3618.589667
2000/1/5 1:18,7809.233333,604652.25,3397.322667
2000/1/5 1:19,7097.216667,548259.6667,3031.437667
2000/1/5 1:20,10133,693990.4167,5227.7155
2000/1/5 1:21,7613.366667,449916.4167,4028.918167
2000/1/5 1:22,24402.3,1266089.25,13687.8675
2000/1/5 1:23,22293.31667,1199435.417,12771.006
2000/1/5 1:24,26271.33333,1492372.5,14766.2185
2000/1/5 1:25,24397.13333,1288304.167,13696.88933
2000/1/5 1:26,22149.98333,1159497.667,12257.20867
2000/1/5 1:27,13436.3,722993,7287.834167
2000/1/5 1:28,21827.78333,1215033.75,12391.9065
2000/1/5 1:29,152292.8667,14241415.17,51549.52083
2000/1/5 1:30,153232.4667,14297144.5,51893.32417
2000/1/5 1:31,154845.8333,14384589.25,52628.25467
2000/1/5 1:32,154632.5667,14353671.17,52889.35217
2000/1/5 1:33,154730.85,14374766.92,52986.56817
2000/1/5 1:34,156393.2,14503004.25,53917.662
2000/1/5 1:35,162241.6333,15129692.33,55291.62717
2000/1/5 1:36,154773.7,14396507.58,53039.50417
2000/1/5 1:37,163255.1,14952404.25,56479.99267
2000/1/5 1:38,289219.6833,27194885.83,102342.5752
2000/1/5 1:39,283641.8333,26590798.33,100125.0807
2000/1/5 1:40,260066.8167,24356335.25,88323.49633
2000/1/5 1:41,258140.6833,24307580.67,85689.71967
2000/1/5 1:42,255850.7333,23997764,85456.48383
2000/1/5 1:43,255196.55,23970610.17,85336.74383
2000/1/5 1:44,212834.3667,19681036.42,73731.392
2000/1/5 1:45,169247.8833,15358856.58,60407.41667
2000/1/5 1:46,179276.9333,16380346.42,63610.0455
2000/1/5 1:47,176080.5333,16048395.75,62559.94867
2000/1/5 1:48,169809.3833,15394193.08,60402.777
2000/1/5 1:49,169176.2333,15381939.42,60004.67233
2000/1/5 1:50,167807.8667,15301447.17,59413.66267
2000/1/5 1:51,165954,15194316.83,58304.87183
2000/1/5 1:52,165087.9833,15142523.67,57845.61767
2000/1/5 1:53,164265.9667,15049773.17,57404.0785
2000/1/5 1:54,163657.3667,14997765.83,57067.523
2000/1/5 1:55,164222.2167,15048767.08,57370.39417
2000/1/5 1:56,163171.45,14999516.33,56834.51483
2000/1/5 1:57,160911.3,14863455.58,55517.4855
2000/1/5 1:58,166705.2833,15149829.5,58864.56483
2000/1/5 1:59,168738.95,15284841.67,60043.35117
2000/1/5 2:00,170936.8333,15404312.17,61101.36817
2000/1/5 2:01,221335.9167,20475754.17,75989.13183
2000/1/5 2:02,220416.2167,20361152.83,75405.62367
2000/1/5 2:03,227462.8833,20713259.08,78007.05417
2000/1/5 2:04,225911.4167,20631941,77387.5405
2000/1/5 2:05,227460.2,20708752.33,78538.3295
2000/1/5 2:06,224249.1667,20547438.5,77337.7645
2000/1/5 2:07,221137.5333,20413273.25,76183.8885
2000/1/5 2:08,222410.45,20477199.17,77006.06117
2000/1/5 2:09,218661.7167,20308280.83,74726.91167
2000/1/5 2:10,216271.2667,20233045.92,72995.79883
2000/1/5 2:11,215983.4167,20241901.67,73051.53667
2000/1/5 2:12,215511.3167,20168117.92,72940.43
2000/1/5 2:13,177264.9833,16370216.67,60839.34217
2000/1/5 2:14,161816,14865747.17,55773.8215
2000/1/5 2:15,161922.0333,14872818.33,55798.02783
2000/1/5 2:16,160194.7333,14741396.75,55063.938
2000/1/5 2:17,158053.5667,14568210.83,53843.52667
2000/1/5 2:18,107787.45,9608752.5,38262.981
2000/1/5 2:19,31551.23333,1845646.333,16396.487
2000/1/5 2:20,28927.51667,1697307.25,15217.6915
2000/1/5 2:21,34349.51667,2016386.75,18204.61717
2000/1/5 2:22,33297.55,1836605,17312.02967
2000/1/5 2:23,31452.81667,1689243.333,16579.3495
2000/1/5 2:24,30907.45,1682587.083,16336.04067
2000/1/5 2:25,36232.5,2113378.333,18357.743
2000/1/5 2:26,36401.71667,2090339.75,18267.77967
2000/1/5 2:27,83240.3,6950924.583,31374.009
2000/1/5 2:28,82435.51667,6910013.25,30983.3695
2000/1/5 2:29,83044.03333,6968333.5,31346.60717
2000/1/5 2:30,82339.51667,6910443,30877.35967
2000/1/5 2:31,86377.08333,7209611.583,32981.34917
2000/1/5 2:32,83771.28333,7046816.083,31693.53917
2000/1/5 2:33,82363.73333,6918316.833,31042.70283
2000/1/5 2:34,81855.66667,6880647.667,30797.90933
2000/1/5 2:35,81245.15,6843885.833,30421.97583
2000/1/5 2:36,79099.23333,6734420.583,29312.65067
2000/1/5 2:37,81021.56667,7057186.417,29830.661
2000/1/5 2:38,79610.23333,6958747.167,29337.5065
2000/1/5 2:39,79448.91667,6956991.083,28744.09433
2000/1/5 2:40,79757.71667,7000489.833,29562.16717
2000/1/5 2:41,82009.81667,7136047.083,29840.72467
2000/1/5 2:42,40348.25,3079040.583,16532.21217
2000/1/5 2:43,31646.91667,1920921.167,20195.42917
2000/1/5 2:44,37156.98333,2128228.583,23883.57133
2000/1/5 2:45,36100.41667,1910711,20346.3095
2000/1/5 2:46,35957.6,1865006.417,19128.67717
2000/1/5 2:47,36571.71667,1877587.5,19305.67067
2000/1/5 2:48,34577.01667,1769199.333,18254.03783
2000/1/5 2:49,25513.03333,1314097.667,13179.86283
2000/1/5 2:50,19841.71667,1018288.583,10043.857
2000/1/5 2:51,18891.61667,979278.75,9374.637833
2000/1/5 2:52,17784.01667,920100.0833,8920.5345
2000/1/5 2:53,17489.31667,923891.6667,8970.677667
2000/1/5 2:54,17730.16667,902152.8333,9195.6675
2000/1/5 2:55,18565.33333,949971.1667,9560.704333
2000/1/5 2:56,22872.45,1463643.833,10422.398
2000/1/5 2:57,17855.78333,1076348,8168.002333
2000/1/5 2:58,12935.46667,656892.0833,6295.0055
2000/1/5 2:59,10215.78333,513047.9167,4715.590833
2000/1/5 3:00,20318.46667,1051393.5,10631.77233
2000/1/5 3:01,19457.63333,1000131,10295.81783
2000/1/5 3:02,20305.7,1058134.167,10418.93433
2000/1/5 3:03,83683.68333,4240620.417,35083.71117
2000/1/5 3:04,78866.05,4032867.5,32047.9305
2000/1/5 3:05,74880.8,3795786.417,30119.43433
2000/1/5 3:06,28950.96667,1506704.417,11936.60917
2000/1/5 3:07,13445.7,723894.5,6230.4905
2000/1/5 3:08,15408.26667,824354.9167,7283.141
2000/1/5 3:09,17523.8,923156.5,8943.750833
2000/1/5 3:10,17242.98333,937207.5,8785.924167
2000/1/5 3:11,14583.68333,788412.8333,7405.097167
2000/1/5 3:12,13186.38333,716522.9167,6782.118667
2000/1/5 3:13,18620.71667,995744,9716.765167
2000/1/5 3:14,13565.98333,748565.6667,6701.360333
2000/1/5 3:15,34646.58333,2888062.833,10849.85233
2000/1/5 3:16,35860.18333,3136835.667,11532.84833
2000/1/5 3:17,40735.3,3216712.417,16618.45667
2000/1/5 3:18,25425.31667,1565284.417,13675.12717
2000/1/5 3:19,26590.81667,1694459.167,14078.971
2000/1/5 3:20,28196.13333,1735230.5,14845.11783
2000/1/5 3:21,28444.58333,1629544.5,15413.9415
2000/1/5 3:22,20711.06667,1207420,11018.14
2000/1/5 3:23,24716.1,1923110.25,9520.679
2000/1/5 3:24,16487.88333,991856.5833,8373.277833
2000/1/5 3:25,11247.55,696965.75,5546.775
2000/1/5 3:26,11066.83333,703835.75,5442.384833
2000/1/5 3:27,16730.78333,983990,8698.037667
2000/1/5 3:28,16127.91667,999683.75,8144.061333
2000/1/5 3:29,18989.66667,1139042.75,9585.189
2000/1/5 3:30,23636.21667,1330685.75,12087.30717
2000/1/5 3:31,19421.88333,1100961.083,9892.258167
2000/1/5 3:32,20992.53333,1194691.25,10258.11933
2000/1/5 3:33,17100.03333,1007273.167,8201.906167
2000/1/5 3:34,15898.25,958838.3333,7493.614833
2000/1/5 3:35,13462.61667,786905.4167,6188.952667
2000/1/5 3:36,11436.55,650482.3333,5227.613167
2000/1/5 3:37,11144.2,628917.1667,5178.945667
2000/1/5 3:38,11210.01667,622434.1667,5187.426833
2000/1/5 3:39,9629.733333,521143.4167,4512.506333
2000/1/5 3:40,10544.08333,575924.9167,4960.574833
2000/1/5 3:41,10597.71667,610946.5,5045.338667
2000/1/5 3:42,9473.5,564908.25,4294.263833
2000/1/5 3:43,10717.4,647978.8333,4766.2445
2000/1/5 3:44,9160.783333,535953,4028.5915
2000/1/5 3:45,55192.23333,4548349.667,21046.275
2000/1/5 3:46,54436.11667,4483738.75,20787.68317
2000/1/5 3:47,37433.5,2721127.5,16170.259
2000/1/5 3:48,62630.66667,3937480.167,31059.1955
2000/1/5 3:49,60513.38333,3840225.417,30034.756
2000/1/5 3:50,58828.51667,3726812.75,29357.05567
2000/1/5 3:51,54212.95,3550151.167,26594.43667
2000/1/5 3:52,19755.95,1445136.583,8487.482333
2000/1/5 3:53,19924.2,1283708,8692.716167
2000/1/5 3:54,19933.45,1260994.5,8876.9785
2000/1/5 3:55,18659.83333,1186505.833,8291.436167
2000/1/5 3:56,18171.83333,1171572.833,7784.21
2000/1/5 3:57,124428.7833,11923693.25,39359.98117
2000/1/5 3:58,123463.2833,11837619.42,39060.79583
2000/1/5 3:59,83176.4,7876482.917,26553.27617
2000/1/5 4:00,78435.93333,7370799.417,25610.199
2000/1/5 4:01,78762.03333,7401077.167,25569.19717
2000/1/5 4:02,16660.25,1167878,7379.120833
2000/1/5 4:03,18735.05,1063339.167,10037.208
2000/1/5 4:04,17722.01667,1012391.417,9473.141833
2000/1/5 4:05,26063.3,1434290.833,13977.409
2000/1/5 4:06,23854.93333,1315031.667,13118.596
2000/1/5 4:07,20873.33333,1140685.667,11230.77217
2000/1/5 4:08,17012.31667,894326.5,9154.436167
2000/1/5 4:09,17418.46667,910054.75,9401.689667
2000/1/5 4:10,20543.48333,1167382.5,10299.629
2000/1/5 4:11,22980.11667,1386381,12124.32317
2000/1/5 4:12,19080.6,1081783.833,10064.14117
2000/1/5 4:13,19471.28333,1067555.417,10163.2705
2000/1/5 4:14,21732.4,1145342.333,11778.21667
2000/1/5 4:15,23851.63333,1240665,13074.958
2000/1/5 4:16,20190.33333,1068090.75,10927.95183
2000/1/5 4:17,25344.21667,1510010.583,13369.99533
2000/1/5 4:18,25388.61667,1356586.833,12859.29933
2000/1/5 4:19,29143.06667,1613280.167,14258.725
2000/1/5 4:20,27370.46667,1533642.083,13389.5505
2000/1/5 4:21,25763.16667,1466580.083,12445.897
2000/1/5 4:22,22550.21667,1317068.75,10894.324
2000/1/5 4:23,20775.26667,1211827.167,10327.55267
2000/1/5 4:24,20786.58333,1199151.417,10359.39467
2000/1/5 4:25,20478.36667,1125040.167,10400.45817
2000/1/5 4:26,17623.45,942580.3333,9008.7105
2000/1/5 4:27,23323.25,1211507.5,12573.02233
2000/1/5 4:28,43323.48333,3243900.833,18370.366
2000/1/5 4:29,42747.83333,3236043.333,18307.6685
2000/1/5 4:30,23837.23333,1447055,12090.09283
2000/1/5 4:31,27614.15,1698948.667,13830.2625
2000/1/5 4:32,20426.16667,1303935,9759.342167
2000/1/5 4:33,33795.85,2561299.333,13030.30867
2000/1/5 4:34,24147.41667,1367188.917,11044.14783
2000/1/5 4:35,17731.48333,956172.3333,8248.287
2000/1/5 4:36,13899.91667,744173.8333,6578.721
2000/1/5 4:37,10574.2,586648.6667,4666.912667
2000/1/5 4:38,13551.11667,728106.3333,6395.914667
2000/1/5 4:39,16145.46667,861870.5,8124.5085
2000/1/5 4:40,25799.33333,2001844.167,10911.486
2000/1/5 4:41,21045.95,1544042.25,9248.176167
2000/1/5 4:42,19964.73333,1166979.333,9980.705333
2000/1/5 4:43,26195.26667,1658954.333,12372.23717
2000/1/5 4:44,25051.03333,1593320.25,11769.431
2000/1/5 4:45,23918.88333,1437975.25,11433.74667
2000/1/5 4:46,21446.21667,1220839.083,9219.049833
2000/1/5 4:47,21455.63333,1251532.5,9683.989167
2000/1/5 4:48,19748.73333,1134111.917,9707.031333
2000/1/5 4:49,18163.4,1016923.333,8958.700667
2000/1/5 4:50,17295.41667,1040621,8159.723833
2000/1/5 4:51,15315.75,879100.25,7024.3035
2000/1/5 4:52,15413.91667,864928.25,6914.974167
2000/1/5 4:53,12579.75,696382.9167,5876.925
2000/1/5 4:54,19749.05,994906.25,9965.564167
2000/1/5 4:55,20222.9,1035017.083,9925.6725
2000/1/5 4:56,20326.5,1187880.5,9521.319333
2000/1/5 4:57,19581.68333,1189235.417,9002.103167
2000/1/5 4:58,16919.73333,1027940.833,7715.449333
2000/1/5 4:59,26267.13333,1481992.167,13042.2675
2000/1/5 5:00,35313.36667,1971876,18054.70417
2000/1/5 5:01,39405.81667,2207792.167,19324.017
2000/1/5 5:02,40266.63333,2241617.917,20577.27983
2000/1/5 5:03,94326.78333,7903563.333,35927.5705
2000/1/5 5:04,87472.43333,7546421.417,32113.74783
2000/1/5 5:05,86034.21667,7448318.833,31448.39717
2000/1/5 5:06,106671.3333,9450802.5,37274.90583
2000/1/5 5:07,109555.95,10052116.17,36826.53617
2000/1/5 5:08,82953.35,7514514.083,29326.78517
2000/1/5 5:09,89327.9,8158236.083,30981.45167
2000/1/5 5:10,83566.95,7658445.083,28776.00667
2000/1/5 5:11,84034.28333,7422694.417,29586.2205
2000/1/5 5:12,106899.1167,8565314.25,45990.61033
2000/1/5 5:13,105480.95,8609847.667,44560.4905
2000/1/5 5:14,53113.35,3449586.5,28519.27983
2000/1/5 5:15,49650.85,3081692.833,28110.90733
2000/1/5 5:16,40341.33333,2364206.333,24820.75183
2000/1/5 5:17,35669.95,1972390.833,22262.395
2000/1/5 5:18,37325.53333,2041464,23332.1115
2000/1/5 5:19,42762.25,2322623.167,26362.65783
2000/1/5 5:20,41357.23333,2235120.417,25370.03117
2000/1/5 5:21,46454.7,2816225.5,26727.14567
2000/1/5 5:22,43374.96667,2555526.667,25492.3825
2000/1/5 5:23,37225.61667,1996686.833,23593.6915
2000/1/5 5:24,36867.88333,1991821.083,23314.22133
2000/1/5 5:25,36638.33333,1993660.833,23323.83267
2000/1/5 5:26,35538.2,1900181.917,22787.5395
2000/1/5 5:27,36221.71667,1946061.833,23033.845
2000/1/5 5:28,37853.28333,1999556.833,23694.71217
2000/1/5 5:29,36364.78333,1941924.167,23160.35317
2000/1/5 5:30,32337.15,1715950.833,20710.08383
2000/1/5 5:31,31834.68333,1707154.25,20475.49217
2000/1/5 5:32,30967.45,1621744,20137.58317
2000/1/5 5:33,32203.95,1678269.833,20558.49317
2000/1/5 5:34,31871.63333,1654663.167,20334.56483
2000/1/5 5:35,33039.36667,1760815.833,20950.39483
2000/1/5 5:36,22209.31667,1572621.167,9261.158333
2000/1/5 5:37,20058.38333,1370696.667,8005.2225
2000/1/5 5:38,14839.05,999118.0833,6060.732833
2000/1/5 5:39,11005,717464.9167,4819.090667
2000/1/5 5:40,9893.016667,634983.9167,4456.7635
2000/1/5 5:41,9242.3,535632.5,4572.527333
2000/1/5 5:42,34363.76667,2031861.5,16337.93867
2000/1/5 5:43,96989.18333,7606730.167,38450.13617
2000/1/5 5:44,88704.9,7048627.833,34581.6465
2000/1/5 5:45,80299.15,6516593.167,30481.96233
2000/1/5 5:46,42543.35,3234392.083,16963.09117
2000/1/5 5:47,44771.48333,3390261.917,17759.6875
2000/1/5 5:48,49219.05,3705536.417,19366.80767
2000/1/5 5:49,57966.38333,4246464.917,23675.83683
2000/1/5 5:50,66904.83333,4686815.833,29075.31683
2000/1/5 5:51,54199.6,3494284.917,25164.59417
2000/1/5 5:52,51451.21667,3316142.583,23994.34267
2000/1/5 5:53,46899.91667,2994140.5,21859.42167
2000/1/5 5:54,40491.65,2383270.833,19701.98033
2000/1/5 5:55,54256.33333,3030656.75,27966.79317
2000/1/5 5:56,51146.73333,2821528.333,26541.789
2000/1/5 5:57,55325.8,3060964.333,28512.81767
2000/1/5 5:58,62572.78333,3332542,32643.08033
2000/1/5 5:59,58042.68333,3086389.083,30561.94583
2000/1/5 6:00,68560.83333,3658450.667,35597.73583
2000/1/5 6:01,65192.26667,3479046.333,34691.85017
2000/1/5 6:02,57277.15,3074515.667,31136.1795
2000/1/5 6:03,67057.51667,3557092.583,36850.935
2000/1/5 6:04,161010.3667,9007201.25,83310.045
2000/1/5 6:05,145613.0667,8184056.667,74275.9895
2000/1/5 6:06,145502.05,8159487.25,74364.52633
2000/1/5 6:07,142016.1333,7924770.667,72558.34633
2000/1/5 6:08,140663.5833,7841554.5,71818.14567
2000/1/5 6:09,132686.45,7237566.333,68514.63
2000/1/5 6:10,115587.15,5902075,61520.64033
2000/1/5 6:11,113829.2833,5801140,60687.84483
2000/1/5 6:12,117858.8333,6047182.083,61520.99683
2000/1/5 6:13,111025,5660427.667,58494.4775
2000/1/5 6:14,103792.8,5269664.417,55649.1615
2000/1/5 6:15,103456.2833,5355954.917,55822.07617
2000/1/5 6:16,101632.6333,5223229.167,54891.319
2000/1/5 6:17,100115.0667,5119433.75,53569.72083
2000/1/5 6:18,151548.6167,7682019.833,83946.183
2000/1/5 6:19,147406.0833,7425535.667,81810.357
2000/1/5 6:20,147772.6333,7498876.917,81723.495
2000/1/5 6:21,111895.1167,5689365.25,60815.70467
2000/1/5 6:22,81813.71667,4179586.417,43230.19433
2000/1/5 6:23,82718.35,4548321.917,42071.09683
2000/1/5 6:24,83442.48333,4580485.917,42308.7215
2000/1/5 6:25,81206.65,4374349.083,42090.4925
2000/1/5 6:26,77488.35,4198047.5,40016.72717
2000/1/5 6:27,75616.11667,4143650.167,39840.19267
2000/1/5 6:28,75595,4118594.417,40382.27733
2000/1/5 6:29,77791.73333,4233335.25,41137.6025
2000/1/5 6:30,80115.9,4385008.25,42583.42867
2000/1/5 6:31,73770.25,4164878.917,39649.065
2000/1/5 6:32,75338.9,4486259.5,40259.33517
2000/1/5 6:33,82118.7,4761830.75,43792.71983
2000/1/5 6:34,95369.08333,5276745.583,51768.36483
2000/1/5 6:35,84959.43333,4707770.5,45885.77133
2000/1/5 6:36,87747.58333,4771113.5,47156.4105
2000/1/5 6:37,83925.98333,4580638.417,44709.278
2000/1/5 6:38,82716.13333,4508545.25,43341.27583
2000/1/5 6:39,92016.68333,5413634.5,46723.45983
2000/1/5 6:40,100239.4333,6106190.5,50603.80567
2000/1/5 6:41,98112.93333,5972775.917,49919.478
2000/1/5 6:42,96597.05,5852635.417,49200.3465
2000/1/5 6:43,96637.45,5827134.5,49388.41683
2000/1/5 6:44,84629.7,4544752.583,45235.99733
2000/1/5 6:45,85084.48333,4577873.333,45105.17833
2000/1/5 6:46,101384.2333,6137244.5,50339.10067
2000/1/5 6:47,100951.8,6182346.667,49609.79733
2000/1/5 6:48,87726.78333,4956613.917,46597.63283
2000/1/5 6:49,97334.33333,5911824.5,51603.85667
2000/1/5 6:50,276287.3167,23662714.33,106568.7335
2000/1/5 6:51,274372.4833,23531519.83,105918.3677
2000/1/5 6:52,272400.5833,23328025.75,104924.4942
2000/1/5 6:53,268517.6167,23038579.08,103237.2127
2000/1/5 6:54,266748.6667,22923610.25,102548.857
2000/1/5 6:55,266268.2833,22878961.75,102118.947
2000/1/5 6:56,282295.1667,23818076.67,111156.0247
2000/1/5 6:57,286244.2833,23975748.33,113498.474
2000/1/5 6:58,282970.8,23652026,111798.2843
2000/1/5 6:59,273270.4,23062756.83,106260.6682
2000/1/5 7:00,212920.2167,17012230.83,88573.06667
2000/1/5 7:01,180647.9333,14102904.17,77425.21233
2000/1/5 7:02,189748.0667,15219766.67,80356.29233
2000/1/5 7:03,194972.6333,15352285.25,84109.67017
2000/1/5 7:04,196146.0667,15317274.75,85326.7715
2000/1/5 7:05,195911.3667,15286484.75,85314.11683
2000/1/5 7:06,188763.55,14625876.75,81784.3995
2000/1/5 7:07,174021.85,13595246.5,73435.716
2000/1/5 7:08,173210.4333,13651555.25,73391.82317
2000/1/5 7:09,169601.1167,13395082.67,71488.053
2000/1/5 7:10,167018.8,13251360.5,69632.44633
2000/1/5 7:11,167134.3667,13264969.83,69777.842
2000/1/5 7:12,167755,13417533.08,70022.38583
2000/1/5 7:13,164632.0333,13243527.58,68357.45767
2000/1/5 7:14,160261.4833,12913853.42,65836.3035
2000/1/5 7:15,163681,13083050.08,67742.1255
2000/1/5 7:16,174926.45,14115097.5,71160.03067
2000/1/5 7:17,172078.7167,14199785,68852.149
2000/1/5 7:18,151962.4167,12612396.92,60239.98183
2000/1/5 7:19,145329.1,12139415.25,56880.06067
2000/1/5 7:20,131986.5167,11379726.08,49612.91883
2000/1/5 7:21,124926.7,10981097.83,45702.81867
2000/1/5 7:22,127067.95,11076615.08,46847.67833
2000/1/5 7:23,126402.1,11048585.33,46363.12717
2000/1/5 7:24,137067.9333,12152770.92,51661.01983
2000/1/5 7:25,316439.9333,29737940.83,106558.976
2000/1/5 7:26,313660.2833,29449740.67,104769.8743
2000/1/5 7:27,313932.0833,29411519.25,104849.1983
2000/1/5 7:28,311008.2833,29265113.33,103581.6975
2000/1/5 7:29,309293.9333,29236623.83,102518.8952
2000/1/5 7:30,306314.8,29041316,101072.2635
2000/1/5 7:31,305317.75,28942199.83,100319.3433
2000/1/5 7:32,310428.3167,29390375,102042.0223
2000/1/5 7:33,317209.6333,30106980.92,104228.1757
2000/1/5 7:34,271641.2833,25692908.25,90324.80683
2000/1/5 7:35,223440.5667,20884980.5,75904.18033
2000/1/5 7:36,221747.15,20792038.58,74767.47617
2000/1/5 7:37,222094.2833,20783107.42,74955.391
2000/1/5 7:38,219330.9667,20633211.33,74382.84433
2000/1/5 7:39,211925.6167,19994915,71936.39083
2000/1/5 7:40,210362.1167,19914172.33,71012.66083
2000/1/5 7:41,210018.9167,19936162.58,70348.83
2000/1/5 7:42,232002.75,22217595.42,80570.92183
2000/1/5 7:43,226495.7833,21859319.25,77345.3685
2000/1/5 7:44,218708.1,20914769.67,73362.78983
2000/1/5 7:45,218107.1833,20861621,73067.53733
2000/1/5 7:46,215420.7667,20661297.5,71837.11783
2000/1/5 7:47,214301.5667,20549416.75,71280.0885
2000/1/5 7:48,212006.65,20399745.92,70233.75067
2000/1/5 7:49,210978.8667,20341894.08,69810.45067
2000/1/5 7:50,214438.65,20735397.67,71047.49283
2000/1/5 7:51,213964.4667,20673874.17,70648.87167
2000/1/5 7:52,213878.4333,20529666.33,71462.75617
2000/1/5 7:53,223377.7333,21524388.67,74973.281
2000/1/5 7:54,221250.3333,21356153.25,73904.20217
2000/1/5 7:55,252925.15,24557923.83,89121.46783
2000/1/5 7:56,335583.6,32878707,113635.6232
2000/1/5 7:57,318236.6667,31142398.92,105106.1212
2000/1/5 7:58,317082.0333,30410323.83,105737.9423
2000/1/5 7:59,314685.55,30210457.33,104701.0097
2000/1/5 8:00,338679.0333,31530718.67,117345.469
2000/1/5 8:01,342946.0167,31706864.17,119948.7022
2000/1/5 8:02,354240.35,32513373.33,124947.5378
2000/1/5 8:03,350488.5,32225770.83,124080.4322
2000/1/5 8:04,347393.5333,31986167.33,122745.388
2000/1/5 8:05,337369.3167,31421744.83,117182.2448
2000/1/5 8:06,335550.3833,31312172,116130.946
2000/1/5 8:07,337042.8,31385002.67,117075.843
2000/1/5 8:08,334737.6,31280345.33,115649.6207
2000/1/5 8:09,388691.3667,36879493.67,130919.26
2000/1/5 8:10,381645.65,36244488.17,127920.4052
2000/1/5 8:11,331746.9333,31177624.5,112562.5517
2000/1/5 8:12,330228.3833,30866782.92,114295.791
2000/1/5 8:13,338026.1833,31125031.08,119780.493
2000/1/5 8:14,308967.5833,28270281.5,111760.1818
2000/1/5 8:15,247603.9833,22292737,92249.32233
2000/1/5 8:16,268763.3167,24320264.42,98546.65417
2000/1/5 8:17,257858.1667,23197473.25,94975.85783
2000/1/5 8:18,249196.8833,22358034.67,92238.01033
2000/1/5 8:19,242845.5167,22054522.83,88559.3655
2000/1/5 8:20,169967.3833,14794583.83,66636.97117
2000/1/5 8:21,149326.25,13007162.33,58940.15433
2000/1/5 8:22,138737.1667,12428281,53137.39017
2000/1/5 8:23,144697.85,13083461.75,54858.95317
2000/1/5 8:24,138469.3333,12417233.33,53344.18967
2000/1/5 8:25,135334.1667,12332506.25,51614.68633
2000/1/5 8:26,66269.81667,5899438.583,28453.86333
2000/1/5 8:27,33049.88333,2918804.583,16631.14117
2000/1/5 8:28,31631.75,2805238,15833.40567
2000/1/5 8:29,31162.38333,2768824.417,15564.58467
2000/1/5 8:30,31904.11667,2804085.333,16037.37733
2000/1/5 8:31,30041.93333,2501706.75,15865.7575
2000/1/5 8:32,33617.88333,2643874.083,18220.279
2000/1/5 8:33,31505.18333,2439336.5,16950.72533
2000/1/5 8:34,31221.35,2418468.75,16721.1065
2000/1/5 8:35,38319.86667,2754662.167,20755.57417
2000/1/5 8:36,38614.83333,2797438.667,21044.738
2000/1/5 8:37,40286.7,2923765.417,22354.66167
2000/1/5 8:38,35540.6,2565384.5,19900.38867
2000/1/5 8:39,36698.71667,2564997.167,20337.98767
2000/1/5 8:40,32303.18333,2371341.583,17782.6525
2000/1/5 8:41,30738.01667,2336236.083,16682.31233
2000/1/5 8:42,30242.78333,2282887,16033.9035
2000/1/5 8:43,28349.63333,2185071.833,15049.98917
2000/1/5 8:44,27433.28333,2148336,14429.9195
2000/1/5 8:45,28379.56667,2184260.583,14953.52883
2000/1/5 8:46,33971.25,2439811.5,19366.76317
2000/1/5 8:47,36918.15,2630609.75,20777.61367
2000/1/5 8:48,37161.2,2596781.833,20917.69567
2000/1/5 8:49,37882.3,2681831.167,21307.44333
2000/1/5 8:50,41682.46667,2996092.167,23419.337
2000/1/5 8:51,41632.41667,2894206.917,24177.40283
2000/1/5 8:52,42562.11667,2961712.75,24610.602
2000/1/5 8:53,40302.16667,2789564,23259.14367
2000/1/5 8:54,38976.91667,2709294.167,22362.14467
2000/1/5 8:55,48174.93333,3666536.5,25282.24317
2000/1/5 8:56,39827.61667,2854551.5,22463.15967
2000/1/5 8:57,41065.7,2870475.167,22442.2145
2000/1/5 8:58,38812.08333,2730243.417,21533.73217
2000/1/5 8:59,35817.51667,2558102.833,20604.504
2000/1/5 9:00,69306.45,5153368,38199.43
2000/1/5 9:01,106857.95,8887862.333,49550.37467
2000/1/5 9:02,114366.0333,9541261,53091.33333
2000/1/5 9:03,106265.0167,8735062.333,50464.39417
2000/1/5 9:04,89600.58333,7117524.333,44170.21783
2000/1/5 9:05,64335.01667,4845558.75,33721.5045
2000/1/5 9:06,64177.23333,4683690.333,30606.51983
2000/1/5 9:07,48269.66667,3432103,23316.253
2000/1/5 9:08,33286.56667,2443093.583,18406.41233
2000/1/5 9:09,36377.15,2584628.333,20686.6575
2000/1/5 9:10,32264.73333,2282771,17343.75583
2000/1/5 9:11,27008,1969991.5,14327.24717
2000/1/5 9:12,34395.55,2334060.167,17995.405
2000/1/5 9:13,40184.73333,2792518.583,18634.481
2000/1/5 9:14,39200.56667,2732787.417,18100.44567
2000/1/5 9:15,39068.05,2895121.083,19931.3255
2000/1/5 9:16,39633.8,2944057.5,21701.039
2000/1/5 9:17,41671.98333,3053663.75,22219.1015
2000/1/5 9:18,39940.25,2920676.5,20826.13483
2000/1/5 9:19,38446.55,2872436.583,20034.39367
2000/1/5 9:20,44575.86667,3508377.333,21583.9845
2000/1/5 9:21,29591.7,2363375.5,14602.456
2000/1/5 9:22,21437.3,1699778.667,11390.636
2000/1/5 9:23,18958.15,1545102.583,9507.743333
2000/1/5 9:24,25075.95,2135570.167,9629.8315
2000/1/5 9:25,24457.98333,2058067.333,9198.754833
2000/1/5 9:26,24218.65,2034895.667,9127.9075
2000/1/5 9:27,20913.16667,1868300.083,7507.2125
2000/1/5 9:28,24738.75,2064595.083,10273.16133
2000/1/5 9:29,25952.55,2127027.5,10994.778
2000/1/5 9:30,28072.23333,2282490.417,12106.19183
2000/1/5 9:31,30242.45,2490723.667,13026.737
2000/1/5 9:32,25045.86667,2187481.417,9377.461
2000/1/5 9:33,25214.56667,2051620.833,9526.669667
2000/1/5 9:34,29733.83333,2462862.5,11209.3425
2000/1/5 9:35,28886.05,2446703.833,10821.581
2000/1/5 9:36,29106.88333,2507216,10726.48917
2000/1/5 9:37,32532.01667,2849499.333,12134.81483
2000/1/5 9:38,31559.18333,2720547.833,11591.042
2000/1/5 9:39,29504.71667,2483454.583,10179.52767
2000/1/5 9:40,32089.46667,2630524.417,12660.5395
2000/1/5 9:41,29909.53333,2476226.833,11567.14433
2000/1/5 9:42,27152.78333,2305478.917,10081.17617
2000/1/5 9:43,30584.95,2478422.25,11693.821
2000/1/5 9:44,30231.16667,2625493.5,10394.26317
2000/1/5 9:45,24115.08333,2184980.667,7575.052167
2000/1/5 9:46,21592.01667,1951424.083,6656.9565
2000/1/5 9:47,22460,2008313.25,6886.507
2000/1/5 9:48,25989.93333,2205008.417,9693.361333
2000/1/5 9:49,19434.8,1532277.5,9527.147333
2000/1/5 9:50,20552.53333,1559664.583,9389.128167
2000/1/5 9:51,15026.58333,1173950.5,7205.9765
2000/1/5 9:52,20257.38333,1666513.667,7919.043167
2000/1/5 9:53,16192.05,1440239.75,6463.186667
2000/1/5 9:54,12973.18333,1122836.25,5655.061
2000/1/5 9:55,16064.01667,1362432.333,6765.486
2000/1/5 9:56,25355.9,3231530.917,16714.118
2000/1/5 9:57,22392.28333,2901218.083,15888.05967
2000/1/5 9:58,17704.65,2206994.917,14952.392
2000/1/5 9:59,15982.05,1806627.583,14355.82883
2000/1/5 10:00,110723.1667,11097821.83,40032.12433
2000/1/5 10:01,110327.3333,10976676.25,38741.96683
2000/1/5 10:02,92300.56667,9162677.667,32491.54583
2000/1/5 10:03,61106.13333,6012897.25,22080.94683
2000/1/5 10:04,15060.78333,1419910.75,8612.607
2000/1/5 10:05,13919.28333,1257137.667,8136.625667
2000/1/5 10:06,12457.95,1129326.75,7450.372
2000/1/5 10:07,13816.16667,1282871.5,7797.430667
2000/1/5 10:08,12810.21667,1194166.833,7142.902
2000/1/5 10:09,12229.48333,1167475.25,6951.130167
2000/1/5 10:10,13398.98333,1275456,7459.714833
2000/1/5 10:11,12669.65,1351132.167,7158.168167
2000/1/5 10:12,10505.4,1153844.917,6273.9425
2000/1/5 10:13,21274.46667,1654897.083,12319.8325
2000/1/5 10:14,21943.88333,1599989.5,11143.3305
2000/1/5 10:15,34536.95,2215801.167,18372.50067
2000/1/5 10:16,39877.98333,2565895.417,20380.91333
2000/1/5 10:17,47663.51667,2886759.333,25088.34167
2000/1/5 10:18,39811.56667,2415020,21245.99483
2000/1/5 10:19,30891.1,1944737.75,15869.88983
2000/1/5 10:20,26555.96667,1728479.667,13277.12633
2000/1/5 10:21,30190.98333,1904710.333,14930.1305
2000/1/5 10:22,28553.46667,1818689.083,14091.02
2000/1/5 10:23,26635.3,1711254.583,13006.58533
2000/1/5 10:24,27112.81667,1727518,12912.51167
2000/1/5 10:25,25046.91667,1623575.333,11415.37983
2000/1/5 10:26,22541.08333,1500975.333,9735.362667
2000/1/5 10:27,20273.75,1398741.083,8805.0215
2000/1/5 10:28,19562.81667,1423729.667,9109.226833
2000/1/5 10:29,17271.26667,1285293.333,8101.070167
2000/1/5 10:30,24629.63333,1974574.833,11703.88133
2000/1/5 10:31,23387.85,1847386,10994.152
2000/1/5 10:32,19117,1455684.667,8949.017333
2000/1/5 10:33,16009.85,1151548.5,7439.368167
2000/1/5 10:34,16186.08333,1092579.417,7407.688833
2000/1/5 10:35,13985.68333,953701,6357.523833
2000/1/5 10:36,12554.7,861439.3333,5655.4755
2000/1/5 10:37,10953.1,642234.75,5014.710167
2000/1/5 10:38,11055.21667,585485.0833,5025.5315
2000/1/5 10:39,11354.75,598766.25,5068.334833
2000/1/5 10:40,13504.23333,706665.5,6228.616333
2000/1/5 10:41,12179.48333,645428.5,5683.51
2000/1/5 10:42,9151.833333,565889.5,3914.7815
2000/1/5 10:43,9004.8,524865,3639.038333
2000/1/5 10:44,9731.316667,578950.1667,3766.063
2000/1/5 10:45,18530.35,1456941.833,14786.77283
2000/1/5 10:46,19204,1431880.5,14142.19233
2000/1/5 10:47,17048.65,1235406,12372.51367
2000/1/5 10:48,15719.76667,1200453,12257.7845
2000/1/5 10:49,15535.86667,1193589.667,12199.393
2000/1/5 10:50,23135.36667,1589476.167,16534.67167
2000/1/5 10:51,21392.58333,1502837.333,15877.98167
2000/1/5 10:52,19518.91667,1414820.917,15155.94
2000/1/5 10:53,14813.45,1094528.25,10875.134
2000/1/5 10:54,5981.016667,316088.6667,2401.201833
2000/1/5 10:55,5508.95,274787.6667,2084.490667
2000/1/5 10:56,5296.033333,267501,2018.520667
2000/1/5 10:57,5251.366667,275019.1667,2010.282
2000/1/5 10:58,5061.316667,262192.5,1961.471167
2000/1/5 10:59,2847.65,153731.1667,1098.899833
2000/1/5 11:00,5106.45,379105.3333,1858.232167
2000/1/5 11:01,2934.55,162332.25,1150.8725
2000/1/5 11:02,2756.466667,145680.5,1047.105333
2000/1/5 11:03,2720.35,141105.5833,1040.374
2000/1/5 11:04,4666.933333,432700.75,1377.728167
2000/1/5 11:05,5284.5,471911.5,1569.514333
2000/1/5 11:06,7200.866667,668481.25,2249.5185
2000/1/5 11:07,10172.28333,869236.6667,3877.669667
2000/1/5 11:08,7604.05,652326.1667,2913.87
2000/1/5 11:09,5836.683333,524129,2236.962167
2000/1/5 11:10,5839.45,472748.9167,1975.182167
2000/1/5 11:11,7570.25,536980.8333,1944.522833
2000/1/5 11:12,8926.083333,583361.5,2093.661167
2000/1/5 11:13,10493.4,677444.5,3403.794667
2000/1/5 11:14,11009.08333,814347.9167,3898.982
2000/1/5 11:15,8656.216667,623605,3030.717333
2000/1/5 11:16,8227.8,666120.1667,2857.226833
2000/1/5 11:17,6837.45,593475.5,2392.1725
2000/1/5 11:18,9185.866667,1516643.667,3318.610167
2000/1/5 11:19,9089.033333,1497622.167,3230.894833
2000/1/5 11:20,9904.1,1576879.5,3165.631
2000/1/5 11:21,9400.5,1546311.5,3056.929333
2000/1/5 11:22,9186.95,1523439.833,2893.956833
2000/1/5 11:23,9264.066667,1520921.667,2845.453167
2000/1/5 11:24,11178.1,1718313.25,3758.336833
2000/1/5 11:25,15887.15,2221538.667,5783.8365
2000/1/5 11:26,15020.63333,2127591.667,5310.262833
2000/1/5 11:27,14658.6,2087711.083,5162.986833
2000/1/5 11:28,12558.55,1904117.5,4351.3495
2000/1/5 11:29,11127.85,1754448.75,3783.433833
2000/1/5 11:30,21959.18333,2301067.5,9967.9005
2000/1/5 11:31,21805.2,2298082.917,9914.7125
2000/1/5 11:32,20842.05,2250760.833,9258.634167
2000/1/5 11:33,20579.68333,2240725.083,9074.5365
2000/1/5 11:34,20077.83333,2225736.667,8732.907
2000/1/5 11:35,11415.66667,1686636.667,4203.462833
2000/1/5 11:36,9132.783333,1509478.583,3127.220167
2000/1/5 11:37,18958.6,2223139.75,7877.323833
2000/1/5 11:38,31668.18333,3561747.167,9884.661667
2000/1/5 11:39,28617.05,3364212.5,8227.732
2000/1/5 11:40,15259.35,2012092.5,5519.022667
2000/1/5 11:41,14915.26667,1992360.5,5386.425167
2000/1/5 11:42,14510.33333,2015302.5,5386.4185
2000/1/5 11:43,17007.91667,2090722.833,5910.384667
2000/1/5 11:44,14890.06667,1195764.833,5024.4235
2000/1/5 11:45,16440.51667,1369748.167,5569.331
2000/1/5 11:46,15227.28333,1307777.25,5029.373167
2000/1/5 11:47,19834.96667,1779077.25,6628.6735
2000/1/5 11:48,19272.66667,1760780.083,6456.623833
2000/1/5 11:49,15466.3,1499547.75,5325.106167
2000/1/5 11:50,27774.58333,2120811.417,12260.15967
2000/1/5 11:51,25669.15,2014715.333,11577.61583
2000/1/5 11:52,25006,1969078.083,11317.32067
2000/1/5 11:53,24434.4,1928180.833,11083.08783
2000/1/5 11:54,19475.03333,1676527.417,8122.637
2000/1/5 11:55,14582.23333,1442209.083,5113.672
2000/1/5 11:56,15994.38333,1512467.667,5684.879833
2000/1/5 11:57,17081.45,1565700.333,6010.809167
2000/1/5 11:58,16687.98333,1553501.75,5907.716167
2000/1/5 11:59,16533.58333,1543416.167,5909.0155
2000/1/5 12:00,19777.85,1704633,7358.712167
2000/1/5 12:01,20135.96667,1711295.667,7652.178167
2000/1/5 12:02,21617.93333,1910646.667,9156.991667
2000/1/5 12:03,19316.76667,1788557.5,9253.4235
2000/1/5 12:04,23074.3,1855001.25,11917.60367
2000/1/5 12:05,20024.03333,1563800.5,10199.89167
2000/1/5 12:06,19943.18333,1494658.25,9807.220167
2000/1/5 12:07,18409.51667,1298190.583,8645.831
2000/1/5 12:08,19177.78333,1346009.167,8892.586667
2000/1/5 12:09,20196.53333,1439154,9538.178833
2000/1/5 12:10,19197.83333,1395462.5,9113.3685
2000/1/5 12:11,83917.68333,7914732.083,27695.297
2000/1/5 12:12,83453.73333,7778789.25,27446.55733
2000/1/5 12:13,82125.1,7698389.417,26990.1825
2000/1/5 12:14,82709.03333,7719723.25,27122.33317
2000/1/5 12:15,85587.1,7980616.25,28137.0225
2000/1/5 12:16,83910.06667,7897238.5,27396.48583
2000/1/5 12:17,82871.46667,7838108.25,26858.996
2000/1/5 12:18,83349.6,7860102.167,26933.24383
2000/1/5 12:19,82477.6,7828663.5,26674.9115
2000/1/5 12:20,83459.45,7919238.333,27137.6435
2000/1/5 12:21,87721.6,8248880.167,27635.799
2000/1/5 12:22,38585.56667,3377711.583,12657.54317
2000/1/5 12:23,18104.86667,1315486.5,6605.276167
2000/1/5 12:24,16053.98333,1135985.167,5676.5205
2000/1/5 12:25,17354.6,1289863.083,6164.9045
2000/1/5 12:26,15629.58333,1092314.083,5647.4505
2000/1/5 12:27,12603.2,874940.5,5012.178
2000/1/5 12:28,11228.11667,785546.6667,4580.6785
2000/1/5 12:29,12200.58333,912924.75,4893.691167
2000/1/5 12:30,11457.28333,801739.6667,5160.225667
2000/1/5 12:31,10527.9,754369,4666.397833
2000/1/5 12:32,10096.45,732707.75,4372.169667
2000/1/5 12:33,9136.783333,686911.6667,3710.803833
2000/1/5 12:34,9290.983333,698923.3333,3702.465
2000/1/5 12:35,9839.133333,724046.3333,3880.603
2000/1/5 12:36,10497.45,751641.5,3947.273167
2000/1/5 12:37,9943.6,718042.6667,3564.362833
2000/1/5 12:38,10105,714288.5,3469.409333
2000/1/5 12:39,9860.15,701751,3326.882667
2000/1/5 12:40,8845.583333,653095.8333,2731.01
2000/1/5 12:41,8631.466667,646199.3333,2623.717167
2000/1/5 12:42,8822.05,650402.8333,2586.571167
2000/1/5 12:43,9466.75,688448,2827.302833
2000/1/5 12:44,9489.816667,736109.5,2684.663167
2000/1/5 12:45,9723.166667,748145.6667,2967.524
2000/1/5 12:46,8858.316667,672209.1667,2709.816667
2000/1/5 12:47,8500.783333,652403.1667,2603.925333
2000/1/5 12:48,5960.716667,429290.75,2030.414
2000/1/5 12:49,5968.516667,429715.6667,2048.642
2000/1/5 12:50,6030.883333,448963.6667,2089.792833
2000/1/5 12:51,6013.633333,452073.0833,2085.8285
2000/1/5 12:52,6387.683333,483222.5,2184.684333
2000/1/5 12:53,18337.38333,1125219.583,9166.276333
2000/1/5 12:54,17929.95,1095929.25,8999.1275
2000/1/5 12:55,17389.3,1045978.917,8828.307167
2000/1/5 12:56,18711.2,1136505.25,9230.512667
2000/1/5 12:57,18500.35,1097706.083,9120.56
2000/1/5 12:58,7153.333333,513389.5833,2633.122167
2000/1/5 12:59,6042.516667,423390.8333,2175.635167
2000/1/5 13:00,6603.216667,500264.25,2227.012
2000/1/5 13:01,10651.95,894333.6667,3489.508667
2000/1/5 13:02,8892.583333,726927.0833,3431.694167
2000/1/5 13:03,8287.15,705530.4167,3349.315333
2000/1/5 13:04,8706.1,738330.5,3116.956833
2000/1/5 13:05,4898.916667,371872.8333,1929.408333
2000/1/5 13:06,5712.616667,402617.3333,2405.8835
2000/1/5 13:07,5795.15,410103.0833,2423.515667
2000/1/5 13:08,7390.316667,584472.8333,3210.572333
2000/1/5 13:09,9222.8,614348.4167,3715.339833
2000/1/5 13:10,8453.983333,575897.8333,3370.260833
2000/1/5 13:11,6184.7,445811.5,2360.813
2000/1/5 13:12,6044.95,435930,2359.357333
2000/1/5 13:13,6547.066667,451634.5833,2594.162833
2000/1/5 13:14,8952.816667,570308,4000.3085
2000/1/5 13:15,9573.4,606058.25,4261.112333
2000/1/5 13:16,7335.55,488711.1667,2997.650667
2000/1/5 13:17,6152.466667,427920.3333,2489.445667
2000/1/5 13:18,6191.716667,430405.9167,2504.3465
2000/1/5 13:19,5060.283333,380834.3333,2011.278333
2000/1/5 13:20,4921.45,387024.25,1945.285333
2000/1/5 13:21,4311.366667,340223.6667,1720.914167
2000/1/5 13:22,4450.233333,347065,1773.734667
2000/1/5 13:23,5315.566667,368205.25,1739.103167
2000/1/5 13:24,5802.683333,392229.3333,1948.9795
2000/1/5 13:25,5873.35,396014.5,1987.982167
2000/1/5 13:26,6249.1,439518.0833,2258.9325
2000/1/5 13:27,5798.766667,394678.8333,2027.838833
2000/1/5 13:28,7752.483333,453245.8333,2255.643833
2000/1/5 13:29,8203.766667,502787.25,2424.213
2000/1/5 13:30,9817.033333,583961.6667,3149.775667
2000/1/5 13:31,9224.5,543862.4167,2923.411
2000/1/5 13:32,8913.833333,523679.9167,2785.336667
2000/1/5 13:33,8713.15,506427.5,2716.879
2000/1/5 13:34,7945.266667,463452.5,2366.965667
2000/1/5 13:35,7363.583333,432715.0833,2116.156667
2000/1/5 13:36,8368.116667,499730.1667,2621.291333
2000/1/5 13:37,7774.95,454173.1667,2354.042833
2000/1/5 13:38,7684.366667,465377.25,2221.04
2000/1/5 13:39,12990.63333,1559440.083,5546.675833
2000/1/5 13:40,31069.41667,2852940.25,13470.38883
2000/1/5 13:41,25910.58333,2482210.5,11419.113
2000/1/5 13:42,13206.46667,1494004.25,5673.734833
2000/1/5 13:43,12131.63333,1428912.417,5109.564167
2000/1/5 13:44,16393.51667,1861469.5,6798.045
2000/1/5 13:45,19872.01667,1908651.667,7573.131
2000/1/5 13:46,18043.06667,1592311.917,6286.456333
2000/1/5 13:47,19026.05,1705033.083,6698.832167
2000/1/5 13:48,17863.6,1552492.5,6303.205667
2000/1/5 13:49,18706,1635680,6936.357333
2000/1/5 13:50,21004.15,1790888.167,7877.675167
2000/1/5 13:51,18274.15,1495900.917,6704.002833
2000/1/5 13:52,12907.85,1111774.167,4963.291
2000/1/5 13:53,11928.76667,1063129.417,4473.715667
2000/1/5 13:54,11398.18333,1042593,4360.739167
2000/1/5 13:55,10463.93333,1010081,4241.7435
2000/1/5 13:56,9549.566667,1005350.5,4289.323667
2000/1/5 13:57,9528.5,1004033.583,4281.9575
2000/1/5 13:58,9716.566667,1016838.333,4352.5645
2000/1/5 13:59,9583.383333,1009161.5,4301.9045
2000/1/5 14:00,12112.16667,1258702.083,5070.2625
2000/1/5 14:01,9703.933333,1023157.667,4347.5615
2000/1/5 14:02,14508,1473586.333,7192.426667
2000/1/5 14:03,13403.63333,1210350.167,6728.293167
2000/1/5 14:04,19574.53333,1513532.5,10242.33983
2000/1/5 14:05,18042.58333,1315894.583,9267.986167
2000/1/5 14:06,18500,1307901.083,9112.917
2000/1/5 14:07,13166.6,1019774,6933.513833
2000/1/5 14:08,10802.5,915892.6667,5768.973
2000/1/5 14:09,10911.41667,921770.3333,5819.114667
2000/1/5 14:10,10945.28333,973032.9167,6001.3105
2000/1/5 14:11,9172.083333,837929.75,5141.611
2000/1/5 14:12,7972.866667,646161.6667,4193.686
2000/1/5 14:13,7501.9,586671.0833,3706.172
2000/1/5 14:14,9425.8,677197.1667,4600.288667
2000/1/5 14:15,8685.166667,663584.25,4230.511667
2000/1/5 14:16,15944.91667,1007083.75,6836.923167
2000/1/5 14:17,9937.366667,738816.5,5081.157333
2000/1/5 14:18,9359.983333,708818.25,4680.241333
2000/1/5 14:19,10126.01667,747053.75,5101.929
2000/1/5 14:20,9906.533333,735742,4980.3755
2000/1/5 14:21,11119.01667,839625.75,5583.934
2000/1/5 14:22,9865.95,733417.6667,4883.676167
2000/1/5 14:23,10198.03333,743691.0833,4999.294167
2000/1/5 14:24,10993.93333,752369.9167,5242.828167
2000/1/5 14:25,10856.81667,744381.3333,5197.201667
2000/1/5 14:26,8437.316667,584651.6667,4042.568167
2000/1/5 14:27,9144.883333,605039.1667,4283.600167
2000/1/5 14:28,7954.416667,554910.3333,3639.2105
2000/1/5 14:29,10621.86667,588840,2992.186167
2000/1/5 14:30,10801.4,623010.75,3188.725667
2000/1/5 14:31,13298.18333,745711.6667,4091.079167
2000/1/5 14:32,13144.56667,684141.5,3819.172167
2000/1/5 14:33,12152.23333,616144.5833,3234.6605
2000/1/5 14:34,16406.85,1123885.333,4208.124833
2000/1/5 14:35,14855,977212.6667,3746.840167
2000/1/5 14:36,7891.233333,582456.8333,2752.608167
2000/1/5 14:37,7522.516667,581164,2932.6365
2000/1/5 14:38,8366.866667,602534.9167,3328.387333
2000/1/5 14:39,6120.566667,429335.25,2360.799
2000/1/5 14:40,14147.16667,1250057,5327.680333
2000/1/5 14:41,13312.51667,1167190.917,4992.3195
2000/1/5 14:42,5513.85,378057.25,1959.941833
2000/1/5 14:43,6409.6,479038.3333,2321.313833
2000/1/5 14:44,5894.933333,439532.5833,2135.573833
2000/1/5 14:45,5239.966667,401433.8333,2152.771167
2000/1/5 14:46,4834.216667,378587.1667,1880.035
2000/1/5 14:47,4549.766667,348925.3333,1735.790167
2000/1/5 14:48,4163.3,317794.6667,1587.7075
2000/1/5 14:49,5554.933333,388959.25,2329.091167
2000/1/5 14:50,5977.466667,464792,2446.438333
2000/1/5 14:51,18419.23333,1729460.417,6159.4935
2000/1/5 14:52,18421.4,1710803.167,5987.605667
2000/1/5 14:53,18155.26667,1695705.333,5868.427333
2000/1/5 14:54,17988.76667,1690593.667,5863.487833
2000/1/5 14:55,13600.88333,1265292.25,4593.823333
2000/1/5 14:56,7606.933333,667492.8333,2805.150667
2000/1/5 14:57,8332.1,701040.3333,3824.454667
2000/1/5 14:58,8300.966667,699645.1667,3820.191833
2000/1/5 14:59,11093.08333,1269933.417,5495.259667
2000/1/5 15:00,11166.23333,1278606.5,5532.304833
2000/1/5 15:01,16265.95,2117744.75,12642.651
2000/1/5 15:02,14512.3,1805840.083,11295.88167
2000/1/5 15:03,16602.85,1937553.833,12108.8195
2000/1/5 15:04,14711.6,1810050.333,11122.62817
2000/1/5 15:05,14144.2,1777069.583,10839.62633
2000/1/5 15:06,14886.56667,1825732.083,11017.611
2000/1/5 15:07,16904.76667,2015971.583,11758.8255
2000/1/5 15:08,15299.23333,1891393.5,11096.19517
2000/1/5 15:09,13447.85,1719536,10786.67617
2000/1/5 15:10,15316.46667,1667827.833,10947.30767
2000/1/5 15:11,13168.15,1558669.833,10123.867
2000/1/5 15:12,11474.25,1474824,9462.9045
2000/1/5 15:13,12766.65,1568691.833,10153.773
2000/1/5 15:14,11949.4,1512277.917,10382.42367
2000/1/5 15:15,13632.23333,1632560.333,11046.32783
2000/1/5 15:16,10641.03333,1209528.75,8526.229667
2000/1/5 15:17,8475.866667,724537.8333,3823.405
2000/1/5 15:18,16362.16667,1567728.25,7476.765
2000/1/5 15:19,12847.16667,1299427.333,6061.8845
2000/1/5 15:20,7470.966667,691700.1667,3283.735833
2000/1/5 15:21,6285.533333,631361.3333,2628.438833
2000/1/5 15:22,5371.6,516321.1667,2166.351667
2000/1/5 15:23,5994.466667,529992.6667,2385.118333
2000/1/5 15:24,6798.016667,570167.1667,2744.0675
2000/1/5 15:25,6096.016667,507184.1667,2438.419667
2000/1/5 15:26,8529.116667,654686,2434.061
2000/1/5 15:27,19956.98333,1236009,9430.9625
2000/1/5 15:28,18893.63333,1153266.583,9187.282167
2000/1/5 15:29,12672.45,797485.8333,5506.880667
2000/1/5 15:30,6260.6,479867.9167,1823.922667
2000/1/5 15:31,25065.28333,2374625.5,10906.606
2000/1/5 15:32,23014.66667,2162013.167,9980.274833
2000/1/5 15:33,18856.4,1781890.583,8218.3275
2000/1/5 15:34,34052.51667,3344088,16011.91967
2000/1/5 15:35,35874.55,3398281.25,17182.667
2000/1/5 15:36,33706.81667,3160883.083,15924.02717
2000/1/5 15:37,35361.05,3322320,16331.63583
2000/1/5 15:38,33170.61667,3151993.25,15450.75617
2000/1/5 15:39,31505.8,3058421.083,14768.56083
2000/1/5 15:40,30926.85,3030665.75,14534.38267
2000/1/5 15:41,30315.56667,2979463.917,14258.31283
2000/1/5 15:42,47569.13333,4700552.583,22559.80217
2000/1/5 15:43,45470.18333,4080143.167,20379.24483
2000/1/5 15:44,43804.53333,3879376.25,19226.88683
2000/1/5 15:45,47224.9,4159283.333,20759.1575
2000/1/5 15:46,41868.43333,3624032.333,19296.5285
2000/1/5 15:47,38889.78333,3267432.25,18230.55
2000/1/5 15:48,38140.25,3205109.583,17854.01233
2000/1/5 15:49,38001.18333,3181385.583,17813.52033
2000/1/5 15:50,41904.51667,3592450.083,18721.51133
2000/1/5 15:51,41622.88333,3460017.25,18421.86617
2000/1/5 15:52,37333.15,3075010.417,17285.51283
2000/1/5 15:53,36158.26667,2961521.417,16848.10133
2000/1/5 15:54,14276,788432.6667,6275.162
2000/1/5 15:55,14448.38333,951211.0833,6659.201667
2000/1/5 15:56,14045.28333,934271.3333,6715.819833
2000/1/5 15:57,11638.15,695046.25,5996.574667
2000/1/5 15:58,11626.36667,694836.4167,5997.469167
2000/1/5 15:59,11730.46667,699946.0833,6023.380167
2000/1/5 16:00,14764.8,822165.9167,7041.17
2000/1/5 16:01,20015.73333,1426127.667,8339.705
2000/1/5 16:02,15047.11667,974924.9167,6594.8205
2000/1/5 16:03,13224.66667,799287.5,6172.851167
2000/1/5 16:04,12318.26667,863942.3333,6492.167
2000/1/5 16:05,13114.58333,914038.25,6613.189
2000/1/5 16:06,12591.25,867128.25,6225.7615
2000/1/5 16:07,14513.1,960371.5833,7156.138833
2000/1/5 16:08,12423.5,852312.8333,6177.937
2000/1/5 16:09,11021.26667,749200,5585.805333
2000/1/5 16:10,10703.08333,731995.5,5430.4175
2000/1/5 16:11,25795.4,2284505.583,12766.25817
2000/1/5 16:12,22055.38333,1837836.917,10972.3945
2000/1/5 16:13,22630.51667,1878671.917,11162.983
2000/1/5 16:14,21367.38333,1859270,10180.42783
2000/1/5 16:15,21051.36667,1770421.083,10044.64117
2000/1/5 16:16,10975.63333,733125.8333,5435.762667
2000/1/5 16:17,9642.7,649430.3333,4850.500333
2000/1/5 16:18,9638.6,623738.8333,4834.023333
2000/1/5 16:19,10637.03333,739978.1667,5151.525167
2000/1/5 16:20,23036.55,1328938.583,9725.955333
2000/1/5 16:21,12940.41667,824045.1667,6010.857833
2000/1/5 16:22,7981.983333,535203.5,4264.329167
2000/1/5 16:23,7864.6,511213.0833,4188.782
2000/1/5 16:24,12229,724232.5833,6280.8375
2000/1/5 16:25,11928.9,687814.3333,6179.601
2000/1/5 16:26,12607.95,726972.25,6432.336667
2000/1/5 16:27,15094.58333,1059062.667,6491.3275
2000/1/5 16:28,12029.18333,842658.75,4997.684167
2000/1/5 16:29,9263.466667,669337.75,3872.5285
2000/1/5 16:30,12014.83333,968820.9167,5456.078667
2000/1/5 16:31,11028.88333,878109.6667,4758.921833
2000/1/5 16:32,8447.45,640211.6667,3474.8055
2000/1/5 16:33,8386.65,615494.6667,3509.781333
2000/1/5 16:34,9189.616667,694766.5,3938.9255
2000/1/5 16:35,7852.5,561174.0833,3536.772333
2000/1/5 16:36,10466.8,821463.25,4638.3305
2000/1/5 16:37,11864.4,958107,5215.924833
2000/1/5 16:38,10686.41667,807645.25,4725.548
2000/1/5 16:39,10066.35,744103.5,4584.3675
2000/1/5 16:40,7799.983333,560999.3333,3625.44
2000/1/5 16:41,5719.516667,407298.25,2787.959333
2000/1/5 16:42,17460.5,1550107.5,6299.413167
2000/1/5 16:43,17435.9,1510376.167,6281.246333
2000/1/5 16:44,16279.36667,1458700.167,5770.187833
2000/1/5 16:45,17039.15,1493585.417,6245.634167
2000/1/5 16:46,17977.91667,1613260,6602.8215
2000/1/5 16:47,6701.533333,497994.1667,3201.417
2000/1/5 16:48,5640.633333,360878.9167,2851.393
2000/1/5 16:49,6073.916667,407284.25,3052.120833
2000/1/5 16:50,9205.6,660636.5833,4115.334333
2000/1/5 16:51,9056.516667,641210.0833,4173.179667
2000/1/5 16:52,5596.816667,340428.1667,2903.964833
2000/1/5 16:53,4185.533333,283683.75,2368.949333
2000/1/5 16:54,4682.566667,318440.8333,2598.486333
2000/1/5 16:55,4128.25,280554.5,2188.827
2000/1/5 16:56,5110.033333,371482.9167,2589.762833
2000/1/5 16:57,3883.166667,272144.1667,2018.660333
2000/1/5 16:58,3018.033333,215233.1667,1619.361
2000/1/5 16:59,2785.5,197635.3333,1564.279333
2000/1/5 17:00,19755.55,1522215,8725.666167
2000/1/5 17:01,18817.63333,1434080.917,8452.036167
2000/1/5 17:02,10524.65,613217.5833,5900.666333
2000/1/5 17:03,9557.083333,552988.0833,5397.019333
2000/1/5 17:04,8213.316667,484452.3333,4681.582167
2000/1/5 17:05,9631.983333,545490.5833,4795.248167
2000/1/5 17:06,9900.283333,683629.3333,4944.3005
2000/1/5 17:07,9240.9,652569.6667,4650.885333
2000/1/5 17:08,9712.95,675380.8333,4792.579833
2000/1/5 17:09,9816.716667,682925.6667,4823.090333
2000/1/5 17:10,10143.81667,723448.1667,5099.856
2000/1/5 17:11,10427.35,730934.0833,5275.096167
2000/1/5 17:12,7871.866667,603787.25,4262.356833
2000/1/5 17:13,8160.266667,708737.8333,4348.4645
2000/1/5 17:14,7731.083333,671161.4167,3966.941333
2000/1/5 17:15,5640.2,370483.9167,2917.3065
2000/1/5 17:16,3760.3,271828.75,2020.788167
2000/1/5 17:17,3632.816667,264004.5833,1919.290333
2000/1/5 17:18,3118.716667,212803.8333,1669.528333
2000/1/5 17:19,4104.15,258990.3333,2227.786333
2000/1/5 17:20,4306.3,437987.8333,2461.112833
2000/1/5 17:21,3622.7,405011.5,2150.6195
2000/1/5 17:22,2750.6,358411.8333,1663.453833
2000/1/5 17:23,2553.483333,317028.75,1555.292
2000/1/5 17:24,5939.516667,629316.25,2544.516833
2000/1/5 17:25,6358.466667,623808,2892.515667
2000/1/5 17:26,3526.083333,348726.75,1977.519167
2000/1/5 17:27,3391.416667,342763.5,1843.982833
2000/1/5 17:28,4478.333333,459780,2282.605
2000/1/5 17:29,2277.416667,242097.3333,1327.699333
2000/1/5 17:30,2951.483333,343197.0833,1646.059167
2000/1/5 17:31,92603.11667,9335993.417,28246.73633
2000/1/5 17:32,79732.38333,8046295.583,24228.47483
2000/1/5 17:33,23113.06667,2380120.5,7566.370667
2000/1/5 17:34,3277.933333,343698.9167,1876.607167
2000/1/5 17:35,2381.333333,298189.8333,1381.890667
2000/1/5 17:36,9941.666667,663866.0833,5116.008833
2000/1/5 17:37,10880.91667,744452.6667,5874.277333
2000/1/5 17:38,14575.93333,1083798,7049.9425
2000/1/5 17:39,12026.86667,775638.3333,5999.588333
2000/1/5 17:40,13420.06667,794358.5833,5947.187167
2000/1/5 17:41,31717.55,2617422.083,12288.21367
2000/1/5 17:42,24820.78333,1933324.167,9795.289667
2000/1/5 17:43,13402.13333,873908.5833,6340.118667
2000/1/5 17:44,14005.6,978400.75,6733.998833
2000/1/5 17:45,12788.13333,870157.8333,6309.404167
2000/1/5 17:46,12030.76667,814734.6667,5957.5385
2000/1/5 17:47,14151.43333,910189.5833,7033.257833
2000/1/5 17:48,14351.2,916281.8333,6953.107667
2000/1/5 17:49,13620.48333,865462.75,6917.974833
2000/1/5 17:50,27072.31667,2477822.167,11872.2915
2000/1/5 17:51,25651.3,2366822.083,11198.652
2000/1/5 17:52,24026.8,2273216.083,10349.11767
2000/1/5 17:53,23881.91667,2264462.083,10257.12817
2000/1/5 17:54,23957.88333,2291783.167,10151.7225
2000/1/5 17:55,22741.85,2203088.167,9555.198667
2000/1/5 17:56,19936.13333,2119256.833,9586.5805
2000/1/5 17:57,17812.13333,2033486.5,8490.884
2000/1/5 17:58,17199.16667,2061570.333,8622.4895
2000/1/5 17:59,18342.68333,2196730.167,8992.272833
2000/1/5 18:00,16588.08333,2016039.25,8427.620167
2000/1/5 18:01,17549.31667,2020819.75,8532.514667
2000/1/5 18:02,17276.58333,2007246.167,8386.486
2000/1/5 18:03,16216.01667,1959203.75,7825.9085
2000/1/5 18:04,17515.45,1984274.167,7697.897833
2000/1/5 18:05,19122.55,2067603.583,8010.189833
2000/1/5 18:06,23692.33333,2460959,9864.131333
2000/1/5 18:07,19338.95,2295465.5,7488.277167
2000/1/5 18:08,16703.26667,2124547.667,6525.2555
2000/1/5 18:09,15215.86667,1989342.917,6127.741667
2000/1/5 18:10,15376.13333,2006330.917,6251.871167
2000/1/5 18:11,13958.2,1815291.667,5133.6365
2000/1/5 18:12,11442.95,1699076.667,4528.417333
2000/1/5 18:13,22674.33333,2563813.917,9732.722167
2000/1/5 18:14,12275.38333,1731985.75,5881.855833
2000/1/5 18:15,9779.383333,1589221.083,4580.511667
2000/1/5 18:16,8705.766667,1509958.667,3653.4235
2000/1/5 18:17,6395.866667,1391572.417,2594.708333
2000/1/5 18:18,5691.166667,1353877.5,2262.582833
2000/1/5 18:19,7791.666667,1632754.833,3414.566833
2000/1/5 18:20,7350.116667,1608525.25,3264.793333
2000/1/5 18:21,7601.35,1623075.833,3418.622333
2000/1/5 18:22,8197.183333,1657076.833,3771.148
2000/1/5 18:23,8647.85,1800729.583,4107.266
2000/1/5 18:24,23306.63333,3307867.25,9418.131833
2000/1/5 18:25,23929.93333,3374352,9807.5375
2000/1/5 18:26,18923.51667,2804022.833,7925.058
2000/1/5 18:27,9384.166667,1876881.333,4230.135667
2000/1/5 18:28,6976.533333,1720393.333,3080.738167
2000/1/5 18:29,7302.166667,1723774.833,2952.4355
2000/1/5 18:30,10002.83333,1998092.667,4494.342167
2000/1/5 18:31,7408.033333,1744573.25,3145.376
2000/1/5 18:32,7230.016667,1740281.667,2996.388667
2000/1/5 18:33,7977.783333,1735660.583,3263.1485
2000/1/5 18:34,5820.016667,1480443.833,2200.744833
2000/1/5 18:35,6655.9,1445365.583,1835.073333
2000/1/5 18:36,6131.45,1420387.25,1624.276667
2000/1/5 18:37,4947.633333,1414225.167,1616.1785
2000/1/5 18:38,3570.283333,1335799.333,1307.659333
2000/1/5 18:39,3491.316667,1329815.083,1295.935667
2000/1/5 18:40,12013.31667,1755252.167,6106.124167
2000/1/5 18:41,14152.25,1822084.667,6658.455
2000/1/5 18:42,11910.21667,1734701.667,5417.883333
2000/1/5 18:43,12327.98333,1748869.5,5412.684833
2000/1/5 18:44,11492.83333,1709651.833,4919.765
2000/1/5 18:45,18162.06667,2346449.5,7729.474167
2000/1/5 18:46,13495.33333,1926248.917,5924.856667
2000/1/5 18:47,11263.61667,1664580.417,4740.7925
2000/1/5 18:48,11095.16667,1662428.917,4718.181167
2000/1/5 18:49,10615.05,1636232.75,4553.8555
2000/1/5 18:50,20421.45,2154092.333,9608.701333
2000/1/5 18:51,18192.36667,2003647.917,8688.722
2000/1/5 18:52,14002.6,1795459,6412.104167
2000/1/5 18:53,13122.45,1717521.667,6048.229833
2000/1/5 18:54,14371.63333,1782208,6696.9385
2000/1/5 18:55,13608.76667,1735048.75,6284.303333
2000/1/5 18:56,13206.23333,1716329.833,5834.7885
2000/1/5 18:57,13091.11667,1739747.167,6005.951167
2000/1/5 18:58,12577.41667,1701501.667,5831.035833
2000/1/5 18:59,12703.68333,1687981.25,5718.335167
2000/1/5 19:00,12604.1,1684336.833,5687.654
2000/1/5 19:01,12163,1695491.5,5570.1895
2000/1/5 19:02,12652.66667,1706523.917,5794.6965
2000/1/5 19:03,13961.03333,1820183.417,6281.4475
2000/1/5 19:04,14151.13333,1840747.25,6346.596667
2000/1/5 19:05,17834.16667,2177638.5,8826.675167
2000/1/5 19:06,17405.26667,2154714.167,8624.555333
2000/1/5 19:07,15416.78333,1976780.417,7684.593667
2000/1/5 19:08,14591.15,1998502.833,6865.718167
2000/1/5 19:09,11668.5,1760714.667,5259.137333
2000/1/5 19:10,10098.46667,1628845.833,4209.037667
2000/1/5 19:11,8111.65,1508231.667,3473.987
2000/1/5 19:12,8496.883333,1535504.75,3601.251
2000/1/5 19:13,8402.633333,515237.8333,3854.386
2000/1/5 19:14,7147.283333,356181.5,3279.509167
2000/1/5 19:15,5973.716667,303836.9167,2837.080333
2000/1/5 19:16,5188.966667,317153,2468.420167
2000/1/5 19:17,5872.883333,326023.75,2645.1925
2000/1/5 19:18,7353.5,494913.4167,2839.207
2000/1/5 19:19,4292.533333,250059.1667,1755.012167
2000/1/5 19:20,7312.266667,389035.3333,3605.053667
2000/1/5 19:21,7132.8,363971.6667,3578.011333
2000/1/5 19:22,6096.866667,317937.5,3156.972167
2000/1/5 19:23,5997.083333,308825.8333,3164.557167
2000/1/5 19:24,5565.816667,288369.0833,2959.8775
2000/1/5 19:25,5383.75,282805.5,2831.216333
2000/1/5 19:26,5886.583333,298403.6667,3075.909833
2000/1/5 19:27,4457.25,227878.9167,2322.136333
2000/1/5 19:28,4325.433333,221311.75,2268.387333
2000/1/5 19:29,4629.833333,235500.8333,2406.8585
2000/1/5 19:30,4424.366667,229131.6667,2285.517667
2000/1/5 19:31,4043.616667,208453.5833,2137.587667
2000/1/5 19:32,14107.21667,864747.1667,5238.832167
2000/1/5 19:33,13237.88333,807007.0833,4823.0815
2000/1/5 19:34,10750.61667,616070.5,3830.0335
2000/1/5 19:35,9898.25,797881,4065.730667
2000/1/5 19:36,3449.166667,302541.75,1196.697667
2000/1/5 19:37,1621.933333,138847.25,698.5576667
2000/1/5 19:38,2038.65,177766.0833,971.6668333
2000/1/5 19:39,1114.05,75048.66667,484.1891667
2000/1/5 19:40,4042.55,274139.4167,1081.295167
2000/1/5 19:41,1310.416667,107786.0833,446.317
2000/1/5 19:42,713.9,35561.08333,185.454
2000/1/5 19:43,978.8333333,62170.33333,319.474
2000/1/5 19:44,706.55,48227.25,228.164
2000/1/5 19:45,3545.266667,206606,1313.0145
2000/1/5 19:46,2654.2,144268,833.5048333
2000/1/5 19:47,1990.65,99764.83333,444.126
2000/1/5 19:48,1895.766667,94141.66667,412.6505
2000/1/5 19:49,1782.433333,88484.16667,397.3551667
2000/1/5 19:50,26439.11667,2455406.5,8660.914833
2000/1/5 19:51,12787.95,1027752.917,4328.112167
2000/1/5 19:52,4873.416667,299229.5833,1938.515333
2000/1/5 19:53,6449.466667,459000.5833,2476.735667
2000/1/5 19:54,6552.65,440804.3333,2611.632667
2000/1/5 19:55,6183.466667,425319.5833,2482.677
2000/1/5 19:56,8709.116667,595729.3333,3570.719667
2000/1/5 19:57,6866.116667,435065.5,2898.4855
2000/1/5 19:58,6810.483333,415363.5,2869.857167
2000/1/5 19:59,6262.766667,384854.1667,2659.328
2000/1/5 20:00,5743.55,363181.1667,2572.779833
2000/1/5 20:01,5165.883333,330252.5833,2314.005333
2000/1/5 20:02,5629.25,336123.75,2547.611667
2000/1/5 20:03,6712.833333,396474.6667,3048.735833
2000/1/5 20:04,7599.883333,525869.6667,3541.11
2000/1/5 20:05,8010.7,513529.8333,3826.997667
2000/1/5 20:06,8964.4,595692.3333,4168.842
2000/1/5 20:07,6485.75,430348.0833,2795.456167
2000/1/5 20:08,5329.05,381188.4167,2348.558167
2000/1/5 20:09,3265.233333,234793.25,1580.614333
2000/1/5 20:10,2281.65,156284.0833,1168.115
2000/1/5 20:11,4119.6,210601.5833,1422.866167
2000/1/5 20:12,2893.683333,140601.4167,903.1438333
2000/1/5 20:13,6494.7,329710.0833,3493.600167
2000/1/5 20:14,6166.25,325997.3333,3337.110833
2000/1/5 20:15,5886.166667,333054,3085.077833
2000/1/5 20:16,6549.016667,529315,3530.2825
2000/1/5 20:17,5199.4,465971.3333,2736.766333
2000/1/5 20:18,14569.58333,860097.8333,8279.754667
2000/1/5 20:19,13964.21667,752145.4167,7935.1695
2000/1/5 20:20,19102.25,1447996.25,7758.554667
2000/1/5 20:21,8437.033333,734017.3333,2503.992667
2000/1/5 20:22,3013.9,187764.75,948.331
2000/1/5 20:23,3380.566667,243561.0833,1035.666833
2000/1/5 20:24,4957.316667,395768.8333,1758.799833
2000/1/5 20:25,6398.283333,443391.5,2455.703833
2000/1/5 20:26,4572.816667,280211.5,1631.419167
2000/1/5 20:27,2655.5,170070.8333,1137.421167
2000/1/5 20:28,2603.7,191713.3333,1149.0425
2000/1/5 20:29,5462.616667,354234.8333,2324.8405
2000/1/5 20:30,5075.35,318836.5833,1735.4855
2000/1/5 20:31,3701.883333,267988,1225.985167
2000/1/5 20:32,1947.283333,140219.3333,813.101
2000/1/5 20:33,2641.9,169645.8333,1212.287333
2000/1/5 20:34,1641.133333,122788.8333,698.6998333
2000/1/5 20:35,5876.583333,263411,834.9301667
2000/1/5 20:36,5733.35,243976.6667,920.2846667
2000/1/5 20:37,5221.583333,210352.8333,725.4588333
2000/1/5 20:38,2994.516667,146151,591.2033333
2000/1/5 20:39,927.15,75735.5,442.1755
2000/1/5 20:40,8148.533333,437390.3333,4627.689833
2000/1/5 20:41,7986.966667,424752.0833,4541.7015
2000/1/5 20:42,8356.033333,435998.4167,4459.021333
2000/1/5 20:43,7752.983333,395959.25,4018.4155
2000/1/5 20:44,9052.366667,461412,4705.2675
2000/1/5 20:45,8886.15,475365.9167,4539.0945
2000/1/5 20:46,7464.266667,402369.0833,3832.961333
2000/1/5 20:47,7144.15,415576,3705.838167
2000/1/5 20:48,7351.05,467522.6667,3778.831333
2000/1/5 20:49,7630.566667,419556.8333,3767.861167
2000/1/5 20:50,6725.6,350971.1667,3273.984167
2000/1/5 20:51,6036.85,325655.1667,2976.019167
2000/1/5 20:52,4856.333333,249518,2570.908
2000/1/5 20:53,4593.3,230660.75,2477.163167
2000/1/5 20:54,4063.5,204595.9167,2165.881667
2000/1/5 20:55,3807.633333,194052.8333,1986.3285
2000/1/5 20:56,3642.716667,194292.9167,1819.5685
2000/1/5 20:57,3762.35,228246.1667,1841.430167
2000/1/5 20:58,2886.933333,149965.9167,1384.870167
2000/1/5 20:59,2046.516667,103143.1667,1064.009667
2000/1/5 21:00,2811.083333,205726.5,1417.002
2000/1/5 21:01,2243.4,156112.1667,1152.644
2000/1/5 21:02,2841.966667,203964.5,1279.048333
2000/1/5 21:03,2852.816667,191351.9167,1167.023667
2000/1/5 21:04,2616.95,153535.8333,1072.3705
2000/1/5 21:05,7802.166667,513241.75,3816.574167
2000/1/5 21:06,12116.91667,971064.1667,5104.4685
2000/1/5 21:07,8181.816667,615811.5,3788.244333
2000/1/5 21:08,8278.616667,641598.5833,4379.749833
2000/1/5 21:09,7280.283333,600980.25,3934.587167
2000/1/5 21:10,6533.733333,523275.75,3716.679667
2000/1/5 21:11,7103.216667,528416.3333,3890.702167
2000/1/5 21:12,6569.7,498826.9167,3715.0915
2000/1/5 21:13,8668.283333,590930.3333,3599.576
2000/1/5 21:14,12537.38333,728535.5833,5341.407333
2000/1/5 21:15,15001.06667,810726.0833,7045.831167
2000/1/5 21:16,11312.01667,576231,5417.783167
2000/1/5 21:17,10682.26667,551586.4167,5236.587
2000/1/5 21:18,7906.766667,404388.6667,3966.1645
2000/1/5 21:19,2301.233333,122298,966.622
2000/1/5 21:20,3682.533333,289816.3333,1201.580167
2000/1/5 21:21,2981.783333,228231.5,1036.077167
2000/1/5 21:22,699.3666667,43840.5,258.978
2000/1/5 21:23,10347.03333,972222.1667,3290.711833
2000/1/5 21:24,3211.066667,239764.3333,1216.370667
2000/1/5 21:25,2786.216667,168840.25,1223.594167
2000/1/5 21:26,1741.516667,99323.75,773.0428333
2000/1/5 21:27,1544.933333,80254.5,710.8378333
2000/1/5 21:28,1064.416667,53513.16667,493.9191667
2000/1/5 21:29,7961.1,749761.0833,2532.143
2000/1/5 21:30,28620.46667,2274783,11783.59817
2000/1/5 21:31,16813.03333,1093823.833,8251.48
2000/1/5 21:32,13398.5,657009.3333,7384.916667
2000/1/5 21:33,8131.933333,366526.1667,3539.884333
2000/1/5 21:34,4391.783333,145823.1667,445.4353333
2000/1/5 21:35,12681.31667,1087841.25,3550.288833
2000/1/5 21:36,4638.966667,345900.4167,1536.095333
2000/1/5 21:37,3583.983333,321241.5833,1704.878
2000/1/5 21:38,2134.616667,202488,1074.578
2000/1/5 21:39,785.3666667,69056.25,393.8865
2000/1/5 21:40,9584.5,942505.3333,2873.921333
2000/1/5 21:41,812.7333333,47466.41667,268.006
2000/1/5 21:42,1804.3,104631.3333,679.411
2000/1/5 21:43,2493.816667,208183.75,1016.5105
2000/1/5 21:44,3108.166667,261416.5833,1419.353
2000/1/5 21:45,2542.116667,187952,1201.205667
2000/1/5 21:46,2281.516667,162531.4167,1009.213667
2000/1/5 21:47,957.2,62416.58333,314.2091667
2000/1/5 21:48,672.0333333,48237.33333,212.1146667
2000/1/5 21:49,1403.316667,104155,569.466
2000/1/5 21:50,943.2,76914.58333,404.1323333
2000/1/5 21:51,666.7166667,42945.75,192.9728333
2000/1/5 21:52,2241.05,110182.9167,167.6226667
2000/1/5 21:53,3464.533333,224018.3333,647.6823333
2000/1/5 21:54,2604.6,133668.1667,301.7956667
2000/1/5 21:55,13769.28333,988991.3333,3032.255667
2000/1/5 21:56,9689.783333,534784.5833,1781.6185
2000/1/5 21:57,6448.95,324619.1667,856.528
2000/1/5 21:58,4714.25,201016.0833,513.8483333
2000/1/5 21:59,4507.716667,208841.8333,504.998
2000/1/5 22:00,4226.366667,217818.5,845.6995
2000/1/5 22:01,175076.0167,17382784.67,52109.66283
2000/1/5 22:02,175039.4167,17372376.08,52012.21517
2000/1/5 22:03,174915.55,17366919.08,51976.09233
2000/1/5 22:04,176392.4833,17518317.67,52643.7135
2000/1/5 22:05,176068.35,17516041.67,52621.92117
2000/1/5 22:06,156068.2833,15333738.58,47220.25867
2000/1/5 22:07,29886.03333,2965204.583,9966.619333
2000/1/5 22:08,6780.016667,664680.9167,3149.461667
2000/1/5 22:09,7836.383333,794386.9167,3729.7355
2000/1/5 22:10,7547.383333,723003.1667,3365.623667
2000/1/5 22:11,6209.266667,447945.75,1962.960833
2000/1/5 22:12,2322.566667,176461.3333,616.9938333
2000/1/5 22:13,1105.466667,111796.9167,301.6915
2000/1/5 22:14,1481.416667,142739.0833,508.7318333
2000/1/5 22:15,1467.866667,135182.8333,475.6836667
2000/1/5 22:16,2431.383333,231660.8333,552.0573333
2000/1/5 22:17,2300.783333,217798.25,504.3933333
2000/1/5 22:18,3296.683333,264031,1493.699
2000/1/5 22:19,2700.033333,232708.5,1507.716333
2000/1/5 22:20,2204.866667,172878.1667,1253.440333
2000/1/5 22:21,2899.966667,241011.3333,1518.3985
2000/1/5 22:22,3385.616667,253005.9167,1527.647833
2000/1/5 22:23,4512.583333,308156.8333,2120.7115
2000/1/5 22:24,4630.05,325924.3333,2187.568
2000/1/5 22:25,3173,240346.4167,1606.127167
2000/1/5 22:26,7970.4,673865.3333,2889.222667
2000/1/5 22:27,7861.95,675275.25,2901.630167
2000/1/5 22:28,64501.41667,6300839.417,20238.834
2000/1/5 22:29,60789.68333,5953829.333,18583.1635
2000/1/5 22:30,59817.93333,5880002.667,18025.065
2000/1/5 22:31,58365.51667,5800536.667,17711.2005
2000/1/5 22:32,58747.18333,5858832.083,17667.80583
2000/1/5 22:33,56316.36667,5576572.5,17119.1595
2000/1/5 22:34,2665.9,242986.0833,988.8415
2000/1/5 22:35,2254.183333,203592.9167,819.9858333
2000/1/5 22:36,9285.916667,529849.5,4375.028167
2000/1/5 22:37,9028.75,487065.0833,4424.814333
2000/1/5 22:38,10500.5,575754.8333,4931.948667
2000/1/5 22:39,9302.866667,514655.3333,4545.7365
2000/1/5 22:40,8892.933333,498484.5833,4441.301333
2000/1/5 22:41,8737.8,480321,4332.41
2000/1/5 22:42,8567.216667,473238.3333,4090.989333
2000/1/5 22:43,8132.116667,445075.0833,3896.018833
2000/1/5 22:44,8083.65,438946.25,3870.477667
2000/1/5 22:45,8552.633333,486882.3333,4056.6735
2000/1/5 22:46,8371.55,469315.6667,4025.198
2000/1/5 22:47,8380.55,468016.5833,4003.919667
2000/1/5 22:48,8196.95,474592.6667,3944.233833
2000/1/5 22:49,8972.95,486885,4389.3125
2000/1/5 22:50,7579.633333,420518.4167,3631.986667
2000/1/5 22:51,7772.583333,427317.0833,3650.618333
2000/1/5 22:52,8947.766667,540773.1667,4117.265833
2000/1/5 22:53,13235,980795.75,5433.405
2000/1/5 22:54,7578.566667,418857.9167,3668.2475
2000/1/5 22:55,7789.25,430285.4167,3750.249167
2000/1/5 22:56,10322.36667,552156.5833,5119.510333
2000/1/5 22:57,29542.65,1521050.417,12571.99333
2000/1/5 22:58,27550.68333,1419400.333,11388.71533
2000/1/5 22:59,27305.55,1403394.833,11318.34283
2000/1/5 23:00,29642.88333,1528806.333,12571.2285
2000/1/5 23:01,100473.05,9503007.417,32324.1955
2000/1/5 23:02,273760.25,26993768,83948.987
2000/1/5 23:03,277378.0667,27079509.17,84892.60483
2000/1/5 23:04,277114.3167,27089909.75,84801.23183
2000/1/5 23:05,273762.75,26904332.25,83825.445
2000/1/5 23:06,160621.2,15592890.42,50244.23083
2000/1/5 23:07,98314.61667,9433032.417,31386.34683
2000/1/5 23:08,100415.4333,9653878.917,32377.5515
2000/1/5 23:09,100067.8,9648358.333,32203.9875
2000/1/5 23:10,101186.0167,9707009.667,32360.229
2000/1/5 23:11,101299.8333,9658354.5,32376.84983
2000/1/5 23:12,99874.76667,9530163.5,31685.64033
2000/1/5 23:13,97105.51667,9358752.833,30979.16217
2000/1/5 23:14,96682.18333,9320990.417,30822.35433
2000/1/5 23:15,97050.08333,9340704.333,30921.33333
2000/1/5 23:16,96751.76667,9406730.75,30855.42717
2000/1/5 23:17,98127.96667,9572121.083,31431.48333
2000/1/5 23:18,96239.21667,9380765.083,30836.454
2000/1/5 23:19,98838.41667,9464300.833,32181.34767
2000/1/5 23:20,97467.65,9370271.417,31423.90933
2000/1/5 23:21,99310.75,9476173.833,32313.40033
2000/1/5 23:22,111936.7,10245709.5,38705.17267
2000/1/5 23:23,29250.13333,2198668.25,13656.7415
2000/1/5 23:24,18058.41667,1119227.333,9784.633667
2000/1/5 23:25,16462.13333,1003891.917,9064.177167
2000/1/5 23:26,18618.26667,1078321.333,10028.22533
2000/1/5 23:27,15947.55,1000804.167,8499.417167
2000/1/5 23:28,12917.9,863667.0833,6696.032
2000/1/5 23:29,73395.16667,6941304,24685.806
2000/1/5 23:30,70295.13333,6675653.833,23636.41767
2000/1/5 23:31,11132.48333,797049.8333,5950.468333
2000/1/5 23:32,11676.98333,791255.8333,6220.878167
2000/1/5 23:33,10513.98333,751812,5232.210167
2000/1/5 23:34,8962.766667,695089.8333,4441.9685
2000/1/5 23:35,9149.566667,707947.1667,4482.885667
2000/1/5 23:36,8156.316667,623262.6667,3939.946333
2000/1/5 23:37,7405.3,566537.9167,3713.207167
2000/1/5 23:38,6795.683333,484383.9167,3385.616167
2000/1/5 23:39,7607.033333,534737.0833,3611.124167
2000/1/5 23:40,6665.533333,481275.8333,3282.9435
2000/1/5 23:41,5997.416667,435900.0833,2864.334167
2000/1/5 23:42,6764.416667,545067.75,3129.221167
2000/1/5 23:43,5394.85,409157.1667,2429.042333
2000/1/5 23:44,4213.85,316485.5833,1811.1255
2000/1/5 23:45,8320.95,766784.5833,2939.522
2000/1/5 23:46,6789.883333,651780.4167,2807.831333
2000/1/5 23:47,2574.833333,249756.25,1161.228
2000/1/5 23:48,1761.7,161493,754.5566667
2000/1/5 23:49,2937.666667,233828.75,1413.827667
2000/1/5 23:50,2733.183333,240639.8333,1240.435667
2000/1/5 23:51,3779.666667,294884.6667,1714.844167
2000/1/5 23:52,2749.216667,198489,1140.148333
2000/1/5 23:53,2749.633333,200277.75,1147.377333
2000/1/5 23:54,2442.266667,173315.8333,1006.252333
2000/1/5 23:55,2666.066667,204092.75,1020.237833
2000/1/5 23:56,2359.5,187621.3333,1059.773833
2000/1/5 23:57,2868.833333,180200.25,820.189
2000/1/5 23:58,2614.666667,158407,744.968
2000/1/5 23:59,1732.966667,140403.8333,756.8618333
2000/1/6 0:00,1709.566667,150905.5,827.3163333
2000/1/6 0:01,3878.6,332693.75,1510.063833
2000/1/6 0:02,3099.883333,263947.3333,1290.4795
2000/1/6 0:03,1977.566667,140738.1667,725.0693333
2000/1/6 0:04,1703.016667,135851.75,726.6343333
2000/1/6 0:05,10930.73333,649819.5,5469.925667
2000/1/6 0:06,10449.15,613030.4167,5049.065333
2000/1/6 0:07,69617.86667,6403824.167,22190.43767
2000/1/6 0:08,69596.85,6381976.333,22043.52283
2000/1/6 0:09,68977.35,6317949.083,21432.832
2000/1/6 0:10,69343.38333,6408590.667,22381.76417
2000/1/6 0:11,67389.03333,6317464.5,21870.09383
2000/1/6 0:12,67108.48333,6321331.167,21928.835
2000/1/6 0:13,67539.55,6341460.583,22086.19017
2000/1/6 0:14,32070.85,2729289.417,12018.3335
2000/1/6 0:15,10968.81667,688375.0833,5346.400667
2000/1/6 0:16,15146.6,859436.5,6852.901333
2000/1/6 0:17,13500.03333,741440.25,6116.740333
2000/1/6 0:18,10988.46667,601260.5833,5198.075333
2000/1/6 0:19,11083.2,690744.5833,4857.042167
2000/1/6 0:20,14462.48333,960936.0833,6162.023167
2000/1/6 0:21,12684.36667,820974.4167,5655.693333
2000/1/6 0:22,10120.66667,539761.5,4328.103333
2000/1/6 0:23,8662.983333,444491.9167,3571.096333
2000/1/6 0:24,6403.966667,368866.8333,2817.346667
2000/1/6 0:25,7373.883333,376157.25,3670.147
2000/1/6 0:26,7873.05,425125.75,3512.101833
2000/1/6 0:27,10046.5,617795.25,4337.7315
2000/1/6 0:28,8668.25,529519,3980.4745
2000/1/6 0:29,8405.516667,508288,3783.063333
2000/1/6 0:30,7325.833333,408050.4167,3347.625167
2000/1/6 0:31,7083.766667,405868.25,3236.8965
2000/1/6 0:32,6454.783333,349137,2998.646667
2000/1/6 0:33,6482.583333,391966,2992.861833
2000/1/6 0:34,10389.11667,850698.9167,3656.369833
2000/1/6 0:35,9542.4,776204.6667,3197.943667
2000/1/6 0:36,10662.33333,731910.3333,4333.606167
2000/1/6 0:37,10294.26667,671502.1667,4132.0515
2000/1/6 0:38,8065.516667,502304.3333,3613.494
2000/1/6 0:39,7180.966667,452370.9167,3325.063833
2000/1/6 0:40,7434.466667,438882.5,3325.057833
2000/1/6 0:41,6319.666667,384493.4167,2677.8935
2000/1/6 0:42,3800.183333,247225.8333,1263.417167
2000/1/6 0:43,5344.85,276626.6667,2328.417833
2000/1/6 0:44,9166.816667,458782.5833,3069.2845
2000/1/6 0:45,7291.483333,379867.9167,3004.323167
2000/1/6 0:46,6229.666667,326836,3046.269167
2000/1/6 0:47,5056.8,263477.75,2378.009833
2000/1/6 0:48,7037.283333,355320.3333,3220.220833
2000/1/6 0:49,9168.383333,597375.25,4066.995333
2000/1/6 0:50,98024.35,9441167.833,31539.2425
2000/1/6 0:51,96663.23333,9321333.5,30855.35417
2000/1/6 0:52,94696.1,9155916.667,29976.65367
2000/1/6 0:53,95416.43333,9205631.833,30177.4885
2000/1/6 0:54,93817.45,8996780.5,29442.85967
2000/1/6 0:55,12505.4,779464.3333,6222.4075
2000/1/6 0:56,9905.2,614677.75,5165.6595
2000/1/6 0:57,8820.866667,557606.0833,4326.765167
2000/1/6 0:58,9081.816667,573748.0833,4162.631167
2000/1/6 0:59,4577.616667,271657,1823.862833
2000/1/6 1:00,4574.866667,261955.5833,1766.829333
2000/1/6 1:01,5690.3,350686.6667,1940.45
2000/1/6 1:02,12449.2,1077241.083,4113.880333
2000/1/6 1:03,10408.8,898429.6667,3476.525333
2000/1/6 1:04,6332.05,531316.6667,2027.674667
2000/1/6 1:05,12548.05,815464.6667,6547.875167
2000/1/6 1:06,12812.03333,889395,6294.614167
2000/1/6 1:07,10098.71667,601714.0833,5394.210167
2000/1/6 1:08,73671.35,3716010.833,54084.22233
2000/1/6 1:09,74137.23333,3753895.417,54177.9405
2000/1/6 1:10,75396.38333,3806019.417,55064.3225
2000/1/6 1:11,91506.73333,5442353.583,60703.56233
2000/1/6 1:12,87502.18333,5132149.667,59145.7475
2000/1/6 1:13,90071.51667,5343933.333,60384.9295
2000/1/6 1:14,92082.81667,5451748,61170.73533
2000/1/6 1:15,92731.58333,5468694.75,61517.715
2000/1/6 1:16,91283.31667,5413090.25,60852.40183
2000/1/6 1:17,89169.8,5277422.083,59911.28567
2000/1/6 1:18,88276.88333,5224389.5,59509.20467
2000/1/6 1:19,84150.46667,4738632.5,58043.812
2000/1/6 1:20,73950.75,3718159.333,54342.17817
2000/1/6 1:21,74233.13333,3733030.667,54413.54417
2000/1/6 1:22,77799.23333,3911770.167,56199.51917
2000/1/6 1:23,83254.95,4197018.5,59276.36833
2000/1/6 1:24,85069.2,4280582.833,60147.20533
2000/1/6 1:25,93416.35,4741624.583,63981.72033
2000/1/6 1:26,33885.48333,1733607.917,18707.629
2000/1/6 1:27,33431.71667,1706571.583,18513.53567
2000/1/6 1:28,33582.18333,1801817.167,18538.62483
2000/1/6 1:29,33327.65,1790586.5,18469.52
2000/1/6 1:30,36831.96667,2055801.333,20150.82567
2000/1/6 1:31,32578.5,1705445.25,17710.504
2000/1/6 1:32,28137.4,1485948.667,15192.6135
2000/1/6 1:33,30896.15,1733591.417,15806.4335
2000/1/6 1:34,32299.8,1851693.5,16495.695
2000/1/6 1:35,119236.7667,10477103.83,43011.25067
2000/1/6 1:36,119168.75,10454829.5,43117.86533
2000/1/6 1:37,142241.5333,12607427.25,50821.45433
2000/1/6 1:38,142672.9,12582421.75,51648.96233
2000/1/6 1:39,128750.1833,10123938.58,54129.01017
2000/1/6 1:40,85118.28333,5460956.167,43205.0245
2000/1/6 1:41,83105.41667,5325318.833,42284.85467
2000/1/6 1:42,79994.38333,5097037.083,40497.19367
2000/1/6 1:43,67785.11667,4184501.417,34938.99917
2000/1/6 1:44,46805.55,2346008.667,26818.96133
2000/1/6 1:45,49520.7,2664038.833,27459.31467
2000/1/6 1:46,51316.45,2909076.083,27669.37283
2000/1/6 1:47,44523.68333,2256612.833,25552.251
2000/1/6 1:48,44111.2,2239648.833,24979.94383
2000/1/6 1:49,54311.23333,3195265.5,27593.778
2000/1/6 1:50,53782.06667,3192963.333,27467.2535
2000/1/6 1:51,44908.98333,2330999.75,24691.06183
2000/1/6 1:52,38814.95,2015096.333,21277.29633
2000/1/6 1:53,39444.38333,2035880.833,21560.46817
2000/1/6 1:54,45568.5,2311887.25,24843.66283
2000/1/6 1:55,42491.51667,2157150,23688.89917
2000/1/6 1:56,46775.33333,2640099.583,24757.16367
2000/1/6 1:57,42562.1,2390438.417,22646.876
2000/1/6 1:58,44913.46667,2833958.167,21998.6785
2000/1/6 1:59,31363.8,1854787.917,16184.67733
2000/1/6 2:00,39758.61667,2244260.583,17418.58817
2000/1/6 2:01,34267.28333,1828068.417,15883.15067
2000/1/6 2:02,28426.08333,1476458.583,13769.27833
2000/1/6 2:03,28971.01667,1533001.917,14406.757
2000/1/6 2:04,25616.6,1319303.167,13318.31967
2000/1/6 2:05,27180.25,1477706.917,13856.2925
2000/1/6 2:06,26606.93333,1439188.5,13556.64033
2000/1/6 2:07,25366.95,1310371.083,13100.80017
2000/1/6 2:08,22652.16667,1174696.833,12270.50217
2000/1/6 2:09,20912.63333,1127409.667,11529.336
2000/1/6 2:10,24409.8,1253544.167,14340.96483
2000/1/6 2:11,24657.38333,1280294.083,14399.57383
2000/1/6 2:12,28300.38333,1457847.25,15599.17267
2000/1/6 2:13,27632.06667,1404350.25,15335.85467
2000/1/6 2:14,32065.83333,1656028.583,17700.25817
2000/1/6 2:15,30710.85,1615978.583,17239.731
2000/1/6 2:16,26903.11667,1384088.417,15361.1405
2000/1/6 2:17,29895.5,1784963.083,17040.59083
2000/1/6 2:18,20877.28333,1200336.333,11576.65617
2000/1/6 2:19,16013.8,883893.8333,8411.0325
2000/1/6 2:20,17686.4,1091354.833,13487.46067
2000/1/6 2:21,27071.68333,1774332.333,20983.39117
2000/1/6 2:22,64189.2,3587811.667,36837.582
2000/1/6 2:23,50817.4,2669972.75,28918.42117
2000/1/6 2:24,48574.83333,2483016.667,27224.0135
2000/1/6 2:25,38339.73333,2039285.75,20553.82017
2000/1/6 2:26,23896.03333,1545040,10975.48217
2000/1/6 2:27,23325.01667,1561415.25,14356.8835
2000/1/6 2:28,21795.33333,1402188,10980.28567
2000/1/6 2:29,22498.4,1391870.75,10560.1865
2000/1/6 2:30,21790.58333,1558262.333,9399.112
2000/1/6 2:31,45473.85,4041062.083,16788.7715
2000/1/6 2:32,44628.98333,3946580.583,17007.0845
2000/1/6 2:33,19392.55,1458951.667,8855.050333
2000/1/6 2:34,16784.66667,1220010,7636.928833
2000/1/6 2:35,15738.55,1165617.167,6676.170667
2000/1/6 2:36,12928.83333,981879.1667,5471.752333
2000/1/6 2:37,13404.2,928627.3333,5742.824667
2000/1/6 2:38,16528.11667,1025968.667,7719.595167
2000/1/6 2:39,20302.45,1342160.333,9291.545
2000/1/6 2:40,31043.46667,2267629.167,14276.50867
2000/1/6 2:41,28549.26667,2118663.333,13062.9695
2000/1/6 2:42,19235.23333,1263687.833,9358.811
2000/1/6 2:43,17532.91667,1130226.417,8493.806167
2000/1/6 2:44,15637.33333,999628.8333,7678.187
2000/1/6 2:45,14867.9,945661.8333,7214.246167
2000/1/6 2:46,13937.88333,889702.9167,6774.0715
2000/1/6 2:47,11375.95,658562.3333,5724.4485
2000/1/6 2:48,14363.58333,777402.75,7734.478667
2000/1/6 2:49,14737.08333,837167,8031.358833
2000/1/6 2:50,12630.35,684343.75,7200.547167
2000/1/6 2:51,11105.03333,612299.8333,6330.7995
2000/1/6 2:52,9820.95,548549.1667,5646.812333
2000/1/6 2:53,12069.7,663419.6667,6431.489
2000/1/6 2:54,10636.36667,566861.9167,5555.539
2000/1/6 2:55,8536.533333,440083.6667,4174.879
2000/1/6 2:56,9269.133333,513716.9167,4557.116167
2000/1/6 2:57,12869.66667,686669.3333,6986.3855
2000/1/6 2:58,16693.58333,1127704.5,7854.852667
2000/1/6 2:59,14121.25,792169.25,7233.368333
2000/1/6 3:00,26498.33333,1444880,11040.71617
2000/1/6 3:01,24747.81667,1310261.167,10797.519
2000/1/6 3:02,28244.88333,1523453.833,15729.53167
2000/1/6 3:03,30262.11667,1542537,18053.55317
2000/1/6 3:04,27873.11667,1431907.583,17120.4645
2000/1/6 3:05,26675.53333,1355289.583,16421.93617
2000/1/6 3:06,33080.08333,2080446.25,17901.8465
2000/1/6 3:07,27065.5,1688729.5,13975.86633
2000/1/6 3:08,29440.58333,1653346.667,15620.14133
2000/1/6 3:09,29612,1600189.5,15977.80083
2000/1/6 3:10,29123.25,1646740.75,15373.5965
2000/1/6 3:11,25562.4,1443478.333,13849.54667
2000/1/6 3:12,24572.18333,1399536.667,13508.14
2000/1/6 3:13,40793.5,2125805,23157.59567
2000/1/6 3:14,39690.66667,2050054.833,22729.948
2000/1/6 3:15,36452.26667,1933243.75,20967.12317
2000/1/6 3:16,34010.1,1854726.417,19739.09433
2000/1/6 3:17,30516.65,1599569.833,17839.532
2000/1/6 3:18,28537.36667,1721049.167,16195.94867
2000/1/6 3:19,25150.71667,1516147.583,13897.37567
2000/1/6 3:20,20428.81667,1183703.167,11672.177
2000/1/6 3:21,34274.05,2527055.5,15870.44517
2000/1/6 3:22,23323.86667,1426742.5,12232.05717
2000/1/6 3:23,24804.75,1292088.25,15067.43067
2000/1/6 3:24,62346,4977444.667,26132.16767
2000/1/6 3:25,62510.41667,5022888.333,25999.9715
2000/1/6 3:26,50667.36667,3856235.333,22435.23367
2000/1/6 3:27,37977.06667,2690592.583,18568.25
2000/1/6 3:28,39542,2634677.583,20638.41133
2000/1/6 3:29,27487.13333,1449098.333,16958.2055
2000/1/6 3:30,25258.51667,1323444.167,15613.15067
2000/1/6 3:31,31450.58333,1825369,18800.9015
2000/1/6 3:32,30330.2,1627805.25,18813.5345
2000/1/6 3:33,30013.5,1569358.833,18136.631
2000/1/6 3:34,26390.36667,1443664.083,15852.1405
2000/1/6 3:35,23955.73333,1320816.583,14465.072
2000/1/6 3:36,30636.4,1634832.417,18107.21083
2000/1/6 3:37,29539.8,1575282.583,17471.55717
2000/1/6 3:38,24500.88333,1302345.667,14578.284
2000/1/6 3:39,23352.88333,1222932,13998.93067
2000/1/6 3:40,23133.98333,1198984,13988.6125
2000/1/6 3:41,37079.13333,2449938.833,20177.52233
2000/1/6 3:42,36133.61667,2425776.083,19936.03133
2000/1/6 3:43,42408.33333,2786078.833,23070.016
2000/1/6 3:44,40995.41667,2756027.833,21646.73167
2000/1/6 3:45,39185.58333,3524338.917,21247.47467
2000/1/6 3:46,41294.98333,3603317.917,22377.4335
2000/1/6 3:47,40830.05,3567331.5,22052.371
2000/1/6 3:48,37536.38333,3345707.75,20367.25433
2000/1/6 3:49,37139.81667,3319169.333,20356.232
2000/1/6 3:50,40734.51667,3494031.917,22816.7205
2000/1/6 3:51,39852.46667,3473502.833,22267.514
2000/1/6 3:52,39468.51667,3620046.417,21404.268
2000/1/6 3:53,42319.16667,3373855.167,23994.94467
2000/1/6 3:54,44198.13333,3421833.833,26064.74367
2000/1/6 3:55,42907.91667,3120838.083,24208.29617
2000/1/6 3:56,41097.06667,2707742.417,22068.1025
2000/1/6 3:57,38562.93333,2499631.833,21045.8035
2000/1/6 3:58,32663.85,1987340.917,18563.964
2000/1/6 3:59,26438.48333,1664263.417,13898.87183
2000/1/6 4:00,34446.95,2385657.583,16549.86033
2000/1/6 4:01,32953.21667,2208517.917,15966.78817
2000/1/6 4:02,23557.11667,1343232.917,11963.287
2000/1/6 4:03,58149.4,2997048.667,22071.58067
2000/1/6 4:04,54561.05,2854015.25,20689.483
2000/1/6 4:05,20653.96667,1166583.167,11901.92983
2000/1/6 4:06,24095.85,1404706.167,12880.728
2000/1/6 4:07,29086.05,1655327.583,14124.25117
2000/1/6 4:08,27201.26667,1514451.417,13872.53317
2000/1/6 4:09,27037.6,1599761.833,13831.77833
2000/1/6 4:10,48947.51667,3923171.667,19852.65183
2000/1/6 4:11,30374.83333,1887801.917,15144.57117
2000/1/6 4:12,26293.7,1483860.25,13361.63367
2000/1/6 4:13,27340.98333,1524114.75,14023.0915
2000/1/6 4:14,21889.93333,1301452.667,10397.666
2000/1/6 4:15,22979.45,1536483.75,10694.63267
2000/1/6 4:16,24029.25,1504365.667,11160.93833
2000/1/6 4:17,21558.38333,1261135.25,9254.572333
2000/1/6 4:18,18282.51667,1208543,7430.934167
2000/1/6 4:19,18250.66667,1124071.833,7478.025667
2000/1/6 4:20,26963.76667,2092071.917,9834.854
2000/1/6 4:21,22841.65,1727866.083,8262.115167
2000/1/6 4:22,19838.88333,1156378.333,9180.925667
2000/1/6 4:23,26792.91667,1534848.917,12524.682
2000/1/6 4:24,27659.55,1812917.5,12554.056
2000/1/6 4:25,30433.83333,2132203.917,13095.5445
2000/1/6 4:26,28463.03333,1896988.917,12827.39983
2000/1/6 4:27,27297.18333,1854056.25,12185.0185
2000/1/6 4:28,22270.93333,1500820.333,10186.813
2000/1/6 4:29,22000.66667,1422461,10069.13433
2000/1/6 4:30,21091.16667,1346389.333,9648.409667
2000/1/6 4:31,20507.85,1297533.833,9351.0825
2000/1/6 4:32,32886.26667,2490700.25,14979.74533
2000/1/6 4:33,32228.55,2491775.25,14744.7635
2000/1/6 4:34,30576.06667,2310279.083,14479.78517
2000/1/6 4:35,28618.96667,2163215.667,13480.90867
2000/1/6 4:36,27924.36667,2105944.167,13170.23983
2000/1/6 4:37,30440.16667,2229411.083,14698.45567
2000/1/6 4:38,32963.65,2499192.583,15114.50833
2000/1/6 4:39,29098.46667,2098746.833,12717.48633
2000/1/6 4:40,28459.81667,2068714.667,12183.053
2000/1/6 4:41,24739.4,1862518.333,11335.98683
2000/1/6 4:42,27467.85,2065772.75,12627.139
2000/1/6 4:43,30950.41667,2268963.5,14976.37383
2000/1/6 4:44,29108.3,2128914,14191.10517
2000/1/6 4:45,28810.96667,2299673.833,13755.15783
2000/1/6 4:46,27546.96667,2237425.5,13127.3775
2000/1/6 4:47,58121.21667,3798699.25,30349.28317
2000/1/6 4:48,77587.08333,5740324.667,36400.91967
2000/1/6 4:49,71425.68333,5242991.333,33688.332
2000/1/6 4:50,54029.8,3598287.333,28277.0045
2000/1/6 4:51,62922.53333,4364792.833,32226.32483
2000/1/6 4:52,60370.11667,4212005.333,29824.02167
2000/1/6 4:53,46307.03333,3356953.25,22289.30067
2000/1/6 4:54,38103.2,2707684.25,18354.93
2000/1/6 4:55,38495.73333,2677938.917,18780.97367
2000/1/6 4:56,41771.18333,2849235.917,20405.95483
2000/1/6 4:57,39139.46667,2741885.5,18959.9815
2000/1/6 4:58,38276.25,2658601.333,18581.15717
2000/1/6 4:59,107091.0167,9477975.75,40134.691
2000/1/6 5:00,101417.4667,8883845,37366.648
2000/1/6 5:01,103321.95,9138169.083,37105.53233
2000/1/6 5:02,66641.8,5504076.583,26424.1285
2000/1/6 5:03,60086.33333,4426622.083,26488.0615
2000/1/6 5:04,62450,4518564.167,26585.562
2000/1/6 5:05,60149.9,4325493.667,25797.329
2000/1/6 5:06,53488.46667,3696349.833,22304.348
2000/1/6 5:07,49661.8,3353117.083,21338.30767
2000/1/6 5:08,44954.85,3041291.5,20214.51683
2000/1/6 5:09,32667.58333,1965315.25,17494.2285
2000/1/6 5:10,29545.3,1728898.583,15932.79883
2000/1/6 5:11,38659.78333,2681089.333,18465.358
2000/1/6 5:12,53604.73333,4142703.167,23262.34867
2000/1/6 5:13,44233.11667,3318759.167,20538.78983
2000/1/6 5:14,28603.4,1970032,15272.53067
2000/1/6 5:15,25794.58333,1684546.667,13828.34083
2000/1/6 5:16,40882.63333,2725482.667,19362.01783
2000/1/6 5:17,36518.55,2341305.25,17956.6835
2000/1/6 5:18,25102.35,1586060.167,13119.9555
2000/1/6 5:19,23234.31667,1551667.5,12312.2395
2000/1/6 5:20,23336.8,1610185.417,12292.512
2000/1/6 5:21,21759.53333,1434633.333,11289.862
2000/1/6 5:22,29821.3,2249413.333,14523.6945
2000/1/6 5:23,21117.93333,1387596.917,11639.6995
2000/1/6 5:24,26951.6,1774548.5,13602.24483
2000/1/6 5:25,69303.2,4100934.417,37847.81883
2000/1/6 5:26,79690.15,4668074.667,42678.78783
2000/1/6 5:27,79009.45,4699137.333,42269.69983
2000/1/6 5:28,77269.66667,4540555.667,41403.96567
2000/1/6 5:29,73648.21667,4274516.583,38016.72833
2000/1/6 5:30,73914.75,4244236.417,37767.55967
2000/1/6 5:31,71631.96667,4371724.667,36412.22383
2000/1/6 5:32,61481.68333,3805177.917,31064.45617
2000/1/6 5:33,48496.16667,3279418.75,24466.87717
2000/1/6 5:34,41735.03333,3110566.083,20605.85017
2000/1/6 5:35,37158.86667,2729436.667,17614.71917
2000/1/6 5:36,32209.21667,2313816.083,15052.321
2000/1/6 5:37,26946.73333,1878249.083,12936.13583
2000/1/6 5:38,24158.75,1559133.167,12023.51967
2000/1/6 5:39,42488.21667,3181953.25,17680.67717
2000/1/6 5:40,48714.68333,4020469.167,20588.9225
2000/1/6 5:41,45380.93333,3682677.5,19292.25533
2000/1/6 5:42,49207.55,4063871.5,19164.6485
2000/1/6 5:43,63296.53333,5117758.917,24764.18567
2000/1/6 5:44,45766.43333,3514899.5,19005.96783
2000/1/6 5:45,41697.43333,3073229.5,18251.376
2000/1/6 5:46,38211.2,2835248.5,16655.11533
2000/1/6 5:47,34411.18333,2555634.25,14735.38867
2000/1/6 5:48,32811.15,2516738.583,13802.66167
2000/1/6 5:49,32943.28333,2549892.5,13463.60567
2000/1/6 5:50,30812.03333,2396421.25,12588.67783
2000/1/6 5:51,29563.01667,2352070,11958.2845
2000/1/6 5:52,31111.13333,2720604.917,12304.265
2000/1/6 5:53,27954.51667,2469322.167,10917.182
2000/1/6 5:54,27294.16667,2389816.083,10587.48633
2000/1/6 5:55,26845.05,2360892.25,10371.72917
2000/1/6 5:56,30063.71667,2686745.583,11773.24817
2000/1/6 5:57,26099.4,2185770.167,9704.890833
2000/1/6 5:58,31151.15,2592722.917,12298.20967
2000/1/6 5:59,29232.66667,2423894.5,11447.15383
2000/1/6 6:00,53600.43333,3648196.917,25280.63083
2000/1/6 6:01,61264.6,4030594.167,29212.2885
2000/1/6 6:02,69007.71667,4927831.25,32293.45767
2000/1/6 6:03,69555.01667,4852895.583,31475.902
2000/1/6 6:04,57538.8,3798318,26506.13483
2000/1/6 6:05,75338.83333,4512842.417,37709.23833
2000/1/6 6:06,125843.7667,7039019.083,65690.35733
2000/1/6 6:07,116705.7833,6639628.667,60516.2565
2000/1/6 6:08,114817.8167,6503652.333,59598.5075
2000/1/6 6:09,112253.5833,6341310.917,58418.57167
2000/1/6 6:10,113422.9667,6404413.667,59528.625
2000/1/6 6:11,113191.8833,6442957.583,59444.48417
2000/1/6 6:12,115382.4167,6518972.5,59360.93067
2000/1/6 6:13,101100.25,5407123,53513.54667
2000/1/6 6:14,98603.4,5167248.833,52847.93367
2000/1/6 6:15,99109.41667,5264501,52665.6535
2000/1/6 6:16,153487.5,7989898.417,82498.75783
2000/1/6 6:17,149864.3833,7779086,81079.84467
2000/1/6 6:18,164282.5667,9018439.583,87309.667
2000/1/6 6:19,159272.7833,8764980.333,84912.283
2000/1/6 6:20,149407.8,8293152.5,80781.59067
2000/1/6 6:21,148115.1667,8208560.5,79538.78583
2000/1/6 6:22,143823.5333,7988096.417,76474.454
2000/1/6 6:23,147381.6167,8136051.667,77670.4725
2000/1/6 6:24,146467.75,8248575.667,76380.25817
2000/1/6 6:25,150907.2,8558409.25,78200.405
2000/1/6 6:26,150046.8667,8522322.083,78635.05967
2000/1/6 6:27,133201.5,7590829.5,70103.21467
2000/1/6 6:28,98024.76667,5822858.583,49761.4155
2000/1/6 6:29,100565.7667,5938895.333,51520.67083
2000/1/6 6:30,110197.7167,6367378.75,55544.91733
2000/1/6 6:31,110766.2833,6378779.75,55885.21817
2000/1/6 6:32,106549.65,6155919.333,53841.21767
2000/1/6 6:33,108436.0833,6346978.667,56238.56283
2000/1/6 6:34,110638.75,6417183.75,57582.24483
2000/1/6 6:35,109551.7,6590432.5,56077.50983
2000/1/6 6:36,113332.2167,7033315.917,55720.53133
2000/1/6 6:37,107932.85,6776831.5,52685.48017
2000/1/6 6:38,103553.8,6492808.5,50651.09117
2000/1/6 6:39,98504.95,6164800.833,48379.42733
2000/1/6 6:40,90845,5064044.583,47857.16517
2000/1/6 6:41,82617.68333,4491725.167,44246.372
2000/1/6 6:42,76478.58333,4243790.25,40853.36967
2000/1/6 6:43,67736.51667,3716507.417,35850.26983
2000/1/6 6:44,62624.76667,3440387.083,32928.778
2000/1/6 6:45,85080.4,5759137.167,41756.70183
2000/1/6 6:46,83401.55,5633187.083,40903.43467
2000/1/6 6:47,80860.65,5395286.25,39167.5775
2000/1/6 6:48,77025.28333,5023130.917,37079.44983
2000/1/6 6:49,76511.45,4983759.833,36798.194
2000/1/6 6:50,77014.25,5021522.667,36989.64883
2000/1/6 6:51,74522.16667,4827205.833,35822.29967
2000/1/6 6:52,71093.13333,4655429.25,33894.24467
2000/1/6 6:53,65759.23333,4310472.333,31138.37567
2000/1/6 6:54,71871.11667,5122363.917,31863.2775
2000/1/6 6:55,68295.05,4971831.417,29438.39667
2000/1/6 6:56,50109.38333,3301075.667,23357.17933
2000/1/6 6:57,41309.7,2489687.333,19875.88967
2000/1/6 6:58,38709.01667,2361817.083,18575.52633
2000/1/6 6:59,42181.51667,2800077.333,19347.12983
2000/1/6 7:00,47005.86667,3088092.917,20855.4185
2000/1/6 7:01,48983.98333,3413421.667,21060.78533
2000/1/6 7:02,49132.36667,3361797.167,21927.84333
2000/1/6 7:03,56228.46667,3693550.25,26178.38333
2000/1/6 7:04,57980.83333,4069205.417,27063.52467
2000/1/6 7:05,57785.3,4315295.75,25804.52333
2000/1/6 7:06,57584.66667,4291086.917,25869.7155
2000/1/6 7:07,55490.55,4033551.333,25753.69683
2000/1/6 7:08,48840.83333,3354416.583,23178.2045
2000/1/6 7:09,49975.2,3542480.667,21805.85467
2000/1/6 7:10,32832.58333,1940192.917,15152.6715
2000/1/6 7:11,27930.53333,1472553.583,13277.47217
2000/1/6 7:12,29962.51667,1658727.667,13540.32767
2000/1/6 7:13,27122.55,1453442.25,12272.85933
2000/1/6 7:14,25055.51667,1337155.5,11210.43317
2000/1/6 7:15,36866.75,2735551.333,19125.30883
2000/1/6 7:16,35349.53333,2680848.333,18370.67967
2000/1/6 7:17,32921.3,2448444.583,17775.17483
2000/1/6 7:18,36002.91667,2574898.833,19901.259
2000/1/6 7:19,30881.63333,2073255.833,17683.68767
2000/1/6 7:20,36737.78333,2629098,19399.75917
2000/1/6 7:21,27021.38333,1717931.417,16278.24417
2000/1/6 7:22,52950.41667,4290869.667,28191.83717
2000/1/6 7:23,34502.61667,2475987.083,19970.39017
2000/1/6 7:24,27071.1,1766887.5,16217.42967
2000/1/6 7:25,26825.93333,1655596.167,15868.95017
2000/1/6 7:26,23304.03333,1264834.667,10788.574
2000/1/6 7:27,24383.95,1387883.833,11183.39833
2000/1/6 7:28,23972.76667,1363958.25,11062.02033
2000/1/6 7:29,22893.11667,1299030,10581.273
2000/1/6 7:30,44838.91667,3615095.417,16470.62583
2000/1/6 7:31,47460.65,3516070.917,19038.98567
2000/1/6 7:32,46100.71667,3142676.25,19975.59533
2000/1/6 7:33,49868.08333,3358739,22384.88533
2000/1/6 7:34,37587.06667,2073238.333,18972.33417
2000/1/6 7:35,35197.5,1847924.833,18101.75183
2000/1/6 7:36,33887.56667,1775775.833,17536.23117
2000/1/6 7:37,32347.1,1706263.167,16438.89533
2000/1/6 7:38,31819.21667,1623285,15039.923
2000/1/6 7:39,31358.9,1550391.25,14686.4155
2000/1/6 7:40,31111.96667,1586016.667,14628.80133
2000/1/6 7:41,47068.58333,3322280.167,19898.75633
2000/1/6 7:42,55613.91667,4161087.583,22781.47517
2000/1/6 7:43,41638.13333,2596233.75,19433.196
2000/1/6 7:44,38652.16667,2037090.833,20100.5055
2000/1/6 7:45,37029.66667,1948116.417,19192.19983
2000/1/6 7:46,46072.41667,3828372.75,24828.85933
2000/1/6 7:47,44647.21667,3751123.333,24496.497
2000/1/6 7:48,44990.9,3815413.5,24418.15483
2000/1/6 7:49,49633.95,3700566.583,27029.80517
2000/1/6 7:50,55967.5,3943455.667,30074.5445
2000/1/6 7:51,54172.93333,3709288.5,29748.44533
2000/1/6 7:52,39981.16667,2679629.417,23470.68467
2000/1/6 7:53,38187.85,2637344.75,22247.72967
2000/1/6 7:54,39193.15,2642294.667,22895.53683
2000/1/6 7:55,38083.93333,2545571.833,22295.6695
2000/1/6 7:56,37327.03333,2493764.5,21912.4485
2000/1/6 7:57,36621.4,2401533.333,21303.39333
2000/1/6 7:58,36192.73333,2343300.833,21432.13983
2000/1/6 7:59,44192.06667,2713632.333,25094.86583
2000/1/6 8:00,57034.88333,3327588.5,30710.92633
2000/1/6 8:01,56605.41667,3330847.75,30549.28217
2000/1/6 8:02,62706.45,3561048.75,33126.36233
2000/1/6 8:03,60103.03333,3269174.167,29963.94067
2000/1/6 8:04,60424.53333,3373574.833,29695.49267
2000/1/6 8:05,52499.16667,2886444.417,26237.0375
2000/1/6 8:06,41689.41667,2310081.083,20883.66983
2000/1/6 8:07,35593.75,2102054.5,16792.78733
2000/1/6 8:08,24897.01667,1505050.667,11148.91567
2000/1/6 8:09,24486.21667,1443617.75,11383.17383
2000/1/6 8:10,23335.11667,1373093.5,10775.34067
2000/1/6 8:11,26788.3,1578191.833,12415.39833
2000/1/6 8:12,23922.85,1517382.167,11402.281
2000/1/6 8:13,18959.48333,1241819.417,8919.9145
2000/1/6 8:14,35299.65,2084336,18576.16867
2000/1/6 8:15,37306.16667,2195048.167,19075.49967
2000/1/6 8:16,78860.61667,6525937.667,30827.9225
2000/1/6 8:17,72964.85,6225637.167,27946.98133
2000/1/6 8:18,68007.61667,5962013.167,24845.861
2000/1/6 8:19,33588.65,2331073.333,15978.37867
2000/1/6 8:20,35846.71667,2621303.167,16782.87033
2000/1/6 8:21,36984.43333,2802607.333,17241.13433
2000/1/6 8:22,47385.78333,3707863.5,21412.73267
2000/1/6 8:23,41687.88333,3269085.917,19273.51817
2000/1/6 8:24,33639.23333,2533601.25,15596.18067
2000/1/6 8:25,20844.51667,1463785.5,10261.91817
2000/1/6 8:26,17378.5,1193954.333,8826.818
2000/1/6 8:27,12624.53333,947391.4167,6680.096833
2000/1/6 8:28,10400.68333,825678.3333,5572.3205
2000/1/6 8:29,9883.816667,779180.1667,5335.773833
2000/1/6 8:30,13372.38333,939958.5,7301.039
2000/1/6 8:31,12240.58333,837238.0833,6779.034833
2000/1/6 8:32,16025.08333,960343.8333,6954.607
2000/1/6 8:33,25119.48333,1463495.5,11191.26917
2000/1/6 8:34,21574.1,1305578.083,9664.4305
2000/1/6 8:35,21180.76667,1271357.417,9474.656
2000/1/6 8:36,21843.13333,1259759.833,10537.6165
2000/1/6 8:37,22623.48333,1352222.667,10679.24267
2000/1/6 8:38,18931.71667,1150523.333,9606.168
2000/1/6 8:39,18752.06667,967099.3333,9084.509667
2000/1/6 8:40,19826.61667,1044171.083,9868.835833
2000/1/6 8:41,19187.13333,1169553.833,9810.809333
2000/1/6 8:42,18039.23333,1116995.833,9280.9675
2000/1/6 8:43,16856.01667,1048801.167,8576.530333
2000/1/6 8:44,15984.98333,981248.6667,8125.205167
2000/1/6 8:45,17416.66667,1089223.417,8531.634333
2000/1/6 8:46,14605.13333,876742.8333,6724.084
2000/1/6 8:47,16044.3,1027100.167,7582.878833
2000/1/6 8:48,13902.48333,892555.6667,6666.564667
2000/1/6 8:49,13440.2,836716.8333,6256.202333
2000/1/6 8:50,16932.1,1077127.75,7840.618167
2000/1/6 8:51,12926.4,815287.3333,6021.433167
2000/1/6 8:52,12018.65,766755.4167,5529.564167
2000/1/6 8:53,39484.63333,3548921.667,10726.14967
2000/1/6 8:54,29988.75,2636421.917,8631.146333
2000/1/6 8:55,9636.083333,606143.9167,4283.727833
2000/1/6 8:56,8125.783333,529048,3555.648167
2000/1/6 8:57,7894.366667,488965.6667,3440.301333
2000/1/6 8:58,6559.566667,422639.5,2941.769667
2000/1/6 8:59,6180.433333,388730,2773.7235
2000/1/6 9:00,47674.41667,3042364.333,24222.259
2000/1/6 9:01,96926.73333,8001737.167,48034.41517
2000/1/6 9:02,91512.55,7442013.167,46343.12717
2000/1/6 9:03,97018.55,7721468.333,49697.74383
2000/1/6 9:04,95197.71667,7581278.833,48939.418
2000/1/6 9:05,95494.33333,7553187.75,49348.89533
2000/1/6 9:06,98215.2,7788632.5,50456.12867
2000/1/6 9:07,95631.46667,7505350.5,49404.7565
2000/1/6 9:08,94459.75,7406016.75,49125.56733
2000/1/6 9:09,59118.53333,3980467.833,31933.87583
2000/1/6 9:10,46154.55,2697240.333,23925.43667
2000/1/6 9:11,20325.46667,1314177.083,8891.3505
2000/1/6 9:12,9897.95,535500.3333,3643.522667
2000/1/6 9:13,7373.3,405652.9167,3060.396667
2000/1/6 9:14,11833.28333,610327.5833,4546.596167
2000/1/6 9:15,15299.46667,916434,6156.171
2000/1/6 9:16,25780.7,1440953.833,11231.08283
2000/1/6 9:17,21979.76667,1230830.917,9815.2465
2000/1/6 9:18,16661.15,863335.9167,7201.495333
2000/1/6 9:19,17023.25,855490.8333,6540.681
2000/1/6 9:20,16458.13333,841821,6244.711
2000/1/6 9:21,16590.95,810417.3333,6195.075333
2000/1/6 9:22,19884.5,949755.8333,9123.672333
2000/1/6 9:23,19248.3,930382.5833,8717.880833
2000/1/6 9:24,18367.16667,895337.1667,8302.109333
2000/1/6 9:25,17515.95,859003.6667,7942.859333
2000/1/6 9:26,12281.01667,606434.3333,4647.543
2000/1/6 9:27,35235.18333,1781717.917,18116.156
2000/1/6 9:28,31174.98333,1576055.5,15834.52217
2000/1/6 9:29,11300.18333,581587.25,4301.717
2000/1/6 9:30,32885.18333,2729398.5,11984.54417
2000/1/6 9:31,30547.58333,2574139.917,11108.89183
2000/1/6 9:32,10338.6,652826.9167,4643.037167
2000/1/6 9:33,9440.733333,583407.75,4320.9525
2000/1/6 9:34,7226.3,383063.5,3349.1505
2000/1/6 9:35,6449.766667,341760,2983.154833
2000/1/6 9:36,6674.5,377916.8333,3024.877667
2000/1/6 9:37,6372.616667,363177.8333,2667.489667
2000/1/6 9:38,37562.31667,3495727.75,17778.30933
2000/1/6 9:39,26285.78333,2318629.75,11891.1765
2000/1/6 9:40,14337.08333,983811.25,5017.5665
2000/1/6 9:41,14949.06667,968656.5,6635.538333
2000/1/6 9:42,24668.55,1351381.75,13503.74
2000/1/6 9:43,22319.6,1190645.417,12740.31583
2000/1/6 9:44,20580.01667,1047199.667,11889.728
2000/1/6 9:45,19690.75,1073952.167,11095.68367
2000/1/6 9:46,18203.8,937796.75,9773.135667
2000/1/6 9:47,17114.28333,882250.9167,9104.805667
2000/1/6 9:48,16369.28333,925315.5,9224.8455
2000/1/6 9:49,30012.96667,2435139.167,13130.634
2000/1/6 9:50,25712.01667,2079248,11243.50533
2000/1/6 9:51,13491.48333,845842.0833,7989.991833
2000/1/6 9:52,11506.08333,701315.6667,6640.980333
2000/1/6 9:53,6697.25,464083.75,3352.648167
2000/1/6 9:54,12361.31667,874264.5833,4288.078667
2000/1/6 9:55,9184.833333,569271.5833,3274.230667
2000/1/6 9:56,11802.2,847642.5833,4148.192
2000/1/6 9:57,33977.6,3077891.667,10828.2735
2000/1/6 9:58,28978.75,2623213,8991.307333
2000/1/6 9:59,26707.61667,2426219.75,8835.429
2000/1/6 10:00,28422.2,2592079.833,9384.604333
2000/1/6 10:01,153087.6167,15121135.92,47093.56583
2000/1/6 10:02,139160.55,13838246.42,43297.80517
2000/1/6 10:03,99139.55,9637964.083,33021.21717
2000/1/6 10:04,10713.43333,796821.0833,6531.295667
2000/1/6 10:05,10284.08333,754599.5833,6319.050833
2000/1/6 10:06,9431.8,671508.75,5753.698833
2000/1/6 10:07,9062.766667,637445.8333,5544.595
2000/1/6 10:08,7461.516667,492798.4167,4663.982333
2000/1/6 10:09,4425,354097.1667,2028.889833
2000/1/6 10:10,4569.266667,387126,2072.246333
2000/1/6 10:11,5233.15,461867.1667,2281.892833
2000/1/6 10:12,4633.516667,422793.25,1989.146333
2000/1/6 10:13,31356.65,2583536.167,10698.516
2000/1/6 10:14,32823.95,2710976.333,11517.47117
2000/1/6 10:15,19402.66667,1542662.75,6896.720167
2000/1/6 10:16,15179.1,954649.9167,7567.376833
2000/1/6 10:17,14919.26667,904161,7239.22
2000/1/6 10:18,17323.06667,1132306.417,8340.468333
2000/1/6 10:19,15798.11667,1011874.167,7772.236667
2000/1/6 10:20,16205.4,1057954.667,8152.216
2000/1/6 10:21,13010.3,836947.75,6136.810167
2000/1/6 10:22,8007.833333,551034.1667,3752.014
2000/1/6 10:23,5209.283333,417149,2462.706
2000/1/6 10:24,3251.983333,264526.3333,1513.7825
2000/1/6 10:25,7530.183333,536441.9167,3724.947333
2000/1/6 10:26,8969.683333,646107.5,4360.747167
2000/1/6 10:27,6695.533333,393776.6667,3535.9695
2000/1/6 10:28,10326.33333,709103.9167,5178.868
2000/1/6 10:29,9856.016667,705280.1667,4894.490833
2000/1/6 10:30,9623.333333,695584.1667,4880.774167
2000/1/6 10:31,7934.35,547973.0833,4120.117167
2000/1/6 10:32,6951.5,463568,3700.142333
2000/1/6 10:33,9619.833333,543948.8333,4643.449167
2000/1/6 10:34,7665.7,441822.4167,3935.448
2000/1/6 10:35,10195.11667,663072.25,4462.969167
2000/1/6 10:36,6888.516667,394305.5,3286.772833
2000/1/6 10:37,5242.816667,354880.9167,2622.245
2000/1/6 10:38,5178.633333,457739.3333,1993.778833
2000/1/6 10:39,5944.15,544315.75,2494.473333
2000/1/6 10:40,3941.466667,317296.5,1799.3715
2000/1/6 10:41,4763.8,414715.75,2012.615667
2000/1/6 10:42,4307.916667,384988.1667,2039.393333
2000/1/6 10:43,6035.4,532354.8333,2351.6095
2000/1/6 10:44,4245.933333,372792.5,1855.654
2000/1/6 10:45,4329.366667,331317.9167,2254.002833
2000/1/6 10:46,14616.78333,1437224,5872.698333
2000/1/6 10:47,27635.46667,2753215.5,9650.220667
2000/1/6 10:48,12186.83333,1202424.167,5656.9335
2000/1/6 10:49,35629.08333,3560234.833,14625.47783
2000/1/6 10:50,43947.21667,3718033.667,19134.75133
2000/1/6 10:51,25396.26667,1904420.667,13082.75883
2000/1/6 10:52,33360.18333,2770379.167,17167.5925
2000/1/6 10:53,44041.93333,3804651.333,18837.82167
2000/1/6 10:54,36765.08333,3066270.333,16374.142
2000/1/6 10:55,14169.21667,799732.9167,7192.135667
2000/1/6 10:56,32128.51667,2599531.583,12576.96967
2000/1/6 10:57,33463.03333,2724536.083,12963.8955
2000/1/6 10:58,95445.68333,8930224.667,32023.1445
2000/1/6 10:59,92594.11667,8651920.667,31630.39667
2000/1/6 11:00,125041.8167,12141782.08,41176.53983
2000/1/6 11:01,109010.1167,10849995.67,34794.63683
2000/1/6 11:02,84252.23333,8461871.083,28104.95133
2000/1/6 11:03,83635.28333,8396715.333,28077.58533
2000/1/6 11:04,19578.41667,1976025.333,8753.7825
2000/1/6 11:05,20398.38333,2038987.333,8912.671833
2000/1/6 11:06,15147.71667,1514093.917,7638.413667
2000/1/6 11:07,9415.15,944495.8333,5661.974167
2000/1/6 11:08,7558.666667,800269.6667,4431.443
2000/1/6 11:09,5563.133333,596126.3333,3254.675833
2000/1/6 11:10,4646.35,504349,2663.501833
2000/1/6 11:11,5170.133333,550758.6667,2753.8125
2000/1/6 11:12,4429.983333,488624.5,2583.7345
2000/1/6 11:13,19848.41667,2021840.417,7024.213667
2000/1/6 11:14,45719.65,4549142.833,15924.33217
2000/1/6 11:15,32085.95,3132773.583,12534.604
2000/1/6 11:16,6104.75,599709.5833,3843.0155
2000/1/6 11:17,4497.216667,465769.0833,2976.209167
2000/1/6 11:18,7081.8,618417.6667,4081.1795
2000/1/6 11:19,7381.233333,649983.8333,3859.331
2000/1/6 11:20,13604.93333,1091591,7507.107
2000/1/6 11:21,13433.95,1083326.917,7353.953333
2000/1/6 11:22,11401.86667,878671.25,6732.8795
2000/1/6 11:23,8647.75,593850.5,5826.708
2000/1/6 11:24,10451.46667,847653.75,10551.3305
2000/1/6 11:25,8362.583333,730503.6667,8856.581333
2000/1/6 11:26,8371.366667,742849.0833,6484.969833
2000/1/6 11:27,5444.183333,474121.5833,2844.5085
2000/1/6 11:28,13184.78333,1227518.333,5619.7095
2000/1/6 11:29,9083.333333,818901.25,4281.444833
2000/1/6 11:30,12046.33333,1050328.083,5551.166
2000/1/6 11:31,10923.1,948095.6667,5215.448167
2000/1/6 11:32,12216.55,1082345.333,5625.56
2000/1/6 11:33,11344.36667,1041601.333,5862.968333
2000/1/6 11:34,12303.33333,1159585.25,10588.37217
2000/1/6 11:35,22759.96667,2215608.917,14167.04117
2000/1/6 11:36,22955.13333,2234829,13988.19867
2000/1/6 11:37,15515.68333,1484095.5,11508.55983
2000/1/6 11:38,9311.683333,861799.5833,9270.07
2000/1/6 11:39,8473.866667,774539.5,8794.192
2000/1/6 11:40,14164.2,1068633.667,12014.8025
2000/1/6 11:41,14022.21667,1074677.5,12074.86967
2000/1/6 11:42,12594.96667,912422,8871.739
2000/1/6 11:43,10084.61667,674388.25,5733.044833
2000/1/6 11:44,10467.33333,714053.4167,5878.975333
2000/1/6 11:45,10272.65,704873.25,5734.9775
2000/1/6 11:46,11817.16667,785162.75,6304.199
2000/1/6 11:47,16544.55,1290359.5,8145.655667
2000/1/6 11:48,15232.08333,1202705.333,7718.263333
2000/1/6 11:49,13393.33333,924580.5833,7461.541667
2000/1/6 11:50,15812.08333,1160782.75,8661.5475
2000/1/6 11:51,13592.55,957170.5833,7487.540333
2000/1/6 11:52,9132.333333,580501.75,5260.588833
2000/1/6 11:53,8444.5,539681.6667,4934.552333
2000/1/6 11:54,48949.05,4592480.083,17289.83233
2000/1/6 11:55,49970.81667,4702118.917,17322.262
2000/1/6 11:56,54565.95,5184017.167,17503.24583
2000/1/6 11:57,47071.08333,4415356.583,15446.29083
2000/1/6 11:58,21911.68333,1791120,8225.580667
2000/1/6 11:59,21963.81667,1813436,8111.764833
2000/1/6 12:00,47098.2,3923288.25,17402.7425
2000/1/6 12:01,47213.66667,3876523.083,17560.60583
2000/1/6 12:02,41711.38333,3258292,16368.2465
2000/1/6 12:03,44177.65,3288589.833,18889.64783
2000/1/6 12:04,41016.86667,3111498.333,17262.18783
2000/1/6 12:05,43423.63333,3441295.667,19148.3345
2000/1/6 12:06,38317.88333,3101844.5,16903.76083
2000/1/6 12:07,33997.11667,2840489.083,14788.07483
2000/1/6 12:08,29966.06667,2437533.583,12798.14983
2000/1/6 12:09,22920.23333,1713571.833,10856.04617
2000/1/6 12:10,21927.01667,1372891.25,11919.65617
2000/1/6 12:11,19753.61667,1197305.833,11261.07483
2000/1/6 12:12,19949.86667,1239364.917,11245.22283
2000/1/6 12:13,17782.25,1127514.167,10196.819
2000/1/6 12:14,16579.75,1012616.25,9713.26
2000/1/6 12:15,20213.9,1186542.333,11821.842
2000/1/6 12:16,20192.51667,1191727.833,11759.72583
2000/1/6 12:17,21215.95,1303372.333,11829.373
2000/1/6 12:18,20149.01667,1167080.917,11272.45567
2000/1/6 12:19,19705.26667,1115439.5,11075.22183
2000/1/6 12:20,19219.15,1100344.167,10824.598
2000/1/6 12:21,19784.58333,1139297.167,11040.30617
2000/1/6 12:22,20949.25,1205556.5,11508.38367
2000/1/6 12:23,20980.65,1242522.25,11533.33767
2000/1/6 12:24,20030.86667,1197007.75,11012.49733
2000/1/6 12:25,19565,1229788.083,10196.26033
2000/1/6 12:26,14354.55,966342.0833,6525.447167
2000/1/6 12:27,13885.58333,827474.8333,5680.905333
2000/1/6 12:28,13210.8,791023.0833,5405.623
2000/1/6 12:29,12996.83333,780026.5833,5323.6185
2000/1/6 12:30,12794.6,781525.1667,5287.134167
2000/1/6 12:31,12681.96667,783694.3333,5416.786833
2000/1/6 12:32,12786.58333,797598.9167,5783.598667
2000/1/6 12:33,12454.81667,778784.5833,5520.318667
2000/1/6 12:34,12825.65,817510.4167,5296.941333
2000/1/6 12:35,13459.43333,940498.4167,5420.221
2000/1/6 12:36,14026.3,1002416.583,5396.502
2000/1/6 12:37,16334,1094613.667,6810.984333
2000/1/6 12:38,16445.65,1049280.833,7549.719833
2000/1/6 12:39,101791.3833,9606230.417,33099.74167
2000/1/6 12:40,101414.1,9551962.75,33284.327
2000/1/6 12:41,103084.9,9627922.75,34222.94483
2000/1/6 12:42,105746.9,9762666.083,34416.959
2000/1/6 12:43,103561.4833,9655020,32609.21483
2000/1/6 12:44,96824.63333,9323814.583,30694.11033
2000/1/6 12:45,95873.71667,9263711.667,30223.66083
2000/1/6 12:46,96083.91667,9301769.917,30388.93983
2000/1/6 12:47,67805.85,6476013.5,22284.3225
2000/1/6 12:48,10985.63333,841110.5,5153.421833
2000/1/6 12:49,7547.716667,578721.6667,3995.153
2000/1/6 12:50,20431.23333,1362683.75,10567.24667
2000/1/6 12:51,21695.46667,1411891.5,11392.12667
2000/1/6 12:52,17323.03333,1178552.083,9226.096833
2000/1/6 12:53,10931.96667,707451.4167,6045.415667
2000/1/6 12:54,9495.25,584628.3333,5333.2325
2000/1/6 12:55,5664.616667,371158.8333,3128.829667
2000/1/6 12:56,8060.633333,528485.8333,3976.311333
2000/1/6 12:57,7261.433333,483636.8333,3778.325833
2000/1/6 12:58,6521.583333,424935.6667,3455.2495
2000/1/6 12:59,5843.55,388579.6667,3160.139667
2000/1/6 13:00,11244.66667,982209,5254.3235
2000/1/6 13:01,7662.45,671940.0833,4010.878333
2000/1/6 13:02,6451.566667,559012.5,3515.628
2000/1/6 13:03,6814.65,558091.3333,3651.8035
2000/1/6 13:04,6449.283333,533845.1667,3462.118833
2000/1/6 13:05,5968.533333,494077.9167,3133.221333
2000/1/6 13:06,5609.2,467784.0833,2845.908
2000/1/6 13:07,3604.816667,285589,1940.147167
2000/1/6 13:08,5001.583333,356217.1667,2446.925333
2000/1/6 13:09,4102.533333,308470.6667,2120.295167
2000/1/6 13:10,4936.283333,420910.8333,2578.215833
2000/1/6 13:11,3545.616667,304543.6667,1953.481167
2000/1/6 13:12,3223.15,269223,1790.933667
2000/1/6 13:13,3135.833333,256998.0833,1760.1595
2000/1/6 13:14,3225.283333,275354.6667,1910.096333
2000/1/6 13:15,2210.533333,193701.3333,1578.712
2000/1/6 13:16,6285.583333,461454.25,3719.934167
2000/1/6 13:17,7694.65,512864.3333,3141.653167
2000/1/6 13:18,6509.633333,424389.5833,2378.109
2000/1/6 13:19,7470.25,531876.4167,2703.357833
2000/1/6 13:20,6998.066667,537647.0833,2656.321833
2000/1/6 13:21,8370.766667,692564.3333,3640.829667
2000/1/6 13:22,7302.416667,586391,3386.760333
2000/1/6 13:23,6633.166667,512852,3215.630833
2000/1/6 13:24,6558.733333,551378.75,3828.874333
2000/1/6 13:25,6784.95,535180.0833,3955.936833
2000/1/6 13:26,9860.083333,912884.5833,5193.160333
2000/1/6 13:27,10901.48333,990271.5,5844.768333
2000/1/6 13:28,10748.36667,979204.5,5753.75
2000/1/6 13:29,10364.25,949307.1667,5620.0745
2000/1/6 13:30,13985.7,1298606.167,8070.251167
2000/1/6 13:31,13788.2,1277561.417,7638.828333
2000/1/6 13:32,11130.11667,1039509.917,6517.406167
2000/1/6 13:33,12901.58333,1100939.083,7134.359333
2000/1/6 13:34,9757.15,814590.25,5385.811
2000/1/6 13:35,10107.76667,905672.6667,5328.113167
2000/1/6 13:36,9066,753734.25,5217.4545
2000/1/6 13:37,8273.7,704404.3333,4908.839833
2000/1/6 13:38,9149.466667,758486.25,5204.6395
2000/1/6 13:39,9293.766667,761635.3333,5287.637667
2000/1/6 13:40,16816.33333,1576027.583,8222.3175
2000/1/6 13:41,12109.06667,1114475.167,5724.729167
2000/1/6 13:42,4740.9,378130.25,2770.688333
2000/1/6 13:43,6591.65,456508.0833,2984.087833
2000/1/6 13:44,6836.35,439625.25,3245.1275
2000/1/6 13:45,8815.583333,604705.0833,3915.649333
2000/1/6 13:46,109665.1333,10671525.83,35622.59983
2000/1/6 13:47,92124.16667,9039455.167,30785.04617
2000/1/6 13:48,71536,6944170.417,23645.21583
2000/1/6 13:49,70326.26667,6826404.167,22972.44333
2000/1/6 13:50,157483.9833,15522771.75,49673.502
2000/1/6 13:51,157230.4833,15536321.17,50943.48083
2000/1/6 13:52,124435.8333,12236436.17,40963.28967
2000/1/6 13:53,95353.9,9359534,32166.50567
2000/1/6 13:54,119919.9333,11849062.67,39327.891
2000/1/6 13:55,121208.7333,11966695,40370.42133
2000/1/6 13:56,100078.0333,9817016.083,33649.29133
2000/1/6 13:57,18779.78333,1710047.75,9465.619333
2000/1/6 13:58,7888.983333,675738.6667,5608.5935
2000/1/6 13:59,6357.816667,533867.0833,4609.8535
2000/1/6 14:00,5792.183333,480979.1667,4336.106667
2000/1/6 14:01,6406.416667,541655.5,4575.155333
2000/1/6 14:02,6066.2,479585.3333,4351.107333
2000/1/6 14:03,18310.63333,1721559.5,8902.971
2000/1/6 14:04,20715.31667,1872152.917,8858.082833
2000/1/6 14:05,34446.73333,3197588.083,12599.27783
2000/1/6 14:06,38356.06667,3626633.083,17307.918
2000/1/6 14:07,17523.73333,1570683.25,10255.07433
2000/1/6 14:08,4626.033333,371824.75,3965.367333
2000/1/6 14:09,5995.766667,514672.5833,4205.359
2000/1/6 14:10,5533.6,450140.1667,4101.184833
2000/1/6 14:11,6109.4,507382.1667,4186.717833
2000/1/6 14:12,4119.65,326059.6667,3604.063833
2000/1/6 14:13,17486.98333,1681014.583,8365.933667
2000/1/6 14:14,17302.7,1669982.25,8281.520167
2000/1/6 14:15,16521.2,1609104.167,8496.759167
2000/1/6 14:16,14674.9,1052187.25,9064.6545
2000/1/6 14:17,13402.83333,936969.75,8472.9635
2000/1/6 14:18,10743.68333,766874.5,7341.707167
2000/1/6 14:19,11149.03333,794717.0833,7648.440333
2000/1/6 14:20,10701.46667,757418.4167,7400.494667
2000/1/6 14:21,9668.85,697688,6851.869833
2000/1/6 14:22,13343.4,1033159.583,8175.702667
2000/1/6 14:23,10749.51667,800568.4167,7198.816
2000/1/6 14:24,11233.06667,866559.5833,7073.6875
2000/1/6 14:25,11473.93333,860163.75,7263.796333
2000/1/6 14:26,9527.366667,667238.5,6478.982167
2000/1/6 14:27,30849.03333,2765502.583,11927.34233
2000/1/6 14:28,30076.51667,2828884.417,11052.57417
2000/1/6 14:29,29515.91667,2768242.083,10789.87133
2000/1/6 14:30,28298.35,2745311.5,11056.25683
2000/1/6 14:31,18663.95,1785689.417,8207.865333
2000/1/6 14:32,5731.05,485733.75,3998.266833
2000/1/6 14:33,7810.983333,583092.25,4760.881833
2000/1/6 14:34,8975.616667,728151.4167,5415.2845
2000/1/6 14:35,8019.116667,747363.25,4638.378667
2000/1/6 14:36,8058.5,747952.9167,4438.2175
2000/1/6 14:37,8256.583333,684381.1667,4346.471667
2000/1/6 14:38,19777.75,1132868.583,14140.17867
2000/1/6 14:39,18477.16667,1067190.833,13957.678
2000/1/6 14:40,29202.51667,1751428.75,19076.18017
2000/1/6 14:41,27408.36667,1658540.25,18301.33233
2000/1/6 14:42,31031.36667,2067496.083,19193.28867
2000/1/6 14:43,26939.01667,1680798.917,17033.744
2000/1/6 14:44,20303.51667,1159453.583,14422.912
2000/1/6 14:45,20881.95,1191445.083,14821.596
2000/1/6 14:46,19895.38333,1130440,14333.73167
2000/1/6 14:47,18480.73333,1084829.75,14206.878
2000/1/6 14:48,18551.03333,1107522.75,14225.16367
2000/1/6 14:49,19241.51667,1183668.667,14510.7835
2000/1/6 14:50,19158.8,1133541.833,14392.9825
2000/1/6 14:51,13580.53333,853148.6667,10492.03617
2000/1/6 14:52,12895.48333,802434,10273.6125
2000/1/6 14:53,13759,871488.25,10666.81183
2000/1/6 14:54,29952.41667,1675300.083,21897.03367
2000/1/6 14:55,30446.65,1719856.25,22114.9295
2000/1/6 14:56,29675.03333,1654900.667,21681.95483
2000/1/6 14:57,29300,1615993.5,21490.2605
2000/1/6 14:58,29026.01667,1605996.833,21384.2295
2000/1/6 14:59,50233.43333,3727913.167,27857.05067
2000/1/6 15:00,70810.33333,5454759.333,36795.86583
2000/1/6 15:01,88657.2,7243404.417,42108.63867
2000/1/6 15:02,72737.1,5335372.5,36842.38833
2000/1/6 15:03,45398.35,2756134.917,28295.15033
2000/1/6 15:04,41134.4,2329523.583,26974.43283
2000/1/6 15:05,40340.98333,2207802.5,26321.19633
2000/1/6 15:06,38749.21667,2076953.083,25225.03233
2000/1/6 15:07,51527.33333,3412390.667,28995.4485
2000/1/6 15:08,82316.36667,6279754.083,41335.76533
2000/1/6 15:09,167432.6333,14803330.5,66796.699
2000/1/6 15:10,253690.3167,23432543.67,92519.48767
2000/1/6 15:11,254811.8833,23540257.08,93043.823
2000/1/6 15:12,253623.2667,23411638.58,92634.38583
2000/1/6 15:13,253279.2833,23381427.83,92490.34083
2000/1/6 15:14,251277.55,23187680.17,91547.8095
2000/1/6 15:15,191228.2,17357365.92,74207.75067
2000/1/6 15:16,255239.35,23981556.67,94275.63567
2000/1/6 15:17,261970.2,24568169.08,97424.685
2000/1/6 15:18,280263.2,26293020.83,103661.8655
2000/1/6 15:19,294705.3333,27765891,107724.1592
2000/1/6 15:20,286990.5667,27103948.17,104346.8147
2000/1/6 15:21,190728.7833,17570986.67,75632.81233
2000/1/6 15:22,170007.6333,15634717.08,69158.40183
2000/1/6 15:23,165563.1333,15132676.83,66685.84883
2000/1/6 15:24,160315.1667,14713096.58,65644.73367
2000/1/6 15:25,154863.2167,14227502.5,63940.31717
2000/1/6 15:26,137081.3333,12353809.58,56664.8735
2000/1/6 15:27,131904.4,11850083.75,54208.368
2000/1/6 15:28,130548.0667,11718114.67,53671.53783
2000/1/6 15:29,131270.7667,11793130.83,53932.06917
2000/1/6 15:30,132311.3167,11897151.83,54573.568
2000/1/6 15:31,58833.43333,4182048.833,33975.4675
2000/1/6 15:32,38451.41667,2174331.833,25164.061
2000/1/6 15:33,57008.23333,3336920.833,37658.062
2000/1/6 15:34,52253.86667,2806412.5,34801.27283
2000/1/6 15:35,44154.93333,2296407.917,29751.92117
2000/1/6 15:36,64023.71667,4458344.833,35400.222
2000/1/6 15:37,51669.68333,3249426.75,31961.47533
2000/1/6 15:38,41428.83333,2238612.833,28731.698
2000/1/6 15:39,40910.75,2210296.667,28513.88533
2000/1/6 15:40,54352.36667,3290342.083,34797.693
2000/1/6 15:41,55616.81667,3518685,34673.8715
2000/1/6 15:42,41621.3,2210506.25,29292.54183
2000/1/6 15:43,37939.01667,2061386.5,27111.50367
2000/1/6 15:44,33427.01667,1804673.5,23789.06367
2000/1/6 15:45,32775.78333,1708495.083,22337.75367
2000/1/6 15:46,34192.23333,1763852.25,22717.985
2000/1/6 15:47,29612.58333,1544406.583,19500.17617
2000/1/6 15:48,28125.66667,1515309.917,19122.88067
2000/1/6 15:49,27962.83333,1537900,19471.391
2000/1/6 15:50,29618.2,1624952,20210.39633
2000/1/6 15:51,28931.45,1597151.25,19809.00883
2000/1/6 15:52,28018.08333,1528155.25,19340.87283
2000/1/6 15:53,26847.86667,1454686.75,18669.35417
2000/1/6 15:54,26645,1437343.667,18598.4545
2000/1/6 15:55,31417.45,1914088.833,20044.66233
2000/1/6 15:56,32823.93333,2000084.5,20710.95583
2000/1/6 15:57,27556.91667,1507204.75,18986.41583
2000/1/6 15:58,27253.61667,1482201.25,18858.83833
2000/1/6 15:59,28939.66667,1651737.667,19682.68417
2000/1/6 16:00,28617.76667,1625911.75,19600.8175
2000/1/6 16:01,28316.08333,1598520.833,19200.733
2000/1/6 16:02,26021.85,1457126.917,18016.00417
2000/1/6 16:03,27907.28333,1655691.583,18542.171
2000/1/6 16:04,27244.43333,1594723.333,18508.35217
2000/1/6 16:05,26116.18333,1500684.583,18217.65483
2000/1/6 16:06,24195.03333,1382348.333,17518.80667
2000/1/6 16:07,24878.16667,1415476.333,17788.36167
2000/1/6 16:08,30397.88333,1825238.333,19882.22433
2000/1/6 16:09,28573.7,1652440.5,19474.03517
2000/1/6 16:10,25814.58333,1428853.333,18111.71733
2000/1/6 16:11,24413.91667,1327591.25,17247.75017
2000/1/6 16:12,28042.96667,1704031.583,18429.07283
2000/1/6 16:13,36418.15,2569178.25,20719.37717
2000/1/6 16:14,31169.81667,2023482,19429.819
2000/1/6 16:15,25018.66667,1463597.333,17564.61067
2000/1/6 16:16,37594.98333,2745662.417,22372.26833
2000/1/6 16:17,44679.06667,3421888.833,24003.08633
2000/1/6 16:18,28914.06667,1792596.667,19581.076
2000/1/6 16:19,25012.13333,1476577.083,18005.27033
2000/1/6 16:20,29882.15,1924667.667,19193.84583
2000/1/6 16:21,24734.05,1415375.5,17206.46517
2000/1/6 16:22,74184.13333,6399066.667,41342.97533
2000/1/6 16:23,74275.81667,6450379.25,41116.616
2000/1/6 16:24,52127.73333,4245347.667,30343.76367
2000/1/6 16:25,24399.81667,1479412.833,16530.9305
2000/1/6 16:26,23347.91667,1382302.25,16244.91983
2000/1/6 16:27,42893.7,3361396.917,22958.40667
2000/1/6 16:28,41119.76667,3231397.333,22397.00967
2000/1/6 16:29,34354.21667,2634103.333,19673.94167
2000/1/6 16:30,32929.36667,2507505.333,18928.55583
2000/1/6 16:31,33626.48333,2573072.917,19294.01483
2000/1/6 16:32,43696.35,3612633.5,21227.26
2000/1/6 16:33,47532.13333,3599993.5,22851.60417
2000/1/6 16:34,43720.73333,3429024.833,20658.7575
2000/1/6 16:35,32831.7,2556483.333,16311.3575
2000/1/6 16:36,27650.61667,2041454.333,14576.24017
2000/1/6 16:37,25969.85,1872806.333,14014.56383
2000/1/6 16:38,30766.46667,2353058.75,15488.60117
2000/1/6 16:39,31490.68333,2345465.75,16153.57483
2000/1/6 16:40,28973.5,2156228.167,14810.001
2000/1/6 16:41,24442.73333,1755072.833,12611.7075
2000/1/6 16:42,22937.83333,1621426,11959.3085
2000/1/6 16:43,24261.38333,1732923.75,12439.638
2000/1/6 16:44,45751.26667,3897625.25,18824.96683
2000/1/6 16:45,39981.35,3261438.833,18342.09083
2000/1/6 16:46,25858.63333,1895092.75,13947.08217
2000/1/6 16:47,25446.2,1903042.25,13672.3385
2000/1/6 16:48,24450.1,1817621.417,13262.04117
2000/1/6 16:49,26659.46667,2041957,13332.2335
2000/1/6 16:50,25205.53333,1882547.167,12777.43267
2000/1/6 16:51,38967.18333,2982436.167,18639.10217
2000/1/6 16:52,40960.8,3208599.667,19758.48267
2000/1/6 16:53,38618.86667,3051506.5,19101.34483
2000/1/6 16:54,30885.53333,2292142.5,16405.3395
2000/1/6 16:55,25082.25,1945139,13211.96983
2000/1/6 16:56,41180.98333,3516237.167,18070.25433
2000/1/6 16:57,27190.06667,2162546.75,13504.22417
2000/1/6 16:58,25073,2008615.917,12291.88483
2000/1/6 16:59,40047.56667,3508422.917,17366.57717
2000/1/6 17:00,90467.26667,8455422.083,41893.5345
2000/1/6 17:01,89707.96667,8411712.5,41720.90833
2000/1/6 17:02,89248,8362135.25,41315.79267
2000/1/6 17:03,81507.18333,7410816.417,38723.249
2000/1/6 17:04,74745.25,6836713.167,36604.751
2000/1/6 17:05,75679.73333,6964284.083,36950.957
2000/1/6 17:06,78465.11667,7244294.25,38084.13233
2000/1/6 17:07,102018.3333,9600849.5,46270.13583
2000/1/6 17:08,100015.5,9399402.833,45450.782
2000/1/6 17:09,99669.4,9545203.75,45549.439
2000/1/6 17:10,81552.45,8072016.833,40017.72767
2000/1/6 17:11,94132.28333,9334672.25,43859.32417
2000/1/6 17:12,95977.66667,9264555.917,45648.3025
2000/1/6 17:13,83723.73333,8046316.167,42100.83533
2000/1/6 17:14,82900.7,7959404.083,41799.89133
2000/1/6 17:15,85309.68333,8200056.417,43210.97067
2000/1/6 17:16,93908.65,9254325.667,46569.62367
2000/1/6 17:17,97449.15,9630108.5,47159.12767
2000/1/6 17:18,108550.5167,10754334.25,50545.87483
2000/1/6 17:19,100859.3167,10039620,48050.8975
2000/1/6 17:20,99184.55,9850845.167,47088.91033
2000/1/6 17:21,96005.5,9434017.75,46146.03117
2000/1/6 17:22,104186.8833,10241297.33,51126.07417
2000/1/6 17:23,115958.9667,11481591.58,57223.3175
2000/1/6 17:24,114669.8833,11308699.25,56680.46717
2000/1/6 17:25,111695.2167,11010618.5,55431.36083
2000/1/6 17:26,110033.55,10853845.17,54525.04283
2000/1/6 17:27,111441.5,10974539.75,55418.3615
2000/1/6 17:28,99201.71667,9745667.5,49022.2295
2000/1/6 17:29,55888.96667,5418220.083,27740.80567
2000/1/6 17:30,49151.3,4709966.417,24995.96283
2000/1/6 17:31,49039.81667,4693006.333,24873.7955
2000/1/6 17:32,41551.31667,3935228.833,21043.104
2000/1/6 17:33,34402.8,3228597.083,17372.64983
2000/1/6 17:34,36451.51667,3433330.583,17973.90433
2000/1/6 17:35,41230.36667,3605605.667,20784.94117
2000/1/6 17:36,36134.85,3172061,17986.15767
2000/1/6 17:37,42849.66667,3991040.25,18550.3415
2000/1/6 17:38,30978.11667,2781386.083,14906.99767
2000/1/6 17:39,32216.35,2715042.25,15278.8075
2000/1/6 17:40,30300.95,2415078.25,14368.734
2000/1/6 17:41,74485.38333,6575944.083,28872.53983
2000/1/6 17:42,63640.5,5461105.417,25876.03533
2000/1/6 17:43,62054.28333,5285793.583,25044.08217
2000/1/6 17:44,34549.1,2559405.167,16866.319
2000/1/6 17:45,34860.26667,2614755.333,17273.931
2000/1/6 17:46,31017.11667,2444371,14742.00033
2000/1/6 17:47,30492.35,2351060.583,14612.85533
2000/1/6 17:48,31300.36667,2297169.417,14985.61733
2000/1/6 17:49,30440.3,2179272.083,14479.123
2000/1/6 17:50,39740.4,2610902.917,19838.19533
2000/1/6 17:51,43568.6,3034561.583,20839.50667
2000/1/6 17:52,37543.23333,2525949.25,18715.50417
2000/1/6 17:53,49486.9,3737288.417,22939.33067
2000/1/6 17:54,37143,2658064.667,18237.8205
2000/1/6 17:55,32424.98333,2267500.417,16263.59067
2000/1/6 17:56,114231.9833,10452546.92,40480.70567
2000/1/6 17:57,116074.8,10637298.75,41053.30217
2000/1/6 17:58,111581.0833,10356215.08,38694.4505
2000/1/6 17:59,123653.9333,11688544.33,44623.31767
2000/1/6 18:00,157177.3167,14923438.75,55594.24317
2000/1/6 18:01,164860.8833,15683214.83,58388.23217
2000/1/6 18:02,132011.3833,12577680.92,47174.5205
2000/1/6 18:03,114824.2667,10864821.58,39886.021
2000/1/6 18:04,64654.91667,5846539.167,23432.25133
2000/1/6 18:05,33912.4,2667079.917,14844.43617
2000/1/6 18:06,32481.76667,2592500.917,14119.97767
2000/1/6 18:07,28474,2255078.25,12542.06683
2000/1/6 18:08,35483.4,2962554.917,14692.8825
2000/1/6 18:09,27320.71667,2159323.583,11775.60867
2000/1/6 18:10,25525.11667,1981919.167,10901.224
2000/1/6 18:11,26626.96667,2112730.333,10695.76917
2000/1/6 18:12,26518.95,2115989.583,10642.57383
2000/1/6 18:13,36270.15,3054112.917,13677.10133
2000/1/6 18:14,36690.15,3079349.833,14372.93233
2000/1/6 18:15,25553.03333,1965254.75,11128.93517
2000/1/6 18:16,30499.05,2514828.333,13083.36883
2000/1/6 18:17,26286.85,2112784.833,11383.07533
2000/1/6 18:18,26866.43333,2118768.833,12017.18883
2000/1/6 18:19,37537.38333,2735066.333,17796.8525
2000/1/6 18:20,33893.61667,2435192.833,16562.25133
2000/1/6 18:21,45847.75,3681038.083,20909.7605
2000/1/6 18:22,41445.58333,3247170.667,19196.7495
2000/1/6 18:23,58785.18333,5015083.75,25006.9315
2000/1/6 18:24,61860.93333,5406920.25,25694.91467
2000/1/6 18:25,35245.11667,2811712.25,16935.30217
2000/1/6 18:26,42487.35,3687419.75,18581.07317
2000/1/6 18:27,42801.15,3537298.25,18636.47367
2000/1/6 18:28,33168.36667,2692711.667,14770.9465
2000/1/6 18:29,27899.11667,2312881.333,12487.54533
2000/1/6 18:30,43408.1,3927204.083,17175.7115
2000/1/6 18:31,42496.66667,3820649.25,17099.40033
2000/1/6 18:32,24857.81667,2060845.167,11527.0475
2000/1/6 18:33,22855.73333,1852985.083,10698.666
2000/1/6 18:34,20267.36667,1610208.917,9584.141167
2000/1/6 18:35,19745.7,1564778.417,9383.147833
2000/1/6 18:36,23773.78333,1973821.417,10584.76567
2000/1/6 18:37,24118.13333,2008924.917,10791.15017
2000/1/6 18:38,44779.01667,4072807.833,16753.68917
2000/1/6 18:39,44197.15,4014622.5,16590.0515
2000/1/6 18:40,45178.95,4112863.75,17005.496
2000/1/6 18:41,46174.6,4212483.417,17556.86067
2000/1/6 18:42,42493.71667,3830342,16181.22783
2000/1/6 18:43,30172.68333,2557955,12211.89083
2000/1/6 18:44,21139.2,1671365.917,9530.834667
2000/1/6 18:45,38453.41667,3368976.833,15754.032
2000/1/6 18:46,38053.96667,3296207.5,15438.09583
2000/1/6 18:47,37863.13333,3287790.667,15307.30683
2000/1/6 18:48,42051.76667,3625756.833,16802.72583
2000/1/6 18:49,32540.98333,2661874.5,13854.79067
2000/1/6 18:50,25681.33333,1977618.833,11437.77433
2000/1/6 18:51,23602.03333,1816680.167,10565.44283
2000/1/6 18:52,21748.93333,1662663.333,9763.777
2000/1/6 18:53,23783.31667,1877862.5,10589.77683
2000/1/6 18:54,22582.71667,1843821.083,9748.062
2000/1/6 18:55,23423.4,1959718.333,10031.79783
2000/1/6 18:56,20630.46667,1680502.917,8476.8725
2000/1/6 18:57,19756.71667,1593361.417,8073.334667
2000/1/6 18:58,19096.95,1527141.667,7875.958
2000/1/6 18:59,19453.08333,1595039,7944.495333
2000/1/6 19:00,88277,8481182.083,28743.495
2000/1/6 19:01,88508.01667,8045388.417,31296.35167
2000/1/6 19:02,84853.55,7709310.833,29889.63567
2000/1/6 19:03,94104.98333,8421044.417,32128.887
2000/1/6 19:04,91605.91667,8266003,31709.89817
2000/1/6 19:05,84346.73333,7665219.5,28782.243
2000/1/6 19:06,30766.36667,2410700.75,12239.60667
2000/1/6 19:07,54274.03333,4664824.25,24655.59917
2000/1/6 19:08,55822.41667,4756148.417,25710.5185
2000/1/6 19:09,53514.5,4617811.667,24505.394
2000/1/6 19:10,56090.36667,4877711.667,25696.135
2000/1/6 19:11,63445.03333,5641697.417,27570.72633
2000/1/6 19:12,51048.38333,4425332.333,23470.14433
2000/1/6 19:13,49966.8,4327232.667,22924.34617
2000/1/6 19:14,50082.9,4378082.583,22898.511
2000/1/6 19:15,49651.38333,4391016.083,22608.72617
2000/1/6 19:16,48042.08333,4282143.417,21484.08283
2000/1/6 19:17,48711.41667,4353314.417,21903.92033
2000/1/6 19:18,48522.08333,4311831.167,21781.23067
2000/1/6 19:19,51818.05,4549045.667,22836.03483
2000/1/6 19:20,52421.91667,4508264.583,23224.57767
2000/1/6 19:21,54677.36667,4753746.083,24279.6825
2000/1/6 19:22,52463.76667,4450743,22960.37233
2000/1/6 19:23,60239.28333,4929766.583,25001.53383
2000/1/6 19:24,68220.26667,6148803.917,28924.16683
2000/1/6 19:25,62710.98333,5583240.333,26765.92567
2000/1/6 19:26,49579,4298862,22350.08133
2000/1/6 19:27,48938.76667,4237054.083,22055.76717
2000/1/6 19:28,50036.86667,4309055.333,22078.796
2000/1/6 19:29,55716.33333,4862610.667,23864.8325
2000/1/6 19:30,54631.06667,4632741.75,23104.14133
2000/1/6 19:31,52188.08333,4415595.25,22382.61967
2000/1/6 19:32,50709.9,4301299,21780.72983
2000/1/6 19:33,65969.45,5709803.5,27178.3235
2000/1/6 19:34,56387.83333,4720278.167,23919.91167
2000/1/6 19:35,52449.11667,4363766,22484.51283
2000/1/6 19:36,69482.26667,6074807.25,28355.77783
2000/1/6 19:37,69730.7,6128448.25,28469.54917
2000/1/6 19:38,72357.78333,6366500.833,29660.64583
2000/1/6 19:39,69584.75,6132091.667,28583.53167
2000/1/6 19:40,69041.31667,6099601.667,28425.23783
2000/1/6 19:41,70942.86667,6297973.167,29098.90767
2000/1/6 19:42,62427.31667,5468873.833,26120.8405
2000/1/6 19:43,27528.15,2034938.917,10443.91667
2000/1/6 19:44,27060.76667,2021076.667,9949.7475
2000/1/6 19:45,25543.48333,1867897.167,9440.804333
2000/1/6 19:46,23688.75,1707228.417,8562.344667
2000/1/6 19:47,22641.31667,1680467.75,7676.018667
2000/1/6 19:48,37649.7,3133373.333,15072.88433
2000/1/6 19:49,36264.28333,3003517.75,14368.243
2000/1/6 19:50,25714.36667,1819537.917,8541.542667
2000/1/6 19:51,41003.86667,3392623.167,13669.42467
2000/1/6 19:52,41983.41667,3422382.75,13728.0035
2000/1/6 19:53,41521.05,3361852.417,13851.30333
2000/1/6 19:54,41752.95,3297933.917,13400.41433
2000/1/6 19:55,28826.38333,2213298.917,10053.45867
2000/1/6 19:56,21078.38333,1517951.833,7031.563167
2000/1/6 19:57,22462.68333,1629433.917,7459.648667
2000/1/6 19:58,21945.76667,1586743.417,7290.684167
2000/1/6 19:59,21319.86667,1536001.583,7042.7425
2000/1/6 20:00,25291.51667,1842559.917,8782.656833
2000/1/6 20:01,22888.61667,1623036.167,7824.7335
2000/1/6 20:02,23466.71667,1685322,7762.095167
2000/1/6 20:03,22734.21667,1661523,7259.975667
2000/1/6 20:04,33485.55,2923757.5,10061.49967
2000/1/6 20:05,23963.21667,2094305.833,7166.312667
2000/1/6 20:06,22034.13333,1911821.417,6562.195667
2000/1/6 20:07,21860.66667,1884716.583,6436.436
2000/1/6 20:08,27984.85,2088755.417,10788.34683
2000/1/6 20:09,26673.58333,1966239.583,10308.5685
2000/1/6 20:10,24533.3,1847413.75,10312.04217
2000/1/6 20:11,27611.86667,2100891,11938.54983
2000/1/6 20:12,25533.58333,1911918.333,10044.40283
2000/1/6 20:13,23890.88333,1774536.083,9423.721667
2000/1/6 20:14,23823.53333,1867653.083,9919.163
2000/1/6 20:15,22186.23333,1720249,9230.532
2000/1/6 20:16,19693.61667,1438947.917,9440.601167
2000/1/6 20:17,17589.83333,1144458,9214.123167
2000/1/6 20:18,15891.96667,1083370.25,8481.1355
2000/1/6 20:19,15993.6,1114055.583,8539.156
2000/1/6 20:20,14840.71667,1017044.75,8039.071333
2000/1/6 20:21,18703.68333,1299935.25,9956.920167
2000/1/6 20:22,17108.05,1150109.167,9324.789833
2000/1/6 20:23,13125.05,809762,7340.8325
2000/1/6 20:24,15659.93333,929451.8333,8368.343167
2000/1/6 20:25,17744.21667,1228659.5,9393.238167
2000/1/6 20:26,18054.03333,1291542.417,9601.172
2000/1/6 20:27,16909.85,1148540.75,9266.733667
2000/1/6 20:28,15015.66667,970892.75,8376.834167
2000/1/6 20:29,15965.13333,996687.4167,8589.002667
2000/1/6 20:30,14384.33333,897119.1667,7879.702333
2000/1/6 20:31,18915.86667,1352924.417,9292.907
2000/1/6 20:32,16224.03333,1113915.667,8618.4525
2000/1/6 20:33,15735.75,1006204.25,8150.109833
2000/1/6 20:34,14667.06667,945190.6667,7964.419333
2000/1/6 20:35,13481.75,848947,7564.635
2000/1/6 20:36,15327.41667,899349,8331.3765
2000/1/6 20:37,17280.71667,999219.5,8549.503
2000/1/6 20:38,9663.5,580810.75,4085.0665
2000/1/6 20:39,6807.116667,434412.5,2746.190333
2000/1/6 20:40,5325.633333,385352.5,2630.006
2000/1/6 20:41,9078.966667,658118.5,3418.445
2000/1/6 20:42,7076.75,456991.6667,2729.423667
2000/1/6 20:43,5381.966667,409249.4167,2645.205167
2000/1/6 20:44,5781.166667,512412.6667,3034.274833
2000/1/6 20:45,4340.833333,385113.8333,2308.528833
2000/1/6 20:46,4100.966667,328885.9167,2041.021667
2000/1/6 20:47,4331.3,357348.0833,2124.367833
2000/1/6 20:48,4841.583333,413012,2452.723167
2000/1/6 20:49,9978.533333,823236.0833,5017.713167
2000/1/6 20:50,6473.833333,499250.25,3202.882167
2000/1/6 20:51,4996.55,367371,2437.415167
2000/1/6 20:52,5555.383333,379793.75,2319.3565
2000/1/6 20:53,5970.533333,448933,2439.506
2000/1/6 20:54,4089.033333,343057.6667,1993.393333
2000/1/6 20:55,21263.73333,2106390.083,7602.9505
2000/1/6 20:56,11132.26667,1101392.25,4232.017333
2000/1/6 20:57,3312.133333,319401.8333,1521.199167
2000/1/6 20:58,4256.85,411463.0833,1727.909667
2000/1/6 20:59,2732.416667,256460.6667,1213.422
2000/1/6 21:00,4387.216667,411302.8333,1827.248333
2000/1/6 21:01,8021.8,534192.25,4227.964333
2000/1/6 21:02,6975.433333,480328.5833,3693.412167
2000/1/6 21:03,10028.78333,729499.5,3882.571167
2000/1/6 21:04,8603.8,684824.0833,3685.661
2000/1/6 21:05,7564.683333,550754.5,3229.315
2000/1/6 21:06,9157.766667,585715.75,3227.373833
2000/1/6 21:07,9124.183333,572093.8333,3386.802
2000/1/6 21:08,9558.75,570608.75,3565.896167
2000/1/6 21:09,5816,393154.8333,2499.265333
2000/1/6 21:10,6608.4,481702.0833,2944.187833
2000/1/6 21:11,6312.433333,461837.5,2755.147167
2000/1/6 21:12,4924.383333,350697.1667,2101.522833
2000/1/6 21:13,4420.05,350678.25,1901.8985
2000/1/6 21:14,8796.516667,839325.8333,2599.586667
2000/1/6 21:15,12759.45,1035163.583,4637.978
2000/1/6 21:16,14858.13333,1314830.583,4897.299
2000/1/6 21:17,7327.333333,682085.5,2068.633
2000/1/6 21:18,8733.316667,726150.8333,2651.9295
2000/1/6 21:19,9039.333333,770963.4167,2806.087833
2000/1/6 21:20,5675.15,438226,2030.7635
2000/1/6 21:21,5357.516667,341975.0833,2181.649833
2000/1/6 21:22,5869.75,339557.1667,2566.771167
2000/1/6 21:23,5802.75,365233.3333,2576.820167
2000/1/6 21:24,7345.416667,492044.6667,3251.548
2000/1/6 21:25,34518.5,3141820.333,16600.21033
2000/1/6 21:26,16810.58333,1429540.417,7956.699333
2000/1/6 21:27,6978.066667,415336.9167,3106.510833
2000/1/6 21:28,5917.5,342297.5,2615.459167
2000/1/6 21:29,4885.183333,279733.25,2163.380833
2000/1/6 21:30,10299.8,546843.75,5282.802333
2000/1/6 21:31,24740.13333,1979089.333,12460.4305
2000/1/6 21:32,23976.06667,1948062.583,12061.11117
2000/1/6 21:33,22987.7,1907712.167,11613.48217
2000/1/6 21:34,19915.3,1632646.75,9712.541667
2000/1/6 21:35,9906.266667,614968.25,4804.5815
2000/1/6 21:36,9597.833333,596881.1667,4653.775333
2000/1/6 21:37,8694.466667,549879,4528.108667
2000/1/6 21:38,9552.966667,576466.4167,4889.470167
2000/1/6 21:39,8275.666667,481346.75,4425.289
2000/1/6 21:40,6654.833333,369957.25,3764.4495
2000/1/6 21:41,6732.783333,372439.75,3765.191667
2000/1/6 21:42,7349.6,429315.0833,4069.8955
2000/1/6 21:43,3035.716667,197036.6667,1607.0835
2000/1/6 21:44,4867.15,424648.25,1894.789833
2000/1/6 21:45,3867.616667,323223.25,1882.867
2000/1/6 21:46,2052.766667,144321.6667,1060.7175
2000/1/6 21:47,2108.65,154310.6667,1153.620833
2000/1/6 21:48,3138.383333,197742.5,1322.6905
2000/1/6 21:49,4088.083333,245367.5,1738.481
2000/1/6 21:50,7423.616667,437664.4167,2440.579167
2000/1/6 21:51,6322.633333,346256.6667,1950.8805
2000/1/6 21:52,5446.183333,289690.5,1433.958333
2000/1/6 21:53,4221.15,249654.4167,2019.488333
2000/1/6 21:54,50126.08333,4938076.917,10749.67367
2000/1/6 21:55,49256.81667,4817068.167,10765.95717
2000/1/6 21:56,3283.216667,246967.8333,1302.6265
2000/1/6 21:57,2757.133333,211780.75,1305.124833
2000/1/6 21:58,5088.033333,440222.5,1950.9645
2000/1/6 21:59,5815.183333,533826.0833,2407.634167
2000/1/6 22:00,2889.683333,256712.5,1362.8325
2000/1/6 22:01,89848.91667,8924841.917,27268.1845
2000/1/6 22:02,92907.36667,9058811.583,28042.01517
2000/1/6 22:03,93376.28333,9110240,28456.25
2000/1/6 22:04,91267.18333,9006565.833,27984.039
2000/1/6 22:05,91104.18333,8904326.417,27344.18233
2000/1/6 22:06,95399.96667,9401682.5,29990.84517
2000/1/6 22:07,93084.06667,9191850.917,29070.79367
2000/1/6 22:08,30106.08333,2855429.417,11032.68833
2000/1/6 22:09,7697.966667,718014,3753.293333
2000/1/6 22:10,11034.28333,845086.5833,4064.738667
2000/1/6 22:11,10640.95,761829.1667,3929.462833
2000/1/6 22:12,9015.166667,640611.5,2685.766167
2000/1/6 22:13,6968.766667,492745.25,1772.797333
2000/1/6 22:14,6811.366667,467205.1667,1718.776833
2000/1/6 22:15,6688.8,455264.4167,1602.914833
2000/1/6 22:16,6526.3,445127.1667,1502.250667
2000/1/6 22:17,5235.25,416041.75,1522.755167
2000/1/6 22:18,3581.8,345497.25,1424.8395
2000/1/6 22:19,7522.6,749293.0833,3232.683833
2000/1/6 22:20,5581.733333,515517.9167,2483.472667
2000/1/6 22:21,4329.333333,473596.25,1861.595833
2000/1/6 22:22,2479.716667,289731.75,1001.191667
2000/1/6 22:23,1131.766667,107933.8333,432.492
2000/1/6 22:24,1864.95,185369.75,847.4038333
2000/1/6 22:25,1319.966667,130927.6667,584.5975
2000/1/6 22:26,17780.45,1777357.417,6279.512
2000/1/6 22:27,5612.933333,559495.1667,2104.666833
2000/1/6 22:28,1241.2,123953.25,577.8236667
2000/1/6 22:29,1548.95,152757.3333,744.493
2000/1/6 22:30,1313.233333,129909.0833,604.7243333
2000/1/6 22:31,1293.916667,128303.5,506.2163333
2000/1/6 22:32,1239.216667,117557.6667,474.722
2000/1/6 22:33,805.0666667,77038.75,301.985
2000/1/6 22:34,930.1,91738,408.455
2000/1/6 22:35,3156.866667,194440.1667,1071.400167
2000/1/6 22:36,5429.1,429490.6667,1768.232167
2000/1/6 22:37,4500.3,285478.5833,1147.3875
2000/1/6 22:38,7851.133333,391122.3333,3412.871667
2000/1/6 22:39,12545.05,856838.5,5256.779
2000/1/6 22:40,9088.716667,497854.8333,3837.587167
2000/1/6 22:41,6714.983333,311719.9167,2762.058
2000/1/6 22:42,4911.966667,258444.75,2555.118167
2000/1/6 22:43,3778.1,201215.25,2119.600167
2000/1/6 22:44,7668.216667,505023.25,3643.161
2000/1/6 22:45,10283.4,738960.1667,4932.9045
2000/1/6 22:46,6078.233333,445085,2953.69
2000/1/6 22:47,7503.75,502850.0833,2792.556667
2000/1/6 22:48,7359.516667,500185.8333,2767.040333
2000/1/6 22:49,6374.45,549509.25,2874.665333
2000/1/6 22:50,9221.583333,610952.8333,4923.452
2000/1/6 22:51,23298.96667,2034123.167,10453.5785
2000/1/6 22:52,25330.33333,2270185.167,10839.79083
2000/1/6 22:53,38312.53333,2879682.583,18904.37617
2000/1/6 22:54,36017.61667,2595102.667,17908.65583
2000/1/6 22:55,34896.5,2523065.417,17393.11367
2000/1/6 22:56,26577.21667,2141355.417,12655.46333
2000/1/6 22:57,20765.6,1826035.667,8899.295667
2000/1/6 22:58,19227.31667,1694615.333,7948.9435
2000/1/6 22:59,20087.66667,1773874.417,8552.967667
2000/1/6 23:00,33259.38333,3047913.917,14421.445
2000/1/6 23:01,191482.7167,18941848.08,59517.06
2000/1/6 23:02,181650.8333,18148094.58,54884.322
2000/1/6 23:03,176849.0667,17658153.42,53372.11083
2000/1/6 23:04,150093.2333,14944437.5,45759.58333
2000/1/6 23:05,98409.18333,9791628.333,30320.80717
2000/1/6 23:06,35720.48333,2413949.167,14291.49217
2000/1/6 23:07,28058.01667,1678967.833,11859.20233
2000/1/6 23:08,30738.8,1762557.75,13242.81233
2000/1/6 23:09,26293.58333,1520350.333,10858.647
2000/1/6 23:10,13992.03333,962246.75,5876.729
2000/1/6 23:11,4482.1,418472.6667,2071.755333
2000/1/6 23:12,5708.983333,548026.6667,2434.100333
2000/1/6 23:13,3232.95,302335.6667,1367.778667
2000/1/6 23:14,3534.883333,254320.3333,1746.591
2000/1/6 23:15,3054.366667,260840.9167,1308.874
2000/1/6 23:16,3040.533333,275885.5833,1451.766833
2000/1/6 23:17,2965.533333,280008.4167,2178.253833
2000/1/6 23:18,3412.466667,331892.0833,2400.762667
2000/1/6 23:19,3051.266667,290162.3333,2287.4065
2000/1/6 23:20,2791.833333,265032.5,2201.361167
2000/1/6 23:21,3838.25,300073.75,2634.902
2000/1/6 23:22,3393.05,254879.1667,2517.706
2000/1/6 23:23,4647.9,333329.0833,3089.265833
2000/1/6 23:24,40450.91667,3822763.167,14065.93883
2000/1/6 23:25,13770.86667,1184669.917,6144.2495
2000/1/6 23:26,4428.616667,366854.9167,2965.9585
2000/1/6 23:27,2826.1,232650.6667,2042.812333
2000/1/6 23:28,3612.466667,279050.6667,2362.265333
2000/1/6 23:29,3734.183333,299443.1667,2893.712
2000/1/6 23:30,3298.866667,284075.9167,2585.493333
2000/1/6 23:31,1815.983333,136794.6667,1224.284333
2000/1/6 23:32,1291.1,107711.75,563.1171667
2000/1/6 23:33,707.7,52187.5,264.5396667
2000/1/6 23:34,1332.1,116884,492.2038333
2000/1/6 23:35,3265.116667,309725.1667,1352.241333
2000/1/6 23:36,4698.183333,354737,2284.19
2000/1/6 23:37,21528.28333,2039090.167,8151.043667
2000/1/6 23:38,21794.76667,2067911.417,8310.4145
2000/1/6 23:39,23461.68333,2138709.5,8778.136833
2000/1/6 23:40,21885.36667,2070092.833,8085.101833
2000/1/6 23:41,26613.83333,2631548.583,9200.015833
2000/1/6 23:42,6999.733333,641761.8333,2493.263167
2000/1/6 23:43,3816.75,364774.5833,1363.063833
2000/1/6 23:44,1587.3,148401.4167,597.9345
2000/1/6 23:45,2248.783333,213523.25,1076.315667
2000/1/6 23:46,2085.433333,197679.4167,1013.339667
2000/1/6 23:47,1992.933333,190152.3333,980.098
2000/1/6 23:48,54727.56667,5460156.5,16740.95967
2000/1/6 23:49,54869.3,5474296.167,16687.0115
2000/1/6 23:50,22468.41667,2209432.333,6922.3545
2000/1/6 23:51,2768.6,258116.5,1083.512167
2000/1/6 23:52,1652.95,148255.75,572.6591667
2000/1/6 23:53,17252.76667,1719609.417,6014.801333
2000/1/6 23:54,21160.7,2113413.167,7200.172833
2000/1/6 23:55,9151.816667,820479.9167,2882.364
2000/1/6 23:56,4546.316667,355908.5,1594.514667
2000/1/6 23:57,2916.583333,256859.1667,1193.974667
2000/1/6 23:58,3146.866667,314370.25,1296.979167
2000/1/6 23:59,2435.166667,243201.5833,951.7131667
2000/1/7 0:00,3845.066667,384292.3333,1317.127167
2000/1/7 0:01,645.4833333,64350.66667,254.5031667
2000/1/7 0:02,182.65,17696.5,73.02816667
2000/1/7 0:03,321.1666667,30588.58333,117.5071667
2000/1/7 0:04,394.1833333,38551.41667,134.2446667
2000/1/7 0:05,2004.133333,126466.5,935.834
2000/1/7 0:06,7009.916667,377853.4167,3465.463167
2000/1/7 0:07,7089.3,392712.3333,4012.600667
2000/1/7 0:08,5798.766667,386298.5,3311.505333
2000/1/7 0:09,5652.35,374176.5,3183.619833
2000/1/7 0:10,6164.216667,401224.5833,3491.007833
2000/1/7 0:11,6715.866667,468846.3333,3770.189667
2000/1/7 0:12,8396.9,588284.3333,4599.254167
2000/1/7 0:13,9524.933333,660178.1667,5423.461167
2000/1/7 0:14,8283.366667,534480.0833,4847.867
2000/1/7 0:15,8370.783333,525233.75,4737.069333
2000/1/7 0:16,7810.083333,480294,4389.585
2000/1/7 0:17,11370.91667,608854.4167,6639.040167
2000/1/7 0:18,14607.41667,806813.1667,8498.4045
2000/1/7 0:19,15120.05,788008.0833,8484.319
2000/1/7 0:20,14330.6,736216.75,8623.3195
2000/1/7 0:21,14424.43333,737752.75,8838.450833
2000/1/7 0:22,20310.93333,1159053.083,11895.67083
2000/1/7 0:23,16302.28333,890111.3333,9797.306
2000/1/7 0:24,18704.33333,1230237.583,10326.08433
2000/1/7 0:25,12555.28333,694689.1667,7879.542
2000/1/7 0:26,11756.35,606421.5,7364.501833
2000/1/7 0:27,7746.016667,420697.6667,4943.134
2000/1/7 0:28,8474.2,493336.75,5185.62
2000/1/7 0:29,7980.15,450347.0833,4972.7295
2000/1/7 0:30,7076.9,377142.75,4587.034667
2000/1/7 0:31,6653.2,373613.0833,4164.0865
2000/1/7 0:32,5765.633333,336893.0833,3509.485333
2000/1/7 0:33,4940.2,291078,2594.345333
2000/1/7 0:34,4872.15,344826,1924.001833
2000/1/7 0:35,3602.233333,222910.1667,1651.995667
2000/1/7 0:36,2943.516667,165846.6667,1438.197667
2000/1/7 0:37,2573.683333,139834.3333,1287.278167
2000/1/7 0:38,3603.233333,165368.9167,1326.909
2000/1/7 0:39,3572.2,163142.9167,1309.561333
2000/1/7 0:40,8866.166667,442842.5,4776.278
2000/1/7 0:41,6419.933333,324441.8333,3543.860167
2000/1/7 0:42,5153.65,381886.25,2139.329167
2000/1/7 0:43,5259.583333,418668.75,1851.154167
2000/1/7 0:44,17065.8,922015.0833,11707.1795
2000/1/7 0:45,43237,3497689,21145.24667
2000/1/7 0:46,42247.63333,3400123.583,20621.50883
2000/1/7 0:47,25433.05,1766415.917,14834.869
2000/1/7 0:48,16975.98333,943572.4167,11841.66917
2000/1/7 0:49,16191.3,848971.1667,11335.46467
2000/1/7 0:50,17886.13333,915269.8333,12298.375
2000/1/7 0:51,20029.66667,1016503.417,13598.31583
2000/1/7 0:52,22230.1,1109013.833,14966.83867
2000/1/7 0:53,14524.15,725885.5833,9657.525
2000/1/7 0:54,10462.68333,504309,6895.303833
2000/1/7 0:55,8687.5,420829.5,5557.815833
2000/1/7 0:56,5061.783333,253102.0833,3224.170333
2000/1/7 0:57,5330.366667,284131,3373.774333
2000/1/7 0:58,5779.966667,340022.5,3729.677333
2000/1/7 0:59,5141.916667,277149.8333,3436.63
2000/1/7 1:00,12026.23333,605714.8333,7368.924
2000/1/7 1:01,103480.85,9743197.333,34802.50117
2000/1/7 1:02,103736.5,9760621.667,34884.72083
2000/1/7 1:03,101175.7833,9644446.333,33329.04383
2000/1/7 1:04,98633.61667,9519780.333,31892.55
2000/1/7 1:05,72757.51667,6838370,24677.6975
2000/1/7 1:06,11863.93333,752708.1667,6464.958833
2000/1/7 1:07,11281.88333,701766.5833,6162.690167
2000/1/7 1:08,9360.316667,686821.9167,5126.9505
2000/1/7 1:09,13344.45,914023.3333,7544.966
2000/1/7 1:10,10085.2,580851.3333,5935.691
2000/1/7 1:11,9004.216667,560332.5,5161.7165
2000/1/7 1:12,6732.55,399066.8333,3810.979333
2000/1/7 1:13,9421.2,473472.0833,4864.797833
2000/1/7 1:14,10968.38333,713389.4167,5233.796667
2000/1/7 1:15,23971.03333,2136077.583,9804.631
2000/1/7 1:16,20302.93333,1805314.833,8697.489167
2000/1/7 1:17,12327.68333,984285.5,6009.946667
2000/1/7 1:18,17502.61667,1102631.083,8663.268833
2000/1/7 1:19,34659.98333,2834655.833,11576.95567
2000/1/7 1:20,31336.78333,2660789.25,9964.686167
2000/1/7 1:21,24625.03333,1986245.583,8550.1605
2000/1/7 1:22,12011.18333,772814.9167,5782.591333
2000/1/7 1:23,9722.183333,498956.1667,4823.665
2000/1/7 1:24,23710.85,1194475.667,12579.02883
2000/1/7 1:25,26154.51667,1319857.667,13957.41
2000/1/7 1:26,27272.75,1369741.5,14797.71933
2000/1/7 1:27,24337.26667,1231998,13210.19983
2000/1/7 1:28,28845.83333,1471368.833,16035.03933
2000/1/7 1:29,28168.91667,1423227,15653.98233
2000/1/7 1:30,36106.13333,2025740.25,18119.42933
2000/1/7 1:31,32146.61667,1688345.25,16765.098
2000/1/7 1:32,26832.26667,1399442.417,15008.62167
2000/1/7 1:33,22806.13333,1232114.167,12814.4755
2000/1/7 1:34,17725.06667,978008.25,9540.855333
2000/1/7 1:35,57611.33333,2937607.167,39036.971
2000/1/7 1:36,55902.86667,2830965.583,38367.6395
2000/1/7 1:37,50731.41667,2544802.667,34686.6975
2000/1/7 1:38,18893.5,996223.4167,10288.32417
2000/1/7 1:39,20069.48333,1044130.75,11200.31033
2000/1/7 1:40,20167.25,1058546.667,11228.47483
2000/1/7 1:41,15428.71667,795438,8544.509667
2000/1/7 1:42,19900.31667,949979.5833,9484.505333
2000/1/7 1:43,33622.7,1597990.667,15888.99867
2000/1/7 1:44,43603,2118810.167,22031.8055
2000/1/7 1:45,38968.15,1960345.5,20911.43983
2000/1/7 1:46,38093.96667,1910900.917,20010.26083
2000/1/7 1:47,39271.76667,1986098.583,21227.08233
2000/1/7 1:48,49351.15,3075637.75,24109.22383
2000/1/7 1:49,37132.15,2011999.833,19537.831
2000/1/7 1:50,46644.71667,2357900.583,25053.4715
2000/1/7 1:51,40498.86667,2041552,22391.50233
2000/1/7 1:52,34793.36667,1758414.25,19651.10017
2000/1/7 1:53,37508.1,1875526.583,19987.52917
2000/1/7 1:54,61296.41667,4052539.25,25528.5535
2000/1/7 1:55,57595.26667,4184462.75,22842.32417
2000/1/7 1:56,48197.31667,3308534.583,20514.59367
2000/1/7 1:57,31524.33333,1925993.417,15249.71217
2000/1/7 1:58,20168.65,1082754.5,10294.0415
2000/1/7 1:59,34521.05,2705379.167,14493.813
2000/1/7 2:00,20146.81667,1378643.167,9559.750667
2000/1/7 2:01,13435.36667,803901.9167,6733.408
2000/1/7 2:02,17515.96667,1000203.75,9287.432167
2000/1/7 2:03,16309.23333,889395.5,9163.178167
2000/1/7 2:04,16170.11667,887775.1667,8901.335667
2000/1/7 2:05,30674.05,1903226.833,16676.76517
2000/1/7 2:06,26516.03333,1702255.75,14297.8595
2000/1/7 2:07,27009.21667,1599044.917,15030.01617
2000/1/7 2:08,24032.7,1220439.5,12941.20217
2000/1/7 2:09,25542.05,1465130.5,11167.88817
2000/1/7 2:10,19806.5,1156545.75,7351.303833
2000/1/7 2:11,14217.4,762876.75,6605.136667
2000/1/7 2:12,11401.85,628960.0833,6078.1945
2000/1/7 2:13,10225.5,543607.5,5464.096
2000/1/7 2:14,6908.883333,357572.8333,3655.077333
2000/1/7 2:15,14719.03333,741771.6667,8316.552333
2000/1/7 2:16,17336.88333,872789.9167,9894.445167
2000/1/7 2:17,26817.9,1373893.25,14976.70833
2000/1/7 2:18,22354.65,1140134.25,12792.64383
2000/1/7 2:19,12524.41667,635425.4167,7220.348833
2000/1/7 2:20,6705.616667,343519.9167,3602.902167
2000/1/7 2:21,8314.366667,467012.25,4117.702333
2000/1/7 2:22,5721.483333,347900.75,2813.936167
2000/1/7 2:23,5239.2,333355.9167,2586.042667
2000/1/7 2:24,5236.216667,342031.75,2622.953
2000/1/7 2:25,5558.583333,390446.5,2623.626833
2000/1/7 2:26,6450.633333,361155.0833,3442.175167
2000/1/7 2:27,16351.95,1074996.667,8413.657167
2000/1/7 2:28,11348.21667,666471.4167,5789.373167
2000/1/7 2:29,9679.866667,561813.5,4802.116833
2000/1/7 2:30,9719.166667,604750.25,5096.463833
2000/1/7 2:31,9865.516667,683731.9167,5055.657333
2000/1/7 2:32,8147.883333,560432.25,4533.634
2000/1/7 2:33,21705.35,1925563.583,9233.035
2000/1/7 2:34,21630.06667,1898980.5,9058.1965
2000/1/7 2:35,12678,1011779.5,5898.3935
2000/1/7 2:36,6540.566667,398137.9167,3626.4735
2000/1/7 2:37,5588.266667,327007.4167,3118.373
2000/1/7 2:38,20695.11667,1074205.833,11682.4725
2000/1/7 2:39,30684.65,1577230,17086.45217
2000/1/7 2:40,28053.05,1548372.417,15540.66833
2000/1/7 2:41,32036.15,1836490,16704.32217
2000/1/7 2:42,23505.88333,1301394.333,12454.31217
2000/1/7 2:43,18643.1,1017903.5,9806.766333
2000/1/7 2:44,17875.31667,980232.6667,9326.261833
2000/1/7 2:45,17435.03333,962983.5,8931.539667
2000/1/7 2:46,15644.68333,872075.75,7979.556167
2000/1/7 2:47,14362.95,795517.8333,7206.342167
2000/1/7 2:48,12801.8,712927.5,6254.977667
2000/1/7 2:49,12858.28333,710051.3333,6371.313333
2000/1/7 2:50,13514.25,705817.9167,6478.297167
2000/1/7 2:51,13047,690113.6667,6228.433333
2000/1/7 2:52,9669.9,509068.9167,4457.2785
2000/1/7 2:53,10389.31667,762407.9167,3934.049833
2000/1/7 2:54,13559.46667,792713.75,6585.198833
2000/1/7 2:55,11497.95,642817.3333,5786.688333
2000/1/7 2:56,11987.61667,707523.3333,5890.986667
2000/1/7 2:57,38430.68333,1974332.583,21499.62333
2000/1/7 2:58,36863.01667,1904718.917,20587.51367
2000/1/7 2:59,51835.58333,3493153.333,25363.5475
2000/1/7 3:00,51770.26667,3487815.917,25025.7905
2000/1/7 3:01,65443.71667,4752982.333,29606.139
2000/1/7 3:02,65676.71667,4801351.417,29843.2975
2000/1/7 3:03,71229.7,4726071.333,36442.85117
2000/1/7 3:04,55563.46667,3966692.333,26826.28367
2000/1/7 3:05,44542.78333,2776521.417,23875.13983
2000/1/7 3:06,30689.83333,1824208.583,17966.67517
2000/1/7 3:07,16201.3,875866,10973.8265
2000/1/7 3:08,16214.78333,935428.4167,11044.97633
2000/1/7 3:09,19547.91667,1365184.917,11397.734
2000/1/7 3:10,12659.53333,750623.8333,7861.866
2000/1/7 3:11,26709.15,2056881.75,12167.65583
2000/1/7 3:12,33152.28333,2727342.333,14136.422
2000/1/7 3:13,26420.66667,2017499.667,11257.587
2000/1/7 3:14,11840.3,654665.3333,6424.663667
2000/1/7 3:15,12299.51667,765504.5,6772.926167
2000/1/7 3:16,9628.5,589285.9167,5737.997167
2000/1/7 3:17,8763.233333,501430.1667,5366.180667
2000/1/7 3:18,14765.45,1136587.5,17330.17833
2000/1/7 3:19,18007.2,1299988,19104.42567
2000/1/7 3:20,33000.3,2721829.75,20643.99283
2000/1/7 3:21,26169.48333,2352080.25,12187.0885
2000/1/7 3:22,21096.76667,1903962.5,10473.22917
2000/1/7 3:23,9259.033333,725644,6455.972333
2000/1/7 3:24,8620.666667,662283.3333,6075.187833
2000/1/7 3:25,15529.03333,994037.1667,10208.31367
2000/1/7 3:26,18681.55,1278834.5,11305.836
2000/1/7 3:27,15865.28333,1104658,10167.85467
2000/1/7 3:28,11324,811695,7632.920667
2000/1/7 3:29,12822.05,872884,8569.679833
2000/1/7 3:30,40905.35,3134665.583,19652.78733
2000/1/7 3:31,21887.11667,1296348.75,13723.033
2000/1/7 3:32,20479.58333,1281772.667,12772.03567
2000/1/7 3:33,13953.26667,950088.3333,8853.920167
2000/1/7 3:34,27360.36667,2333263.167,12670.72433
2000/1/7 3:35,26655.68333,2168364.333,13249.63817
2000/1/7 3:36,12969.66667,859658.1667,8973.427167
2000/1/7 3:37,10644.41667,831727.5,7508.0575
2000/1/7 3:38,9191.066667,707496.1667,6556.672333
2000/1/7 3:39,8595.3,657304.6667,6271.4235
2000/1/7 3:40,11923.9,823413.25,7503.822167
2000/1/7 3:41,12820.56667,955218.5833,8695.542
2000/1/7 3:42,13448.93333,1010828.167,9210.2435
2000/1/7 3:43,15578.73333,1230560.5,9616.989167
2000/1/7 3:44,11456.15,871077.6667,8232.179333
2000/1/7 3:45,11407.56667,884032.0833,8294.178167
2000/1/7 3:46,14473.86667,982617.0833,9725.433167
2000/1/7 3:47,13468.41667,795610.6667,8894.635667
2000/1/7 3:48,12848.13333,818744.3333,8021.787333
2000/1/7 3:49,46309.68333,4204519.333,14392.66317
2000/1/7 3:50,61482.26667,5729050.25,19789.29933
2000/1/7 3:51,53310.85,4775621.5,20011.4015
2000/1/7 3:52,33070.71667,2772846,15851.739
2000/1/7 3:53,16788.43333,1142481.5,10179.62983
2000/1/7 3:54,17113.13333,1267218.333,8332.931167
2000/1/7 3:55,14307.86667,1003929.083,6274.085833
2000/1/7 3:56,13892.3,759456.4167,6974.884
2000/1/7 3:57,15075.85,804495.0833,7707.975333
2000/1/7 3:58,31815.03333,2592305.583,12248.1275
2000/1/7 3:59,32676.7,2894835,11557.00517
2000/1/7 4:00,20554.65,1685668.333,7857.728167
2000/1/7 4:01,25396.5,1928515.75,10633.97317
2000/1/7 4:02,22336.86667,1503121.667,9976.492167
2000/1/7 4:03,21247.3,1329731.75,10227.85183
2000/1/7 4:04,25664.9,1489876.667,11748.87
2000/1/7 4:05,20423.56667,1171445.667,8900.463167
2000/1/7 4:06,16255.43333,920531.6667,7278.482167
2000/1/7 4:07,32542.81667,1761117.667,13978.78683
2000/1/7 4:08,34722.95,1829187.5,15514.25133
2000/1/7 4:09,33406.23333,1896324.833,14926.11783
2000/1/7 4:10,22119.98333,1368063.583,10660.64083
2000/1/7 4:11,25493.11667,1512552,12829.45733
2000/1/7 4:12,28883.6,1633955.333,13646.15467
2000/1/7 4:13,31374.41667,1766813,14913.51417
2000/1/7 4:14,24076.85,1361530.5,10707.8185
2000/1/7 4:15,21816.73333,1255378.167,10077.30667
2000/1/7 4:16,21638.71667,1360453.833,9994.907833
2000/1/7 4:17,23937.33333,1455350.583,11524.20467
2000/1/7 4:18,19615.08333,1089696.667,9717.877833
2000/1/7 4:19,24268.36667,1248546.833,12680.65617
2000/1/7 4:20,23037.15,1205311.583,11874.80967
2000/1/7 4:21,22767,1165494.25,11467.62767
2000/1/7 4:22,20473.21667,1029745.333,10275.4965
2000/1/7 4:23,19618.43333,1078103.667,9306.323167
2000/1/7 4:24,17617,983313.9167,8576.223
2000/1/7 4:25,17693.51667,1095650.25,8360.273833
2000/1/7 4:26,20329.56667,1178914,10905.62067
2000/1/7 4:27,60152.3,4639647.25,28062.16467
2000/1/7 4:28,58564.21667,4494719.583,27480.97317
2000/1/7 4:29,52482.73333,4074395.333,24321.35583
2000/1/7 4:30,31615.41667,1870098.583,17519.54017
2000/1/7 4:31,28739.61667,1692109.333,15906.54283
2000/1/7 4:32,30982.26667,1837450.167,16692.2335
2000/1/7 4:33,33400.05,1985010.333,17933.16583
2000/1/7 4:34,26008.63333,1498793.5,14309.141
2000/1/7 4:35,25997.46667,1494928.75,13934.61217
2000/1/7 4:36,25745.18333,1455942.5,13814.59617
2000/1/7 4:37,26903,1431295.25,14155.76867
2000/1/7 4:38,22926.11667,1186361.25,11717.34783
2000/1/7 4:39,30126.16667,2069057.5,13974.36717
2000/1/7 4:40,30457.16667,2152752.917,13916.98833
2000/1/7 4:41,31637.58333,2186704,14496.37183
2000/1/7 4:42,27326.56667,1711350.5,12894.49733
2000/1/7 4:43,28485.61667,1601957.25,12661.7995
2000/1/7 4:44,24570.9,1396411.667,10940.92717
2000/1/7 4:45,20185.1,1134803.75,9024.036833
2000/1/7 4:46,22788.4,1540101.833,9657.246833
2000/1/7 4:47,21040.46667,1461664.833,8871.928667
2000/1/7 4:48,21963.81667,1452342.833,9832.499
2000/1/7 4:49,24807.85,1756706.917,11428.5455
2000/1/7 4:50,25845.23333,1901663.833,13460.39167
2000/1/7 4:51,24419.56667,1827934.5,12769.09917
2000/1/7 4:52,18850.15,1336014.25,10639.20117
2000/1/7 4:53,19901.81667,1366224.667,10592.1005
2000/1/7 4:54,18084.13333,1285113.167,10035.62867
2000/1/7 4:55,17169.8,1214357.833,9338.898833
2000/1/7 4:56,16327.81667,1157335.5,8672.9075
2000/1/7 4:57,14626.33333,1095028.75,8227.1815
2000/1/7 4:58,12045.58333,867446.3333,5928.024167
2000/1/7 4:59,10042.3,782329.8333,4970.504167
2000/1/7 5:00,15360.01667,1129012.5,7838.339167
2000/1/7 5:01,15752.38333,1122249.917,7542.968333
2000/1/7 5:02,15814.25,1103715.417,7591.465
2000/1/7 5:03,23212.73333,1757672.25,10828.4485
2000/1/7 5:04,28884.4,2413288.25,11583.9455
2000/1/7 5:05,31331.3,2495646.333,13239.79333
2000/1/7 5:06,26050.95,1743702.083,12453.36317
2000/1/7 5:07,18317.46667,1238930.417,8042.431667
2000/1/7 5:08,13333.85,937699.5,5595.477667
2000/1/7 5:09,14444.08333,967252.3333,6199.978833
2000/1/7 5:10,14966.61667,1050171.167,6344.667667
2000/1/7 5:11,12001.8,802209.25,4576.3025
2000/1/7 5:12,11217.31667,771911.0833,4939.424833
2000/1/7 5:13,19066.65,1641209.667,7295.727333
2000/1/7 5:14,14237.46667,1256909.5,5290.933667
2000/1/7 5:15,24047.63333,1838290.5,10353.14517
2000/1/7 5:16,25034.43333,2092916.833,10088.989
2000/1/7 5:17,18689.71667,1467032.167,8592.747833
2000/1/7 5:18,15214.73333,1059324.583,7523.770167
2000/1/7 5:19,15550.03333,1116807.917,7576.644
2000/1/7 5:20,20405.05,1289011.333,10755.4595
2000/1/7 5:21,20307.13333,1256587.75,11465.82467
2000/1/7 5:22,18681.43333,1174419.167,10446.292
2000/1/7 5:23,22176.15,1443928,11596.7415
2000/1/7 5:24,64257.61667,5753931.667,25861.69167
2000/1/7 5:25,34720.63333,2771113.5,16341.35667
2000/1/7 5:26,37670.06667,2360725.417,20107.707
2000/1/7 5:27,50926.18333,3118106.75,26830.0445
2000/1/7 5:28,49055.71667,3018984.917,25582.474
2000/1/7 5:29,45509.03333,2754167.333,23514.67767
2000/1/7 5:30,36554.93333,2221547.667,18724.444
2000/1/7 5:31,33637.7,2109078.583,17044.13917
2000/1/7 5:32,35129.21667,2337762.167,18228.07517
2000/1/7 5:33,30044.46667,1958646.333,15555.6015
2000/1/7 5:34,27757.7,1844366.917,14371.11683
2000/1/7 5:35,39633.78333,2454661.917,20040.318
2000/1/7 5:36,29421.3,1834087.417,14702.476
2000/1/7 5:37,35978.75,2353393.417,19272.956
2000/1/7 5:38,49749.36667,3887174.667,23401.43733
2000/1/7 5:39,44233.35,3564297.833,20855.29233
2000/1/7 5:40,31830.81667,2717217.667,14016.62483
2000/1/7 5:41,15983.66667,1128418.917,8057.974167
2000/1/7 5:42,19747.06667,1355373.5,9997.916667
2000/1/7 5:43,18981.71667,1285216.583,10314.96033
2000/1/7 5:44,18923.48333,1248402.583,10109.672
2000/1/7 5:45,44048.96667,2520700.5,24307.4845
2000/1/7 5:46,42352.5,2499566.917,23502.7425
2000/1/7 5:47,41566.28333,2514849.333,22522.24633
2000/1/7 5:48,37963.31667,2215189.833,20668.71783
2000/1/7 5:49,39338.61667,2250192.417,21222.01033
2000/1/7 5:50,36813.51667,2081117.5,20093.29333
2000/1/7 5:51,36822.2,2021076.25,20107.54033
2000/1/7 5:52,104218.4,6124343.167,54505.962
2000/1/7 5:53,158071.15,9522556.083,83171.91417
2000/1/7 5:54,134350.05,7918323.417,71346.03433
2000/1/7 5:55,128436.85,7462695.083,68837.64183
2000/1/7 5:56,135892.8667,8441100.083,70373.99517
2000/1/7 5:57,132859.0667,8263775.25,69210.50383
2000/1/7 5:58,129921.3667,8214484.083,67465.74983
2000/1/7 5:59,117214.65,7036106.083,63612.94217
2000/1/7 6:00,117542.4333,7055165.333,64122.46567
2000/1/7 6:01,124700.2833,7395207,69480.32883
2000/1/7 6:02,122295.5,7216204.333,68171.07883
2000/1/7 6:03,137453.4667,8853254.333,72039.38767
2000/1/7 6:04,131492.85,8491317.5,69141.317
2000/1/7 6:05,126477.6667,8143483.167,66864.109
2000/1/7 6:06,107517.3333,6542480.833,59874.35533
2000/1/7 6:07,103245.4333,6244387.167,57470.25317
2000/1/7 6:08,93723.58333,5537579.667,50318.336
2000/1/7 6:09,87498.75,4988040.083,48030.03183
2000/1/7 6:10,90954.81667,5301773.833,50827.503
2000/1/7 6:11,96495.51667,5435515.25,56139.53083
2000/1/7 6:12,87257.58333,4851215.833,51122.19667
2000/1/7 6:13,85992.43333,5180845.417,51209.0925
2000/1/7 6:14,85875.36667,5157313.167,51610.37667
2000/1/7 6:15,88139.83333,5269784.25,52412.91467
2000/1/7 6:16,93040.98333,5508127.833,55484.2065
2000/1/7 6:17,92616.51667,5449886.667,55243.97517
2000/1/7 6:18,89462.75,5490214.25,53699.05867
2000/1/7 6:19,89120.15,5436485.917,53475.32567
2000/1/7 6:20,87672.53333,5492924.667,52629.24667
2000/1/7 6:21,84223.71667,5367121.417,50180.6325
2000/1/7 6:22,85667.51667,5712222.75,51074.82167
2000/1/7 6:23,82800.6,5428153.667,49780.31217
2000/1/7 6:24,78909.81667,5194189.417,47784.65633
2000/1/7 6:25,120016.3833,7671856.583,69313.4385
2000/1/7 6:26,122507.7333,7781925,70253.098
2000/1/7 6:27,116988.7833,7282571.917,67034.1265
2000/1/7 6:28,105290.7333,6330505.833,61439.037
2000/1/7 6:29,104333.3167,6237948,61172.91083
2000/1/7 6:30,108113.1833,6473404.167,62697.19167
2000/1/7 6:31,114070.1167,6671306.25,65643.3025
2000/1/7 6:32,116962.2667,6852573.417,66894.0555
2000/1/7 6:33,167596.4833,11808425.92,82857.723
2000/1/7 6:34,166542.7167,11620095.5,83847.2
2000/1/7 6:35,172115.25,12420056.83,86151.29933
2000/1/7 6:36,167266.3833,12181710.92,82374.12617
2000/1/7 6:37,134217.0833,8788835.833,73106.79833
2000/1/7 6:38,120309.3,7416286.917,68943.983
2000/1/7 6:39,112597.45,7043446.25,64333.5785
2000/1/7 6:40,108945.5333,7359429.417,58926.05817
2000/1/7 6:41,106799.35,7255743,58197.1905
2000/1/7 6:42,103513.5667,6835059.75,56866.319
2000/1/7 6:43,88951.56667,5559013.833,50332.6535
2000/1/7 6:44,85382.98333,5281256.833,48415.203
2000/1/7 6:45,62874.98333,4185632.417,34960.123
2000/1/7 6:46,56939.45,3817597.25,31971.7185
2000/1/7 6:47,53117.56667,3574940.75,30172.61867
2000/1/7 6:48,52687.43333,3451041.667,29960.09217
2000/1/7 6:49,51970.33333,3326134.25,29738.63867
2000/1/7 6:50,50462.85,3204540.917,29384.9595
2000/1/7 6:51,51363.36667,3197047.583,30180.40983
2000/1/7 6:52,47352.88333,2980825.833,28115.80917
2000/1/7 6:53,44986.21667,2815799.167,26701.79733
2000/1/7 6:54,43522.66667,2683770.75,25473.98517
2000/1/7 6:55,43469.56667,2788413.167,24836.85417
2000/1/7 6:56,40293.75,2672222.75,23033.16167
2000/1/7 6:57,38651.61667,2451584.083,21717.06833
2000/1/7 6:58,36455.88333,2242973.583,20460.21817
2000/1/7 6:59,36029.15,2259808.25,20136.05533
2000/1/7 7:00,39540.6,2487458.667,22708.25883
2000/1/7 7:01,45850.56667,3196828.75,24295.367
2000/1/7 7:02,51967.31667,3458949.917,29222.9635
2000/1/7 7:03,48095.38333,2943423.667,28227.26567
2000/1/7 7:04,49604.21667,2986523.333,29455.91117
2000/1/7 7:05,78084.06667,5530721.333,39341.439
2000/1/7 7:06,82982.83333,6055778,40563.692
2000/1/7 7:07,83713.35,6177465.333,41985.86083
2000/1/7 7:08,73924.71667,5141799.5,39000.27967
2000/1/7 7:09,56242,3568463.417,32606.992
2000/1/7 7:10,50899.53333,3149495,30086.95417
2000/1/7 7:11,46922.11667,2783775.417,28099.38233
2000/1/7 7:12,49082.15,2950766,29004.099
2000/1/7 7:13,45018.86667,2655534.25,27137.90617
2000/1/7 7:14,43342.55,2533127.75,25998.44517
2000/1/7 7:15,67674.25,4960234.5,33459.95933
2000/1/7 7:16,82300.08333,6550844.167,37269.44867
2000/1/7 7:17,65954.26667,4751484.083,33589.63217
2000/1/7 7:18,76380.36667,5912774,36625.42583
2000/1/7 7:19,62648.66667,4586944.917,32054.19667
2000/1/7 7:20,59138.3,4294169.417,30466.28467
2000/1/7 7:21,56300.08333,4133431.083,28981.799
2000/1/7 7:22,57366.58333,4276844.917,28390.50383
2000/1/7 7:23,53359.7,3888610.917,27104.98067
2000/1/7 7:24,43563.33333,2786391.083,25322.7515
2000/1/7 7:25,42651.31667,2739939.75,24622.26417
2000/1/7 7:26,70876.91667,5394264.333,35393.88017
2000/1/7 7:27,68620.5,5163472.5,34407.87417
2000/1/7 7:28,73608.1,5392264.667,36491.8355
2000/1/7 7:29,64990.98333,4678998.25,33314.68883
2000/1/7 7:30,56377.3,3979955.667,29345.8865
2000/1/7 7:31,45759.06667,3302171.583,22274.384
2000/1/7 7:32,45448.21667,3301992.833,22279.31933
2000/1/7 7:33,45379,3412332.167,22616.70367
2000/1/7 7:34,42594.48333,3208740.75,21591.728
2000/1/7 7:35,54260.41667,3916867.167,27509.7295
2000/1/7 7:36,55032.6,3938364.083,28091.15183
2000/1/7 7:37,48639.81667,3473731.25,24775.97667
2000/1/7 7:38,46548.83333,3370644.75,23778.26783
2000/1/7 7:39,45143.38333,3248247.333,23234.45633
2000/1/7 7:40,58851.91667,4406934.417,29224.019
2000/1/7 7:41,56524.28333,4152684.667,28104.06533
2000/1/7 7:42,51856.55,3736024.583,26156.32583
2000/1/7 7:43,46666.88333,3328677.75,24254.6955
2000/1/7 7:44,43089.01667,3156380.667,21609.35217
2000/1/7 7:45,46771.1,3434375.917,22670.10783
2000/1/7 7:46,43707.51667,3198122.333,21068.20367
2000/1/7 7:47,40204.56667,2934183.667,19199.15067
2000/1/7 7:48,42701.2,3201689.75,19796.93
2000/1/7 7:49,41860.45,3098571.083,19767.79167
2000/1/7 7:50,42509.15,3076500.417,20155.9715
2000/1/7 7:51,45380.33333,3113293.5,22030.10383
2000/1/7 7:52,44309.11667,3004277.333,21654.042
2000/1/7 7:53,42703.85,2915797.917,20785.10683
2000/1/7 7:54,41810.08333,2867222.333,20400.1505
2000/1/7 7:55,41167.63333,2954461.583,19409.53883
2000/1/7 7:56,39689.98333,2865220.333,18922.92683
2000/1/7 7:57,35126.95,2441095.75,17914.85
2000/1/7 7:58,33727.21667,2341186.333,17380.555
2000/1/7 7:59,31722.35,2255006.083,16510.05233
2000/1/7 8:00,60350.11667,4588684.167,28149.78733
2000/1/7 8:01,65167.53333,5161853.5,29658.95017
2000/1/7 8:02,48818.06667,3634875.25,24506.3775
2000/1/7 8:03,52876.16667,3518898.917,28101.75367
2000/1/7 8:04,54715.46667,3644363.917,29178.754
2000/1/7 8:05,61934.53333,4009851,34082.064
2000/1/7 8:06,58229.26667,3746434.333,32557.57667
2000/1/7 8:07,49158.13333,3268467.5,27362.22717
2000/1/7 8:08,44065.5,2983609.083,23974.252
2000/1/7 8:09,41248.76667,2836415,22141.116
2000/1/7 8:10,41356.05,2840153.083,22007.8045
2000/1/7 8:11,45734.75,3039198.833,24561.6305
2000/1/7 8:12,43887.45,2923014.75,23685.28
2000/1/7 8:13,41950.91667,2817304.75,22246.8035
2000/1/7 8:14,42072.33333,2929534.417,22127.8385
2000/1/7 8:15,45185.95,3007971.75,23321.49633
2000/1/7 8:16,41448.01667,2754524.917,21268.10433
2000/1/7 8:17,43207.41667,2990394.083,21905
2000/1/7 8:18,43664.53333,3105924.167,22079.9605
2000/1/7 8:19,38714.3,2702578.833,19860.23417
2000/1/7 8:20,37033.06667,2574958.333,19003.95133
2000/1/7 8:21,36014.41667,2514135,18547.46683
2000/1/7 8:22,43389.85,2861058.667,22604.886
2000/1/7 8:23,40522.55,2713395.833,20500.6875
2000/1/7 8:24,43927.08333,2874238,21907.92433
2000/1/7 8:25,42819.71667,2819711.833,21312.217
2000/1/7 8:26,40717.73333,2721853.333,20112.428
2000/1/7 8:27,39394.53333,2663930.417,19461.2945
2000/1/7 8:28,37401.11667,2548579.417,18418.13283
2000/1/7 8:29,37932.03333,2586870,18718.96683
2000/1/7 8:30,40669.1,2730146.667,20129.38283
2000/1/7 8:31,40142.08333,2690315,19961.38883
2000/1/7 8:32,41511.38333,2836889,20338.99283
2000/1/7 8:33,40033.33333,2886997.833,19160.22883
2000/1/7 8:34,34902.66667,2519811.333,17384.83267
2000/1/7 8:35,30391.7,2032450.917,15880.4005
2000/1/7 8:36,25925.91667,1620243.75,13843.87633
2000/1/7 8:37,23583.56667,1478091.417,12613.50133
2000/1/7 8:38,20884.68333,1285315.083,11273.05533
2000/1/7 8:39,17883.1,1096015.083,9765.253333
2000/1/7 8:40,16378.71667,1070276.833,9156.939
2000/1/7 8:41,16104.25,1041986.25,9079.962
2000/1/7 8:42,17717.13333,1099993.083,9345.791667
2000/1/7 8:43,17365.4,1092944.417,9156.694167
2000/1/7 8:44,17433.35,1048825.417,9329.282333
2000/1/7 8:45,16343.96667,1010335.75,9188.553333
2000/1/7 8:46,22090.8,1434644.417,11594.4675
2000/1/7 8:47,26784.95,1656563.5,14660.36917
2000/1/7 8:48,25849.1,1586199,14284.72217
2000/1/7 8:49,25098.23333,1493988.167,13894.92467
2000/1/7 8:50,26041.6,1576903.667,14427.619
2000/1/7 8:51,27722.18333,1789040,14988.584
2000/1/7 8:52,27172.38333,1775285.75,14724.3175
2000/1/7 8:53,25516.05,1729789.5,13880.571
2000/1/7 8:54,24148.38333,1602644.25,13121.13433
2000/1/7 8:55,30022.25,2215589.917,14923.07783
2000/1/7 8:56,25132.9,1747929.667,13941.72267
2000/1/7 8:57,23422.05,1660437,13449.95467
2000/1/7 8:58,23454.06667,1554659,13507.6525
2000/1/7 8:59,22821.06667,1525317,13175.2755
2000/1/7 9:00,32685.33333,2488623.083,16235.679
2000/1/7 9:01,56046.6,4788057.75,25063.13733
2000/1/7 9:02,48403.1,3947635.333,22832.52767
2000/1/7 9:03,25423.1,1712892.833,13980.11367
2000/1/7 9:04,65007.11667,5941628.833,32860.483
2000/1/7 9:05,104791.6833,8228865.917,55011.95183
2000/1/7 9:06,107063.7333,8502243.917,55986.5305
2000/1/7 9:07,98635.31667,7759510,52900.61967
2000/1/7 9:08,105068.2167,8066866.667,56841.69717
2000/1/7 9:09,105250.4,8169539.833,56975.3215
2000/1/7 9:10,58247.3,3754463.667,31649.16017
2000/1/7 9:11,34031.41667,2307891.75,19023.78383
2000/1/7 9:12,28079.05,1822054,16503.06767
2000/1/7 9:13,33022.53333,2771468.083,21068.2605
2000/1/7 9:14,50565.4,7431100.167,22306.63267
2000/1/7 9:15,47624.21667,7291388,20761.6655
2000/1/7 9:16,48953.58333,7364371.5,21449.82967
2000/1/7 9:17,37136.9,5148509.167,20429.0565
2000/1/7 9:18,28213.78333,3151082.583,20669.1325
2000/1/7 9:19,23477.66667,2289538.333,19906.40383
2000/1/7 9:20,32036.68333,3008946.75,22298.703
2000/1/7 9:21,25942.36667,2218494.25,21694.30233
2000/1/7 9:22,25209.85,2206768.417,21412.9635
2000/1/7 9:23,25135.21667,2201544.5,21022.29
2000/1/7 9:24,21734.85,1701276.583,16040.98967
2000/1/7 9:25,19704.96667,1562821.833,14690.51567
2000/1/7 9:26,24176.4,1862095.25,17683.53167
2000/1/7 9:27,24076.28333,1881636.583,17785.088
2000/1/7 9:28,21453.71667,1721996,16224.25967
2000/1/7 9:29,19552.2,1533207.083,14148.28533
2000/1/7 9:30,41152.43333,3630289,19656.4055
2000/1/7 9:31,33482.68333,2905870.083,17215.3645
2000/1/7 9:32,17272.83333,1305407.917,12075.308
2000/1/7 9:33,17702.58333,1390209.917,13358.69833
2000/1/7 9:34,17166.73333,1345348,13135.05033
2000/1/7 9:35,15838.41667,1260930.583,12527.25133
2000/1/7 9:36,41424.63333,3627029.083,22111.276
2000/1/7 9:37,25013.86667,1871731.667,15850.87983
2000/1/7 9:38,18261.71667,1290285.25,13337.75667
2000/1/7 9:39,20901.86667,1401889.833,15211.00117
2000/1/7 9:40,21802,1383108.083,15047.05733
2000/1/7 9:41,23059.26667,1507679.833,14978.18
2000/1/7 9:42,20532.98333,1448517.5,13140.31817
2000/1/7 9:43,16751.61667,1128402.333,11745.5005
2000/1/7 9:44,17115.28333,1170954.833,11990.32767
2000/1/7 9:45,19341.71667,1297530.5,14133.7015
2000/1/7 9:46,37661.63333,3153085.333,19720.689
2000/1/7 9:47,38710.21667,3295529.25,19879.96017
2000/1/7 9:48,37463.93333,3163853.333,16500.61983
2000/1/7 9:49,36999.43333,3147746.583,16103.04283
2000/1/7 9:50,43012.46667,3426710.5,19246.404
2000/1/7 9:51,42845.78333,3434604.667,19172.37517
2000/1/7 9:52,40318.71667,3283789.417,17672.66233
2000/1/7 9:53,41644.56667,3374497,18065.852
2000/1/7 9:54,39979.66667,3252202.333,17334.6425
2000/1/7 9:55,39408.13333,3196103.417,16934.117
2000/1/7 9:56,34364.73333,2824242.167,14030.2245
2000/1/7 9:57,33940.33333,2800084.75,13834.62183
2000/1/7 9:58,34527.28333,2841538.417,14053.19817
2000/1/7 9:59,33342.61667,2783075.5,13417.90183
2000/1/7 10:00,129912.5833,12481620.92,42716.613
2000/1/7 10:01,132326.25,12741805.5,43387.59633
2000/1/7 10:02,99249.86667,9430792.667,33933.64867
2000/1/7 10:03,35515.56667,3038162.167,14754.7845
2000/1/7 10:04,39652.81667,3240767.25,17116.885
2000/1/7 10:05,37054.81667,3038058.583,15811.2285
2000/1/7 10:06,32975.25,2805929.917,13464.50017
2000/1/7 10:07,35040.96667,3024758.917,14352.41117
2000/1/7 10:08,32945.98333,2825678.333,13649.8365
2000/1/7 10:09,32840.5,2820205.5,13357.9855
2000/1/7 10:10,32650.58333,2794068.917,13251.66667
2000/1/7 10:11,48385.76667,4286032.917,18194.1785
2000/1/7 10:12,51189.5,4372543.75,20153.371
2000/1/7 10:13,40621.26667,3382123.083,16424.374
2000/1/7 10:14,37565.31667,3229417,15297.8885
2000/1/7 10:15,32911.28333,2777732.333,13484.2715
2000/1/7 10:16,35308.35,2944386.417,14385.27083
2000/1/7 10:17,34766.98333,2940863.917,14269.197
2000/1/7 10:18,34675.38333,2942949.5,14431.81783
2000/1/7 10:19,44029.41667,3890809,17188.16967
2000/1/7 10:20,40714.95,3594867.083,16060.6545
2000/1/7 10:21,34618.58333,3043941.75,13838.49383
2000/1/7 10:22,32883.23333,2866756.333,13247.46767
2000/1/7 10:23,32265.65,2821806,12888.734
2000/1/7 10:24,30460.91667,2677868.667,11944.301
2000/1/7 10:25,31171.43333,2826608,12107.423
2000/1/7 10:26,28486.01667,2610857.75,11551.0295
2000/1/7 10:27,29036.38333,2664079.583,11626.91417
2000/1/7 10:28,28456.2,2598775.667,11304.88483
2000/1/7 10:29,30780.15,2628479.833,13830.304
2000/1/7 10:30,31751.05,2677898,14146.01017
2000/1/7 10:31,33073.85,2814184.083,14134.6915
2000/1/7 10:32,30160.66667,2589739.083,12992.626
2000/1/7 10:33,30940.16667,2682936.417,13436.19617
2000/1/7 10:34,29343.48333,2713525.833,11339.38117
2000/1/7 10:35,28878.95,2686817.167,11194.91217
2000/1/7 10:36,38530.43333,3663504.5,14059.1
2000/1/7 10:37,37867.88333,3598242.167,13992.37767
2000/1/7 10:38,29901.38333,2797857.5,11927.5175
2000/1/7 10:39,30017.7,2812475.667,11925.56833
2000/1/7 10:40,32294.65,2832813,14242.99
2000/1/7 10:41,33057.51667,2909705,14495.56467
2000/1/7 10:42,34661.36667,3047652.167,14925.71483
2000/1/7 10:43,33834.75,3008849.167,14544.446
2000/1/7 10:44,31970.41667,2824611.75,13895.84883
2000/1/7 10:45,33290.58333,3153710,12978.5205
2000/1/7 10:46,24023.31667,2246221.667,9891.699333
2000/1/7 10:47,8261.3,679546.1667,4778.257667
2000/1/7 10:48,10151.26667,897744.4167,5105.312167
2000/1/7 10:49,30808.53333,2965972.75,11638.135
2000/1/7 10:50,41141.28333,3881311.75,24804.1095
2000/1/7 10:51,22732.91667,2043000.167,17506.79733
2000/1/7 10:52,23397.78333,2114262.583,17859.72717
2000/1/7 10:53,28445.35,2501558.167,21058.92317
2000/1/7 10:54,24137.16667,2103884.583,19463.589
2000/1/7 10:55,24279.43333,2034108.333,19942.15517
2000/1/7 10:56,26427.7,2065379.167,20168.42283
2000/1/7 10:57,22201.71667,1686215.833,15633.0115
2000/1/7 10:58,14288.46667,1045119.417,7930.287667
2000/1/7 10:59,107997.7333,10639869.17,34831.47867
2000/1/7 11:00,107536.3667,10571478.58,34866.93917
2000/1/7 11:01,96355.96667,8493494.917,38914.5705
2000/1/7 11:02,69872.18333,5726754.083,31432.73383
2000/1/7 11:03,71018.48333,5571037.667,31427.93033
2000/1/7 11:04,66016.88333,5269022.167,29350.68583
2000/1/7 11:05,63986.65,5187281,28810.99617
2000/1/7 11:06,66187.23333,5382532.167,29663.27517
2000/1/7 11:07,67217.23333,5431833,30654.6855
2000/1/7 11:08,67429.48333,5528520.5,30183.03617
2000/1/7 11:09,71606.88333,5659713.083,32849.99783
2000/1/7 11:10,71564.86667,5681484.083,33374.24017
2000/1/7 11:11,71731.2,5682244.417,32814.489
2000/1/7 11:12,76136.3,5887818.417,36090.89683
2000/1/7 11:13,74298.03333,5735701.833,35457.04483
2000/1/7 11:14,68218.5,5408141.833,32404.7995
2000/1/7 11:15,64881.16667,5195583.5,30810.9885
2000/1/7 11:16,65722.91667,5319139.25,31003.18617
2000/1/7 11:17,48241.01667,3572114.583,25561.01517
2000/1/7 11:18,32803.9,2023598.583,20801.25917
2000/1/7 11:19,34589.51667,2211309.167,21161.89967
2000/1/7 11:20,34578.33333,2175440,21423.621
2000/1/7 11:21,37776.53333,2237974.833,23745.54583
2000/1/7 11:22,37731.91667,2249110.417,23729.407
2000/1/7 11:23,40582.23333,2538848.417,24475.683
2000/1/7 11:24,59602.58333,4538950.833,32493.5445
2000/1/7 11:25,55017.83333,4081872.417,30857.45567
2000/1/7 11:26,54051.85,4021015.333,30088.96733
2000/1/7 11:27,47193.25,3433677.5,26857.90117
2000/1/7 11:28,41121.01667,2917818.25,23935.01967
2000/1/7 11:29,36728.1,2470017.167,21680.6305
2000/1/7 11:30,44700.98333,3028233.083,26778.78683
2000/1/7 11:31,48977.88333,3784040,28407.4855
2000/1/7 11:32,47298.23333,3633648.75,27778.93567
2000/1/7 11:33,46937.58333,3650465.667,27234.56983
2000/1/7 11:34,38372.4,3168616.167,20575.53683
2000/1/7 11:35,33226.63333,2875172.5,17477.44
2000/1/7 11:36,28178.8,2386099.833,15741.963
2000/1/7 11:37,28167.61667,2392119.583,15902.0855
2000/1/7 11:38,33010.38333,2899076.25,17684.57233
2000/1/7 11:39,25380.36667,2164337.083,14890.46233
2000/1/7 11:40,23040.16667,1936519,13753.57583
2000/1/7 11:41,21834.76667,1797307.667,13340.0035
2000/1/7 11:42,22656.1,1843011.417,13311.34933
2000/1/7 11:43,20545.5,1666547.833,12138.48117
2000/1/7 11:44,22386.33333,1775287.083,13100.12767
2000/1/7 11:45,24010.45,1865532.75,14048.22967
2000/1/7 11:46,22495.75,1808752.583,13608.917
2000/1/7 11:47,27263.85,2737661.167,16359.053
2000/1/7 11:48,27569.46667,2698133.333,16435.07967
2000/1/7 11:49,29120.01667,2764179.917,17551.43333
2000/1/7 11:50,29598.73333,2790162.167,17810.1925
2000/1/7 11:51,29370.53333,2785939.667,17617.39083
2000/1/7 11:52,33588.08333,3094499,18680.743
2000/1/7 11:53,46384.33333,4455921.583,21626.815
2000/1/7 11:54,28116.53333,2673355.667,15529.93933
2000/1/7 11:55,24990.65,2433262.5,14361.88567
2000/1/7 11:56,29646.25,2890581,16775.68517
2000/1/7 11:57,30919.18333,2900688,17597.71317
2000/1/7 11:58,27215,2562048,15689.06317
2000/1/7 11:59,25755,2485340.083,14692.4085
2000/1/7 12:00,26973.61667,2498301.75,15025.733
2000/1/7 12:01,24570.76667,2329323.917,13939.3435
2000/1/7 12:02,22656.31667,2244676.667,12514.1565
2000/1/7 12:03,22690.71667,2194545.5,12412.1415
2000/1/7 12:04,22447.66667,2194347.25,12111.73583
2000/1/7 12:05,65067.43333,6303913.333,24576.16983
2000/1/7 12:06,65638,6276653.667,25113.48883
2000/1/7 12:07,63284.2,6184066.333,24693.2545
2000/1/7 12:08,63684.1,6161215.917,25019.56517
2000/1/7 12:09,62877.93333,6032423.167,24493.0335
2000/1/7 12:10,59927.53333,5662396.25,22644.91067
2000/1/7 12:11,30038.1,2716882.75,13582.70567
2000/1/7 12:12,20304.48333,1653083.917,11317.03833
2000/1/7 12:13,20312.75,1653789.167,11209.86133
2000/1/7 12:14,19693.66667,1580937.333,10872.49583
2000/1/7 12:15,19028.46667,1544080.333,10393.99433
2000/1/7 12:16,16219.25,1388391.333,8850.836333
2000/1/7 12:17,15946.58333,1382420.75,8714.064333
2000/1/7 12:18,17071.95,1444806.833,9418.614167
2000/1/7 12:19,16007.86667,1314230.333,8948.176667
2000/1/7 12:20,16278,1364846.333,8988.433
2000/1/7 12:21,14830.4,1223193.417,8380.947667
2000/1/7 12:22,13533.48333,1121390.25,7721.6365
2000/1/7 12:23,12516.6,1043729.167,7250.850667
2000/1/7 12:24,12315.96667,1031587.5,7166.596833
2000/1/7 12:25,12255.85,1028363.917,7217.096667
2000/1/7 12:26,15093.11667,1170081,8624.359333
2000/1/7 12:27,13998.43333,1108110,8179.380167
2000/1/7 12:28,21873.08333,1490533.667,13280.34983
2000/1/7 12:29,21768.68333,1481680.583,13233.89783
2000/1/7 12:30,25863.05,1891265,15526.57333
2000/1/7 12:31,26593.06667,1948183.5,15802.43417
2000/1/7 12:32,37674.31667,2471486.333,22476.65817
2000/1/7 12:33,37312.38333,2446901.333,22164.522
2000/1/7 12:34,71496.95,5915596.667,32262.52717
2000/1/7 12:35,134804.2333,12251371.67,51605.0225
2000/1/7 12:36,112057.3833,10453845,41771.847
2000/1/7 12:37,107589.8833,10222637.33,39097.502
2000/1/7 12:38,107467.15,10214545.08,39028.15233
2000/1/7 12:39,107269.0667,10222447.08,38850.31067
2000/1/7 12:40,116667.9833,11188231.67,42628.5715
2000/1/7 12:41,112649.05,10707972.67,40545.26267
2000/1/7 12:42,107718.2833,10181068.17,38411.01467
2000/1/7 12:43,106296.7333,10073807.58,37588.566
2000/1/7 12:44,107584.55,10158770,37922.15867
2000/1/7 12:45,86788.2,7754411.25,33089.27967
2000/1/7 12:46,74042.86667,6472828.917,28995.38
2000/1/7 12:47,44374.01667,3444832.417,20009.168
2000/1/7 12:48,34080.13333,2483081.083,16869.955
2000/1/7 12:49,27537,1942262.75,14166.39117
2000/1/7 12:50,25749.88333,1738226.667,13691.32733
2000/1/7 12:51,21408.68333,1390159.333,12177.72717
2000/1/7 12:52,19435.91667,1278875.667,11179.634
2000/1/7 12:53,17368.71667,1130843,10170.715
2000/1/7 12:54,16156.03333,1045903.333,9650.490667
2000/1/7 12:55,39780.23333,3188720.667,17241.15533
2000/1/7 12:56,20897.6,1295489.667,11759.044
2000/1/7 12:57,19615.8,1207063.167,11179.09367
2000/1/7 12:58,18657.25,1112650.083,10747.72383
2000/1/7 12:59,28152.2,1697586.583,15380.635
2000/1/7 13:00,25058.31667,1506352.667,13591.14233
2000/1/7 13:01,25677.33333,1567089.167,13738.54283
2000/1/7 13:02,31176.68333,1876257.333,14924.662
2000/1/7 13:03,29486.41667,1772039.833,14357.7925
2000/1/7 13:04,24463.95,1483327.75,13006.24983
2000/1/7 13:05,26024.01667,1637778.583,13489.5195
2000/1/7 13:06,24778.1,1514722.333,12913.29617
2000/1/7 13:07,24705.33333,1532888.5,12682.5945
2000/1/7 13:08,23750.36667,1471446.583,12361.52033
2000/1/7 13:09,24332.3,1552279.417,12705.5435
2000/1/7 13:10,22223.91667,1341610.167,11964.60833
2000/1/7 13:11,24481.68333,1455848.667,12951.70167
2000/1/7 13:12,25033.43333,1435165.833,13461.495
2000/1/7 13:13,24815.46667,1420981.917,13352.35367
2000/1/7 13:14,23696.28333,1353260.417,12777.49217
2000/1/7 13:15,22231.78333,1296063.25,11847.22283
2000/1/7 13:16,24309.96667,1398999.917,12185.874
2000/1/7 13:17,26480.93333,1559084.75,13114.28
2000/1/7 13:18,26814.06667,1634055.25,13256.41233
2000/1/7 13:19,24580.26667,1529443.583,12596.72433
2000/1/7 13:20,28049.13333,1768674,13890.13883
2000/1/7 13:21,25008.5,1524636.5,12931.25717
2000/1/7 13:22,26141.48333,1674938.917,13262.139
2000/1/7 13:23,26582.46667,1703623.333,13621.74333
2000/1/7 13:24,24847.93333,1509028,13119.46617
2000/1/7 13:25,24062.83333,1420891.167,12046.62967
2000/1/7 13:26,23765.45,1413330.417,12048.7445
2000/1/7 13:27,22297.73333,1274792.75,11352.219
2000/1/7 13:28,23994.21667,1319946.833,11425.9455
2000/1/7 13:29,23842.31667,1311118.583,11254.17883
2000/1/7 13:30,33301.41667,2265053,13999.05383
2000/1/7 13:31,26870.31667,1706257.5,12966.3675
2000/1/7 13:32,25475.5,1580389.333,12609.32483
2000/1/7 13:33,25206.65,1542396.083,12452.68583
2000/1/7 13:34,25904.9,1424319.25,11752.58533
2000/1/7 13:35,33150.85,2256231,14189.4505
2000/1/7 13:36,31346.5,2197894.5,14474.70917
2000/1/7 13:37,22487.7,1352929.833,11397.44617
2000/1/7 13:38,22360.86667,1334049.583,11341.12117
2000/1/7 13:39,21149.51667,1208006.5,10697.43817
2000/1/7 13:40,20910.65,1183748,10590.58667
2000/1/7 13:41,60020.11667,5090872.333,22682.24783
2000/1/7 13:42,60008.16667,5070874.25,22658.309
2000/1/7 13:43,38695.15,2981062.167,16022.0705
2000/1/7 13:44,33326.3,2331981,13896.14683
2000/1/7 13:45,20329.96667,1157756.167,9394.409833
2000/1/7 13:46,18273.51667,1031184.833,8347.273
2000/1/7 13:47,17822.25,1037526.417,8927.646
2000/1/7 13:48,15699.03333,932373.6667,7720.5725
2000/1/7 13:49,14883.15,888388.1667,7428.506333
2000/1/7 13:50,19268.28333,1229479.917,8294.836667
2000/1/7 13:51,16512.1,939319.5,7598.243
2000/1/7 13:52,16475.33333,936085.3333,7586.254833
2000/1/7 13:53,17207,976330.3333,7958.982833
2000/1/7 13:54,16459.13333,931710,7517.892167
2000/1/7 13:55,16108.4,969981.9167,7335.41
2000/1/7 13:56,14871.76667,952947.5,7372.418333
2000/1/7 13:57,15170.48333,969851.5,7339.874667
2000/1/7 13:58,14139.41667,929223.9167,6533.255667
2000/1/7 13:59,13892.31667,919833.25,6417.3495
2000/1/7 14:00,13094.48333,863930.4167,6111.581333
2000/1/7 14:01,15621.31667,1113117.667,6814.777333
2000/1/7 14:02,15450.65,1089368,6702.842
2000/1/7 14:03,13685.6,858023.0833,6403.482833
2000/1/7 14:04,14408.58333,1024136.75,7672.947667
2000/1/7 14:05,16568.26667,1147552.167,8958.404167
2000/1/7 14:06,15018.85,1009683.833,8330.618
2000/1/7 14:07,13887.53333,957400.5833,7636.418167
2000/1/7 14:08,19567.23333,1614106.167,8776.664333
2000/1/7 14:09,17661.16667,1337765,8208.622
2000/1/7 14:10,17589.88333,1319738.417,8265.343333
2000/1/7 14:11,16696.93333,1236568.25,8223.912167
2000/1/7 14:12,17659.83333,1420466.667,8301.397333
2000/1/7 14:13,16387.51667,1129801.5,9161.789667
2000/1/7 14:14,14673.88333,1017702.5,8355.1215
2000/1/7 14:15,14319.75,998706,8289.1235
2000/1/7 14:16,14022.61667,964339.3333,8264.8925
2000/1/7 14:17,17479.86667,1308278.083,9510.195167
2000/1/7 14:18,31628.43333,2702879.417,14597.20983
2000/1/7 14:19,36901.3,3239541.5,16223.0265
2000/1/7 14:20,22531.28333,1880023.583,11000.56267
2000/1/7 14:21,11133.46667,841128.8333,6537.58
2000/1/7 14:22,11889.71667,872784.6667,6815.067333
2000/1/7 14:23,12068.11667,886447.25,6834.827333
2000/1/7 14:24,11671.43333,870205.25,6645.951167
2000/1/7 14:25,11172.1,825464.4167,6442.8855
2000/1/7 14:26,11563.81667,869738.8333,6655.064333
2000/1/7 14:27,10447.5,783412.5833,6035.5865
2000/1/7 14:28,12906.13333,932495.75,7064.9685
2000/1/7 14:29,24524,2120903.583,10030.63433
2000/1/7 14:30,23321.33333,1916886.333,9913.043833
2000/1/7 14:31,23782.71667,1975923.583,10254.0205
2000/1/7 14:32,45407.8,4204403.417,16598.03817
2000/1/7 14:33,39460.26667,3667541.667,14737.063
2000/1/7 14:34,33913.93333,3138856.25,13377.08733
2000/1/7 14:35,14317.28333,1180777.75,7445.451
2000/1/7 14:36,24301.51667,1520890.167,14384.21217
2000/1/7 14:37,36887.56667,2098387.5,24503.68367
2000/1/7 14:38,39099.18333,2270635.333,24761.09267
2000/1/7 14:39,38929.65,2294801.333,24767.623
2000/1/7 14:40,41978.08333,2460578.583,25169.45867
2000/1/7 14:41,40912.1,2553475.583,23674.71533
2000/1/7 14:42,45256.98333,3329834.667,22733.9005
2000/1/7 14:43,35432.95,2367502.5,19725.82383
2000/1/7 14:44,33540.05,2188729.417,19095.594
2000/1/7 14:45,32445.5,2108117.25,18694.67383
2000/1/7 14:46,31232.86667,1994225.25,18414.09483
2000/1/7 14:47,29291.4,2007629.5,16550.473
2000/1/7 14:48,31089.38333,2385285.333,16567.6505
2000/1/7 14:49,27543.6,2042984,15907.83767
2000/1/7 14:50,25546.5,1865795.833,15095.8225
2000/1/7 14:51,25060.98333,1867939,15046.258
2000/1/7 14:52,19852.85,1548905.5,11750.80833
2000/1/7 14:53,17329.23333,1345847.417,10235.5345
2000/1/7 14:54,16547.06667,1260000.25,9767.799
2000/1/7 14:55,17968.9,1382098,9670.900833
2000/1/7 14:56,13812.65,963150.4167,8374.345
2000/1/7 14:57,13267.5,919152.9167,8112.572
2000/1/7 14:58,13248.86667,918934.25,8051.4165
2000/1/7 14:59,14821.73333,1011613.083,8667.3045
2000/1/7 15:00,19679.11667,1270984.583,9669.200333
2000/1/7 15:01,14596.08333,948523.3333,8886.467333
2000/1/7 15:02,12951.71667,881026.8333,8785.2355
2000/1/7 15:03,13245.28333,884453,8914.693167
2000/1/7 15:04,59924.15,5570744.333,29793.597
2000/1/7 15:05,57176.8,5331501.667,29618.5085
2000/1/7 15:06,67292.88333,6425713.917,35114.41767
2000/1/7 15:07,37561.55,3317345.25,20391.59133
2000/1/7 15:08,23000.55,2014180.417,13728.67267
2000/1/7 15:09,51156.25,4808443.833,27529.98067
2000/1/7 15:10,52936.35,4925576.25,27779.48033
2000/1/7 15:11,52054.01667,4750350.417,27249.38267
2000/1/7 15:12,55436.06667,4868146.667,29066.961
2000/1/7 15:13,55513.86667,4937100.333,28034.61367
2000/1/7 15:14,21590.2,1694048.667,11938.17583
2000/1/7 15:15,22802.31667,1798435.167,13054.031
2000/1/7 15:16,23600.75,1896787.583,12477.43567
2000/1/7 15:17,27166.28333,2191998.333,13639.596
2000/1/7 15:18,20868.5,1627158.75,11399.3245
2000/1/7 15:19,21739.55,1804921,11575.11867
2000/1/7 15:20,18998.9,1552048.417,10632.4725
2000/1/7 15:21,16876.23333,1355546.5,9808.005167
2000/1/7 15:22,18446.15,1475053.167,10685.93983
2000/1/7 15:23,14727.8,1128513,9077.767667
2000/1/7 15:24,12041.36667,857560,8320.807167
2000/1/7 15:25,11276.41667,799767.5,7960.8565
2000/1/7 15:26,11469.46667,822748.3333,8003.574167
2000/1/7 15:27,16377.45,1130932.667,9598.966333
2000/1/7 15:28,14465.68333,986504.1667,9115.346167
2000/1/7 15:29,11487.68333,814739.4167,8268.4525
2000/1/7 15:30,12984.21667,858069.5833,8286.604667
2000/1/7 15:31,12186.7,828526.5833,7911.271167
2000/1/7 15:32,29346.88333,2530688.333,13033.56633
2000/1/7 15:33,12650.56667,879148.9167,8089.783833
2000/1/7 15:34,11897.86667,787150.6667,7705.131333
2000/1/7 15:35,34878.7,3093031.333,14515.01983
2000/1/7 15:36,47567.38333,4406313.833,21128.69333
2000/1/7 15:37,47160.23333,4408904.75,21315.78733
2000/1/7 15:38,53934.85,5107492.583,23446.487
2000/1/7 15:39,53155.15,5036512.917,23300.7175
2000/1/7 15:40,59849.83333,5466073,24907.08733
2000/1/7 15:41,56514.58333,5177520.5,23873.557
2000/1/7 15:42,58300.93333,5256363.167,25227.39917
2000/1/7 15:43,38960.83333,3333165.25,19475.147
2000/1/7 15:44,37585.73333,3031496.917,18673.14817
2000/1/7 15:45,37920.68333,3034007.333,18965.94583
2000/1/7 15:46,51295.33333,4370699.5,23313.86933
2000/1/7 15:47,43571.88333,3634264.25,21414.42667
2000/1/7 15:48,41074.61667,3660834.583,20949.96683
2000/1/7 15:49,34606.51667,3067605.583,18383.17583
2000/1/7 15:50,43394.88333,3893902.333,21432.41867
2000/1/7 15:51,43503.23333,3952825.917,21253.48867
2000/1/7 15:52,34609.05,3231137.083,18070.2475
2000/1/7 15:53,24633.68333,2332057.167,14326.49067
2000/1/7 15:54,25263.45,2399650.833,14471.653
2000/1/7 15:55,25032.85,2371539.583,14222.05233
2000/1/7 15:56,23735.96667,2263644.083,13817.542
2000/1/7 15:57,21364.21667,2029510,12896.087
2000/1/7 15:58,8797.483333,770913.1667,6660.235833
2000/1/7 15:59,13546.61667,1028753,7885.520833
2000/1/7 16:00,9508.9,832880.3333,7098.593
2000/1/7 16:01,12534.4,1142144.417,8012.098833
2000/1/7 16:02,16389.58333,1535257.333,9174.679667
2000/1/7 16:03,23101.26667,2061806.25,11563.00233
2000/1/7 16:04,19262.4,1676099.167,10818.25233
2000/1/7 16:05,20335.3,1699679.833,10987.3225
2000/1/7 16:06,15550.36667,1228304,9030.453667
2000/1/7 16:07,11460.28333,840691.8333,7405.7985
2000/1/7 16:08,10985.73333,794872.4167,7202.72
2000/1/7 16:09,15213.26667,1241357.833,8315.065167
2000/1/7 16:10,12514.66667,929282.75,7984.586167
2000/1/7 16:11,9784.866667,708695.1667,6777.579167
2000/1/7 16:12,55956.43333,5431578.5,24516.83233
2000/1/7 16:13,66012.55,6382303.333,29473.34683
2000/1/7 16:14,54429.53333,5277640.833,27579.36367
2000/1/7 16:15,50616.71667,4845388.167,27158.367
2000/1/7 16:16,48936.86667,4524744.167,26675.18133
2000/1/7 16:17,47472.6,4383321.333,25544.26367
2000/1/7 16:18,22025.01667,1840331.75,12955.6265
2000/1/7 16:19,16779.73333,1371170.75,10417.4715
2000/1/7 16:20,20422.91667,1552030.417,12050.911
2000/1/7 16:21,18400.53333,1289955.75,10781.77067
2000/1/7 16:22,16577.31667,1130112.25,9641.674833
2000/1/7 16:23,69254.5,6470926.5,35429.17467
2000/1/7 16:24,125236.3167,11954475.33,52609.34633
2000/1/7 16:25,164106.95,15809149.25,64634.791
2000/1/7 16:26,164401.6667,15744340,64916.74417
2000/1/7 16:27,157032.2667,14994682.5,62646.05067
2000/1/7 16:28,107509.1833,10078018.83,47995.26983
2000/1/7 16:29,82931.16667,7692095,40328.12517
2000/1/7 16:30,89445.51667,8527647.917,42943.05717
2000/1/7 16:31,83432.31667,7811746.083,40569.72917
2000/1/7 16:32,67280.68333,6235470.333,34683.86717
2000/1/7 16:33,23378.98333,1864663,11848.0685
2000/1/7 16:34,24707.45,1999969.75,12764.295
2000/1/7 16:35,21177.65,1503877.583,11611.0905
2000/1/7 16:36,17076.55,1283110.833,10076.76383
2000/1/7 16:37,16458.56667,1190243.333,9837.035333
2000/1/7 16:38,15240.28333,1102307.667,9150.477667
2000/1/7 16:39,16784.48333,1313351.167,9837.099333
2000/1/7 16:40,14140.71667,1277282.25,9340.021667
2000/1/7 16:41,10921.96667,982178.1667,8102.0655
2000/1/7 16:42,10231.85,900154.75,7585.561667
2000/1/7 16:43,10979.51667,918935.6667,7926.293333
2000/1/7 16:44,13192.55,1141165,8586.310333
2000/1/7 16:45,22824.21667,2160754.833,11118.71283
2000/1/7 16:46,17216.35,1612747.583,9412.550833
2000/1/7 16:47,34310.81667,3269532.5,15659.821
2000/1/7 16:48,31898.55,3019468.417,15216.88233
2000/1/7 16:49,29977.3,2803052.083,14812.9335
2000/1/7 16:50,25557.68333,2372959.5,13260.66517
2000/1/7 16:51,24008.63333,2231814,12763.97917
2000/1/7 16:52,22434.15,2093824.417,12097.20933
2000/1/7 16:53,23165.26667,2192033.083,12710.81267
2000/1/7 16:54,22033,2119322.667,11770.834
2000/1/7 16:55,21351.5,2069566.5,11337.85433
2000/1/7 16:56,20872.13333,2041258,11138.47267
2000/1/7 16:57,21724.05,2125025.333,11435.64183
2000/1/7 16:58,36702.51667,3528797.5,18083.87117
2000/1/7 16:59,37958.91667,3654917.333,18952.52133
2000/1/7 17:00,43641.91667,4066977.5,20425.38817
2000/1/7 17:01,49704.18333,4413142.333,22558.271
2000/1/7 17:02,42461.23333,3931499.917,20696.30117
2000/1/7 17:03,40098.6,3796390.083,20026.29083
2000/1/7 17:04,37715.28333,3678988.917,19306.15467
2000/1/7 17:05,36798.68333,3622813.583,18989.434
2000/1/7 17:06,49620.38333,4918042.75,24686.27383
2000/1/7 17:07,50059.91667,4964479.333,24819.72033
2000/1/7 17:08,41743.31667,4135835.333,20795.3245
2000/1/7 17:09,38249.73333,3755516.167,18318.12867
2000/1/7 17:10,36397.93333,3412040.833,17432.91383
2000/1/7 17:11,14142.3,1241087.583,7856.979167
2000/1/7 17:12,10318.48333,863075,5569.870167
2000/1/7 17:13,14465.7,1141623.417,7515.2665
2000/1/7 17:14,13150.4,1120629.167,6453.996667
2000/1/7 17:15,21775.36667,1612661.75,8508.2055
2000/1/7 17:16,24290.76667,1537531.333,8662.903667
2000/1/7 17:17,21797.03333,1358120.167,8322.510667
2000/1/7 17:18,9629.766667,740069.9167,4732.904667
2000/1/7 17:19,7551.133333,634712.4167,3879.8605
2000/1/7 17:20,6847.266667,625646.8333,3388.586
2000/1/7 17:21,8904.016667,843795.9167,4023.618833
2000/1/7 17:22,7044.716667,645982.5,3439.174667
2000/1/7 17:23,8768.416667,822089.5,4323.009833
2000/1/7 17:24,8106.8,743490.4167,4028.325
2000/1/7 17:25,7834.75,714875.8333,3892.442833
2000/1/7 17:26,28041,2743857.167,9934.734333
2000/1/7 17:27,18692.85,1809974.917,7182.199833
2000/1/7 17:28,8077.916667,751563.5833,3879.804333
2000/1/7 17:29,7591.833333,708697.9167,3735.493667
2000/1/7 17:30,17363.85,1682037.917,6816.715167
2000/1/7 17:31,22123.78333,1953239.167,8285.026
2000/1/7 17:32,11039.4,1040782.083,5115.542167
2000/1/7 17:33,11286.03333,983117.5833,5153.541
2000/1/7 17:34,10540.58333,925363.75,4567.034333
2000/1/7 17:35,6964.566667,615584.6667,3314.458333
2000/1/7 17:36,5117.4,483396.5833,3010.894833
2000/1/7 17:37,19270.73333,1838594.25,8550.931833
2000/1/7 17:38,13050.38333,1234018.167,6245.173833
2000/1/7 17:39,9492.116667,916487.5,4802.9175
2000/1/7 17:40,7321.066667,697686.75,4107.426333
2000/1/7 17:41,15527.36667,1478976.083,6868.375
2000/1/7 17:42,17088.48333,1488612.417,7575.249333
2000/1/7 17:43,26837.61667,2080534.5,12903.04017
2000/1/7 17:44,31547.98333,2429177.333,13384.92767
2000/1/7 17:45,32196.25,2554963.5,13714.84417
2000/1/7 17:46,18790.8,1780438,7495.021333
2000/1/7 17:47,18482.2,1780367.083,7615.069833
2000/1/7 17:48,14007.36667,1343134.333,6239.155833
2000/1/7 17:49,13244.33333,1266935,5986.486333
2000/1/7 17:50,12270.36667,1157476.5,5576.34
2000/1/7 17:51,15875.01667,1531295,6361.5765
2000/1/7 17:52,19253.5,1898311.167,7562.578
2000/1/7 17:53,52698.28333,4906272.167,19184.92867
2000/1/7 17:54,30067.96667,2580693.75,12407.28533
2000/1/7 17:55,49504.76667,4562433.5,17772.19833
2000/1/7 17:56,65404.41667,6081292.417,22906.7965
2000/1/7 17:57,49122.81667,4383715.333,18460.15
2000/1/7 17:58,21771.21667,1672188.583,10207.6015
2000/1/7 17:59,22367.33333,1654313.667,10530.65983
2000/1/7 18:00,27002,1895042.5,12455.304
2000/1/7 18:01,43472.1,2685017.25,15303.12367
2000/1/7 18:02,47436.13333,3155045.917,16416.5995
2000/1/7 18:03,23987.43333,1671937.5,11050.158
2000/1/7 18:04,25012.36667,1709138,11201.73217
2000/1/7 18:05,26534.75,1796030.5,11648.113
2000/1/7 18:06,30457.3,2237351.25,13306.01633
2000/1/7 18:07,31459.05,2511860.583,13283.14017
2000/1/7 18:08,51846.36667,4526844.417,18953.433
2000/1/7 18:09,47896.53333,4195308.583,18050.783
2000/1/7 18:10,35117.43333,2911178.75,14555.73983
2000/1/7 18:11,31001.3,2396248.5,13812.762
2000/1/7 18:12,24378.7,1844434.75,11794.29417
2000/1/7 18:13,29513.75,2035403.833,12940.01833
2000/1/7 18:14,38046.38333,2442392.167,15423.6715
2000/1/7 18:15,31543,2062633,13084.9095
2000/1/7 18:16,21937.06667,1486725.583,9833.0435
2000/1/7 18:17,20939.68333,1556086.167,10545.76417
2000/1/7 18:18,22516.55,1661200.083,10855.1715
2000/1/7 18:19,18778.13333,1375123,9434.018
2000/1/7 18:20,20345.5,1490298.583,10451.15217
2000/1/7 18:21,20116.8,1413829.083,10076.99117
2000/1/7 18:22,39180.53333,3211744.417,16434.37067
2000/1/7 18:23,25574.88333,1844893.833,12563.94417
2000/1/7 18:24,26443.36667,1948926.917,12846.25567
2000/1/7 18:25,21788.38333,1549782.333,11073.06
2000/1/7 18:26,25282.38333,1966803.417,12148.9
2000/1/7 18:27,29280.83333,2151957.667,13681.09617
2000/1/7 18:28,20739.8,1355962.583,10417.42717
2000/1/7 18:29,19304.7,1240138.583,9855.348167
2000/1/7 18:30,30500.55,2196954.083,13813.3435
2000/1/7 18:31,33257.9,2431774.833,15452.0135
2000/1/7 18:32,125588.9667,11753667.67,42790.58183
2000/1/7 18:33,138449.2667,13139105.75,47593.58633
2000/1/7 18:34,250927.1833,24413428.17,81177.956
2000/1/7 18:35,235517.4167,22945996.33,75473.87
2000/1/7 18:36,231776.6167,22532653.25,73373.24933
2000/1/7 18:37,160550.7167,15354508.25,52424.34217
2000/1/7 18:38,67542.71667,6120545.25,24184.50867
2000/1/7 18:39,65914.65,5721867.667,24646.25267
2000/1/7 18:40,64879.1,5590016.333,23966.18
2000/1/7 18:41,89181.58333,7904968.167,30798.29717
2000/1/7 18:42,82071.1,7502908.833,28391.74833
2000/1/7 18:43,36636.33333,3095172.5,14792.96383
2000/1/7 18:44,21517.05,1558556.333,10232.057
2000/1/7 18:45,22055.81667,1570950.917,9933.883167
2000/1/7 18:46,73424.41667,6697354.25,35037.55617
2000/1/7 18:47,72621.68333,6622505.417,34877.8085
2000/1/7 18:48,77680.18333,7121444.083,36529.14483
2000/1/7 18:49,77934,7222231.25,36373.59
2000/1/7 18:50,75014.66667,6968969.417,35285.0745
2000/1/7 18:51,68745.11667,6401110.333,33058.2445
2000/1/7 18:52,71185.46667,6538629.25,34756.17283
2000/1/7 18:53,69848.31667,6476713.25,34666.79933
2000/1/7 18:54,41557.68333,3617265.5,20597.3115
2000/1/7 18:55,17306.71667,1292580.833,8633.345167
2000/1/7 18:56,15683.66667,1157395.833,7951.921
2000/1/7 18:57,14608.51667,1076894.5,7487.8985
2000/1/7 18:58,14314.78333,1053654.667,7254.351
2000/1/7 18:59,11214.68333,854905.75,6063.086167
2000/1/7 19:00,18608.08333,1848066.25,9971.578667
2000/1/7 19:01,43550.5,4263137.083,17411.575
2000/1/7 19:02,41386.15,4155118.083,16995.31717
2000/1/7 19:03,28883.23333,2938240.167,13169.2255
2000/1/7 19:04,71763.28333,7257095.75,26171.5875
2000/1/7 19:05,100448.7,10191261.67,34491.64267
2000/1/7 19:06,95007.96667,9606165.917,32436.52067
2000/1/7 19:07,71871.55,7350858,25597.70133
2000/1/7 19:08,54511.51667,5553445.083,20018.50767
2000/1/7 19:09,86719.8,8780536.25,29858.8105
2000/1/7 19:10,97126.18333,9771953.917,32783.043
2000/1/7 19:11,102192.4,9917788.5,34991.48833
2000/1/7 19:12,86673.66667,8504282.583,30709.70683
2000/1/7 19:13,68271.01667,6868608.083,25552.28917
2000/1/7 19:14,66723.93333,6721437.667,24624.1695
2000/1/7 19:15,67663.28333,6747722.583,24744.90317
2000/1/7 19:16,66136.8,6672288.167,24210.58467
2000/1/7 19:17,63234.23333,6419557.917,23025.5105
2000/1/7 19:18,39725.46667,4072203.667,15870.47417
2000/1/7 19:19,19922.38333,1978016.25,10037.5465
2000/1/7 19:20,18941.21667,1919574.667,9669.809333
2000/1/7 19:21,23208.4,2488627.833,11498.4355
2000/1/7 19:22,20347.03333,2249839.417,10144.69917
2000/1/7 19:23,33937.93333,3629601.083,13900.109
2000/1/7 19:24,54344.16667,5638063.417,20325.36167
2000/1/7 19:25,59798.45,6174974.5,22124.19883
2000/1/7 19:26,63818.55,6568696.167,23497.45967
2000/1/7 19:27,22875.86667,2500661.417,11667.83833
2000/1/7 19:28,18579.4,2087501.25,10015.17083
2000/1/7 19:29,17111.83333,1975367.083,9189.496833
2000/1/7 19:30,40918.71667,3216127.75,19278.82833
2000/1/7 19:31,43715.48333,3558971.667,19968.60817
2000/1/7 19:32,38711.06667,3254537.167,18831.93017
2000/1/7 19:33,30000.75,2516344.167,16152.1585
2000/1/7 19:34,30359.1,2437020.083,16225.17367
2000/1/7 19:35,32423.95,2958089.167,14709.05883
2000/1/7 19:36,21412.51667,2235129.417,9562.153833
2000/1/7 19:37,15486.38333,1717830.833,8186.363333
2000/1/7 19:38,13949.58333,1583799.667,7630.1925
2000/1/7 19:39,13720.35,1578631.25,7610.067167
2000/1/7 19:40,28472.83333,2780371.75,13691.74783
2000/1/7 19:41,140750.1667,13174940,46597.37567
2000/1/7 19:42,131593.3167,12351102.5,42969.61233
2000/1/7 19:43,123247.0333,11867038.5,40498.01483
2000/1/7 19:44,113766.55,11325671.08,37709.5195
2000/1/7 19:45,112595.85,11335513.83,37339.99283
2000/1/7 19:46,112342.75,11261578.75,37196.71617
2000/1/7 19:47,125505.6667,12658812.58,41719.613
2000/1/7 19:48,120822.5833,12209750.75,40446.48733
2000/1/7 19:49,128523.8167,12832931.67,44542.01933
2000/1/7 19:50,127096.3833,12676867.5,43615.80433
2000/1/7 19:51,121751.5667,12130585.33,41128.55083
2000/1/7 19:52,116260.65,11744535.58,39356.948
2000/1/7 19:53,158366.6333,16050482.33,51283.9045
2000/1/7 19:54,172129.8667,17478563.17,57977.87783
2000/1/7 19:55,170529.4,17406644.08,57560.41383
2000/1/7 19:56,171875.8833,17565695.92,57670.45233
2000/1/7 19:57,174098.25,17699832.67,59084.02233
2000/1/7 19:58,173183.7,17616524.33,58628.88433
2000/1/7 19:59,166687.8333,17034939.83,55414.03417
2000/1/7 20:00,169861.15,17310597.83,54609.4185
2000/1/7 20:01,148309.5667,15132546.67,51545.70317
2000/1/7 20:02,129328.3,13255993.5,45655.77117
2000/1/7 20:03,127113.6667,13052498.58,44885.53667
2000/1/7 20:04,124960.7333,12816737.58,44122.644
2000/1/7 20:05,127004.65,12883307.75,44358.15817
2000/1/7 20:06,126182.7333,12820971.92,44003.69917
2000/1/7 20:07,127003.2667,12893259.5,44496.652
2000/1/7 20:08,126960.0833,12898241.08,44598.95933
2000/1/7 20:09,141543.4,14314417.25,48896.1315
2000/1/7 20:10,144135.5333,14432110,50378.233
2000/1/7 20:11,149633.6333,14893922.17,51641.29183
2000/1/7 20:12,155296.25,15102648.5,55612.42033
2000/1/7 20:13,132334.4167,13100270.25,48120.18183
2000/1/7 20:14,122205.5333,12315222.42,43269.54733
2000/1/7 20:15,124191.2333,12803339.67,42129.95033
2000/1/7 20:16,171643.6333,17571024.75,57449.444
2000/1/7 20:17,106360.3667,11031489.25,38206.47817
2000/1/7 20:18,85989.46667,8978494,31930.3975
2000/1/7 20:19,84244,8787363.25,31066.01183
2000/1/7 20:20,85000.43333,8789614.75,31479.7865
2000/1/7 20:21,91066.6,9045773.333,33913.108
2000/1/7 20:22,93786.16667,9276221.667,35147.6845
2000/1/7 20:23,89274.46667,8934150.167,33238.55967
2000/1/7 20:24,87687.21667,8711423.083,32444.80383
2000/1/7 20:25,86781.15,8634065.75,31673.861
2000/1/7 20:26,84784.5,8394939.583,30294.03567
2000/1/7 20:27,98797.43333,9090840,38647.52733
2000/1/7 20:28,103864.3833,9688798.167,40076.5415
2000/1/7 20:29,40612.45,3821440.583,19003.14183
2000/1/7 20:30,39422.65,4023406.833,16226.07633
2000/1/7 20:31,34621.68333,3489560.667,14636.72983
2000/1/7 20:32,24844.25,2410815.083,11976.38883
2000/1/7 20:33,22942.65,2303146.667,10978.40767
2000/1/7 20:34,19792.1,2149811.083,10159.3995
2000/1/7 20:35,23082.73333,2285545.25,11843.714
2000/1/7 20:36,21205.88333,2161544,10809.0545
2000/1/7 20:37,19835.71667,2084798.583,10248.4625
2000/1/7 20:38,18644.85,2006583.583,9885.376167
2000/1/7 20:39,18646.88333,1970220.5,9804.8955
2000/1/7 20:40,24495,2352994.167,11646.661
2000/1/7 20:41,76908.63333,7432503,22303.477
2000/1/7 20:42,42657.81667,4221242.75,15934.62083
2000/1/7 20:43,24644.85,2475160.167,12082.2995
2000/1/7 20:44,21721.63333,2169925.5,11575.4845
2000/1/7 20:45,20314.23333,2143301.333,11098.7885
2000/1/7 20:46,26905.76667,2517688.25,12553.57083
2000/1/7 20:47,21993.73333,2222164.667,10983.6655
2000/1/7 20:48,18012.1,2016415.667,9765.662667
2000/1/7 20:49,17288.15,1979721.5,9424.0725
2000/1/7 20:50,15341.05,1859233.333,8363.543333
2000/1/7 20:51,16470.4,1980718.083,8686.1465
2000/1/7 20:52,29001.73333,3199698.083,12534.48317
2000/1/7 20:53,26559.33333,2851974.583,11753.473
2000/1/7 20:54,104449.7833,10652884.5,35050.1375
2000/1/7 20:55,104096.45,10626391.25,34563.72483
2000/1/7 20:56,101520.3833,10384517.83,33626.27517
2000/1/7 20:57,100092.7667,10259246.08,33099.98983
2000/1/7 20:58,99751.95,10238198.5,33056.6725
2000/1/7 20:59,98585.41667,10230475.08,32396.058
2000/1/7 21:00,124012.5333,12781023.17,40242.67333
2000/1/7 21:01,126222.55,12983596.5,40570.474
2000/1/7 21:02,100594.9833,10453769,32991.22317
2000/1/7 21:03,98005.86667,10161315,31893.67583
2000/1/7 21:04,100540.1167,10301944.92,32990.1775
2000/1/7 21:05,105398.0833,10780926.25,34561.5425
2000/1/7 21:06,101908.0833,10461945.67,33675.68117
2000/1/7 21:07,101516.0833,10369336.17,33373.18117
2000/1/7 21:08,99970.05,10237298.58,32601.18633
2000/1/7 21:09,99122,10245135.42,32627.83367
2000/1/7 21:10,105070.9833,10592999.58,34285.94417
2000/1/7 21:11,109848.35,10825185.67,35206.66667
2000/1/7 21:12,103574.8333,10513526.92,33841.93417
2000/1/7 21:13,98532.65,10209510.58,32425.20317
2000/1/7 21:14,98348.68333,10194007.83,32275.40117
2000/1/7 21:15,125147.2333,12858006.42,40678.14367
2000/1/7 21:16,129030.5,13219645.33,42098.57917
2000/1/7 21:17,117305.5333,12057289,38652.738
2000/1/7 21:18,103816.0667,10650141,34982.54967
2000/1/7 21:19,117263.0333,12004925,38821.90283
2000/1/7 21:20,118157.8667,12008628.75,39672.11733
2000/1/7 21:21,118897.2167,12022850,40184.253
2000/1/7 21:22,106140.5667,10711444.83,36507.91483
2000/1/7 21:23,106009.7167,10681716.58,36462.59933
2000/1/7 21:24,107637.5667,10777539.92,36700.586
2000/1/7 21:25,108261.4,10792052.08,36749.296
2000/1/7 21:26,106416.05,10712391,36354.51333
2000/1/7 21:27,106753.5167,10716076.25,36861.08967
2000/1/7 21:28,106355.9667,10732767.92,36653.86467
2000/1/7 21:29,106608.2833,10657890.92,36058.8935
2000/1/7 21:30,107666.1833,10748524.42,36008.14333
2000/1/7 21:31,106634.0333,10666274.75,35943.51
2000/1/7 21:32,104035.1667,10574880.17,35582.28967
2000/1/7 21:33,127261.8,12733979.5,40890.0315
2000/1/7 21:34,198805.4667,19786025.08,55603.50617
2000/1/7 21:35,180226.1833,17926655.83,51216.80517
2000/1/7 21:36,211698.1667,21012320.33,60669.119
2000/1/7 21:37,214172,21253468.08,61745.802
2000/1/7 21:38,124185.7,12343271.25,41033.45933
2000/1/7 21:39,110832.4333,11172649.67,36893.68367
2000/1/7 21:40,213279.1167,21363092,56948.58283
2000/1/7 21:41,216873.7,21712311.25,58470.88267
2000/1/7 21:42,216908.3167,21660438.08,58411.33167
2000/1/7 21:43,143415.7667,14483361.5,43402.318
2000/1/7 21:44,149832.7833,15198164.25,45368.47517
2000/1/7 21:45,158314.8167,15409735.58,51074.31767
2000/1/7 21:46,156221.6,15221432.33,50238.06917
2000/1/7 21:47,152989.9667,14925103.08,49473.41483
2000/1/7 21:48,155905.2167,15021133.17,50294.9215
2000/1/7 21:49,152256.6833,14804803.5,48750.70883
2000/1/7 21:50,149262.7333,14597699.5,47769.87833
2000/1/7 21:51,150081.9,14708994.83,47816.34217
2000/1/7 21:52,143868.7,13968118.17,46343.0645
2000/1/7 21:53,143620.15,13944418.42,48693.95833
2000/1/7 21:54,143315.2167,13858530.83,48022.095
2000/1/7 21:55,140059.2667,13604225.25,46150.38633
2000/1/7 21:56,87216.85,8545515.917,30439.741
2000/1/7 21:57,25939.58333,2305845.417,13166.382
2000/1/7 21:58,21377.73333,2066133.25,11463.55933
2000/1/7 21:59,19976.26667,2622096.417,11028.66
2000/1/7 22:00,22106.58333,2763862.833,11957.05917
2000/1/7 22:01,211025.9,21470967.08,68953.62933
2000/1/7 22:02,206491.5333,21183119.67,67359.166
2000/1/7 22:03,204002.05,21000950.75,66523.88983
2000/1/7 22:04,202998.7667,20928608.75,65956.30517
2000/1/7 22:05,204374.7333,20905580.08,65526.273
2000/1/7 22:06,202415.6333,20747339.58,64935.25867
2000/1/7 22:07,200775.0667,20559951.08,64499.7215
2000/1/7 22:08,198393.6833,20464881.33,63971.7405
2000/1/7 22:09,152124.4833,15667307.08,51145.80017
2000/1/7 22:10,25730.68333,2899253.75,13248.09633
2000/1/7 22:11,24730.08333,2761252.333,12062.10283
2000/1/7 22:12,21493.51667,2639054.167,11634.83483
2000/1/7 22:13,30303.2,3618100.833,14227.32767
2000/1/7 22:14,43009.05,4899958.083,17773.8995
2000/1/7 22:15,61830.6,5599571.167,20859.48783
2000/1/7 22:16,46102.16667,4052936.75,16644.32867
2000/1/7 22:17,42869.45,3701825.333,14748.04233
2000/1/7 22:18,41564.46667,3558954.75,14707.24333
2000/1/7 22:19,26175.91667,2724330.333,11677.1935
2000/1/7 22:20,16098.83333,1966711.833,8484.426333
2000/1/7 22:21,12767.43333,1641839.417,7149.8535
2000/1/7 22:22,12614.46667,1620335.5,7063.311167
2000/1/7 22:23,13570.85,1611218.417,7058.047167
2000/1/7 22:24,13351.61667,1587196.417,6883.782
2000/1/7 22:25,12309.11667,1489006.833,6295.073167
2000/1/7 22:26,11044.88333,1238545.917,5403.397
2000/1/7 22:27,8877.7,822156.5833,4149.710833
2000/1/7 22:28,6734.766667,674338.4167,3548.948833
2000/1/7 22:29,10906.78333,805718,4951.990167
2000/1/7 22:30,11197.85,781389.4167,4892.4305
2000/1/7 22:31,12299.28333,902038.6667,5312.079167
2000/1/7 22:32,11414.16667,845244.75,4808.389333
2000/1/7 22:33,11527.81667,849406.0833,4905.358167
2000/1/7 22:34,28663,1887932.583,16544.711
2000/1/7 22:35,27662.01667,1818723.5,16088.25917
2000/1/7 22:36,29092.8,1982130.833,16808.7635
2000/1/7 22:37,41073.4,2483715.417,24078.87233
2000/1/7 22:38,39792.01667,2451678.5,24043.85533
2000/1/7 22:39,38240,2341092.583,23435.67283
2000/1/7 22:40,38626.13333,2388792.083,23628.6535
2000/1/7 22:41,39372.31667,2465040.917,23913.0835
2000/1/7 22:42,27698.03333,1814251.667,16934.8545
2000/1/7 22:43,37392.63333,2438760.167,18949.85017
2000/1/7 22:44,35007.58333,2400089.167,18496.4775
2000/1/7 22:45,31020.66667,2042534.833,16236.03683
2000/1/7 22:46,30752.45,2017170.833,15546.0035
2000/1/7 22:47,24341.31667,1674795.083,14096.0445
2000/1/7 22:48,25562.26667,1784687.5,14799.33983
2000/1/7 22:49,24279.43333,1663614.167,14073.84633
2000/1/7 22:50,20679.95,1474889.833,11854.28817
2000/1/7 22:51,87636.76667,8195629.833,44575.38267
2000/1/7 22:52,94569.95,8847648.083,46698.81333
2000/1/7 22:53,84808.83333,8002490.25,41457.984
2000/1/7 22:54,170495.5667,16711445.67,66288.2625
2000/1/7 22:55,168218.6833,16593350.58,65275.24167
2000/1/7 22:56,167440.4333,16561501,64981.56017
2000/1/7 22:57,167196.3333,16571743.33,65113.85633
2000/1/7 22:58,166010.35,16507336,64781.12067
2000/1/7 22:59,102574.0833,10175572.58,33751.8585
2000/1/7 23:00,35281.46667,3422626.667,13550.23383
2000/1/7 23:01,15081.23333,1249385.333,7625.2045
2000/1/7 23:02,23216.1,1762794.583,10278.08867
2000/1/7 23:03,21217.25,1661591.083,9944.757833
2000/1/7 23:04,16603.98333,1413999.5,8671.235333
2000/1/7 23:05,16630.13333,1253910.167,7804.608167
2000/1/7 23:06,20801.91667,1575648.083,8775.758667
2000/1/7 23:07,21308.85,1581301.417,9085.2615
2000/1/7 23:08,13519.2,968354.1667,5768.982667
2000/1/7 23:09,10274.16667,812667.5,4874.273667
2000/1/7 23:10,11202.9,875174.8333,5085.797833
2000/1/7 23:11,17408.1,1165217.75,6495.531667
2000/1/7 23:12,12489.91667,947832.9167,5882.728
2000/1/7 23:13,11269.93333,910256.0833,5521.551833
2000/1/7 23:14,12393.05,1040640.833,6001.876667
2000/1/7 23:15,12348.01667,981097.6667,5775.354667
2000/1/7 23:16,38694.38333,2753552.833,21249.0515
2000/1/7 23:17,35880.41667,2519363.75,20012.0365
2000/1/7 23:18,32228.28333,2317077.833,17674.4115
2000/1/7 23:19,31704.45,2389894.917,17508.81867
2000/1/7 23:20,30856.86667,2218891.167,16036.854
2000/1/7 23:21,25394.45,1907071.167,11489.63783
2000/1/7 23:22,20815.78333,1493341.083,8040.2705
2000/1/7 23:23,14569.78333,806101,5357.566833
2000/1/7 23:24,11499.13333,671913.1667,5042.802
2000/1/7 23:25,13610.53333,938491.4167,5931.473333
2000/1/7 23:26,10683.03333,702088.3333,4927.785333
2000/1/7 23:27,9154.3,669328.75,4574.263333
2000/1/7 23:28,6573.066667,423654.25,3427.672167
2000/1/7 23:29,6414.766667,406016.8333,3353.926667
2000/1/7 23:30,7238.25,473082.3333,3746.044833
2000/1/7 23:31,13813.11667,1139940.583,6177.137667
2000/1/7 23:32,12778.9,1000631.917,5733.641167
2000/1/7 23:33,9177.6,530627.0833,3507.753667
2000/1/7 23:34,7743.25,407816.6667,2675.704167
2000/1/7 23:35,7836.8,430564,2794.015833
2000/1/7 23:36,7377.533333,406153.4167,2675.097
2000/1/7 23:37,4508.95,268001.1667,2164.933333
2000/1/7 23:38,5284.083333,329222.75,2674.030167
2000/1/7 23:39,4533.066667,278222.6667,2237.769
2000/1/7 23:40,10232.45,669873.25,3819.372333
2000/1/7 23:41,26112.88333,1372718.75,7890.973667
2000/1/7 23:42,17051.15,894926,5978.5245
2000/1/7 23:43,6125.616667,336996.1667,2308.468833
2000/1/7 23:44,10034.88333,484357,3041.3185
2000/1/7 23:45,6158,305688.3333,2342.408667
2000/1/7 23:46,5962.083333,301297.3333,2309.731167
2000/1/7 23:47,5172.083333,286687.5,1887.781333
2000/1/7 23:48,3537.066667,206466.75,1692.165333
2000/1/7 23:49,3122.716667,182587.0833,1523.075333
2000/1/7 23:50,3171.166667,186161.0833,1545.314333
2000/1/7 23:51,3439.583333,208382.25,1623.6205
2000/1/7 23:52,3653.066667,235068,1707.948
2000/1/7 23:53,3943.283333,236027.6667,1857.513
2000/1/7 23:54,6497.283333,483581.1667,3076.604667
2000/1/7 23:55,5814.016667,519829.3333,2754.2005
2000/1/7 23:56,5944.1,534735.5833,2709.103833
2000/1/7 23:57,5402.05,491938.0833,2630.450667
2000/1/7 23:58,4908.9,425425.6667,2484.614333
2000/1/7 23:59,49091.2,4869947.583,15709.623
2000/1/8 0:00,51397.11667,4965197.917,17350.31217
