date,a_instance_count,a_cpu_usage,a_mem_usage
2019/5/1 0:00,582935.8222,3509.799733,2732.961213
2019/5/1 0:03,582856.3,3475.201956,2715.364386
2019/5/1 0:06,582890.4889,3456.541733,2704.107211
2019/5/1 0:09,584416.2889,3666.533301,2724.32607
2019/5/1 0:12,585400.3222,3768.263038,2739.191041
2019/5/1 0:15,584219.4556,3984.573691,2796.274285
2019/5/1 0:18,583308.1,3976.124157,2793.216987
2019/5/1 0:21,582511.3889,4026.099173,2821.120943
2019/5/1 0:24,581748.5056,3994.718866,2805.391008
2019/5/1 0:27,581268.8278,3965.751911,2786.42625
2019/5/1 0:30,583768.7556,3880.668133,2758.063705
2019/5/1 0:33,584079.4111,3822.469233,2743.277973
2019/5/1 0:36,584506.0611,3733.451271,2739.443848
2019/5/1 0:39,584164.0889,3601.36678,2729.251921
2019/5/1 0:42,582650.9889,3504.390512,2708.745769
2019/5/1 0:45,582375.2556,3287.851695,2679.247949
2019/5/1 0:48,581492.8167,3226.826618,2657.509041
2019/5/1 0:51,583863.8389,3137.397152,2646.101171
2019/5/1 0:54,584772.8444,3076.835881,2640.199295
2019/5/1 0:57,587666.2056,3016.486247,2616.317279
2019/5/1 1:00,591112.2389,3244.578992,2704.634434
2019/5/1 1:03,594029.5833,3257.348097,2718.951729
2019/5/1 1:06,593044.7389,3277.901573,2752.869924
2019/5/1 1:09,592532.4389,3176.28813,2737.09971
2019/5/1 1:12,594799.5944,3141.720389,2738.761481
2019/5/1 1:15,596334.0667,3273.681891,2773.730813
2019/5/1 1:18,599140.4889,3259.826357,2774.471102
2019/5/1 1:21,599631.6278,3248.173602,2783.872765
2019/5/1 1:24,600706.8556,3276.580893,2792.91231
2019/5/1 1:27,600312.8389,3299.518032,2807.333174
2019/5/1 1:30,600263,3370.138591,2801.437822
2019/5/1 1:33,600589.3222,3385.449652,2794.327218
2019/5/1 1:36,598310.8778,3431.267678,2782.675749
2019/5/1 1:39,596031.4278,3476.522955,2788.135962
2019/5/1 1:42,595460.6222,3494.881082,2789.928118
2019/5/1 1:45,596120.5556,3596.150351,2817.87274
2019/5/1 1:48,596208.1611,3589.088376,2813.449074
2019/5/1 1:51,596253.4722,3577.523843,2798.070096
2019/5/1 1:54,596304.9667,3544.520632,2773.829134
2019/5/1 1:57,595875.3667,3531.226864,2768.998135
2019/5/1 2:00,596803.0278,3535.713935,2759.594386
2019/5/1 2:03,602191.7,3562.259674,2767.56953
2019/5/1 2:06,605851.6722,3623.008007,2793.216402
2019/5/1 2:09,610421.4056,3589.812818,2807.301455
2019/5/1 2:12,615313.9222,3565.949369,2810.84334
2019/5/1 2:15,617987.7167,3493.023524,2789.967757
2019/5/1 2:18,618448.9667,3489.377835,2783.804043
2019/5/1 2:21,617394.8889,3508.245484,2779.169498
2019/5/1 2:24,617640.6278,3440.221492,2740.555343
2019/5/1 2:27,612169.7611,3503.807063,2646.245598
2019/5/1 2:30,611009.4833,3918.723964,2893.22072
2019/5/1 2:33,605429.8833,3793.809411,2850.087987
2019/5/1 2:36,607355.3667,3562.654207,2768.214195
2019/5/1 2:39,616621.8333,3612.383674,2812.993754
2019/5/1 2:42,623558.6889,3646.134535,2849.113291
2019/5/1 2:45,624993.5833,3562.630274,2904.49003
2019/5/1 2:48,624070.0222,3676.520411,2946.769623
2019/5/1 2:51,621832.6889,3969.072676,3055.535409
2019/5/1 2:54,624542.8778,3961.274668,3036.790958
2019/5/1 2:57,626748.6222,4001.575142,3070.03014
2019/5/1 3:00,629862.75,4074.896533,3193.068838
2019/5/1 3:03,629353.3278,4058.163167,3185.469716
2019/5/1 3:06,627390.2278,4020.321489,3156.664443
2019/5/1 3:09,623667.7167,3804.687557,3089.367218
2019/5/1 3:12,624487.2389,3755.707409,3096.029589
2019/5/1 3:15,625481.9111,3803.748502,3065.269061
2019/5/1 3:18,626639.8944,3806.578165,3053.212843
2019/5/1 3:21,621897.0222,3765.995523,3022.491547
2019/5/1 3:24,613092.7278,3517.61371,2850.826027
2019/5/1 3:27,610152.8833,3438.855961,2803.2228
2019/5/1 3:30,610245.5778,3536.616556,2840.63322
2019/5/1 3:33,612452.3,3541.546295,2855.373368
2019/5/1 3:36,616632.3111,3626.374646,2942.73717
2019/5/1 3:39,621773.9056,3682.655807,3008.15615
2019/5/1 3:42,623790.3222,3728.578966,3059.705849
2019/5/1 3:45,626319.1444,3881.49461,3136.724662
2019/5/1 3:48,628020.3722,3853.973894,3135.835633
2019/5/1 3:51,628908.8444,3834.980865,3154.969503
2019/5/1 3:54,628112.9944,3802.556471,3162.561193
2019/5/1 3:57,626868.2611,3778.005242,3170.403571
2019/5/1 4:00,625440.3944,3607.514235,3146.076738
2019/5/1 4:03,623663.0722,3637.007171,3157.782833
2019/5/1 4:06,625697.3333,3759.431009,3207.889609
2019/5/1 4:09,623994.3778,3987.447996,3245.558374
2019/5/1 4:12,621590.9944,4101.393945,3270.431321
2019/5/1 4:15,620053.4833,3978.456842,3227.559772
2019/5/1 4:18,618240.9889,3960.72673,3210.500758
2019/5/1 4:21,619459.6667,3958.995624,3208.837278
2019/5/1 4:24,621432.2889,3958.984884,3176.34475
2019/5/1 4:27,623838.6333,3936.141348,3150.39051
2019/5/1 4:30,626652.1778,3930.42168,3196.915285
2019/5/1 4:33,623866.3611,3959.358248,3201.251625
2019/5/1 4:36,620310.4778,4036.744484,3224.479975
2019/5/1 4:39,620089.2167,4019.206757,3217.66593
2019/5/1 4:42,615653.8556,4011.285425,3219.778073
2019/5/1 4:45,610659,4090.705607,3181.847858
2019/5/1 4:48,605793.75,4064.321157,3140.330615
2019/5/1 4:51,599977.9944,4037.323627,3079.693228
2019/5/1 4:54,597810.4278,4011.242387,3058.840445
2019/5/1 4:57,592887.1056,3979.30403,3043.050924
2019/5/1 5:00,589848.9944,3949.868358,3022.493109
2019/5/1 5:03,585398.6389,3900.568072,2984.006985
2019/5/1 5:06,582290.3833,3845.134127,2948.646688
2019/5/1 5:09,580218.8667,3731.703961,2928.067872
2019/5/1 5:12,583590.5778,3644.576218,2902.140927
2019/5/1 5:15,586417.8444,3723.273253,2988.986265
2019/5/1 5:18,587624.9889,3736.999939,3005.159018
2019/5/1 5:21,586724.9111,3785.180772,3051.689286
2019/5/1 5:24,586855.1,3754.11623,3048.145252
2019/5/1 5:27,586503.6833,3731.505896,3043.17984
2019/5/1 5:30,585269.9222,3797.684269,3065.002979
2019/5/1 5:33,583395.5667,3771.30245,3039.108396
2019/5/1 5:36,582590.5056,3805.728957,3046.992378
2019/5/1 5:39,584031.4056,3796.538983,3036.213541
2019/5/1 5:42,584947.5389,3785.927429,3031.292836
2019/5/1 5:45,586389.0444,3837.964504,3053.803753
2019/5/1 5:48,587958.6889,3832.042912,3058.152717
2019/5/1 5:51,590781.8889,3867.224121,3092.232858
2019/5/1 5:54,591740.6889,3836.836162,3110.819035
2019/5/1 5:57,591361.1111,3813.965984,3116.417367
2019/5/1 6:00,589054.6722,3803.641428,3091.886457
2019/5/1 6:03,588603.6722,3751.215123,3078.686735
2019/5/1 6:06,589405.0556,3695.570211,3083.902959
2019/5/1 6:09,586875.8611,3701.407158,3082.420969
2019/5/1 6:12,585118.1333,3724.83927,3091.418228
2019/5/1 6:15,582760.4722,3728.293678,3088.816738
2019/5/1 6:18,581792.4333,3708.973412,3079.770972
2019/5/1 6:21,581014.4667,3699.981818,3083.717552
2019/5/1 6:24,581323.1056,3728.368117,3081.366911
2019/5/1 6:27,581999.1667,3746.533769,3083.030371
2019/5/1 6:30,582724.2111,3796.945875,3072.980023
2019/5/1 6:33,584481.8556,3754.188662,3065.721282
2019/5/1 6:36,582234.1556,3720.264161,3080.546039
2019/5/1 6:39,581483.4722,3735.651278,3078.905556
2019/5/1 6:42,580707.8444,3752.141691,3083.403883
2019/5/1 6:45,580488.0556,3761.738243,3086.558294
2019/5/1 6:48,580733.9056,3748.726539,3077.007337
2019/5/1 6:51,580728.25,3743.630435,3074.308873
2019/5/1 6:54,581452.7056,3751.022018,3068.721008
2019/5/1 6:57,582475.4444,3775.566815,3075.741464
2019/5/1 7:00,584212.0278,3865.045196,3072.270733
2019/5/1 7:03,585090.5333,3801.49436,3059.520687
2019/5/1 7:06,583752.4667,3724.005115,3059.045274
2019/5/1 7:09,578306.3833,3557.623495,3016.032216
2019/5/1 7:12,578854.1167,3441.919427,2963.916273
2019/5/1 7:15,580867.8611,3404.795808,2971.10814
2019/5/1 7:18,584004.3389,3419.148114,2973.560924
2019/5/1 7:21,587157.5889,3457.361409,2971.278202
2019/5/1 7:24,590365.6,3518.774005,2956.493392
2019/5/1 7:27,590149.1444,3548.91028,2959.730124
2019/5/1 7:30,591246.9222,3587.800878,2987.642429
2019/5/1 7:33,590020.6278,3572.951415,2991.530635
2019/5/1 7:36,589479.5278,3534.765385,3004.343204
2019/5/1 7:39,591587.6167,3598.910459,3008.773853
2019/5/1 7:42,592446.8111,3620.901924,3009.659577
2019/5/1 7:45,591490.4722,3671.784369,3046.462518
2019/5/1 7:48,589109.1278,3686.524527,3043.148763
2019/5/1 7:51,587352.0611,3744.980518,3055.189703
2019/5/1 7:54,588684.5944,3808.497194,3033.53519
2019/5/1 7:57,588840.8333,3833.245527,3017.685798
2019/5/1 8:00,587909.9889,3609.014927,2985.010928
2019/5/1 8:03,586011.1222,3592.629703,2976.506931
2019/5/1 8:06,584419.6167,3582.993223,2967.124273
2019/5/1 8:09,580831.0667,3567.670958,2926.366944
2019/5/1 8:12,583526.7222,3578.173134,2919.59011
2019/5/1 8:15,587417.8944,3428.98512,2929.178363
2019/5/1 8:18,589471.1056,3474.280134,2940.114814
2019/5/1 8:21,591310.9889,3568.764462,2973.025068
2019/5/1 8:24,591653.05,3620.562217,3005.710606
2019/5/1 8:27,592420.7667,3638.320142,3020.565903
2019/5/1 8:30,592000.0556,3659.428598,3040.113733
2019/5/1 8:33,591844.6944,3681.734386,3036.517603
2019/5/1 8:36,590059.7722,3758.03213,3048.80718
2019/5/1 8:39,588444.0833,3735.465388,3035.433774
2019/5/1 8:42,586244.7833,3728.358926,3031.597361
2019/5/1 8:45,585660.2667,3578.327987,3025.771737
2019/5/1 8:48,586768.8444,3592.869992,3013.519481
2019/5/1 8:51,588087.0944,3636.584546,3001.536926
2019/5/1 8:54,587873.5,3627.653683,2998.463094
2019/5/1 8:57,588611.6111,3637.980763,3002.576771
2019/5/1 9:00,588919.4722,3606.707195,3007.29188
2019/5/1 9:03,588871.5056,3602.133744,3000.00571
2019/5/1 9:06,590344.0222,3621.600705,3000.040677
2019/5/1 9:09,590794.4833,3700.429803,3011.036443
2019/5/1 9:12,592866.1167,3727.329199,3019.12214
2019/5/1 9:15,590765.2833,3550.967594,2980.42661
2019/5/1 9:18,590397.6056,3565.358731,2965.141781
2019/5/1 9:21,590399.4,3640.858111,2963.56018
2019/5/1 9:24,590140.2889,3651.011037,2961.50567
2019/5/1 9:27,589319.0167,3678.570024,2975.709438
2019/5/1 9:30,584007.1778,3730.174511,2994.619888
2019/5/1 9:33,585197.3389,3711.167368,2999.519723
2019/5/1 9:36,584194.1944,3680.000937,3007.063453
2019/5/1 9:39,584479.2833,3714.369178,3014.240459
2019/5/1 9:42,582792.1833,3728.373346,3020.816237
2019/5/1 9:45,580073.1833,3629.695299,3009.022373
2019/5/1 9:48,579321.9167,3593.134301,2994.145715
2019/5/1 9:51,577785.7889,3543.962459,2985.638537
2019/5/1 9:54,576981.3333,3518.704354,2953.950653
2019/5/1 9:57,578198.55,3512.830999,2945.381043
2019/5/1 10:00,580091.3389,3577.100091,2983.145529
2019/5/1 10:03,580506.1944,3539.163934,2981.013639
2019/5/1 10:06,578501.6111,3488.927884,2965.562523
2019/5/1 10:09,579798.5444,3600.05908,2983.747647
2019/5/1 10:12,583176.0889,3681.883928,3016.839007
2019/5/1 10:15,583807.7889,3764.327253,3035.051104
2019/5/1 10:18,584567.6333,3751.904406,3019.716362
2019/5/1 10:21,583670.7056,3774.976666,3014.083606
2019/5/1 10:24,584258.1778,3731.941316,3005.395343
2019/5/1 10:27,583501.8,3706.892337,3001.801769
2019/5/1 10:30,582407.3778,3783.480523,2998.70077
2019/5/1 10:33,581934.9667,3742.467583,3000.251167
2019/5/1 10:36,582074.7167,3696.212089,3027.241793
2019/5/1 10:39,581281.2556,3687.341157,3011.842435
2019/5/1 10:42,581993.4111,3676.782595,3005.283006
2019/5/1 10:45,582987.0611,3736.874165,3011.602078
2019/5/1 10:48,582550.6667,3740.91731,3003.665301
2019/5/1 10:51,583409.6667,3790.246106,3008.441943
2019/5/1 10:54,585699.1667,3738.005041,3025.113775
2019/5/1 10:57,589693.7278,3732.769989,3042.281095
2019/5/1 11:00,590333,3840.841841,3069.825031
2019/5/1 11:03,590906.4444,3817.626368,3067.379671
2019/5/1 11:06,590712.5778,3817.063445,3081.407039
2019/5/1 11:09,588548.1222,3763.50693,3067.059165
2019/5/1 11:12,585654.95,3716.600307,3058.524498
2019/5/1 11:15,583321.4222,3670.113346,3033.875485
2019/5/1 11:18,585538.3,3658.822338,3021.276967
2019/5/1 11:21,588378.1944,3692.663401,3018.038425
2019/5/1 11:24,590728.4944,3760.857771,3023.116416
2019/5/1 11:27,590169.7722,3792.620536,3029.95069
2019/5/1 11:30,590931.45,3628.641512,3030.982876
2019/5/1 11:33,591711.7389,3639.883059,3020.238181
2019/5/1 11:36,592158.2056,3685.299855,3022.615386
2019/5/1 11:39,589358.7722,3797.130666,3036.785679
2019/5/1 11:42,587332.9278,3846.279736,3044.934152
2019/5/1 11:45,586428.5889,3781.443144,3047.635687
2019/5/1 11:48,588760.7389,3772.194512,3042.493967
2019/5/1 11:51,587475.5333,3783.069805,3046.625125
2019/5/1 11:54,584821.2333,3820.731785,3029.070724
2019/5/1 11:57,584145.9444,3838.641577,3024.838926
2019/5/1 12:00,583024.2778,3849.561547,3018.70771
2019/5/1 12:03,582226.9667,3798.316533,3003.673578
2019/5/1 12:06,582395.7,3759.436002,3003.034588
2019/5/1 12:09,583323.65,3613.429622,2971.922959
2019/5/1 12:12,584761.0167,3540.940948,2964.649695
2019/5/1 12:15,587645.1167,3625.036832,2980.353898
2019/5/1 12:18,588519.5111,3573.473646,2966.768321
2019/5/1 12:21,589041.9278,3523.883297,2963.357293
2019/5/1 12:24,587930.2778,3589.976548,2982.516025
2019/5/1 12:27,588907.3111,3623.393507,2996.084235
2019/5/1 12:30,587452.1611,3879.425352,3055.356161
2019/5/1 12:33,585032.3722,3833.204941,3036.544101
2019/5/1 12:36,581591.0444,3755.409238,3016.533106
2019/5/1 12:39,581864.6,3669.904737,3001.557225
2019/5/1 12:42,581792.5444,3629.869203,2992.900631
2019/5/1 12:45,581936.1944,3606.433576,2991.896504
2019/5/1 12:48,584663.0889,3597.230276,2986.979699
2019/5/1 12:51,586537.0444,3611.071581,2995.338084
2019/5/1 12:54,584276.5333,3566.521447,2958.836066
2019/5/1 12:57,585038.8333,3545.551767,2938.40575
2019/5/1 13:00,584061.0667,3344.848249,2897.497376
2019/5/1 13:03,585636.5444,3365.124798,2891.03042
2019/5/1 13:06,582634.1389,3456.74499,2921.760654
2019/5/1 13:09,580826.3944,3461.207489,2907.139465
2019/5/1 13:12,580312.0556,3464.760479,2899.597859
2019/5/1 13:15,581697.35,3551.238537,2953.755727
2019/5/1 13:18,584872.7778,3568.681482,2954.019993
2019/5/1 13:21,586739.0944,3602.046969,2964.894258
2019/5/1 13:24,587504.8944,3618.839586,2973.606035
2019/5/1 13:27,589924.1,3643.471899,2985.765511
2019/5/1 13:30,589266.2167,3680.650138,3009.622562
2019/5/1 13:33,589621.3778,3708.616868,3000.851398
2019/5/1 13:36,591315,3790.895227,3014.078003
2019/5/1 13:39,591869.1667,3799.677272,3006.844316
2019/5/1 13:42,592188.0222,3804.657548,3012.714882
2019/5/1 13:45,589888.1778,3802.278572,3028.495187
2019/5/1 13:48,589957.7222,3783.227369,3031.622099
2019/5/1 13:51,591451.6222,3774.327127,3045.994573
2019/5/1 13:54,593528.5556,3751.734094,3018.122731
2019/5/1 13:57,592526.2611,3726.654855,2996.089686
2019/5/1 14:00,590532.4778,3651.284848,2972.504559
2019/5/1 14:03,592245.5389,3666.17154,2972.871648
2019/5/1 14:06,592232.1611,3703.482735,2985.493972
2019/5/1 14:09,594311.9222,3647.461268,2983.176233
2019/5/1 14:12,599450.4222,3655.11263,2997.730295
2019/5/1 14:15,600917.9444,3709.57795,3008.094031
2019/5/1 14:18,599854.3111,3697.298827,2998.713998
2019/5/1 14:21,594102.6167,3724.039685,3005.05078
2019/5/1 14:24,594645.3556,3695.087109,3004.702149
2019/5/1 14:27,595472.0889,3693.373807,3014.870636
2019/5/1 14:30,595086.1222,3695.250559,3037.413573
2019/5/1 14:33,596590.05,3720.732603,3055.888123
2019/5/1 14:36,596220.4556,3778.473358,3084.660708
2019/5/1 14:39,594060.5944,3703.700724,3056.443302
2019/5/1 14:42,593525.0389,3665.41026,3047.746423
2019/5/1 14:45,590917.0556,3556.110232,3011.616647
2019/5/1 14:48,588939.1833,3583.572583,3013.335036
2019/5/1 14:51,588151.5611,3655.512785,3023.45802
2019/5/1 14:54,586179.9278,3628.775225,2998.310807
2019/5/1 14:57,585245.05,3634.806493,2996.609892
2019/5/1 15:00,584614.9611,3551.055735,2994.162379
2019/5/1 15:03,586886.9556,3639.48745,3016.291414
2019/5/1 15:06,586421.0056,3792.089701,3057.296865
2019/5/1 15:09,584982.8222,3698.263309,3045.358637
2019/5/1 15:12,586956.7389,3656.679993,3042.195096
2019/5/1 15:15,587890.2389,3643.178054,3034.310478
2019/5/1 15:18,588182.0389,3632.905939,3036.366037
2019/5/1 15:21,587150.9556,3664.787679,3059.946712
2019/5/1 15:24,586849.0611,3710.561786,3035.253934
2019/5/1 15:27,589749.8333,3735.744693,3030.297125
2019/5/1 15:30,591261.1278,3881.299532,3073.405891
2019/5/1 15:33,591973.0056,3842.441379,3068.666591
2019/5/1 15:36,592075.75,3796.002176,3075.854011
2019/5/1 15:39,590854.4889,3708.798423,3024.676491
2019/5/1 15:42,591092.1444,3661.827188,3004.098389
2019/5/1 15:45,591000,3647.929415,3034.71645
2019/5/1 15:48,590560.1556,3622.709413,3023.820665
2019/5/1 15:51,588778.7778,3607.006363,3016.3281
2019/5/1 15:54,587156.85,3587.494339,3004.392959
2019/5/1 15:57,587280.7944,3592.935162,3009.561739
2019/5/1 16:00,589817.2222,3738.264608,3034.010356
2019/5/1 16:03,592735.1111,3749.245463,3041.668549
2019/5/1 16:06,594621.8944,3785.412985,3062.729433
2019/5/1 16:09,596137.0611,3830.545864,3071.122057
2019/5/1 16:12,595849.1944,3872.74443,3079.661924
2019/5/1 16:15,591797.0889,3879.434282,3070.42726
2019/5/1 16:18,589613.05,3848.959536,3051.836625
2019/5/1 16:21,587851.1556,3835.058179,3048.305167
2019/5/1 16:24,586352.0944,3758.657838,3027.111767
2019/5/1 16:27,586898.8444,3723.342854,3023.632731
2019/5/1 16:30,586524.2889,3876.156244,3032.101726
2019/5/1 16:33,588392.4611,3842.413024,3023.418423
2019/5/1 16:36,588365.0278,3790.728551,3023.389624
2019/5/1 16:39,591324.6278,3764.875623,2994.226651
2019/5/1 16:42,593455.3222,3760.984574,2995.186298
2019/5/1 16:45,593197.45,3755.881016,3008.786969
2019/5/1 16:48,594467.25,3743.81035,2976.998571
2019/5/1 16:51,595958.6389,3803.572447,2960.567267
2019/5/1 16:54,595016.9611,3803.244527,2975.716656
2019/5/1 16:57,597415.1167,3828.026204,3001.990742
2019/5/1 17:00,597951.3778,3888.529159,3062.843831
2019/5/1 17:03,597832.0056,3865.286932,3062.618075
2019/5/1 17:06,596049.45,3837.584729,3067.865135
2019/5/1 17:09,591973.2167,3827.875282,3039.757181
2019/5/1 17:12,593036.6167,3836.803393,3040.494408
2019/5/1 17:15,591584.15,3872.615013,3039.305369
2019/5/1 17:18,590398.7167,3804.323756,3003.659003
2019/5/1 17:21,590040.7167,3753.789007,2984.938914
2019/5/1 17:24,589937.2222,3721.947226,2988.044788
2019/5/1 17:27,591681.0778,3727.135893,3005.039334
2019/5/1 17:30,593980.6889,3877.456472,3052.515772
2019/5/1 17:33,595080.1833,3854.928848,3038.470082
2019/5/1 17:36,595705.4611,3839.078661,3028.545815
2019/5/1 17:39,595837.1778,3826.144824,3021.244169
2019/5/1 17:42,595450.3111,3798.723366,3010.223492
2019/5/1 17:45,592712.6833,3812.002425,2953.306554
2019/5/1 17:48,595026.4278,3815.997224,2952.106087
2019/5/1 17:51,591176.1944,3867.41323,2699.826647
2019/5/1 17:54,606070.3833,4010.192213,2572.494634
2019/5/1 17:57,620183.4167,4143.998159,2642.474453
2019/5/1 18:00,616283.4444,4119.875607,2655.362725
2019/5/1 18:03,622151.8389,4122.163021,2650.652255
2019/5/1 18:06,631553.9111,4283.473108,2721.723216
2019/5/1 18:09,635799.2056,4360.135422,2775.525236
2019/5/1 18:12,635536.7278,4389.371517,2806.559996
2019/5/1 18:15,632332.6333,4424.56715,2844.962548
2019/5/1 18:18,629155.9389,4375.783037,2831.276312
2019/5/1 18:21,618387.8722,4300.218072,2799.251309
2019/5/1 18:24,604341.7278,4212.331992,2771.987762
2019/5/1 18:27,602437.5556,4170.388316,2755.693711
2019/5/1 18:30,603033.8333,4251.011697,2820.508647
2019/5/1 18:33,605111.1,4203.118087,2808.123375
2019/5/1 18:36,606870.1889,4191.143438,2843.6912
2019/5/1 18:39,608970.0111,4199.278689,2867.748537
2019/5/1 18:42,610077.5667,4217.295407,2876.559711
2019/5/1 18:45,609002.3389,4261.334828,2893.438109
2019/5/1 18:48,601896.6556,4200.857042,2894.687412
2019/5/1 18:51,599621.5278,4230.23036,2937.015216
2019/5/1 18:54,599263.4667,4198.346567,2959.033888
2019/5/1 18:57,599531.5889,4154.598224,2945.367726
2019/5/1 19:00,602225.5222,4178.05492,2968.319739
2019/5/1 19:03,604969.9667,4146.78585,2958.793801
2019/5/1 19:06,604398.6944,4133.625834,2959.293609
2019/5/1 19:09,603627.2111,4105.437095,2949.75555
2019/5/1 19:12,605638.5722,4074.429935,2932.836784
2019/5/1 19:15,603388.2222,4108.148779,2955.130652
2019/5/1 19:18,601427.5,4115.72257,2955.305551
2019/5/1 19:21,602109.7333,4150.492976,2968.911284
2019/5/1 19:24,603665.1167,4200.44889,2991.374333
2019/5/1 19:27,606595.0611,4231.187521,3006.809375
2019/5/1 19:30,608800.45,4190.983504,3022.999054
2019/5/1 19:33,611815.0833,4160.962352,3006.11917
2019/5/1 19:36,612861.7222,4176.153769,3017.050498
2019/5/1 19:39,611795.1444,4139.973313,3000.134221
2019/5/1 19:42,610762.3056,4073.313719,2933.003929
2019/5/1 19:45,606041.0167,4180.397816,2982.172915
2019/5/1 19:48,604446.2444,4168.614826,2972.485714
2019/5/1 19:51,602678.7833,4227.260965,2991.646425
2019/5/1 19:54,601750.7667,4212.649782,2997.392565
2019/5/1 19:57,600713.9722,4201.702955,3003.220758
2019/5/1 20:00,598128.05,4221.03205,2990.212113
2019/5/1 20:03,598602.6667,4164.230801,2978.27127
2019/5/1 20:06,598889.6556,4137.19084,3011.79005
2019/5/1 20:09,599814.0833,4051.093205,3007.878435
2019/5/1 20:12,599858.6722,4014.631367,3009.054
2019/5/1 20:15,599291.7278,4029.854775,3008.070854
2019/5/1 20:18,599900.6611,4066.799429,3007.260739
2019/5/1 20:21,600743.0722,4162.483139,3022.655615
2019/5/1 20:24,600737.4111,4168.902757,3032.638053
2019/5/1 20:27,600092.7778,4168.296605,3036.160235
2019/5/1 20:30,598999.1722,3849.633281,2992.118177
2019/5/1 20:33,598821.2944,3675.859055,2955.559653
2019/5/1 20:36,599772.2889,3428.786585,2941.831899
2019/5/1 20:39,601982.9056,3180.266075,2917.197899
2019/5/1 20:42,603197.8667,3072.667905,2920.159177
2019/5/1 20:45,604349.6667,3046.22784,2906.538955
2019/5/1 20:48,606137.4278,3051.552895,2912.203391
2019/5/1 20:51,607611.3556,3115.099601,2944.001814
2019/5/1 20:54,608906.2222,3077.582206,2914.278731
2019/5/1 20:57,609424.1111,3086.070556,2909.006935
2019/5/1 21:00,611107.8833,3132.877948,2889.945718
2019/5/1 21:03,615952.6056,3151.741765,2922.385403
2019/5/1 21:06,621356.1056,3228.724911,3000.707607
2019/5/1 21:09,625912.6111,3164.644812,3003.799003
2019/5/1 21:12,630722.7944,3139.571384,3024.360696
2019/5/1 21:15,635823.9056,3266.19387,3071.181777
2019/5/1 21:18,638345.0889,3306.293402,3076.729781
2019/5/1 21:21,639048.2556,3432.732163,3101.456924
2019/5/1 21:24,638449.3222,3464.842091,3116.610992
2019/5/1 21:27,637962.6778,3498.086734,3144.101639
2019/5/1 21:30,639062.15,3414.881481,3113.631556
2019/5/1 21:33,641826.6722,3418.720169,3109.867912
2019/5/1 21:36,645686.65,3488.329988,3132.83039
2019/5/1 21:39,647604.0056,3590.025884,3129.220866
2019/5/1 21:42,647636.0056,3657.082735,3148.557729
2019/5/1 21:45,619646.9833,3806.570716,2928.28109
2019/5/1 21:48,614581.8333,3963.239681,2985.197652
2019/5/1 21:51,630078.8,4420.268014,3218.129177
2019/5/1 21:54,636325.7667,4465.685937,3270.603073
2019/5/1 21:57,640210.7667,4638.669592,3309.976148
2019/5/1 22:00,644895.5222,4592.620022,3246.762327
2019/5/1 22:03,646411.3,4414.174761,3173.070975
2019/5/1 22:06,650274.1111,4106.04426,3111.189031
2019/5/1 22:09,653282.7889,4161.513701,3196.620083
2019/5/1 22:12,656334.0611,4198.568946,3208.484116
2019/5/1 22:15,656757.0944,4348.300599,3236.034539
2019/5/1 22:18,657073.4611,4342.106644,3237.772656
2019/5/1 22:21,658161.3611,4404.5383,3273.063748
2019/5/1 22:24,659355.6611,4331.037318,3259.242066
2019/5/1 22:27,659858.1611,4337.977605,3282.669123
2019/5/1 22:30,660525.55,4380.044737,3277.216172
2019/5/1 22:33,661669.6111,4329.002206,3249.498632
2019/5/1 22:36,662480.2,4254.287274,3198.163882
2019/5/1 22:39,664105.8667,4104.970703,3151.745026
2019/5/1 22:42,668809.5722,4075.584472,3172.260728
2019/5/1 22:45,669531.2889,4296.173673,3209.635036
2019/5/1 22:48,673801.4222,3957.971514,3020.649151
2019/5/1 22:51,688563.3833,3510.201136,2749.973146
2019/5/1 22:54,704253.6222,3429.273389,2865.920353
2019/5/1 22:57,706238.1444,3393.26399,2938.327591
2019/5/1 23:00,704889.8444,4484.944719,3459.442228
2019/5/1 23:03,694123.25,4482.746217,3386.915476
2019/5/1 23:06,686870.2556,4567.042926,3346.143586
2019/5/1 23:09,684894.7222,3808.011354,2950.407169
2019/5/1 23:12,688632.9944,3383.979397,2737.691801
2019/5/1 23:15,688552.75,3293.169234,2899.246632
2019/5/1 23:18,685372.0722,3653.778898,3045.238656
2019/5/1 23:21,683087.5056,4420.73139,3375.135331
2019/5/1 23:24,679958.5889,4356.376155,3295.082581
2019/5/1 23:27,679058.3722,4374.577751,3277.407209
2019/5/1 23:30,677184.1333,4166.619028,3154.211907
2019/5/1 23:33,674705.1833,4243.715814,3185.593085
2019/5/1 23:36,671276.2444,4452.305488,3280.322525
2019/5/1 23:39,668605.0556,4479.878955,3280.641698
2019/5/1 23:42,667286.6611,4499.919568,3298.95331
2019/5/1 23:45,667670.3278,4453.100813,3291.037881
2019/5/1 23:48,668054.7944,4476.356167,3292.223491
2019/5/1 23:51,667326.1611,4586.032083,3307.997734
2019/5/1 23:54,663470.3333,4457.873213,3217.429459
2019/5/1 23:57,659103.6556,4357.734675,3141.467168
2019/5/2 0:00,659012.4222,4284.041153,3113.860412
2019/5/2 0:03,656669.9778,4285.166077,3142.955497
2019/5/2 0:06,656432.8,4479.387525,3267.269332
2019/5/2 0:09,657533.9722,4487.859778,3261.049601
2019/5/2 0:12,657971.2222,4518.063888,3280.164093
2019/5/2 0:15,658210.1,4408.330385,3236.521351
2019/5/2 0:18,659026.0333,4368.800519,3226.522572
2019/5/2 0:21,658470.5444,4362.7904,3230.841861
2019/5/2 0:24,658262.4667,4358.799657,3206.728561
2019/5/2 0:27,658692.3778,4398.988427,3217.593752
2019/5/2 0:30,658739.7056,4387.863795,3215.721158
2019/5/2 0:33,658226.0056,4323.088345,3224.448613
2019/5/2 0:36,661095.8944,4398.743779,3297.907892
2019/5/2 0:39,661215.4611,4185.004417,3210.32364
2019/5/2 0:42,662066.4111,4118.898479,3185.642233
2019/5/2 0:45,667163.1278,4204.133862,3176.936456
2019/5/2 0:48,663611.8444,4296.504783,3226.356808
2019/5/2 0:51,660800.8778,4563.9803,3348.429864
2019/5/2 0:54,659445.4222,4453.414604,3295.555661
2019/5/2 0:57,659320.85,4426.907617,3292.401557
2019/5/2 1:00,659128.1722,4363.057453,3209.699347
2019/5/2 1:03,668265.9778,4463.114712,3255.231359
2019/5/2 1:06,666588.1389,4654.941656,3330.225901
2019/5/2 1:09,663710.0667,4549.951563,3262.829707
2019/5/2 1:12,659613.5944,4450.10689,3224.955036
2019/5/2 1:15,656998.5444,4312.756628,3265.183575
2019/5/2 1:18,656295.8889,4294.772551,3274.305976
2019/5/2 1:21,656521.0889,4408.280942,3357.929814
2019/5/2 1:24,655354.4167,4434.484752,3351.331045
2019/5/2 1:27,654388.5278,4450.525016,3359.28536
2019/5/2 1:30,651428.1278,4504.212833,3336.884578
2019/5/2 1:33,648838.0222,4394.881013,3273.201901
2019/5/2 1:36,650163.1556,4439.234658,3307.417351
2019/5/2 1:39,652806.7889,4456.575273,3337.197442
2019/5/2 1:42,656407.2444,4487.084009,3370.876802
2019/5/2 1:45,660059.9611,4628.823584,3351.761316
2019/5/2 1:48,660648.3778,4557.009138,3321.366194
2019/5/2 1:51,668012.6667,4476.31527,3311.811424
2019/5/2 1:54,671390.8222,4493.072779,3287.483172
2019/5/2 1:57,671810.85,4572.842216,3285.025395
2019/5/2 2:00,672222.2111,4504.729456,3215.07469
2019/5/2 2:03,673095.0389,4550.699194,3259.383697
2019/5/2 2:06,672057.3889,4684.098025,3374.789071
2019/5/2 2:09,670602.8889,4652.8107,3431.717385
2019/5/2 2:12,670541.3389,4652.676394,3467.900625
2019/5/2 2:15,670580.5111,4690.953036,3512.392994
2019/5/2 2:18,672125.5944,4645.191771,3492.776876
2019/5/2 2:21,674214.0556,4665.240596,3500.894737
2019/5/2 2:24,678209.8889,4616.265326,3464.677669
2019/5/2 2:27,680239.0389,4613.582854,3466.97621
2019/5/2 2:30,680195.3611,4649.569522,3447.436392
2019/5/2 2:33,682176.7333,4572.171277,3422.589505
2019/5/2 2:36,682901.0278,4474.714721,3395.634166
2019/5/2 2:39,681426.6278,4389.742358,3364.990205
2019/5/2 2:42,679913.2222,4356.988494,3367.854222
2019/5/2 2:45,678064.95,4409.658349,3390.748882
2019/5/2 2:48,677908.5778,4451.660408,3397.270618
2019/5/2 2:51,675286.2333,4582.986468,3435.955223
2019/5/2 2:54,673246,4563.253673,3419.929183
2019/5/2 2:57,672953.0333,4603.171006,3439.244604
2019/5/2 3:00,672708.3333,4144.582582,3396.904795
2019/5/2 3:03,672849.9278,4041.963199,3336.185031
2019/5/2 3:06,674627.0556,3963.867933,3279.49125
2019/5/2 3:09,677778.85,4221.991807,3301.274164
2019/5/2 3:12,680540.7389,4380.010934,3332.698948
2019/5/2 3:15,678947.8389,4542.552732,3397.279796
2019/5/2 3:18,677661.9444,4476.105483,3361.127501
2019/5/2 3:21,675372.8444,4485.27178,3355.610503
2019/5/2 3:24,675773.9833,4221.110326,3341.919178
2019/5/2 3:27,675143.9833,4106.417575,3363.934349
2019/5/2 3:30,672093.2222,4259.311998,3388.668202
2019/5/2 3:33,672283.2889,4283.825973,3351.319018
2019/5/2 3:36,674519.05,4419.917608,3323.022245
2019/5/2 3:39,675390.2278,4401.31454,3289.062803
2019/5/2 3:42,675685.1444,4412.222671,3302.329359
2019/5/2 3:45,673453.1556,4573.112815,3436.861305
2019/5/2 3:48,672294.9222,4540.157394,3412.112528
2019/5/2 3:51,672613.4389,4585.1284,3413.296799
2019/5/2 3:54,671743.7,4571.819106,3353.217313
2019/5/2 3:57,672024.3222,4580.934193,3346.924441
2019/5/2 4:00,672472.9389,4662.956532,3398.598915
2019/5/2 4:03,672812.9778,4691.092141,3408.616496
2019/5/2 4:06,671235.8944,4857.951051,3466.782077
2019/5/2 4:09,671645.6611,4843.600898,3432.027994
2019/5/2 4:12,673170.9722,4845.123472,3427.821564
2019/5/2 4:15,673213.6667,4805.60528,3391.298166
2019/5/2 4:18,673746.2778,4736.246878,3370.972127
2019/5/2 4:21,675250.6389,4797.758807,3406.412324
2019/5/2 4:24,678085.9889,4726.212064,3349.868163
2019/5/2 4:27,679033.1056,4739.910083,3339.592425
2019/5/2 4:30,676848.4,4716.342889,3303.254552
2019/5/2 4:33,675294.6222,4709.493534,3326.642866
2019/5/2 4:36,672565.9278,4795.690722,3413.270891
2019/5/2 4:39,671736.7667,4797.658263,3420.596147
2019/5/2 4:42,669501.3556,4785.333953,3425.708767
2019/5/2 4:45,667242.1611,4750.297036,3415.972845
2019/5/2 4:48,667866.3111,4707.708485,3386.307127
2019/5/2 4:51,667929.5333,4720.563113,3380.305631
2019/5/2 4:54,661515.4167,4790.609399,3386.050531
2019/5/2 4:57,654357.0556,4707.725193,3317.531957
2019/5/2 5:00,649851.2611,4648.581046,3304.582158
2019/5/2 5:03,648942.8389,4585.084948,3284.425545
2019/5/2 5:06,649345.2833,4626.03126,3331.676849
2019/5/2 5:09,649337.6556,4596.780085,3293.618886
2019/5/2 5:12,650163.4333,4591.654056,3285.987349
2019/5/2 5:15,647904.75,4639.539631,3239.102653
2019/5/2 5:18,646474.1944,4509.285429,3144.291093
2019/5/2 5:21,648369.8056,4556.362648,3152.729825
2019/5/2 5:24,652694.6667,4576.439166,3171.697412
2019/5/2 5:27,656000.2722,4626.196721,3218.492986
2019/5/2 5:30,655441.5611,4783.328391,3294.829546
2019/5/2 5:33,658012.0722,4734.61318,3281.279571
2019/5/2 5:36,658904.8833,4691.608556,3287.947429
2019/5/2 5:39,659844.9556,4654.49595,3250.845744
2019/5/2 5:42,662005.0833,4659.064585,3242.267929
2019/5/2 5:45,663033.8611,4674.657611,3355.885663
2019/5/2 5:48,659728.7389,4631.027601,3308.637724
2019/5/2 5:51,657868.0556,4621.379965,3273.132604
2019/5/2 5:54,657294.1056,4615.535879,3326.052302
2019/5/2 5:57,657243.0389,4636.677131,3370.54775
2019/5/2 6:00,658728.7611,4632.589972,3327.460988
2019/5/2 6:03,658486.7778,4585.12046,3303.173114
2019/5/2 6:06,658953.0667,4549.186731,3288.981342
2019/5/2 6:09,661023.8722,4546.849842,3281.528779
2019/5/2 6:12,662275.2889,4552.589969,3293.385361
2019/5/2 6:15,663776.6056,4719.05351,3363.311681
2019/5/2 6:18,662009.6,4670.194034,3339.467969
2019/5/2 6:21,662459.3833,4598.236822,3307.051449
2019/5/2 6:24,663086.4278,4563.283094,3294.320068
2019/5/2 6:27,663297.9833,4550.302633,3289.788915
2019/5/2 6:30,663613.1667,4513.01024,3283.283143
2019/5/2 6:33,663942.65,4535.619359,3290.157255
2019/5/2 6:36,663002.3833,4632.234409,3335.939016
2019/5/2 6:39,663740.0111,4603.317931,3343.023551
2019/5/2 6:42,665191.7056,4611.861884,3356.736075
2019/5/2 6:45,665438.3778,4568.490537,3320.349203
2019/5/2 6:48,665435.2722,4572.060525,3278.792052
2019/5/2 6:51,665136.0833,4617.800881,3221.926954
2019/5/2 6:54,668984.6167,4670.702569,3249.159165
2019/5/2 6:57,672363.6833,4718.378859,3271.423019
2019/5/2 7:00,673030.1389,4630.673911,3292.866096
2019/5/2 7:03,672941.6611,4561.45048,3274.158049
2019/5/2 7:06,673306.8167,4475.664493,3266.029084
2019/5/2 7:09,671655.7222,4361.14598,3247.027495
2019/5/2 7:12,672807.6444,4316.427768,3250.246803
2019/5/2 7:15,674522.4444,4250.397049,3235.531028
2019/5/2 7:18,675341,4231.744698,3229.481333
2019/5/2 7:21,675882.6722,4268.298278,3231.833246
2019/5/2 7:24,677382.2167,4378.366692,3252.147374
2019/5/2 7:27,675737.8389,4460.444752,3277.144839
2019/5/2 7:30,672162.3444,4651.354007,3296.304577
2019/5/2 7:33,668614.2667,4661.597749,3272.940476
2019/5/2 7:36,669570.7833,4797.808068,3317.439113
2019/5/2 7:39,669384,4831.682567,3336.106371
2019/5/2 7:42,665509.6611,4853.053808,3344.092077
2019/5/2 7:45,657080.5389,4527.976933,3181.232688
2019/5/2 7:48,654589.4167,4190.35899,2993.705705
2019/5/2 7:51,658745.7222,4172.842793,3020.386629
2019/5/2 7:54,665141.7222,4218.921109,3029.289594
2019/5/2 7:57,667021.6667,4260.758853,3039.211829
2019/5/2 8:00,670340.7278,4363.603506,3044.914118
2019/5/2 8:03,672490.9833,4328.53286,3028.6571
2019/5/2 8:06,673468.8167,4294.278889,3006.684406
2019/5/2 8:09,670427.0278,4186.538491,2953.199568
2019/5/2 8:12,667363.9778,4046.00287,2852.418823
2019/5/2 8:15,667356.45,4061.855648,2831.117466
2019/5/2 8:18,668048.5444,4050.076183,2808.647237
2019/5/2 8:21,669967.8944,4177.190217,2828.102987
2019/5/2 8:24,671596.9778,4148.162594,2817.654447
2019/5/2 8:27,674495.6444,4115.970155,2800.897843
2019/5/2 8:30,675214.2389,4043.305946,2807.856322
2019/5/2 8:33,677668.3556,4035.889308,2800.475882
2019/5/2 8:36,680812.1389,4103.418636,2820.246073
2019/5/2 8:39,684140.9833,4108.807721,2814.487088
2019/5/2 8:42,687478.6889,4106.783122,2816.913808
2019/5/2 8:45,691117.8778,4129.364222,2841.559773
2019/5/2 8:48,693588.6833,4155.618307,2849.7346
2019/5/2 8:51,696134.0778,4214.060108,2872.239192
2019/5/2 8:54,697179.0167,4214.407689,2873.525963
2019/5/2 8:57,697312.65,4216.520567,2879.635909
2019/5/2 9:00,698657.4944,4161.275905,2860.592907
2019/5/2 9:03,698587.3444,4150.297902,2871.780188
2019/5/2 9:06,699589.8167,4138.904257,2885.965161
2019/5/2 9:09,703513.9944,4138.754974,2856.952486
2019/5/2 9:12,706638.6778,4187.014162,2868.473208
2019/5/2 9:15,707587.5833,4282.226057,2894.561466
2019/5/2 9:18,710763.5278,4304.648443,2904.292886
2019/5/2 9:21,713754.8167,4373.280188,2932.989011
2019/5/2 9:24,713938.4833,4349.534588,2910.919374
2019/5/2 9:27,714591.4167,4313.855333,2896.044491
2019/5/2 9:30,714450.4944,4320.898758,2945.738896
2019/5/2 9:33,715820.5111,4285.178567,2942.286843
2019/5/2 9:36,716421.3833,4226.110939,2943.96181
2019/5/2 9:39,717516.0778,4269.417901,2957.998268
2019/5/2 9:42,716426.0722,4305.279802,2972.535441
2019/5/2 9:45,715033.3333,4259.343391,2988.227261
2019/5/2 9:48,715880.7778,4269.268414,2986.534652
2019/5/2 9:51,714038.6167,4383.789937,3018.922512
2019/5/2 9:54,713000.0778,4319.300357,2999.661824
2019/5/2 9:57,709262.3389,4286.482154,2967.555077
2019/5/2 10:00,710670.4,4219.606664,2969.764034
2019/5/2 10:03,711960.9722,4229.406022,2969.592225
2019/5/2 10:06,713778.2278,4308.433003,2996.720604
2019/5/2 10:09,715960.1389,4242.032464,2987.495267
2019/5/2 10:12,717352.4667,4250.442864,3017.493909
2019/5/2 10:15,716828.8833,4273.820214,3044.870031
2019/5/2 10:18,717874.8222,4208.423651,3021.386986
2019/5/2 10:21,719726.3833,4163.132505,3017.899763
2019/5/2 10:24,719849.1222,4187.278836,3024.055745
2019/5/2 10:27,719184.7167,4212.923312,3036.736777
2019/5/2 10:30,718811.2333,4319.980775,3069.825892
2019/5/2 10:33,720526.1833,4371.121418,3066.500881
2019/5/2 10:36,723813.55,4458.50159,3044.570596
2019/5/2 10:39,725636.9389,4087.778176,2894.553959
2019/5/2 10:42,729615.85,3891.782646,2811.771791
2019/5/2 10:45,733318.8111,3776.088207,2747.061342
2019/5/2 10:48,739002.9222,4012.800381,2900.053232
2019/5/2 10:51,738540.3278,4496.992198,3164.412362
2019/5/2 10:54,736903.4611,4789.765433,3206.422892
2019/5/2 10:57,731611.1111,4900.898653,3221.167968
2019/5/2 11:00,728442.6389,4863.718923,3125.240245
2019/5/2 11:03,728914.6889,4767.92773,3100.448087
2019/5/2 11:06,730738.9667,4733.560604,3133.150003
2019/5/2 11:09,729972.2222,4665.442924,3118.839939
2019/5/2 11:12,727048.6111,4604.190901,3096.383295
2019/5/2 11:15,726834.9111,4431.787539,3059.180299
2019/5/2 11:18,725536.8167,4482.947865,3067.39071
2019/5/2 11:21,725590.9278,4596.91581,3096.040345
2019/5/2 11:24,724231.9833,4647.666855,3088.959067
2019/5/2 11:27,719439.9056,4620.520748,3080.813934
2019/5/2 11:30,714417.0778,4510.68613,3040.056914
2019/5/2 11:33,714234.3889,4413.528268,3014.320774
2019/5/2 11:36,714329.6611,4500.564387,3101.112094
2019/5/2 11:39,716195.2111,4504.052842,3102.944296
2019/5/2 11:42,716011.4944,4519.984952,3120.229389
2019/5/2 11:45,714780.0444,4492.057884,3128.484996
2019/5/2 11:48,715743.6611,4437.251215,3123.628671
2019/5/2 11:51,716114.2333,4374.276745,3137.280456
2019/5/2 11:54,717253,4252.537932,3082.575602
2019/5/2 11:57,720794.2889,4222.239556,3065.778368
2019/5/2 12:00,720549.3556,4320.280807,3077.855794
2019/5/2 12:03,722160.4944,4320.910708,3097.144717
2019/5/2 12:06,723181.7278,4349.77189,3128.137035
2019/5/2 12:09,726191.8389,4373.706811,3095.571522
2019/5/2 12:12,727423.4333,4393.347373,3094.081325
2019/5/2 12:15,728363.3611,4510.151445,3152.345213
2019/5/2 12:18,727550.5167,4496.135016,3157.535925
2019/5/2 12:21,727133.0611,4502.165631,3175.003632
2019/5/2 12:24,727385.5167,4429.9463,3137.520872
2019/5/2 12:27,727973.2778,4410.122857,3135.780784
2019/5/2 12:30,725799.3944,4441.143443,3153.676103
2019/5/2 12:33,723396.3556,4391.508671,3122.929538
2019/5/2 12:36,720087.0056,4384.287682,3107.188541
2019/5/2 12:39,720018.3833,4388.188421,3090.684316
2019/5/2 12:42,722415.5889,4430.734541,3108.340408
2019/5/2 12:45,722789.0778,4396.943483,3144.48505
2019/5/2 12:48,722882.6611,4353.325177,3139.195551
2019/5/2 12:51,721927.8722,4313.894499,3153.367294
2019/5/2 12:54,720496.1333,4300.070316,3133.860261
2019/5/2 12:57,720104.4333,4315.389767,3139.992791
2019/5/2 13:00,719666.6,4422.724042,3170.119442
2019/5/2 13:03,718377.7444,4404.91539,3163.838017
2019/5/2 13:06,718463.1611,4431.225971,3177.948103
2019/5/2 13:09,719610.2667,4315.895154,3124.823403
2019/5/2 13:12,722195.6778,4293.739661,3117.371587
2019/5/2 13:15,723929.0833,4339.421239,3099.656813
2019/5/2 13:18,724262.2056,4382.629714,3113.102797
2019/5/2 13:21,723492.2722,4478.001756,3156.17192
2019/5/2 13:24,722335.4333,4471.934588,3132.460139
2019/5/2 13:27,721979.8,4429.491845,3099.060363
2019/5/2 13:30,721995.8389,4483.465277,3079.477369
2019/5/2 13:33,719578.9222,4331.497465,3031.931959
2019/5/2 13:36,720854.5778,4241.137707,3048.109042
2019/5/2 13:39,724305.3222,4380.294269,3097.467064
2019/5/2 13:42,728249.4389,4489.992678,3162.71501
2019/5/2 13:45,730321.0778,4668.945287,3258.512561
2019/5/2 13:48,732770.2556,4627.968619,3258.821607
2019/5/2 13:51,737320.0667,4610.671067,3299.733447
2019/5/2 13:54,738374.6111,4594.799163,3289.879379
2019/5/2 13:57,738454.65,4603.153135,3299.665947
2019/5/2 14:00,738508.9611,4658.890612,3312.808935
2019/5/2 14:03,741586.5667,4611.651166,3299.780022
2019/5/2 14:06,741959.1222,4567.404946,3313.092977
2019/5/2 14:09,740104.9444,4641.546852,3307.399376
2019/5/2 14:12,740004.0444,4693.037461,3318.042912
2019/5/2 14:15,736979.0111,4695.633354,3296.71619
2019/5/2 14:18,737620.1778,4621.839148,3272.88132
2019/5/2 14:21,737314.5278,4578.474844,3269.723987
2019/5/2 14:24,733509.8611,4517.596542,3259.733751
2019/5/2 14:27,734706.3111,4520.766536,3285.424314
2019/5/2 14:30,737116.15,4687.929927,3334.327406
2019/5/2 14:33,738766.7889,4673.9723,3338.805464
2019/5/2 14:36,735076.15,4755.214035,3365.095296
2019/5/2 14:39,735051.3778,4620.655218,3328.609154
2019/5/2 14:42,736403.2778,4660.285458,3339.382404
2019/5/2 14:45,738583.8556,4624.257468,3292.121133
2019/5/2 14:48,739917.4722,4667.770126,3324.68872
2019/5/2 14:51,739312.2222,4727.737933,3386.831051
2019/5/2 14:54,739522.8167,4687.616266,3415.636818
2019/5/2 14:57,740212.2278,4697.028939,3452.631355
2019/5/2 15:00,734973.7944,4622.414545,3443.831073
2019/5/2 15:03,734832.7,4627.552979,3431.282963
2019/5/2 15:06,735680.7778,4740.560644,3451.050345
2019/5/2 15:09,736719.4278,4797.329572,3430.438469
2019/5/2 15:12,738235.0722,4821.308771,3439.12847
2019/5/2 15:15,736669.4889,4916.690028,3465.13964
2019/5/2 15:18,735742.5333,4872.891707,3444.688851
2019/5/2 15:21,735658.8,4877.177118,3457.886342
2019/5/2 15:24,734873.2833,4852.211603,3449.579447
2019/5/2 15:27,732471.2167,4841.248658,3451.918849
2019/5/2 15:30,731560.3778,4773.002482,3431.742335
2019/5/2 15:33,733421.4444,4756.176375,3421.189961
2019/5/2 15:36,735569.3889,4839.605149,3447.812586
2019/5/2 15:39,735312.8,4801.490521,3438.771885
2019/5/2 15:42,735409.9278,4788.854147,3448.938643
2019/5/2 15:45,732082.1833,4725.329025,3448.331676
2019/5/2 15:48,731474.0556,4787.054311,3442.573064
2019/5/2 15:51,730389.3611,4974.888934,3480.167359
2019/5/2 15:54,730033.9611,4947.361455,3481.334973
2019/5/2 15:57,729825.6389,4938.229379,3494.179006
2019/5/2 16:00,730194.1222,5017.844198,3490.294189
2019/5/2 16:03,735858.1556,4945.235737,3443.123464
2019/5/2 16:06,738805.75,4901.357415,3396.88241
2019/5/2 16:09,738560.1778,4625.521971,3371.234604
2019/5/2 16:12,739984.2889,4566.910209,3397.270708
2019/5/2 16:15,740619.5278,4413.751031,3253.941762
2019/5/2 16:18,738024.4278,4453.59004,3235.028455
2019/5/2 16:21,734619.6833,4552.268967,3247.150019
2019/5/2 16:24,731588.9722,4728.126102,3394.422278
2019/5/2 16:27,731162.4833,4842.384806,3481.287331
2019/5/2 16:30,732128.8,4830.211968,3453.358422
2019/5/2 16:33,731821.3944,4749.857221,3429.230905
2019/5/2 16:36,733410.95,4775.516006,3448.625724
2019/5/2 16:39,733782.9111,4813.837868,3443.47211
2019/5/2 16:42,734190.8333,4855.622622,3464.859461
2019/5/2 16:45,733016.5278,4839.581691,3468.769879
2019/5/2 16:48,734226.5556,4781.34089,3452.116818
2019/5/2 16:51,732530.7611,4777.936967,3472.625771
2019/5/2 16:54,732229.2944,4801.494883,3481.324491
2019/5/2 16:57,730818.7333,4842.028704,3507.62972
2019/5/2 17:00,676956.6778,5007.658321,3529.079769
2019/5/2 17:03,679046.3111,5022.194356,3566.41573
2019/5/2 17:06,680165.3778,5075.661451,3618.77163
2019/5/2 17:09,680196.3111,5047.548831,3540.700802
2019/5/2 17:12,680110.5778,5051.08761,3508.146898
2019/5/2 17:15,683647.0833,4988.464659,3449.164298
2019/5/2 17:18,689093.2222,4997.996884,3451.491334
2019/5/2 17:21,692629.1444,5070.735156,3494.762919
2019/5/2 17:24,695398.85,5180.302718,3499.32451
2019/5/2 17:27,697098.4722,5231.099991,3507.743172
2019/5/2 17:30,697374.5222,5291.872363,3544.672022
2019/5/2 17:33,696952.8889,5222.909713,3509.543151
2019/5/2 17:36,696294.5056,5220.045719,3512.152488
2019/5/2 17:39,696612.7556,5088.867959,3485.892573
2019/5/2 17:42,696016.7833,5065.847628,3481.36681
2019/5/2 17:45,694289.2556,4970.882144,3336.539044
2019/5/2 17:48,694902.3778,5037.921714,3379.083655
2019/5/2 17:51,695236.8,5241.355937,3498.129494
2019/5/2 17:54,695317.2722,5187.784633,3516.419168
2019/5/2 17:57,694662.45,5161.406172,3542.110597
2019/5/2 18:00,694300.6722,5073.772278,3525.376455
2019/5/2 18:03,695110.6944,5035.665923,3519.563051
2019/5/2 18:06,694497.5444,5076.272808,3540.208871
2019/5/2 18:09,695621.7778,5086.181574,3544.792635
2019/5/2 18:12,696607.0722,5124.059846,3567.233386
2019/5/2 18:15,697658.5611,5246.212344,3592.642956
2019/5/2 18:18,697335.4444,5176.2759,3569.433324
2019/5/2 18:21,698383.8722,5160.896049,3578.304071
2019/5/2 18:24,702684.35,5164.474025,3580.855466
2019/5/2 18:27,703243.2167,5147.554803,3583.998024
2019/5/2 18:30,701304.2944,5063.878606,3563.49633
2019/5/2 18:33,704137.9,5049.219179,3551.125838
2019/5/2 18:36,706138.6333,5089.398541,3570.728622
2019/5/2 18:39,705652.6111,5062.528781,3557.131238
2019/5/2 18:42,702071.5056,5047.164455,3562.632656
2019/5/2 18:45,704348.3944,5144.928172,3545.871057
2019/5/2 18:48,701514.4056,5112.868555,3539.41237
2019/5/2 18:51,700908.9389,5200.519058,3598.622798
2019/5/2 18:54,700584.4556,5118.643998,3532.118814
2019/5/2 18:57,697759.2944,5064.72843,3495.74954
2019/5/2 19:00,695890.8278,5053.578935,3529.938859
2019/5/2 19:03,697718.6944,5047.990078,3535.597258
2019/5/2 19:06,698181.6944,5108.079375,3579.664764
2019/5/2 19:09,698021.8611,5069.171569,3526.972418
2019/5/2 19:12,698938.8222,5033.055825,3503.244935
2019/5/2 19:15,699339.6333,4913.628336,3484.403512
2019/5/2 19:18,700675.5389,4909.501823,3474.370688
2019/5/2 19:21,701974.7167,5015.763206,3526.95712
2019/5/2 19:24,706780.6833,5071.018506,3566.585566
2019/5/2 19:27,703596.9333,5078.557187,3594.154643
2019/5/2 19:30,703196.0667,5044.813655,3572.970102
2019/5/2 19:33,707206.0278,5004.193026,3551.451431
2019/5/2 19:36,707111.4056,5013.935062,3553.950904
2019/5/2 19:39,705127.1389,4905.244866,3520.569109
2019/5/2 19:42,701455.4056,4856.811698,3515.46777
2019/5/2 19:45,700134.0778,4922.765934,3541.725808
2019/5/2 19:48,701849.9611,4862.616652,3528.301703
2019/5/2 19:51,705648.9556,4890.924336,3562.66586
2019/5/2 19:54,704896.7167,4866.602702,3549.26272
2019/5/2 19:57,702809.1778,4894.049051,3562.257374
2019/5/2 20:00,699948.5278,5062.944136,3627.200119
2019/5/2 20:03,696195.55,5021.781128,3606.583448
2019/5/2 20:06,696340.5667,5067.595843,3617.73436
2019/5/2 20:09,694800.3389,4818.286272,3504.338139
2019/5/2 20:12,692358.05,4712.404821,3446.216918
2019/5/2 20:15,695801.1167,4691.569365,3341.402371
2019/5/2 20:18,694268.5333,4727.705914,3354.033789
2019/5/2 20:21,693754.9167,4788.983128,3400.339202
2019/5/2 20:24,693136.9833,4910.683776,3501.984555
2019/5/2 20:27,693421.3056,4988.247732,3576.779077
2019/5/2 20:30,689049,5018.914463,3563.622048
2019/5/2 20:33,690087.1,4916.890791,3547.206743
2019/5/2 20:36,696173.2667,4926.597725,3595.797954
2019/5/2 20:39,698245.0833,4894.386874,3597.512218
2019/5/2 20:42,698056.3278,4881.674706,3612.071116
2019/5/2 20:45,694940.7944,4695.285522,3570.183764
2019/5/2 20:48,694963.8556,4981.416314,3576.028957
2019/5/2 20:51,693840.6667,5316.165601,3618.799208
2019/5/2 20:54,682227.0778,5106.270465,3479.974282
2019/5/2 20:57,664171.0278,4826.412856,3261.55794
2019/5/2 21:00,651780.0056,4711.282327,3040.745072
2019/5/2 21:03,646985.9056,4659.370341,2946.199209
2019/5/2 21:06,641150.6667,4632.424374,2867.802403
2019/5/2 21:09,633847.25,4484.929571,2734.543026
2019/5/2 21:12,634446.9611,4504.308032,2733.205935
2019/5/2 21:15,630590.8389,4564.731374,2733.027174
2019/5/2 21:18,632783.7889,4535.890131,2731.306069
2019/5/2 21:21,630423.3611,4627.498674,2742.57803
2019/5/2 21:24,630282.2278,4648.530369,2735.82534
2019/5/2 21:27,626595.2889,4647.026402,2719.759687
2019/5/2 21:30,622125.9389,4538.95699,2675.787032
2019/5/2 21:33,617516.0333,4383.54662,2585.681304
2019/5/2 21:36,616943.75,4325.860396,2579.728918
2019/5/2 21:39,616806.4,4157.864775,2580.97338
2019/5/2 21:42,616825.9889,4086.263215,2583.01692
2019/5/2 21:45,615469.95,3787.106156,2593.128069
2019/5/2 21:48,616192.7222,3624.160949,2562.277982
2019/5/2 21:51,617383.55,3494.252508,2583.517615
2019/5/2 21:54,622373.7667,3634.655209,2693.187199
2019/5/2 21:57,632156.35,3707.772691,2785.032128
2019/5/2 22:00,641731.8667,4039.020789,2971.035412
2019/5/2 22:03,649459.8667,4044.790523,2972.69345
2019/5/2 22:06,656450.5944,4166.306123,3049.040119
2019/5/2 22:09,661917.7556,4411.854032,3139.53026
2019/5/2 22:12,665401.6333,4546.014638,3208.787984
2019/5/2 22:15,671401.5667,4757.537785,3306.596735
2019/5/2 22:18,681955.8333,4830.441416,3373.727651
2019/5/2 22:21,681275.7389,4983.573753,3528.823674
2019/5/2 22:24,677675.3056,4880.403109,3511.267926
2019/5/2 22:27,681918.1111,4838.008293,3526.362536
2019/5/2 22:30,674382.8722,4692.262152,3396.860259
2019/5/2 22:33,659803.4833,4297.646237,3187.985566
2019/5/2 22:36,647368.4778,3956.804473,2994.449826
2019/5/2 22:39,647128.3778,3945.430497,3024.726398
2019/5/2 22:42,642621.8167,3865.221317,3000.314124
2019/5/2 22:45,638241.6222,3913.99811,2972.1321
2019/5/2 22:48,628955.3556,3705.123354,2816.216452
2019/5/2 22:51,626038.3556,3671.529652,2752.723813
2019/5/2 22:54,626593.1833,3689.228837,2789.754161
2019/5/2 22:57,624432.0778,3681.391605,2804.934052
2019/5/2 23:00,621093.2333,3683.23439,2812.035082
2019/5/2 23:03,621194.1833,3663.556915,2794.642186
2019/5/2 23:06,621746.0222,3674.100546,2810.526634
2019/5/2 23:09,622202.9611,3640.999094,2802.260498
2019/5/2 23:12,623148.5833,3592.691765,2783.130283
2019/5/2 23:15,625829.8167,3692.566533,2813.158458
2019/5/2 23:18,626010.7167,3672.047665,2812.372551
2019/5/2 23:21,622851.4222,3676.907953,2824.554329
2019/5/2 23:24,619589.3111,3630.004831,2779.903664
2019/5/2 23:27,619233.3889,3617.411633,2768.459767
2019/5/2 23:30,617794.95,3563.824034,2807.767482
2019/5/2 23:33,618830.6778,3509.526703,2780.972376
2019/5/2 23:36,619586.3222,3497.241943,2770.629651
2019/5/2 23:39,622449.9778,3427.228053,2742.98147
2019/5/2 23:42,618161.3444,3357.432994,2719.893827
2019/5/2 23:45,614109.3611,3471.519208,2711.25648
2019/5/2 23:48,613570.7833,3459.377994,2702.719069
2019/5/2 23:51,614201.2167,3536.709958,2742.153593
2019/5/2 23:54,618714.0611,3659.331445,2777.718674
2019/5/2 23:57,625025.5056,3772.925013,2832.012737
2019/5/3 0:00,631800.1444,3869.86804,2937.104651
2019/5/3 0:03,640530.4611,3984.746645,3020.504263
2019/5/3 0:06,647754.1389,4296.098828,3197.291861
2019/5/3 0:09,651973.3444,4487.298194,3289.018028
2019/5/3 0:12,655628.4444,4600.939674,3357.140126
2019/5/3 0:15,656077.1056,4609.545615,3432.963229
2019/5/3 0:18,659566.5833,4622.13268,3429.272111
2019/5/3 0:21,658500.3389,4677.552672,3435.001758
2019/5/3 0:24,651149.55,4414.726578,3321.033558
2019/5/3 0:27,646257.6778,4334.893008,3300.301124
2019/5/3 0:30,658462.2111,4572.102455,3467.336145
2019/5/3 0:33,670032.2222,4638.847265,3531.477057
2019/5/3 0:36,676385.8444,4778.723678,3642.255512
2019/5/3 0:39,679981.7333,4861.233133,3669.821733
2019/5/3 0:42,678725.4556,4915.017139,3695.742959
2019/5/3 0:45,679247.7667,5106.871661,3762.767523
2019/5/3 0:48,675826.0333,5097.183348,3742.414369
2019/5/3 0:51,676716.4611,5172.173897,3752.164374
2019/5/3 0:54,675983.5111,5125.526758,3710.819331
2019/5/3 0:57,673872.2556,5072.557613,3693.029758
2019/5/3 1:00,673170.2833,5107.254415,3711.034206
2019/5/3 1:03,672070.7111,5019.092767,3670.699821
2019/5/3 1:06,674573.2889,4908.413978,3624.386322
2019/5/3 1:09,677713.9833,4898.303119,3572.611882
2019/5/3 1:12,679363.2722,4890.262274,3553.294884
2019/5/3 1:15,675958.5222,4841.949754,3586.80228
2019/5/3 1:18,677816.1611,4837.308414,3601.23057
2019/5/3 1:21,680461.5222,4934.324547,3686.13722
2019/5/3 1:24,680262.2722,4984.920865,3692.863455
2019/5/3 1:27,681765.9222,5042.746696,3725.351789
2019/5/3 1:30,681071.3444,5096.126562,3739.519014
2019/5/3 1:33,680263.2167,5046.684058,3715.601053
2019/5/3 1:36,678076.2167,5011.960967,3703.94058
2019/5/3 1:39,680629.85,4988.199545,3681.89548
2019/5/3 1:42,681668.8778,5000.813925,3690.393527
2019/5/3 1:45,680204.4944,4910.038252,3601.029223
2019/5/3 1:48,676423.4333,4860.493315,3584.672298
2019/5/3 1:51,673764.95,4834.444049,3606.366182
2019/5/3 1:54,675126.0889,4813.001487,3586.842808
2019/5/3 1:57,676907.2944,4807.507352,3589.50954
2019/5/3 2:00,678624.8889,5036.128384,3690.257846
2019/5/3 2:03,681525.2056,5090.028506,3695.054079
2019/5/3 2:06,680665.8889,5119.117058,3714.376899
2019/5/3 2:09,680129.0167,5018.507006,3719.020583
2019/5/3 2:12,681374.6167,5034.764692,3755.598023
2019/5/3 2:15,678889.2778,4830.527861,3717.454463
2019/5/3 2:18,680842.5111,4842.722631,3708.194546
2019/5/3 2:21,682309.7056,4907.702853,3711.579623
2019/5/3 2:24,689985.4,4863.926986,3694.049429
2019/5/3 2:27,695679.1833,5050.436404,3726.818302
2019/5/3 2:30,695955.1667,4919.581431,3598.903089
2019/5/3 2:33,689772.0556,4840.034969,3586.077992
2019/5/3 2:36,687410.0667,4780.074666,3633.86907
2019/5/3 2:39,684030.8722,4795.542162,3594.942513
2019/5/3 2:42,684320.3056,4810.532576,3591.956592
2019/5/3 2:45,691933.4167,4907.298598,3587.636409
2019/5/3 2:48,692034.8833,4860.177084,3598.696667
2019/5/3 2:51,691008.6056,4906.866433,3668.937275
2019/5/3 2:54,692246.6833,4991.014332,3698.373283
2019/5/3 2:57,691196.5222,5025.63483,3723.724297
2019/5/3 3:00,692335.5722,4686.134814,3663.718029
2019/5/3 3:03,691255.0611,4655.5126,3632.72459
2019/5/3 3:06,697021.2556,4730.983437,3648.211992
2019/5/3 3:09,699628.7611,4830.336704,3680.336241
2019/5/3 3:12,699010.8833,4887.717264,3710.955664
2019/5/3 3:15,694181.5167,4740.852715,3651.34456
2019/5/3 3:18,688158.2222,4690.484564,3562.951586
2019/5/3 3:21,683621.45,4719.590306,3511.98461
2019/5/3 3:24,685153.3111,4817.937668,3595.848561
2019/5/3 3:27,687800.2444,4893.719583,3653.9
2019/5/3 3:30,685164.8722,4798.862227,3564.185746
2019/5/3 3:33,683927.0111,4755.905838,3556.868629
2019/5/3 3:36,686567.3333,4795.813216,3594.562581
2019/5/3 3:39,684623.8389,4767.762796,3528.864676
2019/5/3 3:42,682932.0111,4735.047936,3505.075855
2019/5/3 3:45,686039.3611,4910.792296,3607.305135
2019/5/3 3:48,685842.7667,4880.68709,3582.3308
2019/5/3 3:51,684328.4056,4902.616382,3566.248047
2019/5/3 3:54,687386.4222,4945.495522,3537.575618
2019/5/3 3:57,685959.3333,4947.593803,3513.101584
2019/5/3 4:00,686791.0722,4941.562204,3500.444817
2019/5/3 4:03,690337.5556,4866.511425,3490.457963
2019/5/3 4:06,693336.7722,4823.108428,3510.089783
2019/5/3 4:09,689081.0222,4826.134574,3473.577076
2019/5/3 4:12,690732.0111,4855.433445,3496.904254
2019/5/3 4:15,693045.0611,4825.732094,3510.326879
2019/5/3 4:18,699240.0389,4845.294375,3513.5328
2019/5/3 4:21,698879.7167,4861.417862,3496.973899
2019/5/3 4:24,693000.7111,4759.4922,3490.486314
2019/5/3 4:27,693420.3056,4767.225553,3526.814875
2019/5/3 4:30,694026.0667,4954.278713,3589.656406
2019/5/3 4:33,693800.9222,4842.594713,3542.230406
2019/5/3 4:36,693606.1444,4758.964407,3534.309787
2019/5/3 4:39,693556.9167,4704.020103,3513.733773
2019/5/3 4:42,691508.3611,4693.047133,3528.087835
2019/5/3 4:45,693637.2111,4773.141447,3590.079325
2019/5/3 4:48,697418.1111,4708.626147,3557.90982
2019/5/3 4:51,704360.9722,4661.333852,3534.372832
2019/5/3 4:54,714541.4833,4744.052101,3547.745097
2019/5/3 4:57,710791.8333,4749.716743,3544.710998
2019/5/3 5:00,706360.4833,4838.889107,3542.47938
2019/5/3 5:03,699608.0667,4727.373549,3513.512949
2019/5/3 5:06,693232.9667,4662.599431,3542.048776
2019/5/3 5:09,691106.7722,4739.557815,3567.475124
2019/5/3 5:12,692301.1167,4789.007451,3596.529471
2019/5/3 5:15,693716.7944,4893.652997,3647.024831
2019/5/3 5:18,691167.7667,4814.880138,3614.730888
2019/5/3 5:21,693175.1778,4779.048388,3615.833911
2019/5/3 5:24,698028.6,4729.823527,3617.874253
2019/5/3 5:27,699353.5778,4719.326362,3624.220319
2019/5/3 5:30,697341.9333,4761.687299,3644.699065
2019/5/3 5:33,693953.4944,4720.225474,3635.262056
2019/5/3 5:36,691374.9278,4748.355796,3663.964201
2019/5/3 5:39,692360.0111,4750.646452,3637.722269
2019/5/3 5:42,689881.1667,4757.668605,3626.12755
2019/5/3 5:45,684608.9611,4854.184311,3604.046858
2019/5/3 5:48,682255.9389,4789.357124,3557.583332
2019/5/3 5:51,682644.4889,4830.769096,3578.70886
2019/5/3 5:54,682195.8167,4754.170301,3482.422335
2019/5/3 5:57,684398.55,4751.255776,3467.744462
2019/5/3 6:00,686664.5778,5065.062669,3636.889676
2019/5/3 6:03,687610.6889,4999.09729,3645.407832
2019/5/3 6:06,685103.1111,4849.119457,3632.893119
2019/5/3 6:09,685362.8833,4780.402134,3535.413469
2019/5/3 6:12,686807.4056,4770.818478,3510.730541
2019/5/3 6:15,690222.5611,4861.86878,3588.484001
2019/5/3 6:18,693735.0389,4862.19534,3592.48778
2019/5/3 6:21,687385.7,4892.96525,3610.076756
2019/5/3 6:24,689486.0167,4909.008661,3589.176924
2019/5/3 6:27,692551.1556,4908.784619,3561.951936
2019/5/3 6:30,692383.0389,4952.379359,3571.562902
2019/5/3 6:33,692609.2556,4894.732781,3552.010655
2019/5/3 6:36,697478.7444,4905.038789,3575.121798
2019/5/3 6:39,697728.9556,4812.331504,3481.020324
2019/5/3 6:42,700002.25,4790.781692,3468.020772
2019/5/3 6:45,698852.8556,4959.38965,3548.609369
2019/5/3 6:48,697006.6833,4950.018755,3508.826129
2019/5/3 6:51,696064.9,4946.701724,3448.887345
2019/5/3 6:54,693733.8111,4847.900821,3347.807541
2019/5/3 6:57,683644.2278,4768.483844,3271.971278
2019/5/3 7:00,681115.5056,4662.753396,3209.631579
2019/5/3 7:03,681679.2556,4599.541176,3186.165821
2019/5/3 7:06,678463.1667,4503.186441,3153.58216
2019/5/3 7:09,677759.4389,4453.449752,3144.231531
2019/5/3 7:12,686905.3611,4458.0364,3170.60399
2019/5/3 7:15,698197.2611,4546.965036,3244.287655
2019/5/3 7:18,700103.4944,4540.130361,3217.94674
2019/5/3 7:21,693319.1667,4549.299341,3196.790941
2019/5/3 7:24,695150.9667,4358.140028,3162.529649
2019/5/3 7:27,684520.9222,4196.080638,3146.888397
2019/5/3 7:30,662600.8889,4077.477869,3021.894446
2019/5/3 7:33,656090.6,4176.718413,2874.401779
2019/5/3 7:36,660007.5722,4344.714463,2951.186139
2019/5/3 7:39,663774.5056,4387.677913,3012.939068
2019/5/3 7:42,667254.2333,4446.479652,3054.759172
2019/5/3 7:45,668511.0389,4455.616484,3119.425392
2019/5/3 7:48,662714.35,4454.110267,3119.181143
2019/5/3 7:51,662181.5889,4475.999064,3148.770971
2019/5/3 7:54,663606.3556,4402.879847,3156.233586
2019/5/3 7:57,666252.5111,4365.157573,3158.091209
2019/5/3 8:00,665950.9444,4327.746743,3145.216062
2019/5/3 8:03,657997.2111,4296.492523,3127.780766
2019/5/3 8:06,653600.2,4262.757301,3122.058658
2019/5/3 8:09,655837.5444,4231.085817,3115.139599
2019/5/3 8:12,656862.2833,4217.116517,3109.696592
2019/5/3 8:15,658380.9278,4248.147915,3116.8478
2019/5/3 8:18,658968.5667,4195.071995,3113.240187
2019/5/3 8:21,658690.6222,4099.49554,3112.96123
2019/5/3 8:24,657929.1722,4140.382384,3112.571066
2019/5/3 8:27,655323.6778,4159.481338,3110.965197
2019/5/3 8:30,653756.1667,4230.204163,3141.511074
2019/5/3 8:33,652446.8778,4238.031095,3137.017989
2019/5/3 8:36,652130.5167,4259.347961,3144.349212
2019/5/3 8:39,651868.5444,4245.748191,3140.182477
2019/5/3 8:42,653470.2944,4243.462512,3134.549959
2019/5/3 8:45,656147.1167,4149.698549,3140.666891
2019/5/3 8:48,654107.2333,4134.347587,3132.349734
2019/5/3 8:51,651849.7111,4100.292703,3122.849595
2019/5/3 8:54,650422.05,4113.829947,3117.070703
2019/5/3 8:57,650528.4833,4117.42806,3112.21875
2019/5/3 9:00,650282.0944,4217.966903,3119.380991
2019/5/3 9:03,649978.5167,4160.735442,3115.628995
2019/5/3 9:06,650583.2556,4045.116797,3114.589316
2019/5/3 9:09,651306.4,3967.655868,3110.62114
2019/5/3 9:12,652672.3611,3925.023591,3107.930705
2019/5/3 9:15,657374.2,4045.192521,3124.440428
2019/5/3 9:18,659598.5722,4029.419322,3120.173605
2019/5/3 9:21,663716.8667,3990.02812,3114.073644
2019/5/3 9:24,664025.3611,3746.626164,3057.234137
2019/5/3 9:27,664441.3222,3632.509485,3047.992531
2019/5/3 9:30,666926.4444,3659.439016,3027.075094
2019/5/3 9:33,668346.0333,3663.532656,3024.550471
2019/5/3 9:36,667052.7056,3629.972859,3024.521582
2019/5/3 9:39,674511.6833,3683.456628,3043.116382
2019/5/3 9:42,675149.0222,3765.269125,3081.862578
2019/5/3 9:45,677363.45,3945.21712,3144.937927
2019/5/3 9:48,679872.5389,3960.556093,3145.071494
2019/5/3 9:51,673580.2111,3847.676749,3059.795822
2019/5/3 9:54,669092.5278,3719.493056,2992.604216
2019/5/3 9:57,666867.0278,3718.297625,2990.741798
2019/5/3 10:00,664936.75,3549.507433,2932.754958
2019/5/3 10:03,668590.1333,3566.671326,2934.328358
2019/5/3 10:06,675878.2333,3739.33093,3017.229686
2019/5/3 10:09,679953.1889,3974.549309,3104.980319
2019/5/3 10:12,677442.3111,4063.984988,3129.07285
2019/5/3 10:15,678847.6778,4097.066187,3118.947127
2019/5/3 10:18,684111.8222,4167.582351,3185.669733
2019/5/3 10:21,691113.8556,4269.452816,3275.115738
2019/5/3 10:24,694863.0944,4293.756752,3249.697488
2019/5/3 10:27,696365.8444,4331.761469,3253.400613
2019/5/3 10:30,696164.3389,4016.02629,3190.640243
2019/5/3 10:33,698239.2333,4152.657292,3200.790293
2019/5/3 10:36,700762.3722,4424.380587,3228.696607
2019/5/3 10:39,697255.7611,4309.50632,3185.693141
2019/5/3 10:42,695275.35,4246.916861,3162.136846
2019/5/3 10:45,696952.3889,4275.984412,3165.743804
2019/5/3 10:48,691159.8833,4224.049936,3150.834122
2019/5/3 10:51,690496.3778,4182.270076,3148.255439
2019/5/3 10:54,693862.9722,4142.521692,3119.852744
2019/5/3 10:57,697213.2611,4158.940097,3128.207869
2019/5/3 11:00,699576.4333,4294.961493,3191.95271
2019/5/3 11:03,703603.8833,4249.177197,3184.516631
2019/5/3 11:06,705795.9056,4156.149916,3157.345756
2019/5/3 11:09,709666.3056,4280.525991,3237.481891
2019/5/3 11:12,708329.1833,4367.775534,3292.391143
2019/5/3 11:15,706790.4556,4638.928365,3344.513874
2019/5/3 11:18,705510.5389,4538.429323,3296.898934
2019/5/3 11:21,703268.0889,4455.941657,3268.815794
2019/5/3 11:24,701478.2167,4338.663294,3178.858911
2019/5/3 11:27,703129.6444,4329.509739,3168.77615
2019/5/3 11:30,702805.0111,4508.270849,3300.254505
2019/5/3 11:33,697182.9111,4475.933075,3258.463451
2019/5/3 11:36,688239.9111,4605.946059,3281.794666
2019/5/3 11:39,684361.6889,4664.99296,3271.022049
2019/5/3 11:42,688093.2444,4755.2643,3313.279495
2019/5/3 11:45,699602.3889,4593.889028,3323.809514
2019/5/3 11:48,698288.8889,4575.567099,3317.095606
2019/5/3 11:51,695451.05,4590.586866,3325.075344
2019/5/3 11:54,697389.9167,4593.398167,3325.321542
2019/5/3 11:57,707725.8278,4653.365374,3354.253289
2019/5/3 12:00,708370.0056,4635.599276,3324.661052
2019/5/3 12:03,696723.5611,4487.513938,3260.935838
2019/5/3 12:06,678244.4611,4287.522989,3198.405807
2019/5/3 12:09,683236.9111,4406.113909,3204.173187
2019/5/3 12:12,690302.4444,4473.080696,3218.284954
2019/5/3 12:15,690579.5278,4589.292026,3257.430622
2019/5/3 12:18,694792.5,4578.067361,3277.20432
2019/5/3 12:21,691609.5833,4579.282831,3295.767637
2019/5/3 12:24,687766.8833,4420.12892,3209.483099
2019/5/3 12:27,690950.5444,4366.176546,3186.525891
2019/5/3 12:30,681185.5444,4529.196357,3222.836907
2019/5/3 12:33,686846.7611,4666.501429,3282.969486
2019/5/3 12:36,682252.1778,4913.815928,3343.384175
2019/5/3 12:39,677413.6722,4900.133654,3337.185824
2019/5/3 12:42,663631.9167,4817.298152,3264.073587
2019/5/3 12:45,642499.1722,4644.127896,3170.555217
2019/5/3 12:48,641582.6944,4580.720956,3139.094125
2019/5/3 12:51,634548.2278,4533.203637,3115.333837
2019/5/3 12:54,621350.3,4387.804767,3018.84473
2019/5/3 12:57,623429.6,4361.092868,2996.50394
2019/5/3 13:00,619296.4556,4463.621226,3005.783765
2019/5/3 13:03,622093.9778,4474.34905,3017.241245
2019/5/3 13:06,619865.7944,4440.206532,3018.44695
2019/5/3 13:09,620115.5778,4433.884444,3032.890197
2019/5/3 13:12,627488.1778,4469.594676,3057.319574
2019/5/3 13:15,622161.2889,4289.847781,3037.536683
2019/5/3 13:18,628253.6389,4326.344896,3067.291519
2019/5/3 13:21,629196.8778,4353.960729,3090.1207
2019/5/3 13:24,627873.1444,4339.585137,3096.898361
2019/5/3 13:27,628820.75,4325.398766,3096.215646
2019/5/3 13:30,625917.4778,4418.996946,3101.854104
2019/5/3 13:33,630771.5167,4442.908885,3114.682508
2019/5/3 13:36,626722.7167,4455.481414,3111.611422
2019/5/3 13:39,622656.4333,4464.79227,3109.954582
2019/5/3 13:42,623495,4496.847541,3125.996774
2019/5/3 13:45,616731.9889,4458.556567,3118.433469
2019/5/3 13:48,621298.2889,4478.384354,3132.044093
2019/5/3 13:51,622847.3778,4483.084598,3140.746852
2019/5/3 13:54,617560.2611,4433.840774,3112.190166
2019/5/3 13:57,620840.9222,4461.153896,3125.850888
2019/5/3 14:00,620953.9944,4451.5817,3128.963369
2019/5/3 14:03,622614.1833,4437.945648,3122.485751
2019/5/3 14:06,619605.0667,4376.725366,3080.881407
2019/5/3 14:09,624937.15,4367.504776,3105.878041
2019/5/3 14:12,628397.2056,4370.976718,3130.071399
2019/5/3 14:15,615135.3389,4357.035012,3097.378376
2019/5/3 14:18,614555.9167,4342.134859,3088.437957
2019/5/3 14:21,617221.1944,4377.913065,3103.595894
2019/5/3 14:24,611749.7722,4297.855934,3060.969445
2019/5/3 14:27,616384.4278,4300.19399,3074.546697
2019/5/3 14:30,616879.1333,4295.068754,3072.371738
2019/5/3 14:33,623643.5278,4315.265282,3084.629542
2019/5/3 14:36,626178.1278,4352.77779,3093.997695
2019/5/3 14:39,624911.6667,4394.655031,3094.260252
2019/5/3 14:42,626829.7889,4423.737467,3098.744703
2019/5/3 14:45,617625.9333,4351.106188,3053.728101
2019/5/3 14:48,632085.8611,4403.601231,3090.381283
2019/5/3 14:51,634114.5167,4405.539907,3100.907394
2019/5/3 14:54,630778.8611,4387.752985,3096.162105
2019/5/3 14:57,627461.1444,4384.81005,3092.453977
2019/5/3 15:00,611957.5944,4384.501063,3040.646698
2019/5/3 15:03,616457.0667,4423.688292,3055.444086
2019/5/3 15:06,615832.6944,4451.385439,3064.28985
2019/5/3 15:09,615359.3556,4420.614117,3060.631016
2019/5/3 15:12,616251.5,4398.733846,3056.210386
2019/5/3 15:15,605442.35,4305.378296,2988.114766
2019/5/3 15:18,610801.3333,4326.703637,3008.098548
2019/5/3 15:21,613565.3,4343.019719,3022.340328
2019/5/3 15:24,613763.1056,4384.521847,3026.963534
2019/5/3 15:27,615722.6167,4417.756769,3035.750429
2019/5/3 15:30,616219.8389,4338.487154,3042.515797
2019/5/3 15:33,623101.8333,4383.219117,3064.694571
2019/5/3 15:36,623327.4333,4426.627181,3064.945743
2019/5/3 15:39,623413.2889,4452.110275,3074.757636
2019/5/3 15:42,622891.2833,4425.447589,3074.688378
2019/5/3 15:45,622068.3833,4363.714043,3057.604635
2019/5/3 15:48,624231.7167,4367.129151,3056.324588
2019/5/3 15:51,622097.1722,4367.910763,3068.096312
2019/5/3 15:54,621484.1333,4294.373592,3055.343271
2019/5/3 15:57,628870.7333,4281.667378,3057.820577
2019/5/3 16:00,622794.3444,4249.892865,3025.518386
2019/5/3 16:03,625567.4,4294.614158,3031.866415
2019/5/3 16:06,624256.8389,4387.117412,3034.297689
2019/5/3 16:09,630365.55,4516.157848,3077.807179
2019/5/3 16:12,633572.7833,4573.912008,3097.971116
2019/5/3 16:15,622954.2,4502.903043,3073.280132
2019/5/3 16:18,622444.9556,4503.727758,3066.243078
2019/5/3 16:21,620521.8833,4536.083711,3070.870519
2019/5/3 16:24,620118.6111,4543.496043,3074.865059
2019/5/3 16:27,626405.8611,4581.329796,3095.267836
2019/5/3 16:30,628461.8667,4560.04358,3119.891202
2019/5/3 16:33,627768.0389,4513.120704,3113.540255
2019/5/3 16:36,625727.9833,4418.184359,3104.9705
2019/5/3 16:39,624716.1667,4405.422909,3086.43017
2019/5/3 16:42,623162.1278,4392.291026,3071.882958
2019/5/3 16:45,626406.3,4377.365507,3074.180856
2019/5/3 16:48,626053.1611,4435.434638,3076.59612
2019/5/3 16:51,625640.7278,4555.184161,3084.95167
2019/5/3 16:54,624979.4222,4541.020545,3083.355768
2019/5/3 16:57,623540.8222,4532.08102,3082.871266
2019/5/3 17:00,623486.8278,4398.231202,3074.970899
2019/5/3 17:03,623321.9167,4375.254653,3061.607385
2019/5/3 17:06,624032.0056,4394.688998,3057.509412
2019/5/3 17:09,622755.3333,4467.826451,3061.015994
2019/5/3 17:12,623160.5278,4494.621726,3055.501381
2019/5/3 17:15,622688.2222,4505.636997,3076.330198
2019/5/3 17:18,622511.5667,4508.056629,3071.8245
2019/5/3 17:21,623524.05,4526.242971,3088.36078
2019/5/3 17:24,625279.2778,4537.790427,3090.945187
2019/5/3 17:27,626048.2167,4535.757654,3085.71532
2019/5/3 17:30,626487.65,4578.849622,3091.507722
2019/5/3 17:33,627389.7667,4561.925662,3090.511022
2019/5/3 17:36,627380.7222,4529.758231,3099.183912
2019/5/3 17:39,626556.4889,4478.665894,3070.787462
2019/5/3 17:42,628960.9833,4489.020722,3071.202388
2019/5/3 17:45,630527.1222,4543.970633,3090.565242
2019/5/3 17:48,631708.8111,4536.615374,3082.489824
2019/5/3 17:51,632161.65,4545.862456,3102.233087
2019/5/3 17:54,632499.0444,4496.227808,3102.327661
2019/5/3 17:57,632511.9,4487.343692,3111.449366
2019/5/3 18:00,630664.9444,4585.560941,3123.728944
2019/5/3 18:03,629516.1556,4575.095957,3105.028556
2019/5/3 18:06,629393.6722,4641.549153,3110.262857
2019/5/3 18:09,629706.9611,4569.243422,3101.453989
2019/5/3 18:12,629890.4833,4522.672084,3091.261564
2019/5/3 18:15,628260.9667,4595.964803,3111.452885
2019/5/3 18:18,628038.75,4584.236282,3101.541236
2019/5/3 18:21,628071.2778,4583.614136,3104.785702
2019/5/3 18:24,627918.7889,4619.703757,3102.154864
2019/5/3 18:27,627905.3667,4626.871473,3083.704993
2019/5/3 18:30,628372.9722,4631.826453,3104.750287
2019/5/3 18:33,633622.2389,4590.31234,3092.609692
2019/5/3 18:36,636275.3444,4539.787954,3099.167603
2019/5/3 18:39,640389.3611,4526.484982,3097.263336
2019/5/3 18:42,641351.9278,4519.168859,3089.787983
2019/5/3 18:45,641358.2944,4375.033481,3094.814719
2019/5/3 18:48,640183.4333,4353.661606,3091.231094
2019/5/3 18:51,637961.1444,4312.795778,3089.884331
2019/5/3 18:54,635005.8,4274.801035,3091.244536
2019/5/3 18:57,635932.8722,4271.550979,3098.882944
2019/5/3 19:00,635091.2333,4292.388208,3111.476717
2019/5/3 19:03,634340.2056,4281.727244,3103.906325
2019/5/3 19:06,634673.4389,4324.483178,3111.873741
2019/5/3 19:09,635162.6833,4296.359011,3112.32104
2019/5/3 19:12,636625.8278,4268.655158,3100.665182
2019/5/3 19:15,636802.9944,4252.513369,3098.358434
2019/5/3 19:18,636817.4278,4256.28644,3090.472416
2019/5/3 19:21,635533.3833,4297.890351,3092.543909
2019/5/3 19:24,637304.7444,4295.593905,3106.118317
2019/5/3 19:27,641167.8167,4297.927293,3113.69249
2019/5/3 19:30,643500.9278,4304.178321,3119.484247
2019/5/3 19:33,642584.8167,4312.138287,3115.548794
2019/5/3 19:36,639253.65,4346.158114,3106.078201
2019/5/3 19:39,637590.2278,4350.069362,3123.896859
2019/5/3 19:42,641067.1667,4366.798265,3148.444702
2019/5/3 19:45,641794.6556,4357.063815,3202.50983
2019/5/3 19:48,640716.4611,4367.566908,3206.044377
2019/5/3 19:51,639677.4556,4402.047962,3225.760719
2019/5/3 19:54,638509.7056,4429.928656,3208.564608
2019/5/3 19:57,639140.7778,4451.575967,3201.639209
2019/5/3 20:00,639310.3722,4407.302147,3204.288588
2019/5/3 20:03,640632.8667,4381.437138,3196.872025
2019/5/3 20:06,640258.2778,4367.280726,3194.87189
2019/5/3 20:09,638266.3944,4407.434607,3187.042984
2019/5/3 20:12,636365.8611,4422.730044,3170.069513
2019/5/3 20:15,636075.2611,4405.184899,3175.545435
2019/5/3 20:18,637417.5833,4367.237989,3170.345019
2019/5/3 20:21,640573.8444,4317.557581,3180.89504
2019/5/3 20:24,646848.6944,4350.446232,3172.86369
2019/5/3 20:27,650505.6111,4378.627322,3177.726045
2019/5/3 20:30,653227.8611,4468.517964,3231.120883
2019/5/3 20:33,653775.7,4459.94513,3235.971319
2019/5/3 20:36,653192.7444,4490.808944,3260.403276
2019/5/3 20:39,650518.3556,4492.685195,3246.972616
2019/5/3 20:42,648259.4833,4497.280211,3246.377745
2019/5/3 20:45,648754.8389,4539.066953,3255.756161
2019/5/3 20:48,649373.5056,4537.124902,3244.040728
2019/5/3 20:51,645180.85,4562.073605,3247.988897
2019/5/3 20:54,644546.8278,4591.30501,3275.494222
2019/5/3 20:57,645854.5,4615.882688,3289.98816
2019/5/3 21:00,648148.2444,4518.553203,3306.032027
2019/5/3 21:03,648863.9667,4421.922539,3285.499655
2019/5/3 21:06,647913.2,4257.773936,3247.248965
2019/5/3 21:09,646329.8333,4078.322274,3221.576114
2019/5/3 21:12,644321.8667,3984.727233,3205.78537
2019/5/3 21:15,643173.2056,3752.515375,3209.13179
2019/5/3 21:18,644154.3167,3691.632377,3208.099091
2019/5/3 21:21,646071.3167,3612.263302,3223.776789
2019/5/3 21:24,648375.4389,3614.312173,3220.903654
2019/5/3 21:27,653078.8889,3658.958703,3243.224435
2019/5/3 21:30,657210.6167,3743.875229,3283.495637
2019/5/3 21:33,657615.4611,3670.186182,3274.611912
2019/5/3 21:36,655159.2722,3508.488688,3248.412438
2019/5/3 21:39,654003.3556,3483.930797,3187.058717
2019/5/3 21:42,656402.0167,3502.167018,3177.798743
2019/5/3 21:45,661485.9333,3647.68684,3230.88657
2019/5/3 21:48,666826.5,3708.726638,3261.240562
2019/5/3 21:51,668492.75,3859.768953,3327.858071
2019/5/3 21:54,669081.8111,3761.903917,3322.335887
2019/5/3 21:57,670103.2111,3737.62435,3341.528432
2019/5/3 22:00,669360.9278,3818.891267,3337.200493
2019/5/3 22:03,671293.1333,3841.657649,3331.579837
2019/5/3 22:06,674522.5333,4028.785563,3382.656298
2019/5/3 22:09,676773.3222,3962.224401,3349.534324
2019/5/3 22:12,681349.9556,3958.395925,3349.01461
2019/5/3 22:15,682017.9833,3924.816013,3341.376984
2019/5/3 22:18,677984.2,3976.16641,3337.994472
2019/5/3 22:21,675723.7611,4165.5439,3350.828248
2019/5/3 22:24,676148.9611,4160.301397,3350.15522
2019/5/3 22:27,662997.3,4250.626591,3208.774972
2019/5/3 22:30,624765.8778,4120.36101,2999.661505
2019/5/3 22:33,636280.05,4243.567917,3087.00998
2019/5/3 22:36,649796.1556,4496.339557,3263.452752
2019/5/3 22:39,662046.9667,4519.990268,3316.933583
2019/5/3 22:42,665414.0778,4534.403495,3350.758141
2019/5/3 22:45,666885.5667,4660.730522,3378.242242
2019/5/3 22:48,671060.4,4619.040615,3354.636343
2019/5/3 22:51,671223.9444,4656.398948,3387.533105
2019/5/3 22:54,670486.35,4752.573463,3401.296713
2019/5/3 22:57,670010.7667,4811.411401,3409.340226
2019/5/3 23:00,670537.0278,4722.126328,3335.166464
2019/5/3 23:03,670710.1,4711.842286,3317.308837
2019/5/3 23:06,674308.8889,4849.140671,3364.909427
2019/5/3 23:09,677484.7667,4800.653312,3306.217181
2019/5/3 23:12,683729.3778,4798.106945,3315.323262
2019/5/3 23:15,686552.4056,4947.80261,3400.51291
2019/5/3 23:18,686083.2333,4872.917489,3380.215876
2019/5/3 23:21,685040.8222,4872.944837,3401.423771
2019/5/3 23:24,682430.25,4841.013829,3385.836895
2019/5/3 23:27,678154.1778,4821.405792,3390.58363
2019/5/3 23:30,679743.0222,4875.409396,3396.644233
2019/5/3 23:33,670446.8222,4674.666481,3274.406222
2019/5/3 23:36,672837.8722,4557.306691,3175.623996
2019/5/3 23:39,676670.7278,4587.990906,3146.306337
2019/5/3 23:42,680423.3778,4524.08355,3107.130317
2019/5/3 23:45,673427.0778,4586.853202,3113.139573
2019/5/3 23:48,670820.9722,4533.328622,3117.587576
2019/5/3 23:51,678328.6333,4555.007988,3197.153929
2019/5/3 23:54,681645.4389,4531.064602,3156.815738
2019/5/3 23:57,678619.3722,4521.73394,3137.480788
2019/5/4 0:00,672158.1278,4585.38905,3189.492567
2019/5/4 0:03,667671.9944,4449.700473,3152.181285
2019/5/4 0:06,669549.1833,4459.726593,3187.284144
2019/5/4 0:09,673872.8556,4515.239749,3145.249499
2019/5/4 0:12,674556.8389,4521.080625,3111.545169
2019/5/4 0:15,671120.5167,4594.353409,3091.965679
2019/5/4 0:18,663082.1278,4526.861835,3053.365708
2019/5/4 0:21,677485.9722,4690.073661,3163.015185
2019/5/4 0:24,676690.7778,4541.265671,3213.692871
2019/5/4 0:27,677139.0389,4427.617306,3205.961785
2019/5/4 0:30,672366.45,4182.535367,3130.910768
2019/5/4 0:33,673305.9389,4199.569746,3138.530531
2019/5/4 0:36,675325.8556,4247.496147,3179.705645
2019/5/4 0:39,681548.3167,4189.082079,3147.938981
2019/5/4 0:42,684617.0722,4256.686569,3185.318828
2019/5/4 0:45,677444.6333,4226.318548,3113.101466
2019/5/4 0:48,674035.6167,4236.768338,3102.474064
2019/5/4 0:51,674994.45,4333.490605,3128.787385
2019/5/4 0:54,668288.8944,4231.006559,2998.239233
2019/5/4 0:57,656700.8833,4150.771282,2911.762176
2019/5/4 1:00,665785.4944,4459.773458,3061.795899
2019/5/4 1:03,673534.6889,4427.841734,3083.808392
2019/5/4 1:06,670255.4778,4349.829759,3097.809554
2019/5/4 1:09,665527.85,4255.597696,3081.968402
2019/5/4 1:12,669570.7722,4236.275757,3097.472558
2019/5/4 1:15,668917.2722,4333.102431,3166.210449
2019/5/4 1:18,666847.1889,4335.007974,3179.639368
2019/5/4 1:21,669617.7389,4526.026528,3299.405265
2019/5/4 1:24,672104.6611,4684.495289,3387.127585
2019/5/4 1:27,674695.6278,4772.572093,3455.295237
2019/5/4 1:30,671659.7333,4596.567339,3403.534962
2019/5/4 1:33,671338.2556,4481.598865,3360.332233
2019/5/4 1:36,680206.1778,4520.246076,3429.799802
2019/5/4 1:39,684186.5444,4434.321021,3399.649895
2019/5/4 1:42,679034.8556,4396.463605,3376.707516
2019/5/4 1:45,674733.4833,4427.636368,3329.205219
2019/5/4 1:48,676162.3222,4438.896595,3348.480242
2019/5/4 1:51,673149.9056,4625.727693,3450.88949
2019/5/4 1:54,665194.4167,4385.580104,3273.607729
2019/5/4 1:57,666272.8611,4360.256087,3190.486387
2019/5/4 2:00,673133.15,4357.058864,3313.475142
2019/5/4 2:03,681542.9778,4415.565858,3362.524425
2019/5/4 2:06,684901.5222,4566.484678,3474.669336
2019/5/4 2:09,683918.8333,4621.125619,3503.215082
2019/5/4 2:12,686237.8667,4700.898462,3551.982079
2019/5/4 2:15,686756.15,4586.211481,3579.601627
2019/5/4 2:18,683742.5944,4593.003549,3544.437892
2019/5/4 2:21,678031.4889,4653.336216,3517.869959
2019/5/4 2:24,679240.2833,4722.394341,3488.511952
2019/5/4 2:27,671014.1444,4680.762748,3419.873138
2019/5/4 2:30,673580.65,4870.636754,3516.569825
2019/5/4 2:33,681979.1111,4854.046751,3518.954659
2019/5/4 2:36,681341.1111,4792.832104,3502.413174
2019/5/4 2:39,676438.7056,4643.839459,3405.315869
2019/5/4 2:42,680764.5333,4692.436992,3412.824619
2019/5/4 2:45,682887.9611,4713.483055,3387.791969
2019/5/4 2:48,666771.6556,4456.968473,3233.832614
2019/5/4 2:51,653540.5778,4252.281224,3095.91584
2019/5/4 2:54,659570.85,4207.088608,3078.333634
2019/5/4 2:57,659710.8722,4158.974794,3074.917893
2019/5/4 3:00,653986.3444,4002.764511,3006.266144
2019/5/4 3:03,659251.5389,4041.968908,3040.824538
2019/5/4 3:06,667240.5611,4089.626107,3090.265326
2019/5/4 3:09,661262.3,3998.686581,2981.710936
2019/5/4 3:12,685778.5333,4130.030903,3014.15445
2019/5/4 3:15,695747.9611,4245.440131,3088.730099
2019/5/4 3:18,695109.8111,4124.73717,2986.87198
2019/5/4 3:21,693325.5111,4058.060733,2895.912375
2019/5/4 3:24,711457.85,4291.239776,3003.352856
2019/5/4 3:27,716776.9389,4395.327983,3039.922817
2019/5/4 3:30,703397.0944,4277.775866,2895.810213
2019/5/4 3:33,702692.95,4380.945208,2936.301145
2019/5/4 3:36,709087.15,4599.590463,3025.273398
2019/5/4 3:39,707489.1667,4404.699893,2961.813382
2019/5/4 3:42,702952.1556,4258.084101,2907.634873
2019/5/4 3:45,700518.2667,4214.259464,2953.588274
2019/5/4 3:48,710492.9,4305.899481,3018.637998
2019/5/4 3:51,694348.3222,4297.485114,3015.813303
2019/5/4 3:54,682567.9389,4151.671744,2940.341024
2019/5/4 3:57,694869.3333,4227.006091,2984.17267
2019/5/4 4:00,705954.8778,4555.875581,3106.566189
2019/5/4 4:03,696960.8444,4463.178784,3062.474177
2019/5/4 4:06,691941.5444,4387.03937,2994.879085
2019/5/4 4:09,700626.3278,4313.479329,2999.471672
2019/5/4 4:12,710111.6611,4351.512066,3037.203006
2019/5/4 4:15,705257.7389,4067.810266,2974.583563
2019/5/4 4:18,688385.9944,4012.057138,2932.207528
2019/5/4 4:21,683736.8944,4155.261585,2991.861531
2019/5/4 4:24,699298.3,4368.053017,3066.051183
2019/5/4 4:27,711439.7444,4544.697871,3127.262913
2019/5/4 4:30,692751.6667,4283.150296,2967.821777
2019/5/4 4:33,679858.0278,4222.73235,2926.540795
2019/5/4 4:36,687033.9167,4312.859178,2983.727764
2019/5/4 4:39,698658.8833,4281.827473,3019.504826
2019/5/4 4:42,692842.4444,4225.627896,2993.888225
2019/5/4 4:45,701543.6167,4370.45433,3040.868006
2019/5/4 4:48,708061.3833,4370.202119,3067.013833
2019/5/4 4:51,679737.05,4313.951015,3112.942496
2019/5/4 4:54,667846.6222,4114.874051,3084.878487
2019/5/4 4:57,661728.9889,4081.623216,3056.895092
2019/5/4 5:00,674061.1278,4116.411065,3042.785571
2019/5/4 5:03,685891.9889,4181.298103,3058.704268
2019/5/4 5:06,668310.05,4117.153658,3045.078881
2019/5/4 5:09,655829.0389,4005.67738,2972.778187
2019/5/4 5:12,655345.5278,4020.312867,2971.457596
2019/5/4 5:15,660766.8833,4176.02614,3061.458645
2019/5/4 5:18,650743.4111,4088.686411,3029.377633
2019/5/4 5:21,656872.6611,4045.849598,3052.582735
2019/5/4 5:24,657494.1222,4149.249643,3102.030576
2019/5/4 5:27,652765.9833,4180.961622,3093.756721
2019/5/4 5:30,652019.5778,4178.281914,3070.065883
2019/5/4 5:33,657078.0944,4128.11876,3045.039121
2019/5/4 5:36,654667.1889,4151.412154,3089.232793
2019/5/4 5:39,667188.8444,4193.454597,3113.080616
2019/5/4 5:42,667097.6056,4146.744217,3081.828621
2019/5/4 5:45,656669.0944,4028.790212,2986.623543
2019/5/4 5:48,673611.2833,4063.521326,3001.608477
2019/5/4 5:51,667319.2722,4138.573803,3025.543215
2019/5/4 5:54,672030.6278,4033.702593,2950.661906
2019/5/4 5:57,679094.5833,4024.392911,2911.974583
2019/5/4 6:00,692162.8667,4055.922992,2898.635637
2019/5/4 6:03,685188.1444,4151.280067,2948.078023
2019/5/4 6:06,681772.4889,4295.098045,3009.264543
2019/5/4 6:09,673930.2222,4221.80474,2952.446015
2019/5/4 6:12,674811.1778,4226.569264,2897.228586
2019/5/4 6:15,679194.9833,3999.948423,2844.760935
2019/5/4 6:18,678057.7556,4055.691587,2871.686779
2019/5/4 6:21,667364.3778,4055.997923,2894.25691
2019/5/4 6:24,661358.35,3960.102654,2894.127713
2019/5/4 6:27,670745.7889,4011.679152,2904.120157
2019/5/4 6:30,671137.5278,4231.496264,2889.687037
2019/5/4 6:33,671876.7222,4321.590275,2882.475239
2019/5/4 6:36,687876.2056,4509.559138,2938.959194
2019/5/4 6:39,683016.1611,4541.551174,2959.453239
2019/5/4 6:42,671141.2944,4558.924688,2954.290146
2019/5/4 6:45,664515.3611,4583.268627,2911.553474
2019/5/4 6:48,666299.4944,4580.175079,2899.469043
2019/5/4 6:51,668881.4167,4700.853319,2914.833865
2019/5/4 6:54,686462.6389,4683.929017,2915.323102
2019/5/4 6:57,695368.3889,4621.989458,2896.856987
2019/5/4 7:00,708126.6,4723.969251,2944.890031
2019/5/4 7:03,712858.2333,4746.857543,2945.726075
2019/5/4 7:06,715579.4222,4721.22903,2944.43769
2019/5/4 7:09,714716.9333,4749.256971,2971.528448
2019/5/4 7:12,704962.8333,4671.135284,2965.741961
2019/5/4 7:15,680312.25,4513.645352,2913.783081
2019/5/4 7:18,683386.1889,4451.406872,2888.954694
2019/5/4 7:21,691278.4889,4476.147432,2913.5191
2019/5/4 7:24,694200.0444,4546.102192,3006.660303
2019/5/4 7:27,693183.5833,4611.896027,3084.407043
2019/5/4 7:30,667763.8,4639.679019,3024.613562
2019/5/4 7:33,662914.3722,4438.226606,2917.579029
2019/5/4 7:36,667300.3889,4522.808341,2971.546933
2019/5/4 7:39,672492.4667,4517.725117,3034.850139
2019/5/4 7:42,678236.4444,4530.193968,3065.028031
2019/5/4 7:45,679476.4,4548.538814,3114.062668
2019/5/4 7:48,677945.4111,4570.211374,3126.310634
2019/5/4 7:51,675749.7167,4631.384921,3163.031854
2019/5/4 7:54,673019.4667,4697.885032,3189.572298
2019/5/4 7:57,670354.1278,4711.633906,3193.35092
2019/5/4 8:00,665687.1833,4657.358811,3207.711226
2019/5/4 8:03,663775.5889,4632.393998,3198.361717
2019/5/4 8:06,659445.9222,4589.17224,3186.973255
2019/5/4 8:09,653777.6,4502.486549,3148.075811
2019/5/4 8:12,650558.9889,4446.718362,3131.832667
2019/5/4 8:15,635908,4536.908202,3143.421699
2019/5/4 8:18,637569.35,4545.32158,3146.21392
2019/5/4 8:21,637323.1722,4575.386094,3159.530541
2019/5/4 8:24,636625.3944,4559.242925,3163.370115
2019/5/4 8:27,637716.9056,4552.934484,3162.428108
2019/5/4 8:30,638640.0056,4570.450828,3162.31349
2019/5/4 8:33,640743.3667,4520.315384,3151.324227
2019/5/4 8:36,642646.9889,4447.8719,3145.333301
2019/5/4 8:39,643513.3222,4431.904453,3144.888101
2019/5/4 8:42,643402.8,4414.302573,3139.417992
2019/5/4 8:45,642429.2722,4391.66693,3137.064027
2019/5/4 8:48,642299.9056,4375.769219,3130.680808
2019/5/4 8:51,642896.3389,4357.411135,3131.434741
2019/5/4 8:54,646727.3778,4360.403091,3132.703224
2019/5/4 8:57,647709.4444,4363.21057,3127.319304
2019/5/4 9:00,648117.1833,4408.555554,3142.247985
2019/5/4 9:03,646786.7722,4365.447322,3135.456548
2019/5/4 9:06,646695.5,4298.322688,3137.879992
2019/5/4 9:09,648646.5222,4337.519989,3142.365041
2019/5/4 9:12,650038.1111,4352.109957,3141.842425
2019/5/4 9:15,650171.5722,4378.813983,3147.499409
2019/5/4 9:18,649425.5278,4283.872383,3135.135435
2019/5/4 9:21,650950.6667,4101.706878,3123.618569
2019/5/4 9:24,651691.4778,4007.196416,3072.821159
2019/5/4 9:27,655848.4778,3971.849538,3051.293038
2019/5/4 9:30,661040.9444,4174.523049,3034.485537
2019/5/4 9:33,662751.8444,4180.101077,3029.67479
2019/5/4 9:36,667722.4778,4164.312372,3019.426759
2019/5/4 9:39,671855.0278,4248.771647,3021.01622
2019/5/4 9:42,680677.7667,4289.510316,3033.998925
2019/5/4 9:45,684194.5889,4587.874253,3095.537899
2019/5/4 9:48,690884.9444,4688.526651,3159.217998
2019/5/4 9:51,691365.2111,4843.698377,3248.501028
2019/5/4 9:54,684330.4722,4845.166232,3268.037911
2019/5/4 9:57,671014.5389,4755.568857,3241.216137
2019/5/4 10:00,662227.5889,4735.316804,3228.202167
2019/5/4 10:03,655818.6778,4678.568979,3200.303047
2019/5/4 10:06,653731.4944,4694.461098,3215.501713
2019/5/4 10:09,652298.1278,4678.71297,3215.296089
2019/5/4 10:12,653202.55,4666.523296,3210.094981
2019/5/4 10:15,655076.7278,4728.300532,3217.105069
2019/5/4 10:18,659044.2222,4730.716438,3213.136851
2019/5/4 10:21,662135.0944,4732.316966,3217.020385
2019/5/4 10:24,662845.8722,4633.51498,3212.77727
2019/5/4 10:27,660467.9556,4578.339012,3202.088639
2019/5/4 10:30,653834.1,4587.167396,3200.772931
2019/5/4 10:33,635819.8,4516.00965,3178.623648
2019/5/4 10:36,638001.5,4476.004031,3184.660253
2019/5/4 10:39,638254.1222,4553.738406,3196.802851
2019/5/4 10:42,637827.0333,4579.945034,3194.741058
2019/5/4 10:45,635417.6333,4693.61573,3219.844717
2019/5/4 10:48,635532.7,4697.217811,3221.539455
2019/5/4 10:51,637039.9389,4729.057064,3234.94826
2019/5/4 10:54,638990.2333,4750.065435,3247.670276
2019/5/4 10:57,640408.3556,4750.88164,3248.629801
2019/5/4 11:00,642601.4056,4683.040545,3259.80138
2019/5/4 11:03,642833.1278,4659.903243,3240.277834
2019/5/4 11:06,641831.1,4669.489969,3229.930688
2019/5/4 11:09,641932.8167,4594.005694,3221.28251
2019/5/4 11:12,640202.0833,4537.989027,3207.184331
2019/5/4 11:15,638390.9778,4425.243415,3205.144855
2019/5/4 11:18,636912.9278,4418.24742,3193.745421
2019/5/4 11:21,635945.6222,4429.28,3189.693433
2019/5/4 11:24,634381.4944,4506.318199,3194.933801
2019/5/4 11:27,634181.85,4535.003859,3191.129813
2019/5/4 11:30,633725.0722,4561.036026,3205.485927
2019/5/4 11:33,633971.1889,4593.111232,3206.543388
2019/5/4 11:36,634194.5833,4670.183848,3221.845426
2019/5/4 11:39,634673.8889,4626.810586,3228.25874
2019/5/4 11:42,634737.8444,4598.271119,3227.803178
2019/5/4 11:45,634058.4722,4573.648312,3231.450555
2019/5/4 11:48,633805.8889,4577.84691,3220.859643
2019/5/4 11:51,632474.7167,4608.640147,3213.568996
2019/5/4 11:54,631999.8833,4553.854124,3209.192594
2019/5/4 11:57,633349.75,4527.360169,3204.88881
2019/5/4 12:00,632684.8167,4481.974471,3217.350677
2019/5/4 12:03,631914.9556,4426.268107,3205.984237
2019/5/4 12:06,630666.6611,4358.032104,3207.89842
2019/5/4 12:09,629363.5222,4362.252751,3213.497494
2019/5/4 12:12,630864.3889,4362.252011,3210.910126
2019/5/4 12:15,632353.6722,4405.414004,3224.264765
2019/5/4 12:18,632538.5833,4358.964943,3214.546547
2019/5/4 12:21,631232.9333,4290.629964,3206.034515
2019/5/4 12:24,629222.8167,4295.200203,3199.529091
2019/5/4 12:27,628416.9278,4280.530528,3188.548408
2019/5/4 12:30,627373.6444,4310.989031,3198.405373
2019/5/4 12:33,627090.7056,4209.119656,3185.991215
2019/5/4 12:36,627077.2944,4021.521412,3181.308188
2019/5/4 12:39,626615.8222,4040.859193,3172.172894
2019/5/4 12:42,627355.1167,4045.60755,3164.657367
2019/5/4 12:45,626609.7778,4088.211626,3158.34668
2019/5/4 12:48,627631.4444,4101.795527,3153.757928
2019/5/4 12:51,628436.4889,4158.410698,3155.299673
2019/5/4 12:54,628536.8833,4210.815567,3167.026752
2019/5/4 12:57,628795.4444,4237.250943,3168.399721
2019/5/4 13:00,630613.4278,4238.477288,3192.125838
2019/5/4 13:03,631020.8167,4211.567523,3178.02874
2019/5/4 13:06,632460.9167,4216.494111,3177.328876
2019/5/4 13:09,632536.7944,4202.403529,3182.871054
2019/5/4 13:12,631946.45,4177.489245,3175.976163
2019/5/4 13:15,631937.2833,4183.652198,3182.44535
2019/5/4 13:18,632950.3333,4203.23129,3176.389579
2019/5/4 13:21,633397.4722,4252.469918,3179.779742
2019/5/4 13:24,635400.3833,4199.61126,3176.482962
2019/5/4 13:27,635312.0611,4160.457557,3165.953821
2019/5/4 13:30,636181.1556,4198.461929,3178.177989
2019/5/4 13:33,639185.7333,4152.992122,3169.508805
2019/5/4 13:36,640043.2056,4091.657051,3169.253207
2019/5/4 13:39,641745.8,4070.757561,3162.584619
2019/5/4 13:42,642224.3056,4060.020483,3155.888635
2019/5/4 13:45,640474.2611,4089.03471,3169.685799
2019/5/4 13:48,640364.2778,4055.78074,3164.625669
2019/5/4 13:51,641056.0389,4005.760833,3167.376073
2019/5/4 13:54,641839.0444,3983.186467,3171.990095
2019/5/4 13:57,642564.9556,3964.286512,3168.108552
2019/5/4 14:00,643214.95,3833.541915,3181.950993
2019/5/4 14:03,643890.0778,3828.284962,3173.062515
2019/5/4 14:06,643449.75,3846.883128,3177.782976
2019/5/4 14:09,643936.6111,3856.272688,3165.934863
2019/5/4 14:12,643249.9222,3834.412594,3146.228906
2019/5/4 14:15,642668.6833,4013.450488,3162.679301
2019/5/4 14:18,642732.7556,4057.340043,3161.212112
2019/5/4 14:21,642322.2222,4183.224753,3176.174789
2019/5/4 14:24,641532.4556,4078.048937,3177.77027
2019/5/4 14:27,640893.1889,4002.932696,3167.795249
2019/5/4 14:30,639955.8778,3932.731646,3169.281758
2019/5/4 14:33,639807.6,3919.192164,3161.775687
2019/5/4 14:36,640930.4556,3914.692567,3165.65615
2019/5/4 14:39,641609.7222,3960.461431,3167.167123
2019/5/4 14:42,643497.0889,3975.462323,3163.950243
2019/5/4 14:45,644148.9278,3594.671041,3150.70706
2019/5/4 14:48,645990.2333,3715.608235,3147.850723
2019/5/4 14:51,649981.9111,3970.968893,3152.311847
2019/5/4 14:54,654005.3389,3946.405733,3149.6601
2019/5/4 14:57,653927.4722,3932.044016,3147.549204
2019/5/4 15:00,652331.6722,4103.285176,3179.680037
2019/5/4 15:03,649695.7556,4115.560556,3168.798078
2019/5/4 15:06,649082.6778,4206.880273,3165.055758
2019/5/4 15:09,649084.2833,4248.98811,3188.239169
2019/5/4 15:12,648609.5722,4237.691458,3184.56033
2019/5/4 15:15,647909.3,4222.004561,3201.089248
2019/5/4 15:18,645824.3944,4180.990011,3189.727078
2019/5/4 15:21,645116.0556,4130.197621,3187.913358
2019/5/4 15:24,645712.7389,4005.384849,3188.418271
2019/5/4 15:27,646198.4611,3918.911957,3179.271685
2019/5/4 15:30,644562.9667,3459.169845,3161.858465
2019/5/4 15:33,645910.1111,3359.352227,3143.365608
2019/5/4 15:36,646578.1222,3195.872949,3113.867214
2019/5/4 15:39,649888.2111,3556.069695,3144.559711
2019/5/4 15:42,651158.7944,3719.422579,3158.01199
2019/5/4 15:45,651873.0556,4130.055066,3213.207282
2019/5/4 15:48,647009.6556,4239.999554,3134.192172
2019/5/4 15:51,653524.1556,4455.071906,3229.739614
2019/5/4 15:54,656529.3,4467.256165,3270.101993
2019/5/4 15:57,656063.4222,4466.175455,3286.624624
2019/5/4 16:00,653205.9556,4171.609791,3258.881882
2019/5/4 16:03,651879.2889,4124.988868,3239.536802
2019/5/4 16:06,650563.8389,4062.797649,3213.382782
2019/5/4 16:09,650043,4000.067226,3183.931641
2019/5/4 16:12,649517.0778,3955.830904,3163.822308
2019/5/4 16:15,649564.05,3817.206017,3145.474423
2019/5/4 16:18,651674.0222,4004.953105,3167.516004
2019/5/4 16:21,653698.2722,4430.237582,3226.995116
2019/5/4 16:24,655349.2056,4501.058127,3253.643896
2019/5/4 16:27,655291.6333,4514.290823,3254.50361
2019/5/4 16:30,653665.0389,4499.688063,3257.043608
2019/5/4 16:33,650749.4944,4438.394697,3232.310841
2019/5/4 16:36,647116.5556,4401.94218,3216.302528
2019/5/4 16:39,649200.2944,4373.980131,3232.446395
2019/5/4 16:42,650645.6389,4377.623114,3252.580313
2019/5/4 16:45,651084.1111,4418.211597,3250.972053
2019/5/4 16:48,652400.7,4377.701603,3247.233534
2019/5/4 16:51,652363.7833,4323.164089,3257.34786
2019/5/4 16:54,652489.6333,4419.339784,3277.158501
2019/5/4 16:57,651191.8333,4465.843107,3282.401113
2019/5/4 17:00,648316.6611,4495.789417,3236.83939
2019/5/4 17:03,643759.6,4437.360412,3225.652211
2019/5/4 17:06,641183.3778,4376.245171,3238.894697
2019/5/4 17:09,639154.4778,4286.924249,3211.307663
2019/5/4 17:12,639935.45,4226.912888,3188.707613
2019/5/4 17:15,640018.4167,4233.444902,3191.721907
2019/5/4 17:18,640431.9556,4191.150314,3172.937008
2019/5/4 17:21,640551.0611,4181.845661,3174.150822
2019/5/4 17:24,639533.0833,4184.20192,3176.758965
2019/5/4 17:27,638104.1611,4145.432714,3161.319275
2019/5/4 17:30,640839.9556,4309.379526,3190.085173
2019/5/4 17:33,642127.2611,4339.83351,3199.000085
2019/5/4 17:36,640713.5111,4404.379159,3212.906991
2019/5/4 17:39,638708.1167,4392.31985,3208.412269
2019/5/4 17:42,637258.2444,4377.401392,3205.597727
2019/5/4 17:45,636925.4833,4435.439838,3220.249596
2019/5/4 17:48,637393.0389,4400.57905,3214.369856
2019/5/4 17:51,641836.6333,4374.183594,3230.371529
2019/5/4 17:54,643349.6833,4246.800177,3224.867737
2019/5/4 17:57,643571.9222,4153.694106,3209.133923
2019/5/4 18:00,642550.1389,4324.252749,3213.010258
2019/5/4 18:03,642004.3611,4252.924244,3193.554494
2019/5/4 18:06,638945.9444,4167.299526,3179.917045
2019/5/4 18:09,637391.2,3817.710069,3167.23694
2019/5/4 18:12,640275.1,3691.20846,3195.729349
2019/5/4 18:15,642546.25,3452.53171,3160.879709
2019/5/4 18:18,638879.8889,3374.451823,3114.09626
2019/5/4 18:21,639585.4222,3335.198165,3105.548802
2019/5/4 18:24,642419.0222,3330.279082,3090.155043
2019/5/4 18:27,645107.5944,3394.2166,3110.049607
2019/5/4 18:30,645310.9722,3125.91662,3058.071508
2019/5/4 18:33,654758.4611,3068.549023,3071.875843
2019/5/4 18:36,658716.8444,3037.061261,3107.672734
2019/5/4 18:39,656619.3778,2982.225173,3024.012239
2019/5/4 18:42,664213.2778,3006.747264,3021.069627
2019/5/4 18:45,670554.7833,3284.975185,3125.475592
2019/5/4 18:48,671009.4,3242.85747,3066.991949
2019/5/4 18:51,656698.5556,3217.448894,2973.616838
2019/5/4 18:54,657783.0556,3128.591926,2944.189738
2019/5/4 18:57,668671.5333,3257.350785,3017.504703
2019/5/4 19:00,678024.2889,3482.378888,3051.263017
2019/5/4 19:03,673789.8333,3405.828637,3017.520192
2019/5/4 19:06,677011.95,3473.224565,3030.761039
2019/5/4 19:09,687856.3333,3499.720726,3013.766452
2019/5/4 19:12,685955.0333,3512.186906,3010.102031
2019/5/4 19:15,684127.3889,3586.578133,3048.41049
2019/5/4 19:18,682769.6944,3579.586471,3078.718847
2019/5/4 19:21,681161.4944,3669.382876,3184.509532
2019/5/4 19:24,686851.85,3782.643958,3249.518947
2019/5/4 19:27,686361.3944,3870.818212,3297.54681
2019/5/4 19:30,688621.8167,3819.636403,3259.579297
2019/5/4 19:33,692377.5944,3791.938556,3253.41648
2019/5/4 19:36,692498.5611,3833.246536,3255.233525
2019/5/4 19:39,691123.9222,3915.708273,3233.506678
2019/5/4 19:42,694127.5389,3989.784049,3258.163764
2019/5/4 19:45,688417.5556,3830.035103,3109.940089
2019/5/4 19:48,631031.6611,3761.393592,2792.374467
2019/5/4 19:51,642559.0167,3954.543116,2875.437091
2019/5/4 19:54,675806.6278,4129.79703,2963.129742
2019/5/4 19:57,677074.4611,4219.395276,3019.984944
2019/5/4 20:00,659200.1333,4473.13205,3041.459522
2019/5/4 20:03,655218.7667,4315.448258,2975.895184
2019/5/4 20:06,651225.7611,4172.841895,2934.677768
2019/5/4 20:09,676370.0556,4313.377229,3003.068503
2019/5/4 20:12,680000.3278,4361.126256,3015.051456
2019/5/4 20:15,669393.4278,4223.940692,2841.799091
2019/5/4 20:18,681005.0167,4237.458097,2815.290935
2019/5/4 20:21,715855.0667,4437.00926,2892.863638
2019/5/4 20:24,737762.5389,4501.412749,2843.709959
2019/5/4 20:27,749012.75,4517.73235,2806.697039
2019/5/4 20:30,742232.8611,4702.19161,2873.074315
2019/5/4 20:33,727391.3556,4555.955306,2804.055079
2019/5/4 20:36,709305.8667,4374.927363,2716.885317
2019/5/4 20:39,695053.6778,4362.844381,2729.66201
2019/5/4 20:42,689356.2944,4378.461059,2747.010592
2019/5/4 20:45,694401.5778,4353.001476,2777.449198
2019/5/4 20:48,698018.7111,4376.826367,2781.0679
2019/5/4 20:51,688997.3056,4310.157781,2734.725128
2019/5/4 20:54,680958.35,4202.483537,2742.686739
2019/5/4 20:57,699966.9444,4301.581177,2813.687198
2019/5/4 21:00,713150.0667,4170.924036,2728.900592
2019/5/4 21:03,696574.8333,4125.798251,2702.244964
2019/5/4 21:06,702098.5111,4243.452915,2767.567074
2019/5/4 21:09,678794.5222,4024.735293,2659.514743
2019/5/4 21:12,669638.5,3941.933947,2627.39991
2019/5/4 21:15,675431.6722,4063.494195,2709.135497
2019/5/4 21:18,669859.5278,4105.513547,2705.27769
2019/5/4 21:21,677908,4253.615516,2745.627627
2019/5/4 21:24,686055.8111,4194.267536,2743.285413
2019/5/4 21:27,693189.9889,4214.156197,2754.413199
2019/5/4 21:30,699927.2556,4075.398309,2715.07431
2019/5/4 21:33,696908.7,4174.989621,2749.754393
2019/5/4 21:36,694455.2667,4362.159828,2793.540649
2019/5/4 21:39,694277.1389,4229.272769,2740.579168
2019/5/4 21:42,692149.3056,4257.775584,2741.55951
2019/5/4 21:45,698848.1556,4093.525434,2731.422549
2019/5/4 21:48,692143.3833,4052.40149,2722.246939
2019/5/4 21:51,684983.2722,4132.016741,2777.235143
2019/5/4 21:54,684354.8167,4084.35678,2817.907953
2019/5/4 21:57,684469.0889,4141.625121,2869.280593
2019/5/4 22:00,701975.7056,4421.888898,3012.873468
2019/5/4 22:03,707139.7889,4375.331293,3011.405429
2019/5/4 22:06,688453.6167,4314.584866,2981.21669
2019/5/4 22:09,680594.8833,4193.864065,2905.083435
2019/5/4 22:12,687194.1222,4196.130297,2903.165159
2019/5/4 22:15,680705.8556,4229.769037,2923.403573
2019/5/4 22:18,685011.0111,4259.530358,2887.505787
2019/5/4 22:21,680812.5389,4293.793291,2868.111095
2019/5/4 22:24,700183.0222,4236.423392,2868.182935
2019/5/4 22:27,694337.0778,4162.297716,2837.476375
2019/5/4 22:30,704290.7556,4461.846827,2977.626921
2019/5/4 22:33,702087.6722,4475.340919,2964.125867
2019/5/4 22:36,693671.7,4519.337068,2907.465129
2019/5/4 22:39,710242.5167,4423.81608,2889.530077
2019/5/4 22:42,722518.9389,4464.876587,2948.737719
2019/5/4 22:45,695431.0889,4321.803723,2839.669273
2019/5/4 22:48,680247.7111,4264.953633,2809.077503
2019/5/4 22:51,683720.4,4357.54626,2861.746678
2019/5/4 22:54,677083.7056,4233.305217,2791.789908
2019/5/4 22:57,686835.3889,4257.099213,2818.798753
2019/5/4 23:00,694997.4333,4248.492408,2925.664278
2019/5/4 23:03,706923.7556,4222.819533,2921.238592
2019/5/4 23:06,693514.9833,4148.820615,2877.378366
2019/5/4 23:09,702458.6222,4102.526927,2848.912716
2019/5/4 23:12,693764.9278,4024.158711,2789.822951
2019/5/4 23:15,687459.7556,3952.833646,2795.646841
2019/5/4 23:18,686868.5667,4039.148805,2850.044768
2019/5/4 23:21,683892.1333,4124.971095,2876.260622
2019/5/4 23:24,682175.1889,3965.245595,2766.176232
2019/5/4 23:27,686320.4111,4004.404849,2781.139193
2019/5/4 23:30,710495.7167,4177.186482,2883.109969
2019/5/4 23:33,707661.2889,4065.370948,2809.107602
2019/5/4 23:36,707202.7722,3934.353632,2763.007896
2019/5/4 23:39,712994.1,4055.224171,2838.496832
2019/5/4 23:42,706456.6,4051.085566,2839.332367
2019/5/4 23:45,695591.7889,3905.972153,2785.579691
2019/5/4 23:48,696576.7722,3898.172306,2803.539582
2019/5/4 23:51,691401.7667,3832.010272,2776.151763
2019/5/4 23:54,681989.2333,3653.244346,2678.169441
2019/5/4 23:57,693228.0444,3702.176747,2725.821544
2019/5/5 0:00,686691.7444,3701.418114,2730.35424
2019/5/5 0:03,693309.0444,3620.973793,2710.177862
2019/5/5 0:06,698619.5722,3678.781485,2780.522221
2019/5/5 0:09,691076.9722,3910.865938,2737.746483
2019/5/5 0:12,697516.2778,3996.103288,2716.78039
2019/5/5 0:15,704435.0111,4279.073524,2861.535565
2019/5/5 0:18,712738.8833,4306.169975,2872.510631
2019/5/5 0:21,722214.8222,4462.167774,2903.131516
2019/5/5 0:24,736333.5833,4488.216703,2979.140305
2019/5/5 0:27,730315.3722,4429.023377,2986.695503
2019/5/5 0:30,716682.65,4185.955195,2959.217682
2019/5/5 0:33,713715.6167,4079.477178,2922.659855
2019/5/5 0:36,706652.1056,3832.268648,2871.255863
2019/5/5 0:39,698948.8556,3754.269649,2854.759681
2019/5/5 0:42,688690.2389,3708.354981,2820.442973
2019/5/5 0:45,684462.1611,3769.233025,2801.01133
2019/5/5 0:48,701652.2667,3850.652534,2853.316027
2019/5/5 0:51,705094.1278,3825.349934,2848.853052
2019/5/5 0:54,691189.6944,3780.339809,2812.783436
2019/5/5 0:57,686570.1889,3758.224,2789.40246
2019/5/5 1:00,697117.6444,3941.270524,2742.723711
2019/5/5 1:03,701198.7278,3925.827015,2772.13068
2019/5/5 1:06,694996.2889,3746.22117,2774.879473
2019/5/5 1:09,678991.1278,3673.529391,2732.314198
2019/5/5 1:12,682779.8944,3725.938413,2767.400093
2019/5/5 1:15,681522.3944,3625.272992,2748.203826
2019/5/5 1:18,681025.2778,3598.954776,2756.631361
2019/5/5 1:21,690974.3611,3630.031151,2853.868651
2019/5/5 1:24,696922.3278,3859.142243,3010.16369
2019/5/5 1:27,690345.3667,3938.574817,3079.269771
2019/5/5 1:30,690194.3889,4109.591987,3228.625237
2019/5/5 1:33,689728.4944,4027.239694,3254.998929
2019/5/5 1:36,691359.75,4001.936913,3353.15394
2019/5/5 1:39,689158.8444,4067.815858,3397.727753
2019/5/5 1:42,692723.7278,4141.557981,3450.901481
2019/5/5 1:45,698911.0222,4341.344877,3508.000565
2019/5/5 1:48,704421.7722,4317.961422,3501.032963
2019/5/5 1:51,697079.4333,4164.850215,3414.442573
2019/5/5 1:54,693255.9111,4135.610904,3443.578059
2019/5/5 1:57,695340.8611,4182.156132,3498.865212
2019/5/5 2:00,695840.55,4247.208986,3494.467879
2019/5/5 2:03,696175.4722,4265.500875,3492.792186
2019/5/5 2:06,691749.4,4293.28564,3460.874329
2019/5/5 2:09,689810.6778,4317.188838,3471.1934
2019/5/5 2:12,696031.7167,4328.027183,3513.631333
2019/5/5 2:15,697035.4222,4403.174071,3581.428609
2019/5/5 2:18,702195.8889,4374.541681,3586.633804
2019/5/5 2:21,701408.7333,4351.57262,3616.043762
2019/5/5 2:24,707971.2056,4304.826332,3614.176556
2019/5/5 2:27,711168.4222,4287.329112,3614.461305
2019/5/5 2:30,704931.6333,4205.415033,3496.831715
2019/5/5 2:33,697515.2778,4149.914726,3404.673926
2019/5/5 2:36,701952.3611,4191.024766,3342.140797
2019/5/5 2:39,708981.4167,4011.163508,3254.826005
2019/5/5 2:42,695799.2556,3927.150112,3194.903179
2019/5/5 2:45,690443.0611,3809.053888,2963.37341
2019/5/5 2:48,681820.9,3785.937832,2922.105342
2019/5/5 2:51,668572.8389,3691.269632,2851.284391
2019/5/5 2:54,668294.0722,3541.520834,2745.7643
2019/5/5 2:57,667120.4389,3518.579615,2698.975623
2019/5/5 3:00,661133.7778,3391.611212,2589.913263
2019/5/5 3:03,671036.2944,3409.491281,2573.180468
2019/5/5 3:06,681917.2944,3526.154989,2572.25192
2019/5/5 3:09,686000.7111,3652.974895,2588.640999
2019/5/5 3:12,688518.6056,3709.356192,2578.772868
2019/5/5 3:15,697691.0833,3564.050216,2620.448303
2019/5/5 3:18,679688.4889,3575.471207,2580.675982
2019/5/5 3:21,671421.6056,3636.364808,2535.960957
2019/5/5 3:24,675483.8889,3490.714058,2515.245994
2019/5/5 3:27,665394.8167,3449.977663,2503.03892
2019/5/5 3:30,662912.4111,3555.063525,2476.990324
2019/5/5 3:33,662379.4389,3509.103841,2458.624138
2019/5/5 3:36,673992.2889,3483.03138,2455.50642
2019/5/5 3:39,690959.0056,3601.666059,2465.835846
2019/5/5 3:42,682926.2722,3614.259164,2451.730026
2019/5/5 3:45,668351.3167,3464.418934,2439.285953
2019/5/5 3:48,656954.3333,3475.165759,2424.582744
2019/5/5 3:51,660485.8333,3495.806493,2432.647832
2019/5/5 3:54,665602.4722,3598.935308,2465.254558
2019/5/5 3:57,663288.7167,3673.111604,2473.052729
2019/5/5 4:00,674146.3556,3642.95076,2513.739585
2019/5/5 4:03,665826.6833,3609.614858,2499.333245
2019/5/5 4:06,662167.3444,3563.524353,2494.136415
2019/5/5 4:09,661337.8722,3633.869874,2496.646762
2019/5/5 4:12,655643.1944,3660.198921,2488.704859
2019/5/5 4:15,663492.0389,3644.855857,2516.16012
2019/5/5 4:18,667071.3222,3664.446969,2504.149061
2019/5/5 4:21,670012.7667,3671.406635,2498.601893
2019/5/5 4:24,675905.4889,3599.788484,2513.710056
2019/5/5 4:27,671315.5889,3565.165192,2514.924719
2019/5/5 4:30,677577.3056,3715.687917,2550.538397
2019/5/5 4:33,671348.3611,3704.977195,2543.825281
2019/5/5 4:36,674935.5056,3667.657308,2550.338552
2019/5/5 4:39,680462.3167,3851.581703,2635.227775
2019/5/5 4:42,679442.4,3935.891405,2671.243101
2019/5/5 4:45,683745.9722,3991.041728,2733.155419
2019/5/5 4:48,683646.8833,3997.470897,2728.556202
2019/5/5 4:51,696836.2444,4053.174619,2741.250593
2019/5/5 4:54,710318.4611,4079.543818,2746.53271
2019/5/5 4:57,699865.75,4067.300777,2736.93528
2019/5/5 5:00,691853.2389,4114.970555,2763.892172
2019/5/5 5:03,692323.7778,4071.876928,2756.565648
2019/5/5 5:06,684382.3611,3960.847189,2734.990485
2019/5/5 5:09,677944.6722,3802.601601,2707.586374
2019/5/5 5:12,678980.9667,3730.363358,2694.695716
2019/5/5 5:15,683192.7611,3872.226024,2700.808152
2019/5/5 5:18,682574.9833,3899.559488,2700.045432
2019/5/5 5:21,679846.5611,3917.162543,2706.958771
2019/5/5 5:24,684109.5444,3897.235606,2693.005585
2019/5/5 5:27,683741.9,3903.817437,2689.560557
2019/5/5 5:30,690329.2944,3983.765314,2697.46713
2019/5/5 5:33,703877.0333,4015.35636,2714.627166
2019/5/5 5:36,689506.5556,4044.255103,2701.568465
2019/5/5 5:39,688823.4,4084.111407,2694.933113
2019/5/5 5:42,696881.1,4116.144875,2709.869309
2019/5/5 5:45,698357.6833,4152.690786,2745.227159
2019/5/5 5:48,695925.9167,4171.543495,2742.753875
2019/5/5 5:51,698793.3889,4181.380491,2755.944528
2019/5/5 5:54,697839.9389,4095.057703,2743.994318
2019/5/5 5:57,694670.9444,4025.585918,2729.937093
2019/5/5 6:00,695712.9667,4023.391884,2745.11787
2019/5/5 6:03,706482.2333,3996.846077,2751.781776
2019/5/5 6:06,699716.2056,3876.895728,2724.022949
2019/5/5 6:09,694651.4611,3873.747314,2732.75852
2019/5/5 6:12,693882.6722,3886.980962,2729.588923
2019/5/5 6:15,692020.8111,3933.009186,2715.900317
2019/5/5 6:18,691146.9444,3976.763097,2729.421437
2019/5/5 6:21,686137.1111,3993.996384,2710.260097
2019/5/5 6:24,694514.4056,3924.121413,2693.508718
2019/5/5 6:27,698290.0556,3922.268194,2695.331407
2019/5/5 6:30,701213.1111,3879.117004,2703.906793
2019/5/5 6:33,695779.6556,3918.870093,2683.69779
2019/5/5 6:36,699448.0444,3987.110007,2680.047505
2019/5/5 6:39,701711.0278,4171.361134,2710.257166
2019/5/5 6:42,711459.1444,4276.584286,2732.629037
2019/5/5 6:45,715528.6278,4296.984402,2810.481604
2019/5/5 6:48,721836.6,4310.735883,2824.435097
2019/5/5 6:51,719778.6611,4314.982164,2835.323977
2019/5/5 6:54,725689.2556,4323.761707,2851.234901
2019/5/5 6:57,726842.8111,4296.177856,2851.875031
2019/5/5 7:00,716412.9,4174.075933,2844.104788
2019/5/5 7:03,718315.9611,4106.604589,2840.530894
2019/5/5 7:06,718426.8944,4077.936449,2843.650381
2019/5/5 7:09,706054.9056,4001.196419,2820.40117
2019/5/5 7:12,675873.5833,3782.685641,2766.14997
2019/5/5 7:15,676634.5056,3860.467949,2818.850274
2019/5/5 7:18,678244.2722,3900.832264,2824.066795
2019/5/5 7:21,676031.7944,3999.481106,2849.779501
2019/5/5 7:24,677300.1667,4121.602421,2891.30695
2019/5/5 7:27,657671.9278,4063.658606,2848.933074
2019/5/5 7:30,658554.5833,4190.766427,2902.15015
2019/5/5 7:33,661728.8333,4205.69647,2938.338309
2019/5/5 7:36,662970.1944,4201.998749,2997.133947
2019/5/5 7:39,661195.4611,4193.323698,3015.910599
2019/5/5 7:42,654947.0556,4199.097722,2969.217102
2019/5/5 7:45,654267.3889,4224.155187,3005.659028
2019/5/5 7:48,653262.85,4238.392938,3020.429671
2019/5/5 7:51,651216.9167,4258.608068,3061.651928
2019/5/5 7:54,649825.9833,4202.845826,3076.024048
2019/5/5 7:57,647866.6,4172.370736,3076.777416
2019/5/5 8:00,649279.8778,4094.182026,3070.83172
2019/5/5 8:03,649839.6889,4092.413446,3060.670778
2019/5/5 8:06,648398.2889,4099.062823,3054.457652
2019/5/5 8:09,623066.4278,4121.644192,3014.436097
2019/5/5 8:12,610791.8444,4163.686575,3008.017392
2019/5/5 8:15,615178.75,4140.752596,3063.369737
2019/5/5 8:18,616400.1778,4172.140085,3062.16083
2019/5/5 8:21,615852.2556,4265.990604,3072.733031
2019/5/5 8:24,616252.3833,4257.675635,3076.693111
2019/5/5 8:27,617714.5056,4250.498022,3075.431464
2019/5/5 8:30,618458.5056,4306.950791,3094.066151
2019/5/5 8:33,617468.9333,4268.311831,3088.560606
2019/5/5 8:36,616564.9833,4193.323027,3088.319353
2019/5/5 8:39,615838.3167,4197.991266,3050.429908
2019/5/5 8:42,616838.55,4197.307083,3045.575968
2019/5/5 8:45,618041.6778,4208.315221,3052.078547
2019/5/5 8:48,619619.9222,4211.957153,3053.784329
2019/5/5 8:51,621759.8333,4238.296052,3070.077185
2019/5/5 8:54,624887.1333,4258.363718,3074.63228
2019/5/5 8:57,625646.3611,4257.329987,3068.481596
2019/5/5 9:00,625648.3556,4212.328105,3077.360282
2019/5/5 9:03,624917.4222,4219.333883,3073.129369
2019/5/5 9:06,627895.7778,4265.491498,3081.703211
2019/5/5 9:09,626463.2,4280.286941,3083.195693
2019/5/5 9:12,627452.9167,4287.709726,3079.894688
2019/5/5 9:15,627537.3333,4166.365313,3081.416136
2019/5/5 9:18,630025.6944,4182.972345,3081.989151
2019/5/5 9:21,629564.0278,4216.081164,3079.499424
2019/5/5 9:24,633399.3944,4236.383051,3084.087603
2019/5/5 9:27,631611.9889,4245.036477,3024.544303
2019/5/5 9:30,635155.1667,4199.113732,3014.219189
2019/5/5 9:33,640542.2611,4194.700212,3028.975183
2019/5/5 9:36,644070.6389,4175.74258,3050.883665
2019/5/5 9:39,646504.0111,4212.596392,3070.601549
2019/5/5 9:42,650971.9667,4223.944626,3079.609159
2019/5/5 9:45,652601.65,4188.029361,3102.264091
2019/5/5 9:48,652968.4556,4155.656307,3095.756001
2019/5/5 9:51,654144.7889,4104.664034,3093.636769
2019/5/5 9:54,654371.6278,4094.694657,3087.927267
2019/5/5 9:57,657119.1167,4090.52278,3083.796701
2019/5/5 10:00,658622.8722,4141.964727,3081.097314
2019/5/5 10:03,661358.25,4093.085326,3079.315232
2019/5/5 10:06,663144.6889,4011.625519,3083.537862
2019/5/5 10:09,661537.0444,4100.140971,3095.297202
2019/5/5 10:12,661239.3333,4134.196215,3095.327555
2019/5/5 10:15,661052.0444,4213.959588,3095.507343
2019/5/5 10:18,662638.9944,4335.154262,3095.893534
2019/5/5 10:21,663696.3889,4580.064644,3101.329357
2019/5/5 10:24,663345.8722,4712.527921,3115.133332
2019/5/5 10:27,661866.1278,4736.749564,3099.306436
2019/5/5 10:30,656785.5722,4734.586879,3128.588721
2019/5/5 10:33,655029.6389,4672.342392,3119.450366
2019/5/5 10:36,654339.8667,4582.740944,3130.669323
2019/5/5 10:39,653117.1889,4588.150236,3142.15754
2019/5/5 10:42,652996.1389,4590.741851,3141.929467
2019/5/5 10:45,650583.9611,4704.935036,3170.493299
2019/5/5 10:48,646608.5167,4687.91795,3164.586224
2019/5/5 10:51,645503.1333,4680.190378,3175.237679
2019/5/5 10:54,643502.8778,4619.953901,3173.343203
2019/5/5 10:57,638324.1111,4580.601606,3164.277466
2019/5/5 11:00,632866.6111,4542.387644,3167.172574
2019/5/5 11:03,632715.7778,4506.339121,3153.968794
2019/5/5 11:06,632141.0556,4459.458942,3140.080644
2019/5/5 11:09,632557.9722,4468.415201,3140.634678
2019/5/5 11:12,631412.1167,4451.099373,3128.313738
2019/5/5 11:15,631359.8667,4479.241849,3141.215507
2019/5/5 11:18,632908.1778,4465.348041,3134.736679
2019/5/5 11:21,633794.1222,4464.43841,3144.984177
2019/5/5 11:24,633307.3778,4474.903333,3146.385678
2019/5/5 11:27,633573.2167,4468.287622,3136.654105
2019/5/5 11:30,632846.1111,4425.133127,3135.129582
2019/5/5 11:33,632980.4056,4383.805693,3121.083272
2019/5/5 11:36,632796.9889,4345.230266,3121.549241
2019/5/5 11:39,632560.0056,4409.731074,3124.101432
2019/5/5 11:42,632926.2111,4434.375705,3119.217939
2019/5/5 11:45,632759.1278,4531.480868,3134.196041
2019/5/5 11:48,632117.3833,4501.289534,3127.391471
2019/5/5 11:51,632224.9222,4476.905928,3134.84296
2019/5/5 11:54,632706.4056,4548.061195,3149.534746
2019/5/5 11:57,634710.1722,4575.813793,3151.34479
2019/5/5 12:00,636221.25,4604.075764,3164.3474
2019/5/5 12:03,635537.6,4584.636969,3154.703044
2019/5/5 12:06,632119.5889,4537.809023,3141.134204
2019/5/5 12:09,631689.5778,4554.020314,3140.613122
2019/5/5 12:12,631333.6778,4546.263778,3133.047985
2019/5/5 12:15,631448.4444,4569.642937,3145.735238
2019/5/5 12:18,630823.5444,4544.430793,3135.687459
2019/5/5 12:21,629773.5056,4551.139462,3140.906771
2019/5/5 12:24,630526.05,4570.900305,3145.283435
2019/5/5 12:27,630858.3333,4567.460632,3138.453858
2019/5/5 12:30,631181.4278,4454.78421,3146.612116
2019/5/5 12:33,631244.7889,4434.439043,3135.808342
2019/5/5 12:36,630510.45,4422.445617,3134.01789
2019/5/5 12:39,631319.9278,4465.272848,3132.65973
2019/5/5 12:42,632050.1833,4511.069547,3127.033643
2019/5/5 12:45,632086.4556,4610.076867,3148.668762
2019/5/5 12:48,634426.1167,4585.998426,3135.450183
2019/5/5 12:51,636736.5722,4592.095007,3142.944079
2019/5/5 12:54,640033.8111,4621.685419,3157.055718
2019/5/5 12:57,641765.4944,4627.463437,3157.207222
2019/5/5 13:00,644419.0389,4554.257965,3176.862523
2019/5/5 13:03,645180.7889,4552.418269,3167.799896
2019/5/5 13:06,644697.1222,4550.182654,3158.256805
2019/5/5 13:09,641625.8333,4539.546443,3154.877373
2019/5/5 13:12,643000.5333,4528.011927,3146.842718
2019/5/5 13:15,640743.1444,4529.097024,3163.703966
2019/5/5 13:18,640901.5444,4493.825061,3153.259407
2019/5/5 13:21,640008.9333,4469.047151,3155.557644
2019/5/5 13:24,642237.8278,4515.372636,3150.807278
2019/5/5 13:27,645725.3167,4527.190689,3140.77974
2019/5/5 13:30,647687.0278,4540.371145,3146.051813
2019/5/5 13:33,648379.5444,4515.172297,3137.948977
2019/5/5 13:36,647016.4278,4491.49904,3139.866056
2019/5/5 13:39,645748.8667,4644.43683,3155.629094
2019/5/5 13:42,649016.2389,4704.954334,3147.402831
2019/5/5 13:45,648291.0056,4768.59902,3187.961815
2019/5/5 13:48,645089.25,4691.920367,3182.102865
2019/5/5 13:51,642356.95,4565.501044,3185.707146
2019/5/5 13:54,640227.3111,4537.783957,3173.942084
2019/5/5 13:57,638769.9611,4524.094321,3164.236112
2019/5/5 14:00,639666.1056,4439.458707,3162.6498
2019/5/5 14:03,639923.5944,4444.463848,3153.913112
2019/5/5 14:06,639583.9667,4453.392169,3139.565968
2019/5/5 14:09,638521.1222,4424.659652,3138.650757
2019/5/5 14:12,638407.8833,4396.444809,3129.701725
2019/5/5 14:15,638064.2556,4403.665546,3139.401255
2019/5/5 14:18,637679.95,4411.156334,3127.754669
2019/5/5 14:21,638130.2778,4459.809676,3126.045894
2019/5/5 14:24,637236.9167,4478.162029,3125.227097
2019/5/5 14:27,637602.7778,4466.889766,3115.720136
2019/5/5 14:30,638935.9944,4414.147961,3122.011468
2019/5/5 14:33,645363.2611,4421.835326,3117.841514
2019/5/5 14:36,649045.25,4435.60969,3116.788431
2019/5/5 14:39,651058.8111,4326.090822,3109.629771
2019/5/5 14:42,652103.9722,4264.82993,3102.400518
2019/5/5 14:45,653341.9111,4173.484056,3101.517786
2019/5/5 14:48,657316.7556,4082.658016,3089.344149
2019/5/5 14:51,657833.2556,3920.064958,3076.512765
2019/5/5 14:54,657304.9889,4323.476283,3099.145168
2019/5/5 14:57,655230.5778,4531.080663,3112.079805
2019/5/5 15:00,657416.15,4608.631709,3156.574907
2019/5/5 15:03,657910.5778,4575.435625,3148.862169
2019/5/5 15:06,657120.1611,4529.423502,3142.234917
2019/5/5 15:09,656664.8389,4475.179872,3133.083856
2019/5/5 15:12,657839.0833,4442.704033,3122.774542
2019/5/5 15:15,656279.4222,4455.562926,3112.870527
2019/5/5 15:18,654871.9111,4440.472751,3106.232744
2019/5/5 15:21,652191.5167,4464.761914,3134.738049
2019/5/5 15:24,652297.0333,4429.688589,3125.620057
2019/5/5 15:27,652555.9944,4411.64636,3118.372937
2019/5/5 15:30,653997.7556,4423.129344,3141.277315
2019/5/5 15:33,652689.0944,4425.822661,3140.440665
2019/5/5 15:36,652250.7333,4425.208204,3152.822405
2019/5/5 15:39,654306.5444,4439.834371,3149.920581
2019/5/5 15:42,656121.6778,4440.536501,3144.06267
2019/5/5 15:45,657654.6222,4389.227865,3145.330741
2019/5/5 15:48,658389.0556,4368.185713,3141.492929
2019/5/5 15:51,656288.2111,4330.542037,3141.083007
2019/5/5 15:54,656185.65,4342.35837,3135.839417
2019/5/5 15:57,655864.2889,4342.330195,3128.868019
2019/5/5 16:00,655453.4889,4202.627906,3124.075065
2019/5/5 16:03,655217.0222,4144.448711,3125.069881
2019/5/5 16:06,654114.0333,4011.43964,3122.41783
2019/5/5 16:09,653491.2056,4107.486464,3113.944059
2019/5/5 16:12,653706.5333,4152.015137,3102.242321
2019/5/5 16:15,653526.85,4194.341085,3109.128271
2019/5/5 16:18,653274.85,4148.137823,3089.494016
2019/5/5 16:21,653773.0889,4109.426442,3075.540092
2019/5/5 16:24,654158.0167,4219.986516,3094.023547
2019/5/5 16:27,654728.6278,4280.042992,3104.407394
2019/5/5 16:30,655517.2833,4388.145524,3116.315182
2019/5/5 16:33,655916.2278,4353.797384,3099.344501
2019/5/5 16:36,655512,4376.5954,3139.246285
2019/5/5 16:39,657523.7333,4294.828389,3137.867201
2019/5/5 16:42,659082.9,4249.741351,3130.488999
2019/5/5 16:45,656357.6944,4111.988431,3120.725257
2019/5/5 16:48,654636.3889,4108.896506,3115.324154
2019/5/5 16:51,653990.1667,4117.211997,3118.305534
2019/5/5 16:54,654245.1278,4133.706836,3122.983449
2019/5/5 16:57,653198.1444,4138.804125,3119.626711
2019/5/5 17:00,654004.9778,4125.726538,3127.576192
2019/5/5 17:03,653645.1944,4121.581832,3122.185525
2019/5/5 17:06,649732.55,4085.243558,3100.913141
2019/5/5 17:09,648229.9444,4112.908869,3089.069769
2019/5/5 17:12,647395.6944,4115.329298,3081.149734
2019/5/5 17:15,647624.7833,4167.218545,3094.09357
2019/5/5 17:18,648950.0611,4129.715727,3076.664001
2019/5/5 17:21,651398.1389,4090.052852,3069.002734
2019/5/5 17:24,654922.2722,4062.128453,3071.699926
2019/5/5 17:27,657419.5111,4057.598912,3071.223737
2019/5/5 17:30,659598.9,4152.596421,3119.555535
2019/5/5 17:33,659035.1389,4148.571893,3125.155721
2019/5/5 17:36,654132.5,4159.391736,3155.182562
2019/5/5 17:39,653506.4889,4195.276783,3149.337931
2019/5/5 17:42,652298.15,4208.249367,3140.713276
2019/5/5 17:45,651539.1667,4100.935902,3136.868699
2019/5/5 17:48,650507.45,4092.387656,3132.424498
2019/5/5 17:51,649330.3667,4096.711365,3137.608273
2019/5/5 17:54,654376.6889,4101.035326,3133.983119
2019/5/5 17:57,653958.9944,4103.270377,3127.923128
2019/5/5 18:00,654798.1389,4178.146203,3140.991273
2019/5/5 18:03,653124.7389,4185.991469,3134.767537
2019/5/5 18:06,646615.9556,4241.755468,3090.971034
2019/5/5 18:09,643798.7,4222.369977,3106.11124
2019/5/5 18:12,641016.9889,4151.851864,3076.790251
2019/5/5 18:15,640534.15,4219.380749,3078.102089
2019/5/5 18:18,642180.5667,4231.748992,3067.886883
2019/5/5 18:21,644764.7222,4204.861132,3081.327847
2019/5/5 18:24,646877.1889,4196.431795,3060.868262
2019/5/5 18:27,644176.7889,4197.983415,3051.576221
2019/5/5 18:30,639759.5333,4230.772915,3049.122334
2019/5/5 18:33,640660.8833,4202.705612,3041.050041
2019/5/5 18:36,642874.5611,4182.872561,3045.421417
2019/5/5 18:39,649574.6111,4223.697726,3060.924774
2019/5/5 18:42,656111.6333,4241.259027,3064.912472
2019/5/5 18:45,661102.7667,4123.034624,3073.823022
2019/5/5 18:48,661303.9056,4062.189683,3067.707168
2019/5/5 18:51,659718.7111,3970.595727,3073.844909
2019/5/5 18:54,657869.9778,3620.749902,3070.535277
2019/5/5 18:57,659193.3778,3456.57933,3065.979998
2019/5/5 19:00,661428.8444,3191.50662,3058.351578
2019/5/5 19:03,664052.7778,3212.562296,3044.464992
2019/5/5 19:06,663289.8444,3215.010537,2994.58309
2019/5/5 19:09,671615.3667,3456.96157,3024.010542
2019/5/5 19:12,679641.1389,3554.559402,3034.505761
2019/5/5 19:15,674172.5056,3454.95403,3050.865486
2019/5/5 19:18,677458.0056,3527.349168,3093.573836
2019/5/5 19:21,676637.7611,3543.284921,3098.293164
2019/5/5 19:24,675426.1222,3466.259753,3062.674731
2019/5/5 19:27,671776.6333,3355.220557,3020.593461
2019/5/5 19:30,665992.6611,3069.141697,2915.229186
2019/5/5 19:33,672589.65,3205.022417,2983.830339
2019/5/5 19:36,677566.5556,3316.821526,3025.515088
2019/5/5 19:39,675751.0833,3303.067066,3007.68996
2019/5/5 19:42,680247.7111,3415.510384,3066.25681
2019/5/5 19:45,682382.9833,3499.805302,3081.953223
2019/5/5 19:48,678380.6222,3377.518534,3010.810719
2019/5/5 19:51,676249.8111,3338.189591,2980.42264
2019/5/5 19:54,673899.4278,3208.938541,2917.333524
2019/5/5 19:57,676476.0444,3199.345351,2911.256809
2019/5/5 20:00,681700.8556,3326.690597,2930.255659
2019/5/5 20:03,674526.2667,3171.212042,2848.270097
2019/5/5 20:06,667203.0722,3041.026628,2773.594276
2019/5/5 20:09,672537.7,3114.225771,2774.477691
2019/5/5 20:12,678544.5556,3185.171047,2792.154219
2019/5/5 20:15,679148.1389,3052.6981,2707.043131
2019/5/5 20:18,684290.8833,3085.79676,2722.270577
2019/5/5 20:21,693490.9833,3168.55481,2773.61105
2019/5/5 20:24,685860.8944,3113.254994,2718.631413
2019/5/5 20:27,684654.6833,3130.508453,2706.676672
2019/5/5 20:30,700199.5111,3451.267975,2797.59551
2019/5/5 20:33,701538.2389,3406.228807,2783.756762
2019/5/5 20:36,684521.3611,3401.943807,2659.223133
2019/5/5 20:39,630831.3833,3298.882549,2371.761506
2019/5/5 20:42,629298.9389,3270.077756,2344.36315
2019/5/5 20:45,633921.1111,3390.539388,2363.714832
2019/5/5 20:48,654458.8111,3568.625329,2418.393128
2019/5/5 20:51,665140.9111,3724.648819,2427.233604
2019/5/5 20:54,673196.2944,3734.216063,2443.404699
2019/5/5 20:57,671211.4556,3786.492755,2476.669982
2019/5/5 21:00,668650.8611,3673.447756,2446.769379
2019/5/5 21:03,655274.8611,3577.667803,2397.517945
2019/5/5 21:06,658394.8167,3570.444455,2408.235273
2019/5/5 21:09,666157.0278,3673.499041,2440.346752
2019/5/5 21:12,674022.0389,3739.557429,2459.627157
2019/5/5 21:15,687348.2167,3735.247457,2491.471593
2019/5/5 21:18,687956.6167,3715.560953,2504.24435
2019/5/5 21:21,670591.1667,3599.842497,2448.015687
2019/5/5 21:24,673238.8611,3544.467313,2439.106422
2019/5/5 21:27,684198.1556,3606.591158,2489.488437
2019/5/5 21:30,686860.4444,3620.001229,2502.382445
2019/5/5 21:33,683110.1556,3614.18284,2502.253073
2019/5/5 21:36,680626.7111,3611.811688,2514.911123
2019/5/5 21:39,670511.8056,3481.044042,2456.170224
2019/5/5 21:42,662815.0833,3395.806826,2417.884821
2019/5/5 21:45,664821.6778,3462.025023,2432.750003
2019/5/5 21:48,671135.3222,3508.714009,2451.070492
2019/5/5 21:51,684301.0389,3612.156165,2494.084561
2019/5/5 21:54,692973.1111,3788.241558,2634.054978
2019/5/5 21:57,702175.5444,3912.457648,2733.139368
2019/5/5 22:00,702247.8278,4020.830713,2732.007506
2019/5/5 22:03,703940.6667,4040.646056,2734.576723
2019/5/5 22:06,719065.5611,4145.095719,2805.649086
2019/5/5 22:09,711768.5944,3977.477323,2757.088989
2019/5/5 22:12,704247.8,3953.543863,2760.922821
2019/5/5 22:15,707287.4278,3978.891293,2779.955558
2019/5/5 22:18,698020.8389,3873.605955,2720.256878
2019/5/5 22:21,688144.6778,3754.180779,2653.480875
2019/5/5 22:24,690101.4667,3821.011858,2662.828433
2019/5/5 22:27,693726.3778,3886.557818,2702.454042
2019/5/5 22:30,696922.3222,3940.228966,2797.051734
2019/5/5 22:33,709021.3722,4143.477088,2917.676404
2019/5/5 22:36,721308.0222,4497.493882,3073.690082
2019/5/5 22:39,726699.2167,4690.827533,3121.090522
2019/5/5 22:42,727975.0056,4753.596697,3137.621803
2019/5/5 22:45,723650.9889,4338.453797,3003.786196
2019/5/5 22:48,722011.9722,4172.160475,2942.751345
2019/5/5 22:51,718536.7833,3917.703969,2851.196441
2019/5/5 22:54,719994.2722,4120.099699,2912.864709
2019/5/5 22:57,724700.1722,4321.043719,2992.008208
2019/5/5 23:00,733707.9222,4657.532669,3147.704814
2019/5/5 23:03,727757.4611,4463.684969,3071.315362
2019/5/5 23:06,719505.2556,4147.06767,2951.374402
2019/5/5 23:09,724322.0278,3971.015099,2861.50215
2019/5/5 23:12,719184.8944,3877.408111,2821.709341
2019/5/5 23:15,720819.9778,4266.817944,2943.014548
2019/5/5 23:18,728332.7167,4219.677001,2937.044522
2019/5/5 23:21,729475.4556,4214.371206,2948.916847
2019/5/5 23:24,724287.8944,4276.519446,2932.473501
2019/5/5 23:27,727191.0944,4343.191262,2948.910424
2019/5/5 23:30,724800.0667,4409.734202,2970.577811
2019/5/5 23:33,706367.9556,4150.090453,2870.991883
2019/5/5 23:36,708135.4389,4165.781874,2815.425202
2019/5/5 23:39,715480.75,4179.248284,2825.699909
2019/5/5 23:42,716456.1889,4171.925122,2809.392788
2019/5/5 23:45,706973.6944,4020.868473,2767.646558
2019/5/5 23:48,707075.2667,4027.652265,2813.917947
2019/5/5 23:51,688211.4833,3971.514286,2820.67938
2019/5/5 23:54,694969.7111,4068.008535,2853.110925
2019/5/5 23:57,706601.2222,4216.735392,2925.46524
2019/5/6 0:00,702924.5056,3948.726934,2865.263469
2019/5/6 0:03,702992.6444,3821.680093,2811.747395
2019/5/6 0:06,698635.5444,3639.480877,2735.749926
2019/5/6 0:09,699623.3667,3777.7305,2762.345832
2019/5/6 0:12,695538.3056,3846.983451,2770.856101
2019/5/6 0:15,691001.9778,3908.582105,2757.922274
2019/5/6 0:18,698407.9111,3882.4368,2770.484968
2019/5/6 0:21,694204.5333,3760.347511,2731.60217
2019/5/6 0:24,691815.7944,3809.033985,2730.253355
2019/5/6 0:27,715288.55,4006.310649,2778.699309
2019/5/6 0:30,732815.6,3864.859022,2783.721982
2019/5/6 0:33,727319.75,3874.001339,2812.254097
2019/5/6 0:36,714999.4111,3894.628415,2834.153736
2019/5/6 0:39,717493.6778,3941.374135,2886.945498
2019/5/6 0:42,718759.6,4029.117346,2949.280234
2019/5/6 0:45,710527.6,3807.012254,2898.333814
2019/5/6 0:48,704892.8222,3827.750329,2881.838086
2019/5/6 0:51,711461.8778,3995.834611,2920.265322
2019/5/6 0:54,702769.7889,3961.737407,2864.422609
2019/5/6 0:57,714450.1111,4086.01931,2904.377468
2019/5/6 1:00,719717.4722,4089.784328,2921.729102
2019/5/6 1:03,722327.3556,4030.67084,2913.113102
2019/5/6 1:06,717698.3667,3937.172009,2919.850107
2019/5/6 1:09,718205.45,3923.987951,2891.576823
2019/5/6 1:12,717035.8722,3926.279176,2894.780741
2019/5/6 1:15,705022.7,3867.317658,2842.117018
2019/5/6 1:18,711232.8778,3928.610004,2890.072968
2019/5/6 1:21,710316.5944,4012.204875,2961.720567
2019/5/6 1:24,704152.5278,3950.241304,2989.175213
2019/5/6 1:27,698168.1222,3888.935013,3030.186655
2019/5/6 1:30,699005.0389,3802.049951,3074.820218
2019/5/6 1:33,704926.6944,3868.868211,3111.362892
2019/5/6 1:36,708648.3,4057.321253,3202.419887
2019/5/6 1:39,710507.7833,4148.760531,3250.591169
2019/5/6 1:42,707945.6167,4175.738838,3257.610384
2019/5/6 1:45,704154.05,4140.235748,3165.234405
2019/5/6 1:48,706360.5944,4103.516821,3152.71221
2019/5/6 1:51,704012.9222,4029.280897,3134.019147
2019/5/6 1:54,701809.9167,4124.745967,3216.550866
2019/5/6 1:57,705204.0889,4223.848857,3287.601836
2019/5/6 2:00,707252.6333,4235.655009,3290.02443
2019/5/6 2:03,707561.4556,4207.331231,3287.580432
2019/5/6 2:06,708726.3611,4174.494537,3291.333689
2019/5/6 2:09,704885.1556,4050.329306,3202.937867
2019/5/6 2:12,696837.7389,3771.580335,3040.264615
2019/5/6 2:15,697953.7556,3980.806479,3197.618053
2019/5/6 2:18,701438.0778,3949.351135,3213.115582
2019/5/6 2:21,703557.8111,3893.078625,3236.847305
2019/5/6 2:24,709692.2778,3970.961486,3216.490083
2019/5/6 2:27,713318.7611,4042.430494,3228.514293
2019/5/6 2:30,711577.3778,3997.521042,3222.857421
2019/5/6 2:33,709760.7556,3949.248247,3228.855795
2019/5/6 2:36,709510.9389,3905.731781,3279.374672
2019/5/6 2:39,711175.7056,3942.276682,3230.070741
2019/5/6 2:42,705943.6778,3971.812812,3189.865014
2019/5/6 2:45,707184.6167,4320.626319,3229.766251
2019/5/6 2:48,710694.3944,4233.184746,3202.861943
2019/5/6 2:51,703828.9111,4075.430846,3149.658359
2019/5/6 2:54,695063.6056,3939.336726,3070.294746
2019/5/6 2:57,687219.7056,3869.14313,3020.979305
2019/5/6 3:00,685034.0611,3680.142895,2879.686926
2019/5/6 3:03,688887.1722,3700.594181,2885.924852
2019/5/6 3:06,693130.4778,3791.130683,2947.292811
2019/5/6 3:09,692083.7778,3785.802977,2898.885737
2019/5/6 3:12,681937.3667,3740.152941,2813.456076
2019/5/6 3:15,690691.4389,3848.76324,2777.216295
2019/5/6 3:18,686945.0333,3815.396363,2744.371451
2019/5/6 3:21,682014.0722,3785.952389,2708.969703
2019/5/6 3:24,677150.1611,3789.033524,2668.278661
2019/5/6 3:27,676286.8167,3832.846727,2655.289104
2019/5/6 3:30,680628.1778,3730.438031,2657.222991
2019/5/6 3:33,692488.7611,3852.548206,2696.553257
2019/5/6 3:36,703459.1056,4047.201423,2736.016052
2019/5/6 3:39,699489.9222,3992.761576,2720.626785
2019/5/6 3:42,696247.5333,3979.470448,2716.714606
2019/5/6 3:45,699567.3389,3965.816766,2736.893756
2019/5/6 3:48,706150.6222,4013.60006,2743.661224
2019/5/6 3:51,728695.5667,4101.135033,2773.198082
2019/5/6 3:54,728845.9889,4211.514105,2791.485041
2019/5/6 3:57,722265.1111,4283.34256,2792.783272
2019/5/6 4:00,720452.2278,4206.278593,2785.891457
2019/5/6 4:03,720400.5889,4178.781724,2780.871952
2019/5/6 4:06,719092.7667,4155.83699,2790.20981
2019/5/6 4:09,715328.5833,4109.126222,2761.455436
2019/5/6 4:12,718985.25,4156.231003,2781.248187
2019/5/6 4:15,723976.2278,4307.626636,2815.633104
2019/5/6 4:18,719912.2944,4307.710933,2801.85404
2019/5/6 4:21,715330.0056,4311.134867,2792.694014
2019/5/6 4:24,714175.5778,4243.404001,2788.37772
2019/5/6 4:27,715630.3056,4285.549119,2806.724969
2019/5/6 4:30,703447.6,4197.528103,2814.594968
2019/5/6 4:33,701001.5889,4105.633994,2803.928581
2019/5/6 4:36,710778.6222,4088.307539,2803.954229
2019/5/6 4:39,719558.4278,3984.447836,2772.989435
2019/5/6 4:42,718626.3056,3946.04034,2768.725222
2019/5/6 4:45,714001.7889,4182.162875,2837.486735
2019/5/6 4:48,708919.6833,4188.328887,2840.938781
2019/5/6 4:51,717011.3833,4297.208018,2901.438047
2019/5/6 4:54,724203.6444,4340.635454,2913.34225
2019/5/6 4:57,719714.9222,4365.781157,2918.283513
2019/5/6 5:00,713893.3556,4340.050347,2908.869461
2019/5/6 5:03,716505.4944,4353.538567,2892.283676
2019/5/6 5:06,724994.0611,4423.843575,2898.682389
2019/5/6 5:09,711773.5389,4290.324849,2875.009143
2019/5/6 5:12,711803.0222,4267.624039,2884.852712
2019/5/6 5:15,714223.8111,4299.148969,2892.993933
2019/5/6 5:18,713878.9278,4211.713588,2865.950472
2019/5/6 5:21,718675.9611,4098.490537,2844.418486
2019/5/6 5:24,720749.6611,4136.402157,2840.411584
2019/5/6 5:27,710262.3389,4146.23184,2826.566138
2019/5/6 5:30,710472.0056,4247.699695,2872.052024
2019/5/6 5:33,711934.4,4291.715962,2893.521219
2019/5/6 5:36,707454.0167,4295.978856,2894.639658
2019/5/6 5:39,707117.9611,4220.470655,2867.707025
2019/5/6 5:42,711773.5722,4208.696157,2864.312057
2019/5/6 5:45,711898.1944,4353.339865,2880.149271
2019/5/6 5:48,720242.6167,4363.942254,2893.308139
2019/5/6 5:51,723192.8556,4398.792273,2929.647543
2019/5/6 5:54,720781.1056,4334.907216,2921.045555
2019/5/6 5:57,720633.3556,4320.1783,2921.731011
2019/5/6 6:00,721210.7333,4397.470336,2926.596188
2019/5/6 6:03,726390.55,4348.853824,2908.849847
2019/5/6 6:06,737898.7667,4310.505367,2906.786423
2019/5/6 6:09,756774.1611,4392.479982,2931.839956
2019/5/6 6:12,736987.7,4419.941641,2910.493466
2019/5/6 6:15,722645.8667,4492.27145,2927.223314
2019/5/6 6:18,712709.8444,4431.003952,2903.242426
2019/5/6 6:21,705164.2944,4352.060627,2871.494282
2019/5/6 6:24,704220.7667,4313.647498,2865.897242
2019/5/6 6:27,703737.4222,4330.491564,2871.356921
2019/5/6 6:30,700018.8111,4415.130955,2866.696413
2019/5/6 6:33,702215.8944,4449.648932,2870.491986
2019/5/6 6:36,717495.4722,4604.28013,2913.883334
2019/5/6 6:39,729414.7444,4566.277919,2899.21846
2019/5/6 6:42,729663.2667,4549.704251,2885.13527
2019/5/6 6:45,733714.4889,4627.142141,2906.968137
2019/5/6 6:48,740973.1056,4651.903907,2890.64415
2019/5/6 6:51,736048.2389,4652.974475,2907.852348
2019/5/6 6:54,735225.5722,4707.783123,2935.599024
2019/5/6 6:57,736386.95,4766.125927,2959.073849
2019/5/6 7:00,738638.8,4730.570317,2949.255998
2019/5/6 7:03,731815.9222,4686.412913,2935.124253
2019/5/6 7:06,725922.5667,4644.5337,2933.774286
2019/5/6 7:09,726073.6167,4613.343912,2928.114188
2019/5/6 7:12,694454.3278,4328.493472,2881.701917
2019/5/6 7:15,686589.0222,4225.62901,2908.590917
2019/5/6 7:18,694721.0167,4227.420501,2883.668604
2019/5/6 7:21,697112.9833,4310.750821,2932.678477
2019/5/6 7:24,699344.35,4364.150952,2940.662381
2019/5/6 7:27,663914.6222,4147.804456,2870.824641
2019/5/6 7:30,650963.0333,4112.873353,2904.19784
2019/5/6 7:33,656903.7056,4144.459937,2938.481945
2019/5/6 7:36,658101.5944,4162.736568,2999.147739
2019/5/6 7:39,656289.0444,4209.637668,3034.089055
2019/5/6 7:42,658053.7278,4236.762522,3050.076602
2019/5/6 7:45,659950.7,3927.815192,3067.342458
2019/5/6 7:48,661711.5222,4012.694604,3063.09291
2019/5/6 7:51,664909.6056,4231.309515,3064.478403
2019/5/6 7:54,665183.4278,4434.726963,3096.929757
2019/5/6 7:57,664769.6611,4516.462016,3099.145678
2019/5/6 8:00,662648.1444,4652.53722,3152.948889
2019/5/6 8:03,659159.0389,4620.571284,3151.426337
2019/5/6 8:06,644290.8556,4567.00371,3165.671351
2019/5/6 8:09,637996.6111,4462.141739,3163.310006
2019/5/6 8:12,631365.0278,4419.837042,3153.199119
2019/5/6 8:15,630457.6333,4288.032643,3164.417408
2019/5/6 8:18,630439.3611,4254.662109,3155.713467
2019/5/6 8:21,632200.8111,4225.733638,3162.760682
2019/5/6 8:24,631419.5556,4282.826729,3157.638054
2019/5/6 8:27,626960.5944,4292.623875,3145.998207
2019/5/6 8:30,625646.5667,4581.516622,3144.174328
2019/5/6 8:33,626131.2889,4565.787629,3135.043008
2019/5/6 8:36,626091.1833,4576.484117,3118.392945
2019/5/6 8:39,625265.2,4558.165099,3120.608915
2019/5/6 8:42,625866.4111,4543.131218,3120.792726
2019/5/6 8:45,625577.6167,4490.795588,3145.856159
2019/5/6 8:48,624206.5722,4467.256961,3142.297153
2019/5/6 8:51,623870.45,4441.961671,3153.749859
2019/5/6 8:54,623868.6722,4590.537324,3167.217981
2019/5/6 8:57,626448.5444,4661.991133,3168.705654
2019/5/6 9:00,626178.7389,4672.87866,3172.413698
2019/5/6 9:03,625413.4333,4598.97628,3166.474384
2019/5/6 9:06,625024.3722,4457.269579,3157.968587
2019/5/6 9:09,626263.2722,4419.373156,3164.988845
2019/5/6 9:12,629673.0944,4397.335418,3162.523621
2019/5/6 9:15,631706.8556,4504.611263,3161.991465
2019/5/6 9:18,631942.9444,4526.422404,3148.565296
2019/5/6 9:21,632621.3667,4588.499316,3148.21462
2019/5/6 9:24,629988.6222,4514.383119,3143.201152
2019/5/6 9:27,632133.2667,4472.164495,3134.142392
2019/5/6 9:30,634044.8167,4352.675001,3130.037649
2019/5/6 9:33,636166.7,4373.381777,3117.160497
2019/5/6 9:36,637771.1,4426.006003,3109.428921
2019/5/6 9:39,636732.4111,4456.38533,3120.373362
2019/5/6 9:42,637674.7389,4458.662127,3119.232054
2019/5/6 9:45,635802.7222,4473.285678,3154.180622
2019/5/6 9:48,635831.1167,4486.272034,3147.089723
2019/5/6 9:51,633402.65,4558.272608,3150.966792
2019/5/6 9:54,630054.6778,4553.865531,3155.953996
2019/5/6 9:57,629129.8278,4542.566395,3153.562223
2019/5/6 10:00,627760.5611,4455.751777,3179.997905
2019/5/6 10:03,628439.65,4420.895904,3170.517862
2019/5/6 10:06,626255.6833,4334.376111,3147.926703
2019/5/6 10:09,627350.1889,4261.660727,3146.761704
2019/5/6 10:12,629888.8389,4219.883827,3141.094104
2019/5/6 10:15,631967.9,4450.539407,3151.324955
2019/5/6 10:18,632072.5833,4459.702679,3142.215525
2019/5/6 10:21,630727.3333,4499.834212,3137.339864
2019/5/6 10:24,630974.3167,4554.434987,3149.474081
2019/5/6 10:27,632863.4111,4565.490058,3145.789032
2019/5/6 10:30,634926.2167,4596.010202,3171.546185
2019/5/6 10:33,637917.1111,4582.190643,3158.929597
2019/5/6 10:36,636695.8667,4580.550699,3155.035611
2019/5/6 10:39,634721.7778,4596.351415,3161.834966
2019/5/6 10:42,633174.9167,4592.802465,3159.619292
2019/5/6 10:45,633721.2278,4632.627802,3177.69387
2019/5/6 10:48,635715.9167,4568.137357,3165.701342
2019/5/6 10:51,637100.5722,4477.857154,3160.03465
2019/5/6 10:54,635281.8667,4446.810186,3145.496269
2019/5/6 10:57,633439.35,4428.439309,3131.524422
2019/5/6 11:00,630827.1667,4398.529501,3140.21552
2019/5/6 11:03,629981.2778,4403.378136,3133.853643
2019/5/6 11:06,629434.0722,4422.194993,3132.855129
2019/5/6 11:09,628925.2167,4446.22111,3138.181162
2019/5/6 11:12,628440.8333,4439.25132,3131.38228
2019/5/6 11:15,628021.4722,4427.07763,3139.162896
2019/5/6 11:18,627947.3333,4362.265387,3128.579007
2019/5/6 11:21,628029.3333,4296.832261,3133.853932
2019/5/6 11:24,630446.5667,4484.497269,3141.433477
2019/5/6 11:27,630845.85,4563.388682,3136.349494
2019/5/6 11:30,629799.3444,4577.199183,3142.747985
2019/5/6 11:33,628753.2056,4490.976359,3122.102118
2019/5/6 11:36,627946.0167,4397.066913,3114.228895
2019/5/6 11:39,627777.1722,4427.218225,3117.069652
2019/5/6 11:42,627541.2278,4429.217202,3110.194764
2019/5/6 11:45,629220.5556,4629.445589,3140.641858
2019/5/6 11:48,629644.6333,4592.342857,3133.463325
2019/5/6 11:51,630306.9889,4567.224385,3137.768251
2019/5/6 11:54,630145.8944,4553.521711,3147.684986
2019/5/6 11:57,631954.7167,4546.067158,3146.738107
2019/5/6 12:00,631748.2333,4605.74247,3166.849677
2019/5/6 12:03,631183.8222,4609.092183,3162.635947
2019/5/6 12:06,628885.4222,4616.241613,3159.729308
2019/5/6 12:09,627805.8167,4624.538998,3163.252509
2019/5/6 12:12,626793.1167,4612.05985,3155.530295
2019/5/6 12:15,625765.2333,4592.253746,3169.873812
2019/5/6 12:18,625233.6722,4557.162128,3156.096761
2019/5/6 12:21,625115.6056,4549.59901,3157.825759
2019/5/6 12:24,625491.5778,4567.457519,3156.44777
2019/5/6 12:27,626285.5444,4568.885795,3146.934568
2019/5/6 12:30,626525.7889,4512.312897,3140.710314
2019/5/6 12:33,626900.8444,4465.987486,3127.271692
2019/5/6 12:36,627649.75,4418.430893,3122.208002
2019/5/6 12:39,628671.7056,4407.240216,3124.905779
2019/5/6 12:42,629247.7778,4393.020691,3118.059648
2019/5/6 12:45,629253.9611,4472.116783,3135.430843
2019/5/6 12:48,629574.0889,4476.914053,3126.431442
2019/5/6 12:51,629364.7667,4507.556134,3129.910454
2019/5/6 12:54,629596.5333,4498.551032,3128.247436
2019/5/6 12:57,631453.3778,4487.84783,3123.238158
2019/5/6 13:00,632882.2889,4496.163696,3135.632427
2019/5/6 13:03,633207.9056,4526.006374,3130.942112
2019/5/6 13:06,634184.35,4601.893087,3132.788888
2019/5/6 13:09,633213.2833,4610.372638,3134.995804
2019/5/6 13:12,632227.2722,4595.495924,3124.483857
2019/5/6 13:15,632143.1722,4558.007251,3141.441595
2019/5/6 13:18,630304.2722,4541.364903,3131.040509
2019/5/6 13:21,630263.8778,4547.721208,3141.263291
2019/5/6 13:24,629639.45,4549.846888,3149.418965
2019/5/6 13:27,630679.8389,4527.876601,3140.606712
2019/5/6 13:30,631238.7722,4533.412858,3150.61423
2019/5/6 13:33,630408.8944,4510.965958,3138.874457
2019/5/6 13:36,629546.1278,4516.183408,3140.81234
2019/5/6 13:39,629853.0611,4634.228808,3157.808411
2019/5/6 13:42,628107.3056,4680.724216,3158.301664
2019/5/6 13:45,627174.95,4671.638402,3183.110168
2019/5/6 13:48,626346.0389,4630.116148,3170.939673
2019/5/6 13:51,627321.0778,4582.153513,3172.99613
2019/5/6 13:54,627715.2333,4549.837941,3169.364298
2019/5/6 13:57,628524.0722,4526.421047,3160.796289
2019/5/6 14:00,629222.6944,4573.957994,3177.792134
2019/5/6 14:03,628645.8667,4563.422084,3167.625352
2019/5/6 14:06,627890.9333,4550.623274,3157.994429
2019/5/6 14:09,626825.7833,4495.861599,3146.851908
2019/5/6 14:12,625963.5833,4450.59251,3132.095079
2019/5/6 14:15,624860.3833,4432.406187,3149.384693
2019/5/6 14:18,624419.0167,4401.414578,3134.414936
2019/5/6 14:21,625931.1167,4401.965083,3132.583148
2019/5/6 14:24,625928.8444,4499.037193,3128.937655
2019/5/6 14:27,626831.6222,4531.25435,3118.672725
2019/5/6 14:30,628381.8611,4568.355933,3143.293796
2019/5/6 14:33,629041.7333,4535.277334,3135.670293
2019/5/6 14:36,629224.2,4482.242655,3140.558623
2019/5/6 14:39,630198.7,4406.046243,3122.6665
2019/5/6 14:42,632423.2667,4368.666831,3108.15046
2019/5/6 14:45,635277.8111,4316.446602,3099.56822
2019/5/6 14:48,636750.5278,4337.30224,3098.752229
2019/5/6 14:51,638113.3,4404.257314,3122.267605
2019/5/6 14:54,640778.4944,4439.894108,3139.421744
2019/5/6 14:57,642062.6389,4441.915205,3140.553442
2019/5/6 15:00,642304.0167,4103.539298,3134.743929
2019/5/6 15:03,643724.4111,4238.621622,3138.350818
2019/5/6 15:06,643313.5389,4537.383944,3152.100806
2019/5/6 15:09,642146.4222,4574.93754,3139.44388
2019/5/6 15:12,639790.7556,4560.713784,3118.204998
2019/5/6 15:15,638082.9778,4313.110313,3114.412587
2019/5/6 15:18,637103.0556,4187.07477,3092.53114
2019/5/6 15:21,636762.4444,3996.925551,3079.862585
2019/5/6 15:24,639827.9167,4029.714354,3073.419924
2019/5/6 15:27,645451.0389,4044.340279,3066.208155
2019/5/6 15:30,649822,4176.314302,3079.9652
2019/5/6 15:33,651697.2389,4141.490927,3072.250722
2019/5/6 15:36,654710.4778,4099.312835,3076.231311
2019/5/6 15:39,655503.1222,4278.699461,3105.681352
2019/5/6 15:42,655532.9,4367.766048,3115.964218
2019/5/6 15:45,654833.3333,4630.871744,3157.451029
2019/5/6 15:48,654127.0944,4552.591787,3146.696145
2019/5/6 15:51,654438.5278,4430.205976,3149.970685
2019/5/6 15:54,654464.5,4343.52138,3155.494194
2019/5/6 15:57,654524.2667,4301.097515,3155.828919
2019/5/6 16:00,655111.8944,3767.062847,3126.833173
2019/5/6 16:03,656878.5111,3941.408745,3127.100816
2019/5/6 16:06,658607.6333,4281.116916,3127.685305
2019/5/6 16:09,658553.5222,4489.162528,3134.16438
2019/5/6 16:12,656813.4556,4558.93523,3128.34398
2019/5/6 16:15,655258.8333,4138.284575,3093.437133
2019/5/6 16:18,655310.7833,4155.199247,3085.404269
2019/5/6 16:21,655350.9944,4269.721305,3105.171181
2019/5/6 16:24,654946.0278,4387.995499,3120.978495
2019/5/6 16:27,653920.7111,4424.677186,3120.225179
2019/5/6 16:30,652845.05,4635.15166,3146.282384
2019/5/6 16:33,652297.9056,4631.09024,3142.93418
2019/5/6 16:36,651797.1333,4659.129686,3156.846308
2019/5/6 16:39,651278.3056,4567.444168,3161.750523
2019/5/6 16:42,651416.8333,4519.967153,3165.07547
2019/5/6 16:45,650932.4389,4510.986774,3173.503797
2019/5/6 16:48,650386.4611,4502.778137,3166.583244
2019/5/6 16:51,650163.0056,4497.026549,3163.659232
2019/5/6 16:54,649418.3056,4388.182258,3156.100373
2019/5/6 16:57,649649.3333,4335.240057,3151.267235
2019/5/6 17:00,650278.9778,4211.862142,3128.709489
2019/5/6 17:03,652195.2889,4274.081185,3121.791674
2019/5/6 17:06,652151.2889,4402.329178,3115.826922
2019/5/6 17:09,651573.4278,4420.041767,3108.414554
2019/5/6 17:12,648904.1944,4391.051867,3087.05602
2019/5/6 17:15,649724.3778,4466.868198,3124.501927
2019/5/6 17:18,650086.2111,4456.676367,3115.76953
2019/5/6 17:21,650123.9833,4489.257947,3124.076819
2019/5/6 17:24,649943.4889,4437.714871,3123.98245
2019/5/6 17:27,649934.4667,4401.652924,3115.152752
2019/5/6 17:30,651159.2333,4524.557115,3127.934162
2019/5/6 17:33,652026.85,4508.365974,3121.443079
2019/5/6 17:36,652095.5,4489.315547,3126.873571
2019/5/6 17:39,651702.9889,4502.752162,3126.936265
2019/5/6 17:42,652125.6,4513.781698,3122.363306
2019/5/6 17:45,651856.7444,4638.140764,3147.062072
2019/5/6 17:48,651388.8722,4611.113672,3145.542166
2019/5/6 17:51,650701.1667,4575.929387,3156.790631
2019/5/6 17:54,649222.6889,4531.631321,3159.422346
2019/5/6 17:57,648319.7333,4499.881571,3155.624668
2019/5/6 18:00,647756.3278,4398.038622,3148.494786
2019/5/6 18:03,646431.5889,4373.108165,3140.635934
2019/5/6 18:06,644537.8778,4349.204114,3132.792625
2019/5/6 18:09,643067.0778,4401.93753,3130.32052
2019/5/6 18:12,642330.4667,4411.107499,3118.924356
2019/5/6 18:15,641289.6056,4345.113855,3128.084369
2019/5/6 18:18,641615.5556,4179.597478,3108.032911
2019/5/6 18:21,642005.6722,3890.214087,3091.477448
2019/5/6 18:24,644904.2833,3716.463949,3066.770837
2019/5/6 18:27,650113.9333,3635.600366,3055.821145
2019/5/6 18:30,654389.4,3443.76614,3027.424247
2019/5/6 18:33,659482.6389,3401.844216,3025.643917
2019/5/6 18:36,663441.6778,3300.510911,3023.445725
2019/5/6 18:39,662652.4389,3225.556466,2992.91057
2019/5/6 18:42,661549.0444,3204.589158,2977.176281
2019/5/6 18:45,663649.9333,3279.685691,2951.658608
2019/5/6 18:48,666449.3,3302.720326,2946.906208
2019/5/6 18:51,669825.8778,3336.251779,2954.279222
2019/5/6 18:54,672807.5667,3438.846093,2976.257579
2019/5/6 18:57,676784.2944,3560.987836,3019.676402
2019/5/6 19:00,681294.1833,3596.560353,3016.063944
2019/5/6 19:03,682942.25,3518.664999,2980.287366
2019/5/6 19:06,687195.1833,3471.651107,2971.93156
2019/5/6 19:09,689380.7778,3325.726235,2917.476944
2019/5/6 19:12,692337.2,3242.664654,2888.674508
2019/5/6 19:15,690393.7611,3417.387393,2924.838373
2019/5/6 19:18,688725.8722,3307.746873,2866.257329
2019/5/6 19:21,687113.45,3196.498645,2811.62309
2019/5/6 19:24,686472.5167,3320.639037,2829.175965
2019/5/6 19:27,687984.6222,3417.988574,2846.097788
2019/5/6 19:30,686719.4611,3496.683086,2848.432315
2019/5/6 19:33,691342.5556,3475.889536,2830.096472
2019/5/6 19:36,699619.1389,3471.130581,2828.762701
2019/5/6 19:39,707456.7722,3654.208262,2905.221108
2019/5/6 19:42,711578.9833,3826.981843,2975.878876
2019/5/6 19:45,712772.9389,3719.448472,2945.225009
2019/5/6 19:48,716075.2333,3625.703746,2904.098609
2019/5/6 19:51,719039.5611,3653.443268,2917.13063
2019/5/6 19:54,722917.8944,3723.380208,2937.245651
2019/5/6 19:57,724481.4222,3727.532155,2939.504486
2019/5/6 20:00,725982.9278,3888.575313,3005.845207
2019/5/6 20:03,725648.3056,3898.756772,2993.743348
2019/5/6 20:06,724976.1222,3960.069441,2988.104625
2019/5/6 20:09,718718.9,3752.021021,2905.335948
2019/5/6 20:12,706388.3556,3646.514699,2863.257406
2019/5/6 20:15,678916.7222,3726.503948,2795.406343
2019/5/6 20:18,690588.7889,3837.543582,2876.536732
2019/5/6 20:21,658934.8778,4072.176622,2798.823379
2019/5/6 20:24,656744.9778,4238.240126,2851.36865
2019/5/6 20:27,671169,4426.950348,2957.441579
2019/5/6 20:30,679097.5111,4613.584536,3113.207649
2019/5/6 20:33,693440.7889,4617.549032,3171.662404
2019/5/6 20:36,703535.4667,4756.270286,3348.533456
2019/5/6 20:39,708687.1778,5004.718733,3431.70967
2019/5/6 20:42,707481.4611,5069.19345,3453.84584
2019/5/6 20:45,700584.9611,4874.329481,3378.446832
2019/5/6 20:48,696036.3,4834.477022,3368.6812
2019/5/6 20:51,689782.95,4957.904416,3427.311668
2019/5/6 20:54,693722.9667,4704.664575,3363.957724
2019/5/6 20:57,702730.2611,4661.537908,3373.430501
2019/5/6 21:00,696235.7,4658.441231,3310.310885
2019/5/6 21:03,690116.6111,4624.77172,3315.070365
2019/5/6 21:06,687352.2333,4776.87517,3387.775482
2019/5/6 21:09,686671.9667,4639.857525,3320.437405
2019/5/6 21:12,687930.5444,4604.653816,3324.932417
2019/5/6 21:15,691343.9722,5122.373817,3437.760944
2019/5/6 21:18,685745.6778,4922.982914,3358.3022
2019/5/6 21:21,685768.2611,4716.811321,3303.605449
2019/5/6 21:24,689733.0389,4853.977686,3398.254044
2019/5/6 21:27,683088.9611,4903.250564,3433.364861
2019/5/6 21:30,678297.7722,5111.68229,3487.199076
2019/5/6 21:33,684131.3556,5055.458119,3500.376419
2019/5/6 21:36,681263.9556,4986.805314,3525.776087
2019/5/6 21:39,678076.25,4828.894463,3526.776233
2019/5/6 21:42,683539.4722,4824.156218,3583.804849
2019/5/6 21:45,683200.0778,4888.880955,3583.7754
2019/5/6 21:48,670903.3444,4710.39729,3482.204273
2019/5/6 21:51,671791.8944,4800.671473,3527.345679
2019/5/6 21:54,674653.1167,4763.720876,3532.173133
2019/5/6 21:57,673171.7056,4722.691385,3525.974725
2019/5/6 22:00,672125.6278,4687.460533,3543.365286
2019/5/6 22:03,670838.2944,4694.489886,3534.270099
2019/5/6 22:06,665104.9667,4695.90834,3514.040849
2019/5/6 22:09,664934.1833,4475.006107,3377.628203
2019/5/6 22:12,672803.3944,4505.893887,3426.689439
2019/5/6 22:15,671114.3556,4495.753586,3519.426072
2019/5/6 22:18,675692.8611,4527.397295,3549.727288
2019/5/6 22:21,680011.35,4590.759438,3599.346586
2019/5/6 22:24,679500.75,4510.946973,3557.075592
2019/5/6 22:27,677938.7889,4480.682777,3547.067296
2019/5/6 22:30,682824.8056,4639.609869,3522.59892
2019/5/6 22:33,681495.2667,4627.4009,3517.852162
2019/5/6 22:36,679441.1667,4717.06575,3578.180894
2019/5/6 22:39,678016.8,4711.566608,3615.937259
2019/5/6 22:42,678881.4611,4739.100964,3644.472441
2019/5/6 22:45,677411.5278,4527.320738,3576.963331
2019/5/6 22:48,678321.7722,4561.449171,3563.08507
2019/5/6 22:51,682322.2278,4655.989303,3572.805502
2019/5/6 22:54,681090.4889,4705.710776,3553.364554
2019/5/6 22:57,677124.3667,4724.104479,3539.898671
2019/5/6 23:00,678408.9556,4741.144118,3517.791164
2019/5/6 23:03,676758.7389,4677.512337,3489.478864
2019/5/6 23:06,677067.5833,4708.299576,3490.677304
2019/5/6 23:09,677278.1778,4696.87446,3431.206106
2019/5/6 23:12,677371.2333,4679.534629,3407.301017
2019/5/6 23:15,666083.0222,4811.368158,3403.26318
2019/5/6 23:18,664586.0556,4732.490462,3384.565316
2019/5/6 23:21,666052.1667,4735.937272,3402.146835
2019/5/6 23:24,661174.7333,4685.863118,3313.786756
2019/5/6 23:27,662546.4389,4823.180071,3311.580124
2019/5/6 23:30,668249.4389,4811.224873,3379.137536
2019/5/6 23:33,670185.2833,4781.431139,3340.741004
2019/5/6 23:36,674554.9,4757.292404,3314.910675
2019/5/6 23:39,677164.7167,4836.987196,3270.00253
2019/5/6 23:42,670967.1778,4825.967221,3212.386124
2019/5/6 23:45,666291.7444,4819.836783,3171.172235
2019/5/6 23:48,671179.5222,4861.644755,3187.085564
2019/5/6 23:51,672677.8944,4973.197521,3228.551822
2019/5/6 23:54,674161.3944,4945.604984,3204.101467
2019/5/6 23:57,676727.9333,4950.74446,3207.596469
2019/5/7 0:00,674192.2222,4797.274958,3209.225689
2019/5/7 0:03,672119.5167,4680.650979,3169.207487
2019/5/7 0:06,684035.3111,4634.775021,3192.845548
2019/5/7 0:09,681197.1944,4598.271488,3106.203482
2019/5/7 0:12,677923.3944,4612.182087,3088.543335
2019/5/7 0:15,676100.7278,4868.243523,3230.530839
2019/5/7 0:18,676445.4222,4719.664492,3171.127805
2019/5/7 0:21,678890.5889,4736.133685,3236.311951
2019/5/7 0:24,681612.4444,4723.32806,3313.223591
2019/5/7 0:27,679929.3,4707.609289,3338.047573
2019/5/7 0:30,676432.1722,4529.362932,3337.747101
2019/5/7 0:33,680704.05,4597.78248,3376.650515
2019/5/7 0:36,679384.2778,4685.745702,3417.432371
2019/5/7 0:39,676213.9056,4594.335755,3428.144772
2019/5/7 0:42,678356.5333,4615.498926,3478.455692
2019/5/7 0:45,682139.2667,4795.70785,3530.946395
2019/5/7 0:48,684742.4389,4644.650852,3503.030309
2019/5/7 0:51,686623.3944,4396.793762,3458.362265
2019/5/7 0:54,690350.95,4351.242846,3417.157146
2019/5/7 0:57,684103.2889,4223.291935,3297.700634
2019/5/7 1:00,685606.9056,4481.187866,3367.752239
2019/5/7 1:03,687129.0222,4610.498822,3401.090824
2019/5/7 1:06,687927.9,4855.196662,3456.810614
2019/5/7 1:09,689861.8611,4872.019828,3435.219279
2019/5/7 1:12,693349.1389,4897.345225,3455.141109
2019/5/7 1:15,692370.8111,5053.317987,3505.77139
2019/5/7 1:18,686923.2111,4940.431006,3476.502514
2019/5/7 1:21,689016.0222,4907.943559,3551.429788
2019/5/7 1:24,692514.0667,4940.031177,3560.311363
2019/5/7 1:27,693301.5167,4962.212507,3563.99404
2019/5/7 1:30,688335.9889,4673.579547,3427.76514
2019/5/7 1:33,690461.8444,4645.742174,3452.758918
2019/5/7 1:36,692048.2278,4670.045159,3531.465394
2019/5/7 1:39,691360.55,4686.825769,3538.061551
2019/5/7 1:42,696158.7056,4720.472705,3559.611954
2019/5/7 1:45,697280.7111,4746.30946,3556.590606
2019/5/7 1:48,691876.9667,4673.941463,3509.109994
2019/5/7 1:51,683948.8333,4622.07443,3497.886712
2019/5/7 1:54,687535.0778,4706.018002,3533.343645
2019/5/7 1:57,690480.3667,4760.559071,3562.812067
2019/5/7 2:00,684437.5389,4646.14567,3472.386798
2019/5/7 2:03,672609.8556,4490.021961,3340.65853
2019/5/7 2:06,667683.0667,4549.94788,3385.542583
2019/5/7 2:09,665467.6111,4583.577353,3426.82686
2019/5/7 2:12,666760.2389,4598.441837,3457.128535
2019/5/7 2:15,669333.8556,4519.68369,3538.210853
2019/5/7 2:18,672131.4056,4527.919026,3561.613841
2019/5/7 2:21,677451.0444,4565.89791,3614.706949
2019/5/7 2:24,676076.5333,4530.552188,3569.065494
2019/5/7 2:27,671107.7278,4500.557756,3532.050385
2019/5/7 2:30,672457.1389,4712.129213,3579.534442
2019/5/7 2:33,672843.6667,4712.520611,3583.570156
2019/5/7 2:36,673080.1722,4728.886038,3607.214783
2019/5/7 2:39,674718.2722,4692.289116,3575.493951
2019/5/7 2:42,677367.1167,4688.494667,3568.948641
2019/5/7 2:45,673426.8333,4751.443915,3600.078082
2019/5/7 2:48,670392.2222,4748.733612,3551.761809
2019/5/7 2:51,672590.7722,4792.268063,3583.876543
2019/5/7 2:54,673370.5056,4775.564503,3546.320951
2019/5/7 2:57,669023.1944,4745.86321,3506.814655
2019/5/7 3:00,665089.6333,4899.346627,3532.534681
2019/5/7 3:03,666517.0278,4962.57741,3554.010135
2019/5/7 3:06,665897.4444,5005.222916,3594.201231
2019/5/7 3:09,662949.4556,4945.886431,3512.140973
2019/5/7 3:12,660058.9944,4924.186405,3476.580982
2019/5/7 3:15,660363.6778,4987.124242,3500.256623
2019/5/7 3:18,659110.4278,4936.931687,3447.980682
2019/5/7 3:21,660769.6,4872.394211,3397.473848
2019/5/7 3:24,663155.8778,4858.900889,3402.846506
2019/5/7 3:27,667270.7889,4885.637859,3427.137551
2019/5/7 3:30,668167.8278,4895.659306,3420.836846
2019/5/7 3:33,669158.0056,4840.728431,3385.092651
2019/5/7 3:36,668257.6667,4805.7573,3350.630819
2019/5/7 3:39,663567.0111,4703.769882,3242.204766
2019/5/7 3:42,659730.5222,4675.531187,3200.455094
2019/5/7 3:45,658839.5,4734.954822,3138.478087
2019/5/7 3:48,656416.2944,4645.821841,3039.380213
2019/5/7 3:51,657526.3222,4646.093513,3005.920768
2019/5/7 3:54,660101.2611,4617.171474,3003.477996
2019/5/7 3:57,660521.3611,4517.221443,2937.464874
2019/5/7 4:00,653879.5,4485.070655,2901.66931
2019/5/7 4:03,659240.9667,4488.913087,2910.127917
2019/5/7 4:06,652592.0444,4438.484992,2859.617321
2019/5/7 4:09,654014.9111,4395.101902,2820.60838
2019/5/7 4:12,662378.9556,4410.938577,2820.938192
2019/5/7 4:15,659431.4444,4446.325052,2763.243318
2019/5/7 4:18,670318.1278,4429.466147,2764.564098
2019/5/7 4:21,679532.1056,4449.329002,2812.740123
2019/5/7 4:24,683227.1333,4582.046149,2832.717809
2019/5/7 4:27,683757.6056,4644.868973,2842.398069
2019/5/7 4:30,684424.5333,4720.640249,2864.908613
2019/5/7 4:33,679510.5444,4675.396293,2830.45785
2019/5/7 4:36,684022.7722,4685.08575,2821.262896
2019/5/7 4:39,685478.0333,4617.620186,2820.220918
2019/5/7 4:42,697711.05,4665.675063,2871.52386
2019/5/7 4:45,696086.2222,4638.709425,2886.380738
2019/5/7 4:48,685786.0667,4588.430838,2854.532354
2019/5/7 4:51,694131.6389,4622.122967,2887.980029
2019/5/7 4:54,693815.9722,4561.962881,2857.036414
2019/5/7 4:57,685011.2778,4504.203564,2816.172933
2019/5/7 5:00,680735.0889,4568.794608,2780.972314
2019/5/7 5:03,682297.1111,4672.656753,2882.427138
2019/5/7 5:06,679374.95,4830.170033,3016.259773
2019/5/7 5:09,674597.1556,4717.139944,2991.804272
2019/5/7 5:12,671531.9056,4690.620245,2987.055256
2019/5/7 5:15,664432.45,4702.422028,3015.133649
2019/5/7 5:18,670557.9722,4706.748368,3005.964446
2019/5/7 5:21,669356.2222,4659.731717,2899.393492
2019/5/7 5:24,669263.0722,4642.879436,2921.086479
2019/5/7 5:27,661846.2611,4567.003279,2927.09968
2019/5/7 5:30,665830.8556,4602.875861,2914.002118
2019/5/7 5:33,666995.9444,4601.751692,2923.820904
2019/5/7 5:36,673824.8278,4622.823602,2987.182965
2019/5/7 5:39,666529.5722,4553.120308,2967.142871
2019/5/7 5:42,660767.6222,4505.497499,2938.824395
2019/5/7 5:45,661474.6278,4612.412271,3018.435009
2019/5/7 5:48,661791.5889,4612.223782,2995.691727
2019/5/7 5:51,664134.9722,4657.795775,2965.973157
2019/5/7 5:54,669397.5167,4696.637242,2991.28124
2019/5/7 5:57,663717.4222,4678.312653,2967.078573
2019/5/7 6:00,669154.5667,4666.962812,2932.859342
2019/5/7 6:03,685492.7056,4719.533942,2956.666436
2019/5/7 6:06,689149.1444,4724.811544,2938.394356
2019/5/7 6:09,691340.6056,4610.60283,2904.478353
2019/5/7 6:12,688956.4833,4538.934569,2890.711953
2019/5/7 6:15,683388.7333,4471.574302,2914.007623
2019/5/7 6:18,682387.3722,4555.7231,2947.306215
2019/5/7 6:21,679668,4585.270305,2935.716293
2019/5/7 6:24,674816.0833,4590.997138,2891.710491
2019/5/7 6:27,675120.4556,4663.405266,2892.097136
2019/5/7 6:30,677697.6167,4677.786988,2910.32464
2019/5/7 6:33,668463.5833,4577.434172,2893.974196
2019/5/7 6:36,670064.2778,4514.42687,2883.159005
2019/5/7 6:39,675918.3833,4549.092696,2867.032282
2019/5/7 6:42,676375.0444,4546.491305,2854.699792
2019/5/7 6:45,673459.0667,4551.755089,2840.936227
2019/5/7 6:48,672041.6778,4582.553398,2853.284502
2019/5/7 6:51,680417.4167,4715.796266,2940.895561
2019/5/7 6:54,680695.1722,4767.162696,2977.953325
2019/5/7 6:57,679898.5111,4798.764916,2998.062035
2019/5/7 7:00,677220.1944,4633.23073,2979.200625
2019/5/7 7:03,681887.0722,4643.417487,3004.34416
2019/5/7 7:06,679885.2667,4629.898052,3027.524071
2019/5/7 7:09,675664.4667,4670.281628,3017.641125
2019/5/7 7:12,656469.1722,4564.200164,2972.286741
2019/5/7 7:15,660214.0278,4479.699548,2940.906356
2019/5/7 7:18,669513.9611,4436.574986,2932.337375
2019/5/7 7:21,667594.8611,4507.930325,2982.365461
2019/5/7 7:24,665318.2222,4461.650529,3005.046789
2019/5/7 7:27,650646.7222,4178.889961,2979.432053
2019/5/7 7:30,640313.4333,3959.775782,2941.030037
2019/5/7 7:33,645369.5667,3974.848943,2969.652584
2019/5/7 7:36,647635,4009.840168,3023.773228
2019/5/7 7:39,650085.4111,3973.494353,3042.92789
2019/5/7 7:42,652368.5,3977.768518,3058.65422
2019/5/7 7:45,651810.1778,4079.160353,3102.059596
2019/5/7 7:48,647037.7444,4048.601872,3083.852269
2019/5/7 7:51,645199.2444,4136.853286,3098.275093
2019/5/7 7:54,646530.9556,4205.359641,3102.834344
2019/5/7 7:57,648080.4,4238.736191,3104.266518
2019/5/7 8:00,646574.3444,4259.803118,3104.583522
2019/5/7 8:03,614926.9333,4140.083272,3041.757554
2019/5/7 8:06,618120.4056,4206.334735,3082.858792
2019/5/7 8:09,620299.8667,4166.518338,3101.782385
2019/5/7 8:12,621184.0889,4123.869378,3107.377976
2019/5/7 8:15,621686.9444,4099.161847,3124.54129
2019/5/7 8:18,623292.6,4156.681373,3133.339849
2019/5/7 8:21,623782.9778,4269.453162,3156.518262
2019/5/7 8:24,622153.9833,4211.388664,3150.066343
2019/5/7 8:27,621795.4944,4167.041582,3142.409339
2019/5/7 8:30,622660.6556,4181.422806,3132.132401
2019/5/7 8:33,623681.9667,4163.997734,3129.390844
2019/5/7 8:36,623645.6389,4132.811281,3132.839864
2019/5/7 8:39,622822.7056,4148.725477,3134.470096
2019/5/7 8:42,622041.2722,4135.841257,3129.49796
2019/5/7 8:45,622391.2056,4283.212415,3156.015878
2019/5/7 8:48,620352.55,4239.010267,3142.546767
2019/5/7 8:51,619225.5333,4202.79336,3139.198523
2019/5/7 8:54,619227.4444,4014.92158,3142.074544
2019/5/7 8:57,619780.1833,3916.872632,3139.816258
2019/5/7 9:00,619499.9278,3890.085991,3138.740954
2019/5/7 9:03,619213.6611,3830.625466,3131.235485
2019/5/7 9:06,620094.8889,3716.472025,3124.799229
2019/5/7 9:09,622324.7556,3743.985315,3122.221619
2019/5/7 9:12,621986.5333,3762.266113,3097.254033
2019/5/7 9:15,623226.0278,3808.976216,3117.109283
2019/5/7 9:18,621799.4444,3798.338255,3108.483758
2019/5/7 9:21,621637.2833,3803.705022,3108.603192
2019/5/7 9:24,623892.0889,3993.830567,3110.304139
2019/5/7 9:27,626040.7556,4099.451671,3109.114739
2019/5/7 9:30,627338.1222,4596.34676,3116.347174
2019/5/7 9:33,627598.3167,4615.427149,3126.489274
2019/5/7 9:36,628232.4389,4649.385083,3156.782872
2019/5/7 9:39,628902.2111,4621.891861,3175.626217
2019/5/7 9:42,627024.2889,4590.679843,3172.704433
2019/5/7 9:45,624884.1667,4607.580907,3196.014457
2019/5/7 9:48,624629.5667,4556.314437,3185.818015
2019/5/7 9:51,624156.1889,4506.694345,3196.224772
2019/5/7 9:54,624164.5333,4543.387213,3189.316921
2019/5/7 9:57,623678.8333,4582.251145,3103.795298
2019/5/7 10:00,625653.2444,4664.249758,3132.756415
2019/5/7 10:03,625359.1,4609.74839,3133.880013
2019/5/7 10:06,627770.0056,4541.442088,3146.271684
2019/5/7 10:09,628202.3222,4557.348746,3144.127268
2019/5/7 10:12,628599.3556,4558.303086,3137.05813
2019/5/7 10:15,631136.4556,4585.800177,3167.19794
2019/5/7 10:18,632209.6889,4587.880926,3163.560803
2019/5/7 10:21,632532.6556,4612.472864,3174.104251
2019/5/7 10:24,631414.6333,4666.695024,3175.781931
2019/5/7 10:27,629536.3889,4682.942236,3167.828243
2019/5/7 10:30,629015.3333,4627.679686,3180.303454
2019/5/7 10:33,629196.4667,4609.674392,3171.723302
2019/5/7 10:36,630275.1167,4606.576793,3178.779843
2019/5/7 10:39,630092.2778,4615.419004,3179.882566
2019/5/7 10:42,629227.9389,4607.578016,3172.716772
2019/5/7 10:45,627803.5889,4585.667746,3178.398669
2019/5/7 10:48,628285.5278,4567.210573,3168.817354
2019/5/7 10:51,628143.0111,4586.525911,3168.079421
2019/5/7 10:54,628744.9167,4533.993439,3161.174266
2019/5/7 10:57,629906.0944,4514.321959,3151.276386
2019/5/7 11:00,630463.9389,4554.811423,3156.950594
2019/5/7 11:03,630073.8278,4540.897409,3163.527654
2019/5/7 11:06,629316.8167,4530.710128,3192.614878
2019/5/7 11:09,628466.5167,4528.401065,3180.809447
2019/5/7 11:12,627303.1611,4503.246249,3164.960392
2019/5/7 11:15,627667.7889,4655.164321,3164.102707
2019/5/7 11:18,631250.1611,4634.234147,3152.140145
2019/5/7 11:21,631342.7333,4652.177267,3156.875462
2019/5/7 11:24,630075.8944,4616.878511,3163.472724
2019/5/7 11:27,630477.2278,4582.891845,3153.48385
2019/5/7 11:30,630578.4333,4654.129927,3162.551646
2019/5/7 11:33,630280.4667,4653.097233,3154.119013
2019/5/7 11:36,628845.2667,4686.576925,3163.309102
2019/5/7 11:39,628860.1667,4600.165795,3160.85214
2019/5/7 11:42,628948.2667,4549.51283,3151.86894
2019/5/7 11:45,629301.3722,4594.05816,3166.981819
2019/5/7 11:48,632279.4278,4626.513391,3167.794228
2019/5/7 11:51,632088.9389,4674.400429,3178.711469
2019/5/7 11:54,633567.3889,4678.192815,3175.315368
2019/5/7 11:57,634362.5333,4668.080936,3165.311196
2019/5/7 12:00,633912.0333,4545.046139,3165.761227
2019/5/7 12:03,635185.3444,4538.525364,3157.037477
2019/5/7 12:06,635817.2667,4544.299584,3156.331845
2019/5/7 12:09,635034.6222,4555.436694,3153.146735
2019/5/7 12:12,634364.1833,4529.885851,3139.726528
2019/5/7 12:15,632745.4278,4424.394954,3142.393642
2019/5/7 12:18,631754.35,4399.679535,3127.016697
2019/5/7 12:21,632177.9167,4440.759352,3133.152553
2019/5/7 12:24,633001.9,4636.220095,3150.997695
2019/5/7 12:27,634630.6278,4712.886853,3148.865844
2019/5/7 12:30,634055.5,4703.042561,3159.139378
2019/5/7 12:33,633453.7167,4690.237654,3143.029033
2019/5/7 12:36,631137.9389,4706.113211,3144.746372
2019/5/7 12:39,630310.9889,4696.914917,3137.743608
2019/5/7 12:42,628884.3278,4700.167305,3128.860145
2019/5/7 12:45,628528.5556,4770.486508,3166.475414
2019/5/7 12:48,629171.1389,4738.228896,3164.361409
2019/5/7 12:51,629113.7278,4694.447016,3176.757047
2019/5/7 12:54,630491.2,4713.277989,3171.734992
2019/5/7 12:57,631124.0722,4708.046812,3162.379138
2019/5/7 13:00,631020.7944,4708.427966,3196.656349
2019/5/7 13:03,630706.2556,4713.367621,3189.520645
2019/5/7 13:06,630907.6889,4730.743019,3188.111889
2019/5/7 13:09,630610.4556,4741.425598,3185.162051
2019/5/7 13:12,630879.6056,4698.910836,3169.52683
2019/5/7 13:15,629893.8167,4726.848692,3171.692696
2019/5/7 13:18,627839.2167,4679.455847,3139.8806
2019/5/7 13:21,627053.2944,4659.017124,3128.18633
2019/5/7 13:24,627818.8167,4617.83597,3123.927781
2019/5/7 13:27,628854.1722,4591.787881,3112.163448
2019/5/7 13:30,629425.3556,4568.505302,3124.790712
2019/5/7 13:33,631216.8778,4561.794523,3124.595188
2019/5/7 13:36,632715.3333,4563.925188,3142.849873
2019/5/7 13:39,633789.8833,4622.629081,3157.064717
2019/5/7 13:42,634491.6667,4625.52231,3154.448588
2019/5/7 13:45,634679.2722,4605.913366,3168.149328
2019/5/7 13:48,634723.8722,4576.579878,3154.270502
2019/5/7 13:51,634406.1889,4566.537667,3158.056991
2019/5/7 13:54,633349.25,4562.500625,3154.622492
2019/5/7 13:57,632976.7667,4548.090509,3140.579994
2019/5/7 14:00,632995.2444,4605.802694,3151.93149
2019/5/7 14:03,633432.7667,4597.603691,3149.122663
2019/5/7 14:06,632124.1944,4570.712779,3156.422292
2019/5/7 14:09,628589.2278,4536.772404,3144.392749
2019/5/7 14:12,628533.35,4511.549984,3140.127752
2019/5/7 14:15,628287.9,4570.593484,3169.478221
2019/5/7 14:18,627752.0833,4543.036124,3159.231179
2019/5/7 14:21,626752.4,4544.886915,3161.547012
2019/5/7 14:24,625672.9944,4566.581784,3162.732855
2019/5/7 14:27,625896.8222,4553.013785,3153.62155
2019/5/7 14:30,625486.2056,4539.110464,3177.844506
2019/5/7 14:33,625691.1222,4511.660514,3161.770812
2019/5/7 14:36,625987.7778,4508.333877,3160.705639
2019/5/7 14:39,626808.7056,4490.659239,3155.134456
2019/5/7 14:42,627174.7389,4460.885818,3136.59381
2019/5/7 14:45,627070.8778,4454.296595,3154.210587
2019/5/7 14:48,626432.25,4442.706316,3145.998404
2019/5/7 14:51,626986.1111,4459.899577,3153.682443
2019/5/7 14:54,627659.4333,4445.344115,3154.478017
2019/5/7 14:57,628187.2056,4429.91212,3148.187504
2019/5/7 15:00,628228.0778,4370.299846,3139.90303
2019/5/7 15:03,628997.1778,4269.284422,3121.236326
2019/5/7 15:06,632444.0056,4072.723209,3100.885076
2019/5/7 15:09,634307.8222,4314.520319,3094.964903
2019/5/7 15:12,636555.1944,4443.881837,3090.855688
2019/5/7 15:15,636949.7611,4578.014335,3107.21769
2019/5/7 15:18,637966.0333,4508.623844,3086.990786
2019/5/7 15:21,638064.5222,4467.466106,3109.116813
2019/5/7 15:24,638818.2167,4488.732688,3108.490353
2019/5/7 15:27,639489.3944,4493.177353,3101.346794
2019/5/7 15:30,639724.4056,4464.554805,3114.676208
2019/5/7 15:33,639700.7944,4415.805956,3105.985161
2019/5/7 15:36,639013.7167,4377.202416,3104.131782
2019/5/7 15:39,639542.7778,4375.453362,3098.856833
2019/5/7 15:42,639611.4,4365.092622,3093.497518
2019/5/7 15:45,638540.6167,4391.418902,3104.868033
2019/5/7 15:48,638063.9167,4359.5078,3093.902546
2019/5/7 15:51,637704.6944,4366.431124,3104.931867
2019/5/7 15:54,637913.3167,4342.691647,3114.002666
2019/5/7 15:57,637663.7833,4322.423235,3111.976918
2019/5/7 16:00,636581.7722,4362.253795,3134.654181
2019/5/7 16:03,636600.1222,4315.132288,3122.544387
2019/5/7 16:06,635023.5944,4244.012131,3125.524708
2019/5/7 16:09,633231.9333,4229.16087,3101.329605
2019/5/7 16:12,633322.55,4215.471216,3077.41684
2019/5/7 16:15,633208.9556,4275.703079,3092.952025
2019/5/7 16:18,633453.8667,4276.291442,3082.670155
2019/5/7 16:21,634208.4944,4330.938997,3091.008783
2019/5/7 16:24,637023.1778,4330.490324,3100.638594
2019/5/7 16:27,633268.9889,4250.405499,3077.886723
2019/5/7 16:30,635282.5944,3995.040398,3061.658275
2019/5/7 16:33,636250.7278,4071.175284,3052.390426
2019/5/7 16:36,634801.0944,4230.312892,3015.631624
2019/5/7 16:39,634531.6111,4253.879535,3014.601181
2019/5/7 16:42,636277.2278,4284.130305,3016.563025
2019/5/7 16:45,637208.6056,4310.579387,3058.105855
2019/5/7 16:48,636704.2667,4319.441768,3062.899983
2019/5/7 16:51,636729.8833,4370.978426,3082.869118
2019/5/7 16:54,637461.9167,4417.46705,3099.257714
2019/5/7 16:57,636611.9611,4423.950452,3102.307841
2019/5/7 17:00,637644.0333,4475.856869,3115.000391
2019/5/7 17:03,636608.45,4366.935801,3115.993681
2019/5/7 17:06,634073.3556,4122.544862,3123.47559
2019/5/7 17:09,635080.8833,4130.560827,3094.656681
2019/5/7 17:12,634385.6111,4131.643794,3070.147847
2019/5/7 17:15,631956.9778,4292.609478,3062.630224
2019/5/7 17:18,634673.05,4284.620722,3058.25118
2019/5/7 17:21,636732.5944,4248.889142,3057.94935
2019/5/7 17:24,639502.5667,4222.855886,3049.572325
2019/5/7 17:27,641571.3333,4214.188708,3039.635832
2019/5/7 17:30,638594.2833,4251.28759,3074.081842
2019/5/7 17:33,641373.7667,4203.29565,3070.587026
2019/5/7 17:36,641135.2611,4100.612095,3080.916414
2019/5/7 17:39,643007.4833,4026.721441,3080.996971
2019/5/7 17:42,644094.7222,3984.638957,3077.408296
2019/5/7 17:45,643248.0111,4319.39057,3086.938664
2019/5/7 17:48,641621.9556,4377.976645,3085.067016
2019/5/7 17:51,642384.5222,4519.72363,3096.684309
2019/5/7 17:54,642328.1111,4507.671226,3113.161662
2019/5/7 17:57,642244.4,4502.64314,3118.37619
2019/5/7 18:00,638330.8278,4476.532966,3125.219622
2019/5/7 18:03,636598.7222,4438.095836,3112.678234
2019/5/7 18:06,636267.8667,4404.906642,3113.879354
2019/5/7 18:09,636418.85,4386.241314,3100.833762
2019/5/7 18:12,637130.6222,4350.846399,3081.526437
2019/5/7 18:15,637926.2056,4176.725714,3076.623722
2019/5/7 18:18,638562.6278,4039.989458,3053.388585
2019/5/7 18:21,639873.4611,3828.82732,3035.195737
2019/5/7 18:24,641195.0278,3545.637181,3014.374277
2019/5/7 18:27,640408.8778,3387.869878,2999.287219
2019/5/7 18:30,638204.0556,3274.436794,2952.20273
2019/5/7 18:33,641928.3944,3248.928269,2953.899097
2019/5/7 18:36,645440.1167,3204.395492,2949.731895
2019/5/7 18:39,651277.0778,3235.75719,2930.551241
2019/5/7 18:42,648906.6556,3242.326554,2920.895558
2019/5/7 18:45,651025.6944,2980.778746,2873.975078
2019/5/7 18:48,654047.8556,3030.866982,2850.437354
2019/5/7 18:51,657425.1778,3145.930028,2826.746189
2019/5/7 18:54,661283.0889,3168.837495,2837.665845
2019/5/7 18:57,659271.9889,3161.131492,2837.801889
2019/5/7 19:00,661347.1278,3314.878957,2858.585191
2019/5/7 19:03,660053.9167,3320.329499,2846.604696
2019/5/7 19:06,662175.8278,3376.496986,2856.367663
2019/5/7 19:09,667909.8722,3583.06123,2908.471652
2019/5/7 19:12,675422.6889,3689.827565,2956.865382
2019/5/7 19:15,684618.7833,3809.072847,3098.516171
2019/5/7 19:18,692041.15,3856.477142,3137.24874
2019/5/7 19:21,695513.3611,3876.694905,3177.872778
2019/5/7 19:24,698805.2111,3892.132435,3205.088746
2019/5/7 19:27,697948.4944,3893.974118,3210.678185
2019/5/7 19:30,695072.9944,3860.441213,3171.25076
2019/5/7 19:33,703288.0389,3909.037416,3205.117272
2019/5/7 19:36,706604.1278,3968.750972,3230.675289
2019/5/7 19:39,707988.7611,4056.618565,3217.790306
2019/5/7 19:42,710870.5167,4104.016019,3220.426668
2019/5/7 19:45,714372.4833,4085.125723,3175.421212
2019/5/7 19:48,715562.9778,4142.193292,3191.533241
2019/5/7 19:51,716010.5333,4317.940315,3289.457221
2019/5/7 19:54,682143.2167,4428.352456,3037.532779
2019/5/7 19:57,667677.9667,4385.964461,2951.011792
2019/5/7 20:00,680252.2167,4451.275163,3056.607067
2019/5/7 20:03,671662.4278,4302.214892,2969.689504
2019/5/7 20:06,678076.8333,4251.659785,2951.32317
2019/5/7 20:09,689406.5778,4359.595899,3017.046845
2019/5/7 20:12,698002.9611,4529.622291,3074.337985
2019/5/7 20:15,690977.85,4473.242445,2995.085265
2019/5/7 20:18,686358.4278,4451.353438,2963.242556
2019/5/7 20:21,682330.7167,4604.36025,3014.466533
2019/5/7 20:24,678355.4833,4589.923781,3000.628706
2019/5/7 20:27,688528.4278,4659.950958,3053.053808
2019/5/7 20:30,694964.3389,4589.631514,3044.484145
2019/5/7 20:33,689568.2833,4541.946276,3019.967379
2019/5/7 20:36,684862.5389,4514.425718,3014.213966
2019/5/7 20:39,690205.9111,4589.069142,3002.073079
2019/5/7 20:42,692347.8056,4636.864911,2978.930173
2019/5/7 20:45,715664.3389,4707.886602,3014.289293
2019/5/7 20:48,720042.0944,4722.61501,3011.161946
2019/5/7 20:51,717395.2111,4863.898309,3053.612204
2019/5/7 20:54,716203.5278,4867.389065,3052.470464
2019/5/7 20:57,714303.3333,4877.435292,3053.902733
2019/5/7 21:00,714987.5167,4791.660755,3027.854751
2019/5/7 21:03,717435.3778,4710.417224,3005.923386
2019/5/7 21:06,716895.0333,4622.178284,3005.89958
2019/5/7 21:09,704431.8944,4619.816683,3025.136638
2019/5/7 21:12,696921.7722,4661.402289,3058.899324
2019/5/7 21:15,694648.0833,4696.660705,3146.641266
2019/5/7 21:18,689870.8833,4707.602341,3152.367065
2019/5/7 21:21,699511.8444,4889.258233,3182.739325
2019/5/7 21:24,689701.3667,4727.551694,3098.260638
2019/5/7 21:27,704019.9778,4709.755435,3090.768993
2019/5/7 21:30,708415.4167,4692.451082,3098.40166
2019/5/7 21:33,693221.7333,4615.318902,3066.708272
2019/5/7 21:36,685558.9167,4479.121385,3035.313643
2019/5/7 21:39,684558.6389,4487.260076,3039.16651
2019/5/7 21:42,692705.8556,4540.599731,3078.588324
2019/5/7 21:45,690893.9222,4475.628532,3055.999814
2019/5/7 21:48,689536.3833,4397.847826,3008.787872
2019/5/7 21:51,694694.4167,4349.788314,2988.547192
2019/5/7 21:54,710725.1556,4468.542518,3104.703335
2019/5/7 21:57,708423.4056,4532.685061,3169.849351
2019/5/7 22:00,699337.4333,4716.884236,3256.637504
2019/5/7 22:03,704788.3611,4738.164426,3246.598512
2019/5/7 22:06,711840.25,4811.807737,3266.438121
2019/5/7 22:09,703485.6444,4808.038063,3296.573634
2019/5/7 22:12,699401.1167,4763.119188,3306.028819
2019/5/7 22:15,691752.0833,4618.13114,3258.524996
2019/5/7 22:18,691987.6222,4596.369357,3240.558169
2019/5/7 22:21,695050.1722,4662.928664,3254.437445
2019/5/7 22:24,693589.0222,4487.845086,3160.312168
2019/5/7 22:27,692694.7111,4434.456354,3142.24162
2019/5/7 22:30,687180.3,4301.288533,3086.535816
2019/5/7 22:33,691979.5667,4282.583376,3074.615797
2019/5/7 22:36,691817.0778,4250.68362,3018.504239
2019/5/7 22:39,690503.4,4164.999249,2997.496714
2019/5/7 22:42,688018.9833,4201.446795,3016.92234
2019/5/7 22:45,695315.2111,4674.807252,3262.313636
2019/5/7 22:48,694668.9056,4695.556248,3243.172475
2019/5/7 22:51,693670.7556,4796.745321,3250.814829
2019/5/7 22:54,693480.1778,4754.607914,3255.567989
2019/5/7 22:57,689963.5722,4718.556534,3271.533699
2019/5/7 23:00,697931.9611,4787.677304,3288.943026
2019/5/7 23:03,702161.6944,4700.283058,3240.182923
2019/5/7 23:06,704621.5889,4674.396614,3261.346304
2019/5/7 23:09,705861.2833,4847.246403,3350.439311
2019/5/7 23:12,702753.6,4963.981814,3421.617199
2019/5/7 23:15,705948.9944,4711.526261,3428.774701
2019/5/7 23:18,705851.2278,4671.597513,3385.524218
2019/5/7 23:21,706584.6,4782.622299,3391.69156
2019/5/7 23:24,709962.9278,4911.616586,3371.091554
2019/5/7 23:27,707454.6667,4969.665614,3336.544017
2019/5/7 23:30,703135.45,4500.619486,3175.200183
2019/5/7 23:33,705236.6056,4611.644349,3246.718874
2019/5/7 23:36,711586.1056,4949.38569,3396.166091
2019/5/7 23:39,705622.3167,4810.232426,3307.608447
2019/5/7 23:42,704362.5222,4796.868284,3289.749753
2019/5/7 23:45,697516.1278,4714.811475,3227.237711
2019/5/7 23:48,699536.7,4675.828076,3215.424569
2019/5/7 23:51,704072.9444,4632.298373,3239.152529
2019/5/7 23:54,707452.4278,4509.627929,3181.617869
2019/5/7 23:57,712603.8056,4446.663852,3164.841419
2019/5/8 0:00,708300.9611,4461.868794,3254.234736
2019/5/8 0:03,702589.0611,4387.625654,3258.356398
2019/5/8 0:06,707040.8056,4514.293802,3399.270805
2019/5/8 0:09,712955.4056,4552.479198,3396.168713
2019/5/8 0:12,711132.6389,4547.332095,3366.442013
2019/5/8 0:15,702812.3889,4420.041232,3245.21504
2019/5/8 0:18,687144.0222,4306.457273,3172.10877
2019/5/8 0:21,685760.2778,4175.097669,3142.216242
2019/5/8 0:24,691637.4278,4164.819028,3095.907466
2019/5/8 0:27,693446.3167,4215.957414,3099.310258
2019/5/8 0:30,693916.2,4300.77628,3147.500085
2019/5/8 0:33,695533.4833,4259.915708,3144.419563
2019/5/8 0:36,698963.4889,4293.274345,3169.124405
2019/5/8 0:39,701128.5167,4305.641668,3188.054339
2019/5/8 0:42,706741.3778,4382.68498,3240.110597
2019/5/8 0:45,707101.8556,4489.452589,3253.915415
2019/5/8 0:48,707527.8833,4427.567679,3241.370942
2019/5/8 0:51,710732.0722,4347.883936,3260.735414
2019/5/8 0:54,706602.95,4281.619246,3201.037732
2019/5/8 0:57,697872.55,4253.954577,3174.373805
2019/5/8 1:00,698319.1722,4238.385843,3277.442448
2019/5/8 1:03,703248.5556,4219.804555,3292.363388
2019/5/8 1:06,709724.0556,4201.318581,3346.234658
2019/5/8 1:09,712130.0278,4212.118865,3340.235384
2019/5/8 1:12,709698.7667,4214.26054,3329.768831
2019/5/8 1:15,700154.9278,4203.332448,3334.932008
2019/5/8 1:18,705186.8667,4313.571551,3403.973347
2019/5/8 1:21,708068.9056,4482.436113,3509.781766
2019/5/8 1:24,702366.6222,4285.479942,3366.414764
2019/5/8 1:27,692564.9556,4102.300239,3220.723701
2019/5/8 1:30,690630.2278,4190.115642,3425.769755
2019/5/8 1:33,687650.4056,4213.330524,3464.076032
2019/5/8 1:36,687740.1167,4277.9629,3554.29328
2019/5/8 1:39,687243.1444,4472.674646,3534.270127
2019/5/8 1:42,682591.6444,4529.749719,3476.100021
2019/5/8 1:45,671737.4167,4251.405041,3168.925523
2019/5/8 1:48,677432.6389,4292.255819,3202.097919
2019/5/8 1:51,677855.85,4510.840575,3353.563736
2019/5/8 1:54,678847.0222,4514.345003,3375.170021
2019/5/8 1:57,683317.5222,4564.439281,3427.016213
2019/5/8 2:00,683494.9278,4489.531006,3455.814422
2019/5/8 2:03,684788.7556,4477.841495,3431.576453
2019/5/8 2:06,686393.3111,4549.709207,3430.459853
2019/5/8 2:09,689391.25,4709.917331,3484.067503
2019/5/8 2:12,689206.65,4793.612565,3520.900837
2019/5/8 2:15,689251.2111,4789.416121,3541.564551
2019/5/8 2:18,690457.8,4765.840808,3541.048878
2019/5/8 2:21,688560.4056,4737.571636,3545.516562
2019/5/8 2:24,683388.2389,4832.114883,3529.455067
2019/5/8 2:27,684743.0667,4944.12376,3572.690082
2019/5/8 2:30,684015.1389,4832.845262,3485.686041
2019/5/8 2:33,679736.3389,4750.697394,3430.945419
2019/5/8 2:36,677383.1111,4689.677576,3400.257274
2019/5/8 2:39,673471,4480.655249,3280.492551
2019/5/8 2:42,674366.0222,4393.250035,3222.865573
2019/5/8 2:45,679355.0556,4282.861264,3196.048684
2019/5/8 2:48,691175.6722,4341.545583,3215.16213
2019/5/8 2:51,686717.6611,4383.462067,3198.644717
2019/5/8 2:54,685981.9944,4507.280636,3208.469834
2019/5/8 2:57,694725.4722,4606.409417,3229.42588
2019/5/8 3:00,695873.2056,4290.228413,3096.309473
2019/5/8 3:03,688316.1889,4236.295577,3058.929285
2019/5/8 3:06,684238.3333,4202.606775,3049.164354
2019/5/8 3:09,706557.0333,4333.047435,3118.676802
2019/5/8 3:12,720818.2,4435.159208,3163.368997
2019/5/8 3:15,717373.9,4437.808367,3159.358508
2019/5/8 3:18,716062.7889,4416.834148,3126.51696
2019/5/8 3:21,712535.4333,4492.749256,3161.160661
2019/5/8 3:24,708998.9722,4507.077817,3196.800296
2019/5/8 3:27,710414.2444,4520.344761,3217.643714
2019/5/8 3:30,709424.3389,4455.746518,3163.199489
2019/5/8 3:33,709773.4778,4497.758889,3202.883465
2019/5/8 3:36,708841.9833,4575.278037,3285.152711
2019/5/8 3:39,709266.5167,4546.991278,3232.80819
2019/5/8 3:42,703991.7278,4544.869328,3200.715069
2019/5/8 3:45,698531.0889,4531.031982,3205.106171
2019/5/8 3:48,704393.5944,4531.886621,3229.217664
2019/5/8 3:51,700720.8333,4517.083831,3263.049371
2019/5/8 3:54,697128.5222,4511.421704,3228.960735
2019/5/8 3:57,698207.8167,4554.01463,3231.528841
2019/5/8 4:00,707439.4833,4654.069773,3259.15084
2019/5/8 4:03,705158.0444,4587.967326,3213.848606
2019/5/8 4:06,696970.8056,4482.123219,3178.851888
2019/5/8 4:09,703175.3722,4560.76688,3239.160601
2019/5/8 4:12,702759.3167,4644.69718,3277.090815
2019/5/8 4:15,691653.8111,4415.192666,3103.953579
2019/5/8 4:18,700608.2278,4477.646082,3147.63703
2019/5/8 4:21,709221.7611,4600.837565,3208.952253
2019/5/8 4:24,723671.9833,4648.256625,3199.420285
2019/5/8 4:27,713844.0778,4626.27671,3203.555599
2019/5/8 4:30,693081.4944,4464.179763,3130.366816
2019/5/8 4:33,695983.6778,4494.659022,3139.005033
2019/5/8 4:36,707547.0222,4553.647935,3206.881463
2019/5/8 4:39,713347.9833,4575.784732,3177.803121
2019/5/8 4:42,712120.6889,4640.244537,3177.316464
2019/5/8 4:45,709369.8778,4622.825558,3121.976571
2019/5/8 4:48,702473.3833,4541.884024,3092.222925
2019/5/8 4:51,688749.6,4388.368499,3056.265234
2019/5/8 4:54,694717.3056,4479.856227,3107.185827
2019/5/8 4:57,693740.9667,4547.593673,3127.843706
2019/5/8 5:00,695662.4389,4591.161146,3215.334288
2019/5/8 5:03,690823.6833,4519.309013,3191.18288
2019/5/8 5:06,690128.1611,4420.982939,3155.721693
2019/5/8 5:09,688206.7667,4449.200912,3128.626718
2019/5/8 5:12,685990.7778,4488.318526,3136.024205
2019/5/8 5:15,688437.1,4525.037142,3189.597196
2019/5/8 5:18,682698.5833,4446.478448,3166.216131
2019/5/8 5:21,686400.6278,4436.202271,3190.379388
2019/5/8 5:24,680179.2278,4418.77776,3146.615839
2019/5/8 5:27,676458.4611,4387.43672,3119.448308
2019/5/8 5:30,677110.4889,4359.322949,3055.573346
2019/5/8 5:33,677169.1444,4334.586189,3052.817522
2019/5/8 5:36,671838.4833,4360.932672,3078.923173
2019/5/8 5:39,674319.7389,4379.62533,3100.07467
2019/5/8 5:42,677833.2333,4441.581379,3138.146344
2019/5/8 5:45,675822.1667,4534.894328,3159.117549
2019/5/8 5:48,674937.7667,4566.731885,3174.977602
2019/5/8 5:51,671029.9111,4609.345367,3229.521516
2019/5/8 5:54,667646.6778,4604.451629,3218.695246
2019/5/8 5:57,666746.5167,4611.880795,3209.293293
2019/5/8 6:00,669859.4611,4444.954482,3164.246398
2019/5/8 6:03,678936.0889,4427.912619,3187.109931
2019/5/8 6:06,679725.5611,4323.229404,3188.035009
2019/5/8 6:09,674114.7556,4286.116534,3130.596094
2019/5/8 6:12,672650.25,4307.187087,3126.113434
2019/5/8 6:15,674677.4611,4412.776004,3175.207919
2019/5/8 6:18,667632.4111,4352.267258,3131.174175
2019/5/8 6:21,667662.3167,4359.340176,3116.763026
2019/5/8 6:24,673900.6167,4430.263495,3139.456809
2019/5/8 6:27,682905.15,4508.239941,3168.579494
2019/5/8 6:30,697963.5,4535.916616,3178.689764
2019/5/8 6:33,691378.2278,4539.126307,3183.244471
2019/5/8 6:36,692208.0222,4630.906658,3226.358819
2019/5/8 6:39,691228.6611,4592.100255,3201.707556
2019/5/8 6:42,690301.0333,4573.818399,3204.59324
2019/5/8 6:45,686668.6333,4553.596384,3213.250426
2019/5/8 6:48,686049.6222,4531.151566,3184.586464
2019/5/8 6:51,693872.9667,4594.524993,3193.385413
2019/5/8 6:54,694475.4722,4695.996147,3220.539832
2019/5/8 6:57,691838.4611,4767.898862,3229.565193
2019/5/8 7:00,686904.2833,4562.291823,3153.065457
2019/5/8 7:03,685901.3778,4587.024865,3173.099871
2019/5/8 7:06,686167.7833,4627.411785,3219.201719
2019/5/8 7:09,684188.1889,4543.930204,3214.352654
2019/5/8 7:12,680483.4444,4490.687124,3206.810318
2019/5/8 7:15,677894.8167,4408.372751,3114.202099
2019/5/8 7:18,678745.05,4310.74636,3035.174463
2019/5/8 7:21,678637.95,4317.560715,3030.922633
2019/5/8 7:24,680159.2889,4250.484128,3016.828517
2019/5/8 7:27,681466.0444,4203.201108,2997.750518
2019/5/8 7:30,653816.15,4097.187318,2950.55141
2019/5/8 7:33,642656.2278,3998.196583,2871.06466
2019/5/8 7:36,650484.6944,4100.43667,2901.748222
2019/5/8 7:39,653360.2667,4106.241445,2946.087713
2019/5/8 7:42,655356.2056,4126.63951,2973.588231
2019/5/8 7:45,657549.4556,4038.313535,3001.676193
2019/5/8 7:48,658633.5111,4017.832746,3004.719772
2019/5/8 7:51,659635.7167,3971.297091,3013.471778
2019/5/8 7:54,659768.7889,4079.649671,2989.762
2019/5/8 7:57,662379.9222,4142.588288,2991.248054
2019/5/8 8:00,655604.2778,4414.902501,3021.316736
2019/5/8 8:03,654799.8778,4420.792425,3023.017822
2019/5/8 8:06,652656.8389,4412.898037,3030.022613
2019/5/8 8:09,652225.1889,4314.580211,3029.583051
2019/5/8 8:12,653213.1944,4272.347486,3030.066471
2019/5/8 8:15,653897.3389,4365.415935,3037.976169
2019/5/8 8:18,652834.1,4330.267029,3031.930715
2019/5/8 8:21,646744.4889,4286.958586,3022.741844
2019/5/8 8:24,647042.7889,4242.042339,3034.504427
2019/5/8 8:27,647589.6667,4215.861528,3038.455867
2019/5/8 8:30,648628.4611,4220.690874,3032.800533
2019/5/8 8:33,647921.4278,4167.238394,3017.337068
2019/5/8 8:36,648335.2444,4083.331878,3001.504595
2019/5/8 8:39,649800.8611,4021.895174,2996.586129
2019/5/8 8:42,652248.7833,3991.107,2994.774903
2019/5/8 8:45,654901.2833,4048.530309,2993.987163
2019/5/8 8:48,654699.6556,4038.117631,2988.839178
2019/5/8 8:51,657666.4833,4016.496946,2996.026632
2019/5/8 8:54,659482.7722,3949.150044,2996.81361
2019/5/8 8:57,660703.1333,3924.452028,2996.023443
2019/5/8 9:00,662969.8278,4043.006843,3008.98411
2019/5/8 9:03,664740.7111,4104.983376,3011.305122
2019/5/8 9:06,666091.2444,4188.490432,3022.552316
2019/5/8 9:09,665269.9,4237.420295,3044.297547
2019/5/8 9:12,664312.4667,4260.197024,3052.908052
2019/5/8 9:15,662467.7222,4146.132789,3048.444207
2019/5/8 9:18,662293.9611,4157.91848,3045.555835
2019/5/8 9:21,662617.9611,4190.42875,3047.304733
2019/5/8 9:24,664102.2944,4249.756724,3046.493401
2019/5/8 9:27,664289.6611,4277.274095,3042.767231
2019/5/8 9:30,664423.6222,4695.417377,3093.318363
2019/5/8 9:33,662020.8444,4718.682216,3080.676106
2019/5/8 9:36,656340.9556,4733.4382,3113.771967
2019/5/8 9:39,651023.3389,4725.261234,3111.748611
2019/5/8 9:42,647446.8778,4692.900885,3098.618434
2019/5/8 9:45,644310.95,4813.810903,3122.126722
2019/5/8 9:48,642397.7056,4770.414935,3108.372675
2019/5/8 9:51,641637.65,4738.923546,3113.549688
2019/5/8 9:54,642612.1667,4709.557702,3110.430916
2019/5/8 9:57,644796.8,4696.856035,3106.96051
2019/5/8 10:00,648269.1111,4767.44348,3119.517332
2019/5/8 10:03,648388.9833,4745.718456,3114.207998
2019/5/8 10:06,648252,4717.468712,3119.096717
2019/5/8 10:09,646310.4833,4700.630499,3119.549328
2019/5/8 10:12,632141.6333,4641.922981,3091.269514
2019/5/8 10:15,629734.2667,4645.577521,3109.632798
2019/5/8 10:18,630694.1889,4672.356593,3106.520157
2019/5/8 10:21,630547.2167,4744.146794,3120.034694
2019/5/8 10:24,630297.9944,4733.12541,3114.910708
2019/5/8 10:27,630287.9222,4716.202406,3106.427357
2019/5/8 10:30,630301.0944,4795.547003,3125.324039
2019/5/8 10:33,629929.35,4727.822914,3115.309514
2019/5/8 10:36,630863.4111,4614.922751,3118.683043
2019/5/8 10:39,631401.5167,4492.487895,3104.385155
2019/5/8 10:42,632270.9611,4420.239911,3093.534502
2019/5/8 10:45,632823.8056,4516.242037,3097.164199
2019/5/8 10:48,632773.2889,4485.754992,3085.887362
2019/5/8 10:51,629358.4611,4472.663144,3051.183728
2019/5/8 10:54,631053.7556,4475.307899,3036.086188
2019/5/8 10:57,632751.4,4443.477937,3026.794404
2019/5/8 11:00,634200.55,4243.342602,2998.617618
2019/5/8 11:03,638611.55,4128.258777,2976.970355
2019/5/8 11:06,642443.0389,3922.277906,2945.081152
2019/5/8 11:09,651521.3833,4291.188795,2989.708623
2019/5/8 11:12,651504.2222,4453.700935,3004.837903
2019/5/8 11:15,651825.5667,4829.84841,3092.116392
2019/5/8 11:18,648024.5056,4791.482922,3090.010427
2019/5/8 11:21,643885.55,4772.415628,3097.467776
2019/5/8 11:24,642810.2833,4713.183476,3090.85176
2019/5/8 11:27,641993.45,4659.894928,3079.938377
2019/5/8 11:30,641529.55,4685.017517,3080.261684
2019/5/8 11:33,636566.55,4595.046772,3039.76623
2019/5/8 11:36,633276.2611,4580.129264,3016.9069
2019/5/8 11:39,636396.5556,4581.01657,3023.09097
2019/5/8 11:42,638987.6556,4563.276842,3007.32822
2019/5/8 11:45,641057.2111,4590.47459,3045.897226
2019/5/8 11:48,643465.8,4600.964146,3047.240345
2019/5/8 11:51,645136.5389,4646.487577,3069.17951
2019/5/8 11:54,643079.5111,4675.959703,3078.958481
2019/5/8 11:57,642736.9056,4687.90798,3078.811165
2019/5/8 12:00,643539.0389,4717.770532,3091.730858
2019/5/8 12:03,644147.5944,4705.444111,3093.169012
2019/5/8 12:06,643487.9222,4661.485302,3097.761441
2019/5/8 12:09,642030.1389,4653.612234,3093.046178
2019/5/8 12:12,640020.0556,4606.683312,3069.785995
2019/5/8 12:15,638801.8889,4578.192274,3077.853448
2019/5/8 12:18,639268.3333,4582.033929,3066.238089
2019/5/8 12:21,639794.3944,4623.421901,3065.999003
2019/5/8 12:24,638870.3833,4624.687592,3062.803933
2019/5/8 12:27,639154.3389,4618.043139,3053.354353
2019/5/8 12:30,639869.3889,4633.286729,3052.852117
2019/5/8 12:33,635939.95,4549.024417,3020.468412
2019/5/8 12:36,637552.4722,4501.587769,3018.067225
2019/5/8 12:39,637413.7667,4411.61418,2999.550681
2019/5/8 12:42,640137.5444,4400.816914,2990.49354
2019/5/8 12:45,645467.6389,4660.05444,3034.159922
2019/5/8 12:48,648539.2389,4623.338625,3026.056472
2019/5/8 12:51,649516.0056,4523.965158,3011.412655
2019/5/8 12:54,650499.0222,4456.719092,2998.439158
2019/5/8 12:57,652051.4889,4425.865851,2985.441168
2019/5/8 13:00,652176.5722,4656.242561,3036.248603
2019/5/8 13:03,652217.3611,4670.994422,3037.064041
2019/5/8 13:06,650586.9111,4698.159749,3049.482927
2019/5/8 13:09,650510.8389,4539.460722,3029.481985
2019/5/8 13:12,654154.9556,4444.474799,3012.072462
2019/5/8 13:15,653891.2444,4446.334092,3007.688824
2019/5/8 13:18,653492.2,4546.486684,3017.379475
2019/5/8 13:21,652809.1333,4753.71504,3051.930213
2019/5/8 13:24,650389.1833,4751.375819,3060.684045
2019/5/8 13:27,648645.7222,4722.988061,3048.609027
2019/5/8 13:30,647830.8556,4724.896153,3077.466923
2019/5/8 13:33,647475.5722,4620.925197,3057.30977
2019/5/8 13:36,648343.5444,4469.696638,3041.191839
2019/5/8 13:39,650619.7611,4342.247,3011.995011
2019/5/8 13:42,654031.3222,4300.551819,3005.964771
2019/5/8 13:45,654499.8889,4707.957574,3055.105711
2019/5/8 13:48,653942.85,4697.221097,3051.204877
2019/5/8 13:51,652790.2167,4705.777677,3056.86494
2019/5/8 13:54,653204.6056,4491.386736,3033.322683
2019/5/8 13:57,654572.6556,4404.527852,3026.027421
2019/5/8 14:00,656920.0222,4541.326099,3044.044929
2019/5/8 14:03,657985.9056,4629.852376,3056.557933
2019/5/8 14:06,657376.6833,4787.917442,3079.811019
2019/5/8 14:09,654304.4444,4719.987691,3075.656985
2019/5/8 14:12,648308.1722,4571.666745,3037.650935
2019/5/8 14:15,646574.7056,4486.675733,3030.044628
2019/5/8 14:18,647838.6944,4453.52923,3026.533905
2019/5/8 14:21,648444.9333,4502.012377,3040.58277
2019/5/8 14:24,647908.1111,4514.766924,3040.738826
2019/5/8 14:27,648343.6833,4525.648593,3038.872305
2019/5/8 14:30,648385.7944,4582.169126,3065.79835
2019/5/8 14:33,648195.8111,4545.557492,3063.573146
2019/5/8 14:36,648594.6389,4500.386211,3077.120919
2019/5/8 14:39,648213.3222,4542.599709,3071.262448
2019/5/8 14:42,647421.9,4575.962173,3067.148066
2019/5/8 14:45,646855.6778,4681.954074,3081.762534
2019/5/8 14:48,646443.7444,4660.44519,3078.735179
2019/5/8 14:51,646748.1778,4628.747843,3086.503593
2019/5/8 14:54,647386.9333,4582.839473,3089.220456
2019/5/8 14:57,648411.2556,4562.457285,3092.429166
2019/5/8 15:00,648627.05,4360.001516,3062.293263
2019/5/8 15:03,650040.8722,4305.08325,3047.879193
2019/5/8 15:06,651462.6111,4205.964253,3026.696927
2019/5/8 15:09,652593.7667,3977.573768,2981.529049
2019/5/8 15:12,655199.2222,3848.503488,2950.910541
2019/5/8 15:15,658677.4667,3976.994868,2964.685056
2019/5/8 15:18,658739.5111,4023.764968,2978.241678
2019/5/8 15:21,659838.1667,4108.755362,3002.96365
2019/5/8 15:24,662587.4,4222.591003,3037.429187
2019/5/8 15:27,665207.2944,4302.024421,3069.886794
2019/5/8 15:30,665462.9667,4289.827701,3080.758605
2019/5/8 15:33,666091.3889,4335.641203,3085.50073
2019/5/8 15:36,667101.9778,4472.52449,3120.180775
2019/5/8 15:39,668154.0667,4695.991876,3157.583216
2019/5/8 15:42,667405.1444,4814.898194,3176.792675
2019/5/8 15:45,666057.65,4873.934647,3210.717793
2019/5/8 15:48,662953.4833,4802.697074,3175.670579
2019/5/8 15:51,661846.6167,4741.726923,3158.269361
2019/5/8 15:54,661087.2833,4569.218154,3137.36283
2019/5/8 15:57,661405.3167,4494.232449,3129.600068
2019/5/8 16:00,662278.1167,4026.80692,3077.56189
2019/5/8 16:03,664422.9944,4033.398027,3061.94455
2019/5/8 16:06,667131.9556,4064.05161,3055.610664
2019/5/8 16:09,670293.4167,4287.893031,3110.855559
2019/5/8 16:12,674190.6167,4422.341668,3155.583874
2019/5/8 16:15,675540.2333,4501.888222,3198.433615
2019/5/8 16:18,674579.9778,4454.099488,3181.618778
2019/5/8 16:21,675829.9833,4446.197721,3194.87996
2019/5/8 16:24,677193.9778,4573.363777,3188.330737
2019/5/8 16:27,676282.4111,4631.535516,3173.618105
2019/5/8 16:30,672191.1667,4979.916947,3211.16827
2019/5/8 16:33,669567.9444,4873.477055,3183.406588
2019/5/8 16:36,668229.2333,4726.341068,3158.064971
2019/5/8 16:39,667021.8056,4587.808803,3128.984503
2019/5/8 16:42,665561.6833,4528.930542,3118.138801
2019/5/8 16:45,665212.2778,4487.038786,3114.466716
2019/5/8 16:48,664327.9444,4397.368239,3091.2812
2019/5/8 16:51,664752.1778,4278.433222,3084.154658
2019/5/8 16:54,666367.3778,4069.457739,3065.161633
2019/5/8 16:57,669026.6333,3977.746015,3065.341729
2019/5/8 17:00,671066.7333,4031.744866,3077.434061
2019/5/8 17:03,674082.5056,4355.639598,3132.409331
2019/5/8 17:06,672655.6722,4920.137555,3215.890154
2019/5/8 17:09,668708.2833,4778.240019,3160.293497
2019/5/8 17:12,667269.3389,4677.981623,3123.875548
2019/5/8 17:15,666325.9667,4849.699557,3190.144187
2019/5/8 17:18,665738.6889,4827.766598,3180.063679
2019/5/8 17:21,663902.4556,4834.994658,3189.160124
2019/5/8 17:24,661011.05,4683.750248,3148.046426
2019/5/8 17:27,658280.1056,4578.999305,3110.68081
2019/5/8 17:30,658411.0167,4295.701975,3042.983703
2019/5/8 17:33,662233.8944,4180.538081,3034.958598
2019/5/8 17:36,665855.9333,3949.860645,3039.839546
2019/5/8 17:39,670233.0167,3907.947033,3042.257947
2019/5/8 17:42,673613.0444,3889.404474,3046.155269
2019/5/8 17:45,677653.7222,4007.594137,3082.009124
2019/5/8 17:48,679806.1333,4150.73964,3116.0301
2019/5/8 17:51,680376.8722,4418.928597,3171.860737
2019/5/8 17:54,680659.6944,4670.844667,3207.371893
2019/5/8 17:57,678703.7222,4793.32884,3222.282248
2019/5/8 18:00,676387.1222,4942.785274,3279.096094
2019/5/8 18:03,673522.6333,4917.634295,3266.395801
2019/5/8 18:06,669927.7722,4938.313185,3273.445603
2019/5/8 18:09,665848.7778,4886.03839,3237.295447
2019/5/8 18:12,660600.0611,4810.071158,3197.050796
2019/5/8 18:15,654558.2722,4775.698515,3124.332441
2019/5/8 18:18,650980.5944,4668.49708,3076.295482
2019/5/8 18:21,641188.0333,4566.907196,3023.169018
2019/5/8 18:24,616920.45,4341.632633,2938.11722
2019/5/8 18:27,621879.8556,4315.491756,2978.131973
2019/5/8 18:30,619843.2944,4167.725214,2982.777732
2019/5/8 18:33,618505.0222,4054.062763,2951.287888
2019/5/8 18:36,620174.3556,3905.977426,2938.168405
2019/5/8 18:39,622710.9167,3920.698771,2954.035915
2019/5/8 18:42,627685.5333,3981.263605,2989.561525
2019/5/8 18:45,619619.4556,4008.172281,2907.480134
2019/5/8 18:48,512837.7889,3815.338555,2601.44118
2019/5/8 18:51,535738.1722,4255.153409,2814.60917
2019/5/8 18:54,564342.6611,4497.98716,2949.538527
2019/5/8 18:57,566153.6,4522.090394,2964.26887
2019/5/8 19:00,575556.4556,4354.001918,2913.494466
2019/5/8 19:03,589036.7056,4367.29132,2951.775776
2019/5/8 19:06,601344.4222,4400.140518,3016.051871
2019/5/8 19:09,634254.7889,4339.970522,2991.739093
2019/5/8 19:12,659219.4556,4378.840223,3030.92551
2019/5/8 19:15,662810.9389,4423.586866,3052.461894
2019/5/8 19:18,661079.8722,4386.247245,3052.056572
2019/5/8 19:21,663171.7333,4426.444222,3117.24817
2019/5/8 19:24,664064.3833,4514.963655,3163.750657
2019/5/8 19:27,666251.4722,4576.349377,3205.483955
2019/5/8 19:30,666111.8778,4448.727455,3143.291545
2019/5/8 19:33,656346.4,4299.213022,3084.674442
2019/5/8 19:36,654442.5222,4185.37473,3055.632035
2019/5/8 19:39,659213.7167,4163.677559,3049.877093
2019/5/8 19:42,662922.8278,4173.799376,3065.177564
2019/5/8 19:45,665109.8722,4242.521907,3104.51197
2019/5/8 19:48,663921.9167,4188.773881,3075.958554
2019/5/8 19:51,658504.3167,4056.639993,3006.015711
2019/5/8 19:54,654952.3944,4049.559886,2973.108828
2019/5/8 19:57,661888.4778,4088.469805,2984.741694
2019/5/8 20:00,659106.3611,3893.05635,2947.518727
2019/5/8 20:03,658311.3722,3903.303409,2952.132074
2019/5/8 20:06,658811.6778,4047.759188,3005.739639
2019/5/8 20:09,656082.3389,3966.875028,2986.144354
2019/5/8 20:12,658571.9889,3933.580105,2981.398819
2019/5/8 20:15,660929.6778,3930.137446,3002.147385
2019/5/8 20:18,660764.4889,3974.432551,2996.490329
2019/5/8 20:21,663694.8056,4125.317245,3012.181215
2019/5/8 20:24,669381.0889,4146.621046,2998.991944
2019/5/8 20:27,669728.1833,4159.312744,2988.122496
2019/5/8 20:30,671980.4889,4057.631128,2961.42697
2019/5/8 20:33,686051.9056,4110.224008,3010.88642
2019/5/8 20:36,679716.9167,4147.999388,3049.520309
2019/5/8 20:39,659099.55,3977.907692,2984.890738
2019/5/8 20:42,660634.7,3965.198467,2952.433265
2019/5/8 20:45,677889.5833,3978.754975,2937.869057
2019/5/8 20:48,681776.9667,4011.496361,2958.179357
2019/5/8 20:51,631701.9,4188.16148,2688.441695
2019/5/8 20:54,619403.1889,4217.093318,2665.258249
2019/5/8 20:57,623729.4556,4282.533052,2671.869616
2019/5/8 21:00,636133.2722,4252.020535,2665.553416
2019/5/8 21:03,639044.1722,4237.458873,2653.309865
2019/5/8 21:06,637464.1333,4231.777302,2653.22665
2019/5/8 21:09,642756.5667,4421.164759,2741.648319
2019/5/8 21:12,661151.1611,4558.514507,2810.404308
2019/5/8 21:15,682007.4667,4496.413507,2818.806286
2019/5/8 21:18,671708.2444,4459.58665,2765.555118
2019/5/8 21:21,653285.8944,4409.902025,2706.812335
2019/5/8 21:24,652289.7444,4434.992021,2747.608678
2019/5/8 21:27,647855.2667,4483.780936,2779.759648
2019/5/8 21:30,643044.6889,4412.589344,2731.585601
2019/5/8 21:33,642866.7944,4347.158016,2713.079996
2019/5/8 21:36,641187.9889,4244.246409,2712.446969
2019/5/8 21:39,632806.8222,4099.739431,2677.790621
2019/5/8 21:42,644102.9222,4093.316387,2699.903872
2019/5/8 21:45,651372.8556,4410.981872,2809.362505
2019/5/8 21:48,643793.7444,4435.835817,2793.230089
2019/5/8 21:51,655284.6056,4593.432921,2823.800368
2019/5/8 21:54,667058.0056,4520.179099,2796.909989
2019/5/8 21:57,664101.4889,4454.031839,2770.061757
2019/5/8 22:00,672002.7556,4396.929223,2828.599284
2019/5/8 22:03,662128.0056,4396.116445,2844.203805
2019/5/8 22:06,654089.9444,4402.014973,2832.585526
2019/5/8 22:09,661534.1778,4365.372918,2835.001561
2019/5/8 22:12,668523.7889,4378.79587,2850.958078
2019/5/8 22:15,665271.95,4437.285412,2830.76297
2019/5/8 22:18,661022.0944,4415.628569,2811.940936
2019/5/8 22:21,651706.4333,4348.758526,2795.526482
2019/5/8 22:24,650250.0556,4352.233269,2745.797983
2019/5/8 22:27,649789.0944,4406.91646,2757.672765
2019/5/8 22:30,664999.0889,4346.027114,2827.745195
2019/5/8 22:33,677432.7056,4378.831888,2843.908263
2019/5/8 22:36,685512.5556,4386.661474,2862.305172
2019/5/8 22:39,679368.8278,4319.053007,2863.298446
2019/5/8 22:42,680152.4,4342.337819,2908.57983
2019/5/8 22:45,684972.1611,4605.414793,3085.885175
2019/5/8 22:48,682597.9556,4770.187071,3087.330977
2019/5/8 22:51,689740.5167,4889.991809,3129.991416
2019/5/8 22:54,696628.4,4930.583911,3201.65839
2019/5/8 22:57,696364.4278,4952.700636,3244.643416
2019/5/8 23:00,703000.2944,4952.764413,3281.210198
2019/5/8 23:03,705466.8833,5014.252321,3284.472966
2019/5/8 23:06,692238.4667,5031.95717,3308.901033
2019/5/8 23:09,681160.6833,4977.887141,3273.549377
2019/5/8 23:12,688080.4278,5009.987094,3286.460993
2019/5/8 23:15,680869.7722,4949.923966,3290.798547
2019/5/8 23:18,670344.3,4931.004031,3274.835503
2019/5/8 23:21,670625.5833,5042.989396,3305.880285
2019/5/8 23:24,675145.65,5062.998791,3288.177034
2019/5/8 23:27,671185.9389,5064.403923,3251.34923
2019/5/8 23:30,674037.6278,5094.570392,3288.11662
2019/5/8 23:33,665725.5778,5049.544559,3332.885056
2019/5/8 23:36,656370.3722,5068.27947,3400.640711
2019/5/8 23:39,656077.7944,5037.885446,3413.711382
2019/5/8 23:42,661952.6833,5066.457334,3445.124459
2019/5/8 23:45,666521.1778,5042.093874,3463.457917
2019/5/8 23:48,667821.95,5061.053612,3467.833563
2019/5/8 23:51,669527.8944,5116.761704,3500.194046
2019/5/8 23:54,672082.7667,5016.769045,3443.514838
2019/5/8 23:57,666650.2944,4998.908492,3416.934423
2019/5/9 0:00,651911.8778,4711.684832,3230.05138
2019/5/9 0:03,661061.0167,4755.936082,3235.206102
2019/5/9 0:06,664019.5444,4747.821902,3291.939731
2019/5/9 0:09,672169.3444,4878.179491,3329.055532
2019/5/9 0:12,673131.6722,4925.077103,3358.729062
2019/5/9 0:15,670563.7278,5119.162865,3439.884252
2019/5/9 0:18,669520.2611,5097.888087,3450.036879
2019/5/9 0:21,671733.9167,5171.268948,3522.495773
2019/5/9 0:24,670072.3944,4875.539611,3497.098533
2019/5/9 0:27,669747.8278,4782.317889,3506.384834
2019/5/9 0:30,670085.15,4767.156487,3458.356361
2019/5/9 0:33,674169.8889,4723.271027,3470.36534
2019/5/9 0:36,674626.7889,4638.996949,3481.987891
2019/5/9 0:39,677408.5611,4796.671689,3471.413566
2019/5/9 0:42,678840.2722,4891.926425,3480.433667
2019/5/9 0:45,673797.4722,4742.249878,3486.565508
2019/5/9 0:48,673208.3611,4715.91569,3475.107175
2019/5/9 0:51,677788.5222,4699.822375,3495.519546
2019/5/9 0:54,678951.3611,4679.333967,3449.140648
2019/5/9 0:57,675397.8056,4709.28768,3456.942018
2019/5/9 1:00,677399.7333,4800.111282,3529.574953
2019/5/9 1:03,672241.0611,4742.855967,3465.280614
2019/5/9 1:06,674556.0944,4764.582595,3457.711865
2019/5/9 1:09,667793.3222,4667.834432,3383.172744
2019/5/9 1:12,671064.0111,4690.11231,3385.182652
2019/5/9 1:15,670736.4556,4767.403333,3356.709442
2019/5/9 1:18,658215.9333,4689.193639,3282.598535
2019/5/9 1:21,643157.2778,4637.796909,3205.553819
2019/5/9 1:24,643450.3944,4642.263376,3175.394018
2019/5/9 1:27,646078.9056,4703.004393,3200.69432
2019/5/9 1:30,651437.9444,4681.67247,3235.297623
2019/5/9 1:33,657083.9,4690.247319,3247.446026
2019/5/9 1:36,661942.1667,4711.509389,3299.688886
2019/5/9 1:39,661295.3778,4745.422068,3299.439625
2019/5/9 1:42,660402.4278,4794.530801,3313.681024
2019/5/9 1:45,660221.3,4802.504878,3249.7613
2019/5/9 1:48,647883.2944,4750.124737,3188.694805
2019/5/9 1:51,643326.7611,4839.603331,3183.464373
2019/5/9 1:54,642909.1667,4739.04647,3106.562977
2019/5/9 1:57,644214.25,4742.959969,3098.803167
2019/5/9 2:00,647527.3167,4670.005157,3198.037194
2019/5/9 2:03,649893.1667,4690.290944,3182.774267
2019/5/9 2:06,647748.0889,4687.361838,3167.385976
2019/5/9 2:09,644515.6167,4631.027248,3122.313769
2019/5/9 2:12,651177.8278,4655.417094,3141.098337
2019/5/9 2:15,654233.15,4528.961922,3159.380261
2019/5/9 2:18,657194.9833,4554.0746,3188.338929
2019/5/9 2:21,660364.55,4693.352454,3282.906469
2019/5/9 2:24,665733.2889,4852.831639,3335.397356
2019/5/9 2:27,663379.3722,4924.936005,3353.474705
2019/5/9 2:30,659591.7833,4901.724785,3310.990691
2019/5/9 2:33,663499.9611,4939.418995,3367.573113
2019/5/9 2:36,668243.7667,5039.870038,3488.366923
2019/5/9 2:39,666541.8778,4979.214943,3448.749574
2019/5/9 2:42,658331.3111,4875.47641,3349.646382
2019/5/9 2:45,656946.6944,5085.116957,3469.67794
2019/5/9 2:48,653393.6278,5038.991811,3423.257326
2019/5/9 2:51,648734.0056,4997.502383,3394.432337
2019/5/9 2:54,645881.0667,5008.790132,3407.054926
2019/5/9 2:57,644668.1833,4987.98078,3356.754293
2019/5/9 3:00,642512.3333,4849.828504,3203.077281
2019/5/9 3:03,644864.1111,4843.00135,3245.940215
2019/5/9 3:06,647513.7056,4861.319137,3329.871719
2019/5/9 3:09,649385.9167,4861.339323,3349.384615
2019/5/9 3:12,647185.5889,4857.13362,3343.187963
2019/5/9 3:15,646792.0889,4750.744249,3334.678438
2019/5/9 3:18,652974.1944,4792.99048,3368.359819
2019/5/9 3:21,658659.4,4894.655426,3459.156147
2019/5/9 3:24,658875.7778,4844.700357,3477.952475
2019/5/9 3:27,656051.4833,4787.195088,3469.584669
2019/5/9 3:30,657279.4167,4716.041181,3520.178914
2019/5/9 3:33,658068.1278,4764.456153,3514.359045
2019/5/9 3:36,659828,4848.893346,3527.270397
2019/5/9 3:39,657644.2111,4766.420837,3485.202952
2019/5/9 3:42,655824.0611,4722.578328,3440.614584
2019/5/9 3:45,653874.0444,4483.805861,3326.761837
2019/5/9 3:48,655467.3056,4567.827454,3365.08279
2019/5/9 3:51,657614.2389,4766.349802,3424.472792
2019/5/9 3:54,657491.0222,4774.518477,3389.281469
2019/5/9 3:57,651149.1056,4804.859939,3390.193822
2019/5/9 4:00,654156.6722,4614.468384,3292.40372
2019/5/9 4:03,652082.6556,4545.865786,3206.819306
2019/5/9 4:06,657404.0889,4543.13659,3135.833891
2019/5/9 4:09,660113.2889,4611.106667,3071.501025
2019/5/9 4:12,663698.0556,4666.074097,3071.704699
2019/5/9 4:15,668278.3333,4648.606817,3045.060829
2019/5/9 4:18,668844.2222,4659.457684,3033.09496
2019/5/9 4:21,673492.7556,4741.34783,3062.819062
2019/5/9 4:24,671591.7,4752.291963,3019.780039
2019/5/9 4:27,675472.1667,4805.109932,3010.016075
2019/5/9 4:30,674248.1056,4806.710538,2989.714857
2019/5/9 4:33,672380.5167,4850.370777,2968.16825
2019/5/9 4:36,663870.3722,4892.179608,2921.674782
2019/5/9 4:39,670827.8389,4822.660513,2909.047937
2019/5/9 4:42,681278.4389,4873.563828,2949.523237
2019/5/9 4:45,678964.2611,4761.965876,2987.90522
2019/5/9 4:48,672982.3778,4771.711607,2980.824517
2019/5/9 4:51,669825.5333,4867.475893,3004.480552
2019/5/9 4:54,670946.7,4804.653275,2965.008995
2019/5/9 4:57,672972.5833,4799.948107,2945.992316
2019/5/9 5:00,677910.2889,4811.488736,2975.395399
2019/5/9 5:03,671868.6278,4744.466087,2931.488464
2019/5/9 5:06,660780.1333,4652.56708,2873.558636
2019/5/9 5:09,662196.9111,4696.662239,2855.40663
2019/5/9 5:12,656749.8056,4703.68017,2833.357433
2019/5/9 5:15,654606.4944,4856.631954,2864.061692
2019/5/9 5:18,660462.6889,4873.201699,2896.384751
2019/5/9 5:21,656205.8944,4898.797861,2902.581565
2019/5/9 5:24,656001.2,4868.180923,2916.010804
2019/5/9 5:27,647294.5333,4809.972551,2905.912195
2019/5/9 5:30,640507.3611,4668.920117,2837.919949
2019/5/9 5:33,646228.0722,4701.112504,2849.130289
2019/5/9 5:36,651684.9,4741.12724,2850.296397
2019/5/9 5:39,653952.4944,4722.699353,2850.842627
2019/5/9 5:42,654109.7556,4728.231153,2873.468098
2019/5/9 5:45,653938.4389,4844.614048,2976.320724
2019/5/9 5:48,650997.8444,4834.231492,2964.983298
2019/5/9 5:51,648071.0667,4823.301547,2954.479957
2019/5/9 5:54,641573.9444,4763.970784,2938.941881
2019/5/9 5:57,644032.6667,4766.329099,2945.371317
2019/5/9 6:00,645991.2667,4758.68956,2942.853692
2019/5/9 6:03,650659.2278,4747.102756,2941.972588
2019/5/9 6:06,657394.1722,4723.751858,2947.305985
2019/5/9 6:09,656326.7278,4632.65015,2925.501543
2019/5/9 6:12,653023.9722,4558.126292,2908.697822
2019/5/9 6:15,656029.1444,4614.910363,2902.017434
2019/5/9 6:18,651823.85,4640.290695,2895.023371
2019/5/9 6:21,646586.9389,4685.679882,2888.370528
2019/5/9 6:24,643990.0722,4712.282868,2875.223978
2019/5/9 6:27,639750.1333,4745.941817,2875.725631
2019/5/9 6:30,645454.0833,4729.243758,2915.008677
2019/5/9 6:33,644710.6167,4780.678646,2919.277079
2019/5/9 6:36,643138.6278,4817.190997,2931.059371
2019/5/9 6:39,640819.2778,4795.350144,2926.966257
2019/5/9 6:42,638463.3444,4786.165043,2928.052929
2019/5/9 6:45,640580.9111,4809.961293,2922.352914
2019/5/9 6:48,643298.9944,4803.133377,2920.056347
2019/5/9 6:51,644593.3833,4796.111405,2921.068652
2019/5/9 6:54,648508.4778,4772.238063,2917.159258
2019/5/9 6:57,653240.1444,4756.926203,2909.856795
2019/5/9 7:00,655623.8556,4896.002982,2946.109535
2019/5/9 7:03,653871.15,4932.475783,2950.751237
2019/5/9 7:06,655722.9389,5032.479325,2969.282767
2019/5/9 7:09,650699.8,4917.211078,2953.441909
2019/5/9 7:12,631822.9611,4733.043127,2911.71761
2019/5/9 7:15,621413.3167,4489.096697,2837.009292
2019/5/9 7:18,628590.5111,4375.14396,2767.994493
2019/5/9 7:21,635315.6444,4452.124682,2793.027294
2019/5/9 7:24,638545.0056,4518.816505,2821.498508
2019/5/9 7:27,632839.2833,4570.425152,2869.613954
2019/5/9 7:30,606260.5889,4238.40098,2810.556359
2019/5/9 7:33,606922.2278,4128.846087,2783.953774
2019/5/9 7:36,611795.2167,4324.669337,2869.421863
2019/5/9 7:39,615078.9278,4342.484393,2901.088345
2019/5/9 7:42,617385.2944,4371.665707,2923.10454
2019/5/9 7:45,618551.5167,4284.652727,2963.613258
2019/5/9 7:48,622554.6444,4256.572696,2958.192284
2019/5/9 7:51,626752.4222,4198.180143,2948.980699
2019/5/9 7:54,629367.2611,4191.058607,2951.792104
2019/5/9 7:57,632503.5389,4193.421615,2958.696882
2019/5/9 8:00,634362.3833,4096.99739,2955.821837
2019/5/9 8:03,636924.6222,4132.401623,2954.360466
2019/5/9 8:06,638436.6611,4183.951687,2947.794844
2019/5/9 8:09,640982.9333,4179.398361,2941.396184
2019/5/9 8:12,638749.0222,4184.301665,2934.01094
2019/5/9 8:15,640008.0611,4343.976653,2962.302333
2019/5/9 8:18,640769.6,4345.036551,2964.195577
2019/5/9 8:21,640654.5389,4337.31262,2970.231498
2019/5/9 8:24,641098.5833,4377.77686,2977.644972
2019/5/9 8:27,639059.4389,4408.822652,2960.547542
2019/5/9 8:30,641214.5889,4528.320984,2965.16702
2019/5/9 8:33,641671.0611,4579.63903,2970.483925
2019/5/9 8:36,640398.4778,4652.408998,2982.012589
2019/5/9 8:39,640801.8556,4657.140638,2993.784011
2019/5/9 8:42,639652.7778,4653.143841,2999.514252
2019/5/9 8:45,637231.9056,4657.78967,3002.511666
2019/5/9 8:48,634841.6611,4635.220119,3001.472422
2019/5/9 8:51,632910.5,4593.758307,3003.899414
2019/5/9 8:54,629600.7611,4527.288221,2992.444826
2019/5/9 8:57,631123.5056,4489.987489,2988.356051
2019/5/9 9:00,632293.45,4254.198587,2958.323501
2019/5/9 9:03,633450.5111,4235.363629,2952.882643
2019/5/9 9:06,634669.2889,4216.708663,2944.106539
2019/5/9 9:09,635465.1389,4222.210609,2926.370732
2019/5/9 9:12,638785.6,4236.69251,2925.744803
2019/5/9 9:15,637197.5056,4492.160969,2967.361848
2019/5/9 9:18,637298.0278,4493.095121,2971.007915
2019/5/9 9:21,636161.9667,4504.910429,3001.458238
2019/5/9 9:24,633467.4111,4207.656691,2973.820477
2019/5/9 9:27,632397.7167,4056.757106,2956.603677
2019/5/9 9:30,635345.2722,3981.795355,2880.380434
2019/5/9 9:33,640330.8167,4066.033495,2877.379386
2019/5/9 9:36,645476.2222,4207.040243,2868.818796
2019/5/9 9:39,651442.8556,4621.503292,2949.47239
2019/5/9 9:42,653327.8444,4831.303408,2991.039236
2019/5/9 9:45,651641.1444,5087.135425,3130.910934
2019/5/9 9:48,642977.7167,5049.328897,3111.180072
2019/5/9 9:51,626973.4722,4937.75732,3080.446759
2019/5/9 9:54,616888.4056,4866.046293,3050.613394
2019/5/9 9:57,614479.6667,4849.513567,3048.720161
2019/5/9 10:00,609409.8778,4801.672526,3052.0883
2019/5/9 10:03,607368.7889,4731.549745,3038.400859
2019/5/9 10:06,605112.5444,4677.930905,3034.440807
2019/5/9 10:09,606756.9889,4645.172257,3032.436893
2019/5/9 10:12,608743.4833,4615.190312,3025.22091
2019/5/9 10:15,611982.3778,4662.502891,3046.055899
2019/5/9 10:18,613149.9611,4644.549882,3038.418517
2019/5/9 10:21,614993.5556,4654.238612,3051.10412
2019/5/9 10:24,609075.15,4630.609264,3015.945565
2019/5/9 10:27,603126.0722,4595.484326,2983.240829
2019/5/9 10:30,601661.0556,4689.159076,2996.062721
2019/5/9 10:33,600664.5111,4687.65275,2991.192345
2019/5/9 10:36,602564.0278,4741.146847,3008.264808
2019/5/9 10:39,603747.6222,4727.848414,3019.385999
2019/5/9 10:42,603618.4611,4707.177464,3018.191373
2019/5/9 10:45,604009.8389,4672.996587,3025.488565
2019/5/9 10:48,603016.5111,4656.672271,3014.348786
2019/5/9 10:51,603780.2389,4644.054089,3017.311477
2019/5/9 10:54,605438.9333,4617.164954,3012.395952
2019/5/9 10:57,611228.2278,4686.931295,3022.155156
2019/5/9 11:00,611989.2611,4626.787131,3032.196364
2019/5/9 11:03,608803.9444,4558.412902,3008.749008
2019/5/9 11:06,607831.4444,4488.205308,2989.676041
2019/5/9 11:09,609394.0611,4312.49041,2955.687006
2019/5/9 11:12,612072.7111,4222.963247,2931.256479
2019/5/9 11:15,616453.65,4377.317046,2944.519395
2019/5/9 11:18,618339.1722,4350.471135,2937.650463
2019/5/9 11:21,621816.3778,4318.208456,2928.854614
2019/5/9 11:24,629793.7,4263.547018,2913.816492
2019/5/9 11:27,637946.3778,4290.074377,2924.512889
2019/5/9 11:30,644484.9278,4421.710588,2938.204219
2019/5/9 11:33,655016.0389,4626.312779,2993.537265
2019/5/9 11:36,659808.4111,4942.330216,3078.9436
2019/5/9 11:39,658775.0278,5074.44566,3131.38891
2019/5/9 11:42,653036.8556,5109.75983,3136.522387
2019/5/9 11:45,643981.1556,5079.633813,3132.979071
2019/5/9 11:48,634954.2333,4991.227511,3087.303906
2019/5/9 11:51,630159.4,4978.450463,3082.144571
2019/5/9 11:54,629048.15,4941.16675,3071.529755
2019/5/9 11:57,624093.8278,4818.582182,3048.071277
2019/5/9 12:00,620247.8167,4709.229288,3012.083748
2019/5/9 12:03,623467.7556,4641.402754,2997.001303
2019/5/9 12:06,623080.1889,4586.012281,2981.342524
2019/5/9 12:09,622074.7667,4654.350846,2987.195903
2019/5/9 12:12,620843.8722,4688.403141,2985.294579
2019/5/9 12:15,618252.9833,4749.271402,3012.013366
2019/5/9 12:18,620097.5556,4752.938155,3008.895345
2019/5/9 12:21,620464.1389,4773.370852,3019.032264
2019/5/9 12:24,620635.9444,4789.053759,3024.743636
2019/5/9 12:27,621859.3667,4795.779176,3027.056474
2019/5/9 12:30,621575.4444,4815.420078,3041.57721
2019/5/9 12:33,621555.1056,4823.618938,3045.661405
2019/5/9 12:36,620040.35,4817.680207,3049.053193
2019/5/9 12:39,618419.9,4720.011983,3035.514986
2019/5/9 12:42,616395.4667,4666.708608,3027.455511
2019/5/9 12:45,617459.0889,4493.238484,3007.070735
2019/5/9 12:48,618873.0389,4438.389148,2992.813263
2019/5/9 12:51,621487.0833,4332.138718,2969.664179
2019/5/9 12:54,625170.3389,4377.893445,2970.569079
2019/5/9 12:57,626526.55,4389.117644,2964.295368
2019/5/9 13:00,626293.2389,4252.042561,2946.452114
2019/5/9 13:03,626161.9889,4273.664186,2940.344983
2019/5/9 13:06,626543.2778,4359.263074,2948.756019
2019/5/9 13:09,628313.0222,4508.698597,2974.850726
2019/5/9 13:12,630703.3611,4589.085372,2987.705987
2019/5/9 13:15,630560.7,4591.756316,2998.080262
2019/5/9 13:18,630278.15,4544.64273,2975.211884
2019/5/9 13:21,629137.0556,4571.855972,2971.478742
2019/5/9 13:24,626418.5222,4717.482284,2997.394687
2019/5/9 13:27,623853.1444,4766.075482,3000.139456
2019/5/9 13:30,620175.4556,4737.88493,2997.628936
2019/5/9 13:33,618248.7556,4701.982119,2988.939554
2019/5/9 13:36,618080.1444,4690.893216,2993.699045
2019/5/9 13:39,617828.1444,4769.211433,3015.132538
2019/5/9 13:42,617917.2167,4803.509445,3023.140592
2019/5/9 13:45,617210.4556,4765.666827,3012.119921
2019/5/9 13:48,615041.0611,4767.547181,3003.664221
2019/5/9 13:51,615296.8611,4753.404979,2996.248367
2019/5/9 13:54,616821.8056,4796.175108,3001.929938
2019/5/9 13:57,616311.3778,4751.226397,2983.475283
2019/5/9 14:00,617496.7667,4705.77293,2999.308694
2019/5/9 14:03,616588.7444,4677.977961,2991.220763
2019/5/9 14:06,610169.7944,4573.354135,2947.838306
2019/5/9 14:09,610427.2722,4546.010745,2961.652462
2019/5/9 14:12,608584.6056,4533.053849,2955.432898
2019/5/9 14:15,608100.0444,4281.508414,2913.072625
2019/5/9 14:18,610277.0333,4229.878978,2913.753582
2019/5/9 14:21,613520.4833,4170.402336,2918.861367
2019/5/9 14:24,615473.5222,4326.560385,2924.033951
2019/5/9 14:27,616440.1111,4383.072455,2924.191609
2019/5/9 14:30,615565.3833,4493.397436,2943.712332
2019/5/9 14:33,615815.6167,4462.681439,2930.375798
2019/5/9 14:36,617379.0444,4434.980217,2916.785801
2019/5/9 14:39,621542.6722,4590.685947,2947.890526
2019/5/9 14:42,623494.7278,4692.184053,2965.483109
2019/5/9 14:45,622800.4556,5022.072738,3034.463487
2019/5/9 14:48,621623.7222,5039.475738,3034.833312
2019/5/9 14:51,618984.5389,5056.889292,3038.67405
2019/5/9 14:54,619438.75,4978.186294,3023.457117
2019/5/9 14:57,615584.5167,4845.076391,2997.495404
2019/5/9 15:00,610973.3222,4811.291059,3001.654255
2019/5/9 15:03,608335.4556,4746.708295,2977.197148
2019/5/9 15:06,607239.3056,4733.032491,2962.4594
2019/5/9 15:09,607600.8722,4679.969556,2957.579307
2019/5/9 15:12,608272.5889,4654.229715,2955.014954
2019/5/9 15:15,608916.7278,4717.029489,2964.685641
2019/5/9 15:18,609311.5056,4721.204631,2966.159379
2019/5/9 15:21,610321.0333,4757.19683,2975.601425
2019/5/9 15:24,614916.0056,4711.939257,2972.39082
2019/5/9 15:27,620159.5611,4699.697668,2970.035905
2019/5/9 15:30,621433.75,4789.111572,2995.298658
2019/5/9 15:33,619269.0444,4787.465141,3001.723689
2019/5/9 15:36,617448.8333,4786.28491,3012.871143
2019/5/9 15:39,614092.8556,4737.70027,2999.91555
2019/5/9 15:42,613085.3611,4716.536927,2992.017658
2019/5/9 15:45,611651.0889,4576.609569,2943.468735
2019/5/9 15:48,612555.1167,4572.710652,2941.587949
2019/5/9 15:51,614234.1611,4582.249938,2949.699201
2019/5/9 15:54,615005.8944,4735.728862,2973.868191
2019/5/9 15:57,616167.4111,4781.224931,2976.06325
2019/5/9 16:00,614327.0611,4804.51639,2988.377847
2019/5/9 16:03,613823.1722,4762.92012,2970.483992
2019/5/9 16:06,617087.3611,4768.483962,2965.35378
2019/5/9 16:09,621152.7,4751.23903,2965.074523
2019/5/9 16:12,622357.7,4742.811788,2966.458247
2019/5/9 16:15,619556.2667,4727.490783,2976.521673
2019/5/9 16:18,618369.5889,4724.750599,2973.705742
2019/5/9 16:21,621004.8444,4719.057001,2975.330281
2019/5/9 16:24,624733.0333,4577.894865,2960.297475
2019/5/9 16:27,626614.5,4508.829734,2955.839169
2019/5/9 16:30,627383.0778,4101.735799,2920.10678
2019/5/9 16:33,627161.2167,4134.703934,2916.195224
2019/5/9 16:36,625701.4111,4209.085822,2905.463351
2019/5/9 16:39,628237.0389,4428.364414,2935.839591
2019/5/9 16:42,629453.5111,4534.763899,2945.226335
2019/5/9 16:45,627703.9944,5017.085437,3040.426963
2019/5/9 16:48,623200.7389,5006.933995,3039.98351
2019/5/9 16:51,619970.2444,5011.434089,3052.373298
2019/5/9 16:54,616313.5833,4917.968885,3038.506658
2019/5/9 16:57,611501.6944,4768.600756,3000.591725
2019/5/9 17:00,609193.2056,4807.957964,2995.858841
2019/5/9 17:03,608721.8222,4757.507098,2977.579021
2019/5/9 17:06,608873.0611,4730.39242,2964.163064
2019/5/9 17:09,610587.8167,4671.834198,2950.978295
2019/5/9 17:12,612623.8222,4647.414362,2946.702664
2019/5/9 17:15,610793.8,4682.312682,2958.484491
2019/5/9 17:18,617407.85,4678.30974,2945.899014
2019/5/9 17:21,620305.4556,4651.918845,2926.381034
2019/5/9 17:24,621498.2111,4708.522459,2947.918281
2019/5/9 17:27,622004.5,4751.186468,2962.890195
2019/5/9 17:30,622399.0833,4757.515021,2981.603398
2019/5/9 17:33,622679.5556,4743.238667,2979.433097
2019/5/9 17:36,620099.9167,4714.667501,2981.72567
2019/5/9 17:39,620030.0944,4637.04603,2974.204531
2019/5/9 17:42,620534.2056,4612.404013,2973.444894
2019/5/9 17:45,620865.1389,4382.005464,2942.640831
2019/5/9 17:48,622805.8556,4410.431522,2954.441406
2019/5/9 17:51,623974.9222,4435.182301,2972.865994
2019/5/9 17:54,625638.5889,4633.863729,2983.230467
2019/5/9 17:57,629532.5667,4729.185327,2984.795906
2019/5/9 18:00,629691.75,4872.498509,3004.512633
2019/5/9 18:03,627543.2833,4817.605332,2985.692939
2019/5/9 18:06,622542.4,4717.028637,2960.76214
2019/5/9 18:09,620347.3444,4576.588944,2928.422866
2019/5/9 18:12,620164.7556,4533.123614,2917.024542
2019/5/9 18:15,624195.6111,4202.1778,2873.10617
2019/5/9 18:18,628884.2944,4162.907038,2867.18727
2019/5/9 18:21,635712.0056,4102.65259,2860.231018
2019/5/9 18:24,642343.6833,4524.83108,2925.524011
2019/5/9 18:27,645239.4278,4734.289016,2957.231964
2019/5/9 18:30,643346.8889,5094.368331,3046.208752
2019/5/9 18:33,635449.9389,5042.885114,3028.66106
2019/5/9 18:36,635867.2889,5006.471344,3024.394462
2019/5/9 18:39,636711.3278,4923.123156,3016.069996
2019/5/9 18:42,634057.5944,4872.421163,3011.196513
2019/5/9 18:45,629360.2389,4885.03993,3019.966736
2019/5/9 18:48,624015.2833,4843.031414,3009.39177
2019/5/9 18:51,624754.4667,4832.398042,3005.29117
2019/5/9 18:54,624328.1278,4735.805869,2974.470487
2019/5/9 18:57,623645.7333,4604.559369,2934.521503
2019/5/9 19:00,623097.8,4390.542611,2890.204616
2019/5/9 19:03,626042.3333,4501.372978,2899.355623
2019/5/9 19:06,627966.9667,4757.265312,2934.737277
2019/5/9 19:09,627754.4278,4827.089427,2961.881532
2019/5/9 19:12,628020.0611,4851.114551,2967.867928
2019/5/9 19:15,624698.3944,4801.404125,2991.858731
2019/5/9 19:18,620783.15,4680.781975,2974.822965
2019/5/9 19:21,619719.6611,4467.909726,2957.393579
2019/5/9 19:24,619218.1444,4165.707751,2917.31884
2019/5/9 19:27,620569.9889,4050.032137,2903.669114
2019/5/9 19:30,622103.5167,4078.397146,2876.890594
2019/5/9 19:33,626440.4778,4107.370378,2882.722513
2019/5/9 19:36,629613.1611,4131.28754,2892.624375
2019/5/9 19:39,637273,4205.713484,2911.713868
2019/5/9 19:42,644475.3833,4273.423755,2931.365393
2019/5/9 19:45,651542.2889,4255.940588,2964.451835
2019/5/9 19:48,654163.6778,4313.39643,2987.170563
2019/5/9 19:51,660150.8722,4463.096028,3046.221703
2019/5/9 19:54,663623.0833,4542.684742,3079.109564
2019/5/9 19:57,665383.3,4563.530966,3086.212957
2019/5/9 20:00,664552.3,4492.672754,3080.3466
2019/5/9 20:03,663311.9056,4430.03782,3054.668222
2019/5/9 20:06,659917.15,4362.096643,3033.312716
2019/5/9 20:09,654817.9278,4209.8786,2992.869366
2019/5/9 20:12,658830.9444,4163.168184,2994.212653
2019/5/9 20:15,654992.2944,4240.252205,3007.178584
2019/5/9 20:18,657286.8778,4164.550849,2991.067565
2019/5/9 20:21,656961.1611,4062.371855,2982.466075
2019/5/9 20:24,653810.4889,3857.787364,2922.09111
2019/5/9 20:27,648421.5722,3755.325622,2890.048673
2019/5/9 20:30,648802.3111,3875.395363,2897.711034
2019/5/9 20:33,653309.2111,3917.506874,2901.262038
2019/5/9 20:36,655706.8778,3998.98962,2920.574126
2019/5/9 20:39,651986.6778,4001.628633,2923.501637
2019/5/9 20:42,648786.2222,4001.668301,2930.877658
2019/5/9 20:45,647604.3167,4046.952096,2971.433454
2019/5/9 20:48,647362.6167,4024.741489,2972.72622
2019/5/9 20:51,645369.5778,3981.178809,2971.300704
2019/5/9 20:54,647452.6944,3880.157055,2971.191713
2019/5/9 20:57,653318.0056,3861.604986,2984.337919
2019/5/9 21:00,654290.9444,3887.724513,2983.677393
2019/5/9 21:03,654718.6222,3861.620478,2988.516346
2019/5/9 21:06,658587.1833,3828.576061,3017.412247
2019/5/9 21:09,656902.1,3840.272817,2998.535426
2019/5/9 21:12,655764.1,3859.784898,2992.092543
2019/5/9 21:15,654965.5889,4006.251511,3019.813779
2019/5/9 21:18,662051.8611,4046.972217,3050.943675
2019/5/9 21:21,667179.8611,4220.890014,3169.69428
2019/5/9 21:24,667533.1833,4269.95969,3188.770168
2019/5/9 21:27,667738.5556,4313.718647,3213.505972
2019/5/9 21:30,666993.1667,4291.120006,3198.981216
2019/5/9 21:33,665069.0111,4199.176085,3161.906263
2019/5/9 21:36,657950.8444,4107.489793,3143.526243
2019/5/9 21:39,664404.7611,4200.043298,3180.038472
2019/5/9 21:42,668973.5889,4264.743458,3221.205656
2019/5/9 21:45,630610.8944,4428.844431,2983.355053
2019/5/9 21:48,618999.3167,4398.784999,2962.77299
2019/5/9 21:51,621029.0833,4461.927296,3052.405999
2019/5/9 21:54,618392.7944,4427.940844,3014.62607
2019/5/9 21:57,628101.55,4452.63898,3027.216962
2019/5/9 22:00,637698.8333,4663.232465,3127.809089
2019/5/9 22:03,645078.8611,4774.777632,3196.882284
2019/5/9 22:06,649146.3778,5018.831858,3341.978186
2019/5/9 22:09,654386.75,4972.724489,3360.405165
2019/5/9 22:12,658345.3222,4930.780133,3379.341436
2019/5/9 22:15,656109.1556,5063.987149,3419.718754
2019/5/9 22:18,656919.7944,5041.964772,3429.044549
2019/5/9 22:21,658960.5389,5094.639281,3490.330646
2019/5/9 22:24,655311.55,4973.059347,3448.063947
2019/5/9 22:27,647834.1056,4947.574647,3442.355408
2019/5/9 22:30,650588.1056,5155.962779,3465.85997
2019/5/9 22:33,650616.45,5047.335164,3419.304205
2019/5/9 22:36,638060.3444,4929.862704,3353.427034
2019/5/9 22:39,631446.1389,5030.148923,3329.74591
2019/5/9 22:42,632305.5556,5083.209435,3347.634624
2019/5/9 22:45,640750.2444,5080.809533,3384.384252
2019/5/9 22:48,642798.25,5054.47881,3365.369227
2019/5/9 22:51,642201.0833,5149.790505,3407.577648
2019/5/9 22:54,642172.8222,4909.071892,3392.094942
2019/5/9 22:57,640913.6833,4817.128394,3390.194974
2019/5/9 23:00,639598.4833,4847.145708,3368.620719
2019/5/9 23:03,636997.6667,4833.421506,3350.017422
2019/5/9 23:06,631897.2111,4919.008576,3409.488499
2019/5/9 23:09,635949.4222,5024.573983,3482.054052
2019/5/9 23:12,639550.0556,5093.17288,3530.836008
2019/5/9 23:15,639144.0389,5317.467992,3545.340218
2019/5/9 23:18,643703.7889,5254.908704,3489.58945
2019/5/9 23:21,642113.7667,5184.147006,3441.634459
2019/5/9 23:24,641342.8389,5130.900288,3433.717431
2019/5/9 23:27,642216.9444,5117.62553,3441.522776
2019/5/9 23:30,645653.7611,5145.184489,3502.621063
2019/5/9 23:33,648162.9389,5142.700484,3489.660485
2019/5/9 23:36,638742.1389,5169.333993,3462.751936
2019/5/9 23:39,640118.7833,5185.502628,3512.546513
2019/5/9 23:42,644495.3389,5243.633285,3582.533899
2019/5/9 23:45,647190.2444,5305.12064,3647.477348
2019/5/9 23:48,645481.55,5255.262689,3601.879041
2019/5/9 23:51,644132.5167,5238.140515,3570.604901
2019/5/9 23:54,647161.1722,5156.224768,3542.73989
2019/5/9 23:57,649310.0056,5116.784141,3545.601886
2019/5/10 0:00,650408.0833,5118.764706,3625.828824
2019/5/10 0:03,652282.2333,5105.974117,3629.015658
2019/5/10 0:06,652393.8722,5119.490011,3652.422436
2019/5/10 0:09,649793.8611,5183.595777,3578.003828
2019/5/10 0:12,647025.9222,5215.573992,3553.432616
2019/5/10 0:15,643183.65,5029.819437,3477.445231
2019/5/10 0:18,646545.5833,4973.929177,3488.419711
2019/5/10 0:21,649959.4056,4980.639867,3564.145336
2019/5/10 0:24,653845.9222,4806.88914,3553.595364
2019/5/10 0:27,658682.4222,4774.756583,3583.629128
2019/5/10 0:30,664018.6833,4757.918608,3587.655957
2019/5/10 0:33,664583.3667,4690.36592,3534.153786
2019/5/10 0:36,663387.0667,4623.696875,3473.282866
2019/5/10 0:39,662426.1556,4690.93712,3452.457601
2019/5/10 0:42,663027.8889,4765.251526,3465.735606
2019/5/10 0:45,664559.9333,4961.17834,3488.647937
2019/5/10 0:48,666477.7444,4928.647818,3480.110146
2019/5/10 0:51,660490.8333,4943.806459,3478.639596
2019/5/10 0:54,653026.85,4904.449743,3338.240233
2019/5/10 0:57,649692.35,4740.839648,3175.353546
2019/5/10 1:00,652157.7111,4739.313586,3265.137037
2019/5/10 1:03,654278.1778,4767.910529,3288.365685
2019/5/10 1:06,653469.4722,4815.965569,3337.048188
2019/5/10 1:09,648981.1611,4634.479976,3269.461427
2019/5/10 1:12,639982.1278,4591.40738,3244.807125
2019/5/10 1:15,640245.55,4657.470981,3310.584507
2019/5/10 1:18,645205.2611,4642.710107,3319.412917
2019/5/10 1:21,643817.0222,4593.866626,3329.253674
2019/5/10 1:24,644604.9056,4709.673855,3334.944896
2019/5/10 1:27,651702.3,4829.801038,3383.506955
2019/5/10 1:30,655904.7333,4873.579427,3442.747013
2019/5/10 1:33,653106.8833,4847.200328,3434.66372
2019/5/10 1:36,648185.5556,4837.32748,3436.196997
2019/5/10 1:39,651866.7167,4836.389307,3517.013166
2019/5/10 1:42,650744.55,4879.722139,3577.660515
2019/5/10 1:45,644444.9056,5029.484947,3524.075827
2019/5/10 1:48,647235.3889,5118.915777,3527.573434
2019/5/10 1:51,653350.3278,5306.919109,3571.770258
2019/5/10 1:54,651719.2222,5306.466357,3523.578842
2019/5/10 1:57,644565.3667,5289.04583,3491.607145
2019/5/10 2:00,649572.8833,5316.16261,3585.590878
2019/5/10 2:03,655346.0944,5308.064459,3594.375138
2019/5/10 2:06,651792.6167,5312.449314,3605.275758
2019/5/10 2:09,648857.8389,5259.917288,3558.086964
2019/5/10 2:12,653506.1167,5262.628671,3571.929412
2019/5/10 2:15,658857.2056,5391.696898,3644.893594
2019/5/10 2:18,655417.1111,5329.13483,3591.810459
2019/5/10 2:21,642510.85,5154.455631,3485.975958
2019/5/10 2:24,631674.1167,4804.147481,3197.3762
2019/5/10 2:27,632267.4556,4578.433555,2996.133752
2019/5/10 2:30,637003.4278,4631.439015,3029.168848
2019/5/10 2:33,638262.8056,4594.015467,3026.283197
2019/5/10 2:36,644891.6056,4669.406259,3030.452687
2019/5/10 2:39,651039.95,4671.758768,3086.862812
2019/5/10 2:42,649646.8,4668.141528,3145.433258
2019/5/10 2:45,643459.5,4763.684301,3211.757234
2019/5/10 2:48,636476.0222,4577.475173,3060.437115
2019/5/10 2:51,641956.1611,4504.022275,3047.761035
2019/5/10 2:54,645015.2889,4480.499738,3104.174922
2019/5/10 2:57,652247.6722,4532.684591,3176.085796
2019/5/10 3:00,656856.2444,4642.659012,3294.153356
2019/5/10 3:03,659845.5889,4637.543859,3304.926573
2019/5/10 3:06,655758.1611,4606.781736,3296.836178
2019/5/10 3:09,657286.8222,4578.794033,3335.063308
2019/5/10 3:12,660540.3389,4578.529901,3373.940854
2019/5/10 3:15,659430.7222,4633.447483,3353.051368
2019/5/10 3:18,656131.7722,4614.361588,3289.845737
2019/5/10 3:21,655072.3333,4672.723151,3297.889024
2019/5/10 3:24,656779.8444,4765.255143,3345.230717
2019/5/10 3:27,662673.5944,4837.883665,3387.43598
2019/5/10 3:30,666395.0278,4600.227412,3401.6191
2019/5/10 3:33,663024.4833,4601.84868,3388.500222
2019/5/10 3:36,660649.4167,4657.704966,3389.795105
2019/5/10 3:39,657370.9222,4650.445148,3359.342661
2019/5/10 3:42,659350.25,4666.12011,3352.274122
2019/5/10 3:45,659786.5333,4757.667103,3341.558452
2019/5/10 3:48,659754.9,4748.885553,3336.185847
2019/5/10 3:51,657415.4278,4698.935884,3336.976784
2019/5/10 3:54,655057.7722,4655.617387,3299.126378
2019/5/10 3:57,652308.7667,4660.758148,3276.112092
2019/5/10 4:00,648367.1556,4697.767423,3205.574705
2019/5/10 4:03,649800.7556,4683.196663,3194.948646
2019/5/10 4:06,643135.5833,4609.103281,3184.131086
2019/5/10 4:09,634493.0944,4473.714582,3105.364024
2019/5/10 4:12,634398.4778,4421.231255,3052.181984
2019/5/10 4:15,631353.5167,4531.864724,3018.477717
2019/5/10 4:18,626573.05,4468.93405,2998.328627
2019/5/10 4:21,628866.1778,4402.880275,3012.084865
2019/5/10 4:24,628438.5667,4307.878124,2943.965527
2019/5/10 4:27,629178.6333,4314.891904,2922.57203
2019/5/10 4:30,630333.6667,4401.603733,2918.358354
2019/5/10 4:33,632258.3444,4472.889972,2920.09899
2019/5/10 4:36,632836.8333,4564.991141,2924.176255
2019/5/10 4:39,630595.0444,4518.95305,2866.226434
2019/5/10 4:42,629978.7389,4531.986195,2870.314605
2019/5/10 4:45,633364.5222,4705.884826,2916.675534
2019/5/10 4:48,635126.3556,4685.388455,2910.990826
2019/5/10 4:51,636712.9556,4676.853495,2935.815942
2019/5/10 4:54,637872.6222,4606.544498,2898.004609
2019/5/10 4:57,638239.5556,4572.132754,2873.585542
2019/5/10 5:00,638823.1556,4529.113257,2860.355134
2019/5/10 5:03,640913.85,4608.141988,2900.886885
2019/5/10 5:06,641035.9222,4768.751206,2999.209526
2019/5/10 5:09,638088.4389,4696.955343,2973.822616
2019/5/10 5:12,634812.8278,4671.781386,2948.378094
2019/5/10 5:15,638596.0611,4748.241961,2978.672831
2019/5/10 5:18,640494.9444,4722.588562,2933.647207
2019/5/10 5:21,634239.1667,4726.751833,2889.406052
2019/5/10 5:24,637585.2167,4783.86735,2921.153491
2019/5/10 5:27,637935.9778,4788.581192,2910.534915
2019/5/10 5:30,630122.7222,4838.452834,2889.579122
2019/5/10 5:33,634415.6944,4856.605263,2886.845537
2019/5/10 5:36,632052.5889,4854.40075,2880.78297
2019/5/10 5:39,629030.4222,4849.485443,2916.767594
2019/5/10 5:42,629255.1611,4825.605843,2921.879041
2019/5/10 5:45,625318.3889,4539.562818,2868.690334
2019/5/10 5:48,629416.3444,4595.613629,2896.893691
2019/5/10 5:51,630135.0389,4622.609617,2916.131108
2019/5/10 5:54,631708.5667,4684.010556,2926.239874
2019/5/10 5:57,633140.4778,4741.917489,2948.679073
2019/5/10 6:00,634468.5556,4794.998823,2995.520696
2019/5/10 6:03,633774.7167,4779.228039,2995.58461
2019/5/10 6:06,634919.8778,4784.523122,3003.061536
2019/5/10 6:09,632440.9778,4599.25522,2941.563848
2019/5/10 6:12,632739.4444,4545.939839,2932.756881
2019/5/10 6:15,634504.7833,4558.926103,2944.052324
2019/5/10 6:18,629877.2111,4513.010025,2923.284949
2019/5/10 6:21,635405.5722,4548.658847,2966.224429
2019/5/10 6:24,636411.6944,4473.868364,2963.123861
2019/5/10 6:27,633552.4,4445.204281,2971.217154
2019/5/10 6:30,635176.2444,4541.759474,3008.372511
2019/5/10 6:33,636847.9167,4506.10289,2999.707249
2019/5/10 6:36,629636.1611,4397.897565,2972.106233
2019/5/10 6:39,625814.3389,4400.091636,2841.498018
2019/5/10 6:42,635717.7389,4468.136281,2759.253975
2019/5/10 6:45,622585.3222,4819.705492,2766.873815
2019/5/10 6:48,625015.3444,4904.890238,2820.046681
2019/5/10 6:51,623136.9667,5056.615499,2915.967555
2019/5/10 6:54,621678.1111,5107.386084,2937.438864
2019/5/10 6:57,621312.4167,5192.491287,2968.351818
2019/5/10 7:00,616858.35,5269.142755,3018.198697
2019/5/10 7:03,619985.3778,5248.232006,3021.271379
2019/5/10 7:06,620597.5111,5257.45584,3027.723729
2019/5/10 7:09,616632.9111,5215.938731,3022.199018
2019/5/10 7:12,615751.7389,5213.874524,3028.724482
2019/5/10 7:15,611539.9111,5140.400984,2968.375116
2019/5/10 7:18,616273.5111,5077.30996,2902.530614
2019/5/10 7:21,618699.9556,5096.762593,2933.311864
2019/5/10 7:24,619206,5069.948646,2921.793432
2019/5/10 7:27,615597.8556,5032.454516,2910.7412
2019/5/10 7:30,600037.2667,4936.811393,2883.978641
2019/5/10 7:33,602849.5111,4876.439219,2885.448095
2019/5/10 7:36,606770.7,4871.36928,2935.451285
2019/5/10 7:39,608838.5056,4894.492919,2956.524457
2019/5/10 7:42,610537.3722,4888.874446,2968.211418
2019/5/10 7:45,610009.15,4896.601257,2992.010688
2019/5/10 7:48,610019.6333,4876.631921,2994.493073
2019/5/10 7:51,608248.6667,4840.252367,3005.714779
2019/5/10 7:54,607562.4778,4817.265392,3011.827301
2019/5/10 7:57,608724.4556,4811.355125,3015.424633
2019/5/10 8:00,608712.0889,4848.281282,3028.839187
2019/5/10 8:03,607099.8833,4822.045229,3030.090311
2019/5/10 8:06,600945.0333,4814.199242,3040.492415
2019/5/10 8:09,603144.0667,4808.656562,3043.876142
2019/5/10 8:12,603986.9889,4794.46922,3043.266956
2019/5/10 8:15,604666.2111,4778.210363,3048.996814
2019/5/10 8:18,604950.4611,4780.888171,3044.178774
2019/5/10 8:21,606424.1778,4797.687437,3044.707826
2019/5/10 8:24,605126.5556,4754.345367,3049.194739
2019/5/10 8:27,598493.55,4648.822768,3042.035549
2019/5/10 8:30,598252.0167,4717.628411,3045.055678
2019/5/10 8:33,596669.5389,4711.896799,3040.024149
2019/5/10 8:36,598292.0333,4716.402775,3039.492665
2019/5/10 8:39,599325.5222,4752.046901,3036.277638
2019/5/10 8:42,601129.6167,4778.292854,3032.427544
2019/5/10 8:45,602482.1111,4917.795185,3057.713199
2019/5/10 8:48,602259.1222,4901.190126,3040.228972
2019/5/10 8:51,602301.1944,4887.953427,3034.108817
2019/5/10 8:54,601637.9333,4901.489544,3036.786933
2019/5/10 8:57,603001.9833,4900.953799,3031.178515
2019/5/10 9:00,603042.9722,4961.503353,3048.862128
2019/5/10 9:03,599490.0333,4913.431601,3026.833673
2019/5/10 9:06,597466.9222,4772.421193,2995.828678
2019/5/10 9:09,598678.5444,4722.419589,2993.342393
2019/5/10 9:12,601699.0722,4732.004761,2994.904981
2019/5/10 9:15,604538.6444,4822.42481,2996.571266
2019/5/10 9:18,607454.7389,4753.806024,2975.148637
2019/5/10 9:21,609976.8222,4652.969245,2956.131518
2019/5/10 9:24,614084.5611,4748.971473,3000.189912
2019/5/10 9:27,613993.9111,4784.788429,3015.836983
2019/5/10 9:30,614058.4833,4721.123675,2994.767851
2019/5/10 9:33,614782.9444,4670.493926,2974.59632
2019/5/10 9:36,617877,4595.391985,2943.67663
2019/5/10 9:39,620987.4833,4580.66156,2911.845511
2019/5/10 9:42,627759.8056,4558.473115,2898.384785
2019/5/10 9:45,633729.6944,4616.72699,2880.256995
2019/5/10 9:48,644062.6444,4689.508937,2884.566619
2019/5/10 9:51,648749.1278,4778.776832,2877.1083
2019/5/10 9:54,655684.8333,4851.227426,2896.821996
2019/5/10 9:57,663286.8667,4913.11256,2914.621001
2019/5/10 10:00,670484.1167,4856.346373,2958.178732
2019/5/10 10:03,677968.9833,4900.314164,2989.663805
2019/5/10 10:06,673332.7111,4893.750935,3009.18867
2019/5/10 10:09,673288.6167,4843.008591,2992.828591
2019/5/10 10:12,677862.1889,4890.017556,3004.097987
2019/5/10 10:15,680155.4,4849.381519,3019.238112
2019/5/10 10:18,681740.2167,4866.852789,3016.467404
2019/5/10 10:21,682633.95,4915.855677,3024.769133
2019/5/10 10:24,681929.4278,4933.325337,3020.200701
2019/5/10 10:27,681322.7611,4967.11403,3031.668629
2019/5/10 10:30,684047.5889,5092.194155,3105.529668
2019/5/10 10:33,680895.9667,5058.894315,3087.65086
2019/5/10 10:36,681283.1222,5082.221447,3102.002228
2019/5/10 10:39,679635.8944,5074.088912,3115.800259
2019/5/10 10:42,678046.1889,5059.264331,3121.921306
2019/5/10 10:45,675286.9,4974.525783,3088.717688
2019/5/10 10:48,670914.3333,4919.682622,3004.942595
2019/5/10 10:51,673497.2444,4934.889685,3021.197134
2019/5/10 10:54,670568.8167,5024.384343,3041.015759
2019/5/10 10:57,671361.2722,5115.729368,3080.049224
2019/5/10 11:00,672717.8667,5118.017393,3140.809119
2019/5/10 11:03,676049.1778,5151.646153,3166.02701
2019/5/10 11:06,676705.3278,5190.298636,3194.766537
2019/5/10 11:09,677232.9778,5171.183688,3165.644791
2019/5/10 11:12,675841.1611,5152.712765,3146.787638
2019/5/10 11:15,677031.5167,5186.844823,3123.365507
2019/5/10 11:18,679275.3278,5140.104958,3103.490263
2019/5/10 11:21,678837.4722,5070.174168,3060.765766
2019/5/10 11:24,677679.9389,5052.394385,3073.704002
2019/5/10 11:27,677434.1611,5047.274036,3069.498521
2019/5/10 11:30,681394.4278,5038.190246,3035.375087
2019/5/10 11:33,685636.0667,5051.513623,3051.305931
2019/5/10 11:36,687821.6556,5091.148762,3076.786206
2019/5/10 11:39,679565.8889,5233.271527,3139.337434
2019/5/10 11:42,676877.1444,5346.738597,3182.53246
2019/5/10 11:45,659160.4944,5266.424091,3152.376541
2019/5/10 11:48,653397.2,5151.85644,3088.489537
2019/5/10 11:51,646312.45,5075.621736,3090.257219
2019/5/10 11:54,633619.2389,4943.47504,3070.749492
2019/5/10 11:57,631957.5722,4906.900914,3079.972632
2019/5/10 12:00,620519.1611,4903.172713,3068.222656
2019/5/10 12:03,621099.15,4888.517149,3072.91323
2019/5/10 12:06,621214.3667,4864.660887,3086.215847
2019/5/10 12:09,618386.9,4844.673855,3069.119155
2019/5/10 12:12,618303.1222,4838.480458,3062.735293
2019/5/10 12:15,610854.9556,4825.270342,3028.29755
2019/5/10 12:18,614758.7278,4807.680048,3037.344758
2019/5/10 12:21,609044.0111,4760.129755,3044.173774
2019/5/10 12:24,605850.7278,4751.719236,3022.067194
2019/5/10 12:27,607124.1722,4733.92336,3007.31131
2019/5/10 12:30,602535.0778,4706.770965,2987.562911
2019/5/10 12:33,609467.4722,4714.720774,3024.865029
2019/5/10 12:36,619114.8889,4769.320427,3055.461771
2019/5/10 12:39,618797.3889,4739.25302,3075.237271
2019/5/10 12:42,621912.5278,4742.724049,3093.556527
2019/5/10 12:45,612155.5111,4741.096437,3071.954099
2019/5/10 12:48,616025.1111,4760.818584,3095.569455
2019/5/10 12:51,617273.8333,4736.741789,3113.403678
2019/5/10 12:54,615019.7389,4719.323704,3107.222038
2019/5/10 12:57,617353.7778,4724.780561,3118.115516
2019/5/10 13:00,610964.8,4664.968225,3079.128189
2019/5/10 13:03,615344.2111,4629.256945,3087.17324
2019/5/10 13:06,616224.5,4551.879175,3081.947748
2019/5/10 13:09,616712.7556,4594.766349,3088.645727
2019/5/10 13:12,624181.9333,4654.459763,3108.108929
2019/5/10 13:15,618347.5389,4652.843287,3091.808909
2019/5/10 13:18,621938.1944,4659.541966,3108.803535
2019/5/10 13:21,621683.7778,4578.686934,3107.03248
2019/5/10 13:24,619044.2778,4309.216203,3062.620924
2019/5/10 13:27,621908.2333,4198.891376,3051.68607
2019/5/10 13:30,609671.35,4468.499463,3010.651614
2019/5/10 13:33,610205.9833,4562.169205,3016.657365
2019/5/10 13:36,612702.7167,4741.027034,3046.120908
2019/5/10 13:39,611999.0667,4681.355843,3045.939075
2019/5/10 13:42,614147.4778,4661.700375,3056.460923
2019/5/10 13:45,605286.8833,4563.008274,3021.954938
2019/5/10 13:48,607802.6111,4608.111273,3038.556157
2019/5/10 13:51,607071.6556,4670.945589,3055.284418
2019/5/10 13:54,603218.65,4627.25116,3045.883051
2019/5/10 13:57,604920.2722,4635.805601,3059.404651
2019/5/10 14:00,599183.0833,4647.905286,3050.795624
2019/5/10 14:03,603287.45,4638.149863,3059.854214
2019/5/10 14:06,604059.3778,4597.823201,3058.218241
2019/5/10 14:09,602037.0167,4613.788978,3047.084864
2019/5/10 14:12,605251.35,4669.962399,3060.513518
2019/5/10 14:15,600309.9111,4625.916358,3047.449986
2019/5/10 14:18,604372.1111,4632.102448,3059.138747
2019/5/10 14:21,607984.8667,4564.141048,3057.96489
2019/5/10 14:24,607106.8944,4250.567424,3005.109721
2019/5/10 14:27,611908.3222,4174.438594,3002.571688
2019/5/10 14:30,613772.7389,3896.615079,2924.6326
2019/5/10 14:33,625510.8611,4110.515285,2944.535922
2019/5/10 14:36,632332.7056,4390.50527,2980.218956
2019/5/10 14:39,631813.0333,4477.545831,2997.032681
2019/5/10 14:42,634743.8944,4532.514744,3018.010276
2019/5/10 14:45,629079.6056,4258.523469,2980.303304
2019/5/10 14:48,632594.9556,4421.979929,3012.201776
2019/5/10 14:51,635409.8111,4792.626001,3076.699906
2019/5/10 14:54,636490.15,5004.840893,3141.487333
2019/5/10 14:57,631694.3722,5027.75452,3153.35619
2019/5/10 15:00,601071.5722,4629.808519,2993.014297
2019/5/10 15:03,596592.2389,4510.766021,2948.188946
2019/5/10 15:06,609580.6278,4570.054015,3026.904356
2019/5/10 15:09,614500.2556,4584.391155,3055.542308
2019/5/10 15:12,621632.3833,4591.02219,3074.992024
2019/5/10 15:15,616473.8111,4528.876753,3029.572142
2019/5/10 15:18,624285.1722,4520.951215,3046.931912
2019/5/10 15:21,624166.1333,4468.856045,3047.842154
2019/5/10 15:24,624483.2167,4421.855972,3035.92511
2019/5/10 15:27,627715.0611,4409.39166,3043.230992
2019/5/10 15:30,620775.8333,4213.566016,2995.429986
2019/5/10 15:33,614300.9611,3971.425719,2944.068358
2019/5/10 15:36,609383.9111,3606.443684,2856.866514
2019/5/10 15:39,617788.7611,3412.628824,2841.163352
2019/5/10 15:42,624512.4389,3439.629026,2837.718442
2019/5/10 15:45,634694.4333,3798.022939,2844.494027
2019/5/10 15:48,644369.9444,3990.629011,2880.576866
2019/5/10 15:51,645203.4389,4167.418763,2926.047719
2019/5/10 15:54,649211.2611,4290.329788,3011.590096
2019/5/10 15:57,649406.0944,4351.565243,3058.054705
2019/5/10 16:00,646449.9278,4922.225697,3210.374558
2019/5/10 16:03,643684.4444,4954.759465,3207.491354
2019/5/10 16:06,641737.3222,5069.947936,3231.740762
2019/5/10 16:09,637116.6556,5014.104021,3214.592496
2019/5/10 16:12,635433.3778,4978.151977,3198.049502
2019/5/10 16:15,634648.5833,4749.742542,3163.679482
2019/5/10 16:18,635937.5778,4569.42711,3116.872175
2019/5/10 16:21,638218.6944,4309.346696,3058.343435
2019/5/10 16:24,641758.2111,4198.743171,3022.348279
2019/5/10 16:27,646043.4722,4179.768806,3024.626267
2019/5/10 16:30,647458.9056,4223.744111,3047.501561
2019/5/10 16:33,649793.8722,4301.669708,3053.716446
2019/5/10 16:36,651859.3111,4457.505706,3070.354655
2019/5/10 16:39,649416.75,4458.478865,3068.268946
2019/5/10 16:42,647893.7278,4422.259278,3049.695928
2019/5/10 16:45,645704.8444,4541.860151,3107.549437
2019/5/10 16:48,643930.8111,4701.117338,3138.574417
2019/5/10 16:51,634504.7833,4923.931107,3169.941434
2019/5/10 16:54,617964.0278,4542.718692,3076.230845
2019/5/10 16:57,615087.6667,4384.000289,3002.428126
2019/5/10 17:00,616241.2778,4338.710297,3017.761969
2019/5/10 17:03,620337.2556,4410.034528,3023.203654
2019/5/10 17:06,626608.4722,4537.932392,3046.87982
2019/5/10 17:09,629080.2278,4490.394197,3051.251717
2019/5/10 17:12,629666.6111,4471.412539,3051.427397
2019/5/10 17:15,629010.8111,4532.87985,3065.972824
2019/5/10 17:18,629121.7389,4588.949315,3063.549878
2019/5/10 17:21,631339.2333,4659.836309,3065.292856
2019/5/10 17:24,634110.2222,4694.120192,3073.788661
2019/5/10 17:27,633914.1833,4709.610939,3075.477714
2019/5/10 17:30,635648.1111,4698.928854,3078.380174
2019/5/10 17:33,639165.8556,4643.145097,3068.74872
2019/5/10 17:36,636939.2444,4496.751241,3039.035504
2019/5/10 17:39,634273.9667,4354.885621,3015.380015
2019/5/10 17:42,632483.8111,4276.199993,2994.101759
2019/5/10 17:45,636100.5944,4523.395424,3020.838569
2019/5/10 17:48,637185.7389,4529.837346,3022.858447
2019/5/10 17:51,638974.8722,4573.759027,3040.963073
2019/5/10 17:54,639038.6278,4579.783941,3054.231113
2019/5/10 17:57,636250.9056,4578.100287,3061.65681
2019/5/10 18:00,638111.4889,4541.890367,3070.571835
2019/5/10 18:03,636607.3278,4479.745434,3057.043234
2019/5/10 18:06,636611.9833,4406.206919,3049.654085
2019/5/10 18:09,636167.9556,4445.543404,3046.770355
2019/5/10 18:12,634503.1889,4501.041129,3048.376011
2019/5/10 18:15,632211.7667,4733.8654,3080.817533
2019/5/10 18:18,633116.8056,4731.432207,3080.708555
2019/5/10 18:21,633473.9778,4683.017866,3081.411616
2019/5/10 18:24,635883.3556,4496.520307,3061.544474
2019/5/10 18:27,634023.3056,4368.327804,3044.480855
2019/5/10 18:30,631702.2556,4391.3161,3041.034674
2019/5/10 18:33,630774.1389,4500.440403,3048.012328
2019/5/10 18:36,628121.3389,4648.176812,3065.012182
2019/5/10 18:39,624878.6056,4603.814258,3041.885643
2019/5/10 18:42,613647.5111,4344.759277,2977.796336
2019/5/10 18:45,614468.2556,4342.673197,2996.459473
2019/5/10 18:48,614345.2667,4369.22542,2986.252908
2019/5/10 18:51,615594.4056,4473.784656,2996.936846
2019/5/10 18:54,615879.7111,4585.361383,2997.602913
2019/5/10 18:57,611237.3944,4530.713886,2964.423308
2019/5/10 19:00,614815.7556,4596.439346,2991.818483
2019/5/10 19:03,617130.1722,4614.86856,3001.052596
2019/5/10 19:06,619131.3611,4640.562991,3020.440604
2019/5/10 19:09,622018.8278,4609.782706,3018.933836
2019/5/10 19:12,626016,4608.725978,3025.166913
2019/5/10 19:15,628301.0167,4412.908548,3017.78708
2019/5/10 19:18,628416.3722,4284.917334,3003.354424
2019/5/10 19:21,626325.9722,4005.05306,2972.898013
2019/5/10 19:24,630665.3722,3949.652125,2943.622869
2019/5/10 19:27,631691.5389,3935.012404,2945.110108
2019/5/10 19:30,637001.2667,4320.621883,3016.004364
2019/5/10 19:33,646556.9222,4482.639009,3065.836244
2019/5/10 19:36,651333.9278,4773.207631,3132.657378
2019/5/10 19:39,651261.5111,4956.527164,3178.510682
2019/5/10 19:42,646188.9056,4975.944311,3173.616616
2019/5/10 19:45,639920.8889,4888.514155,3116.537215
2019/5/10 19:48,631258.7056,4711.791662,3046.8891
2019/5/10 19:51,628092.5722,4621.428984,3024.093765
2019/5/10 19:54,622685.5056,4655.971305,3007.233024
2019/5/10 19:57,624084.4111,4744.12984,3018.475339
2019/5/10 20:00,625039.3222,4788.781568,3035.002826
2019/5/10 20:03,625644.9833,4804.028038,3043.33284
2019/5/10 20:06,626662.9944,4770.397628,3057.958044
2019/5/10 20:09,627602.8944,4761.680628,3072.484194
2019/5/10 20:12,628996.6944,4763.244137,3085.201915
2019/5/10 20:15,630845.45,4707.700595,3104.281472
2019/5/10 20:18,637056.9111,4744.893287,3104.707515
2019/5/10 20:21,639075.9556,4818.444215,3112.417671
2019/5/10 20:24,639040.1667,4764.72924,3110.419004
2019/5/10 20:27,638910.7778,4743.414818,3117.38213
2019/5/10 20:30,634969.2056,4776.416908,3128.268571
2019/5/10 20:33,631713.8167,4744.747707,3111.649881
2019/5/10 20:36,629766.8778,4684.47413,3084.219722
2019/5/10 20:39,628358.2222,4397.36445,3033.577941
2019/5/10 20:42,628040.8778,4277.610216,3015.046097
2019/5/10 20:45,635157.8944,3960.5205,2997.64393
2019/5/10 20:48,645933.5167,3956.945651,3016.93145
2019/5/10 20:51,647812.8222,3939.193731,3029.487276
2019/5/10 20:54,642365.6444,4012.380227,3011.744004
2019/5/10 20:57,643581.8611,4051.912001,3016.802185
2019/5/10 21:00,646501.1,3972.392102,3017.2258
2019/5/10 21:03,648593.6,3966.631409,2998.075091
2019/5/10 21:06,648273.3444,4095.710746,3000.470308
2019/5/10 21:09,649169.6389,4194.388733,2985.984322
2019/5/10 21:12,651220.1389,4238.117768,2984.509579
2019/5/10 21:15,648154.8111,4347.220545,3019.594164
2019/5/10 21:18,643173.9056,4302.062676,2995.605512
2019/5/10 21:21,642154.5667,4264.925759,2985.657842
2019/5/10 21:24,642389.6778,4258.337769,2971.520397
2019/5/10 21:27,644216.2056,4286.329506,2977.353857
2019/5/10 21:30,646216.2278,4421.65612,2997.133215
2019/5/10 21:33,649610.0944,4360.789823,2992.973579
2019/5/10 21:36,650586.8222,4276.122764,2987.611257
2019/5/10 21:39,649258.0778,4200.840586,2977.236312
2019/5/10 21:42,650251.5833,4177.072897,2979.576318
2019/5/10 21:45,656089.2556,4386.341885,3037.327419
2019/5/10 21:48,661082.6222,4423.947452,3073.019329
2019/5/10 21:51,666159.1889,4497.175896,3128.811293
2019/5/10 21:54,664846.7833,4507.531509,3133.067562
2019/5/10 21:57,662284.7944,4513.375794,3141.159461
2019/5/10 22:00,662399.1222,4643.834202,3185.576458
2019/5/10 22:03,665101.0111,4680.868502,3207.014851
2019/5/10 22:06,667901.9667,4774.206141,3254.427738
2019/5/10 22:09,668255.3389,4699.217201,3248.12892
2019/5/10 22:12,664598.2833,4650.584249,3236.671957
2019/5/10 22:15,660154.0167,4570.015867,3189.162157
2019/5/10 22:18,660547.9722,4559.535195,3185.635925
2019/5/10 22:21,661084.9444,4560.300798,3182.907138
2019/5/10 22:24,660919.0444,4546.397018,3148.83985
2019/5/10 22:27,659918.0611,4537.595855,3130.135214
2019/5/10 22:30,619053.7111,4572.850312,2851.862865
2019/5/10 22:33,595347.6278,4537.076762,2747.650767
2019/5/10 22:36,607665.6833,4706.720444,2862.02744
2019/5/10 22:39,611050.9944,4775.565272,2898.659979
2019/5/10 22:42,605139.1278,4770.21414,2907.3263
2019/5/10 22:45,607221.0333,4569.907967,2842.347472
2019/5/10 22:48,619833.9444,4554.647205,2842.141403
2019/5/10 22:51,630974.4944,4608.875847,2924.413748
2019/5/10 22:54,632676.4722,4751.027116,3010.490207
2019/5/10 22:57,640208.2,4898.131648,3102.294224
2019/5/10 23:00,643879.6889,5037.672438,3231.48951
2019/5/10 23:03,643323.0611,4949.122894,3209.202829
2019/5/10 23:06,647309.2722,4938.544688,3276.148413
2019/5/10 23:09,653511.4667,5063.346269,3328.885611
2019/5/10 23:12,652107.8611,5092.003649,3329.476686
2019/5/10 23:15,646687.4444,5070.723314,3292.586319
2019/5/10 23:18,650702.3444,5056.092566,3320.830494
2019/5/10 23:21,653018.4444,5019.197262,3347.220551
2019/5/10 23:24,651143.1611,4963.212087,3294.802224
2019/5/10 23:27,645037.4056,4977.480444,3274.747244
2019/5/10 23:30,639162.6167,4945.534054,3202.591258
2019/5/10 23:33,639906.3167,4890.379643,3048.757871
2019/5/10 23:36,640974.3889,4899.081446,3066.407688
2019/5/10 23:39,638371.4056,4839.462759,3037.333093
2019/5/10 23:42,641397.0722,4844.398904,3061.530748
2019/5/10 23:45,639701.5556,5045.578488,3124.079791
2019/5/10 23:48,638552.2222,5009.93297,3109.890117
2019/5/10 23:51,637072.2278,5081.09068,3164.242506
2019/5/10 23:54,640086.4389,5129.362214,3169.702016
2019/5/10 23:57,642066.25,5178.030374,3179.754648
2019/5/11 0:00,639757.0444,5057.231905,3090.477755
2019/5/11 0:03,635107.0611,5037.994758,3055.140975
2019/5/11 0:06,634220.9389,5178.283275,3096.249183
2019/5/11 0:09,634553.0889,5113.302288,3043.088533
2019/5/11 0:12,628080.1444,5049.828026,2992.689335
2019/5/11 0:15,620525.9611,4839.075938,2949.384713
2019/5/11 0:18,618949.05,4758.312558,2888.447904
2019/5/11 0:21,623924.4444,4775.005415,2870.801006
2019/5/11 0:24,629952.5667,4757.119814,2887.518831
2019/5/11 0:27,626744.4444,4757.173689,2889.746262
2019/5/11 0:30,626535.5056,4838.767818,2886.193265
2019/5/11 0:33,631049.2278,4811.319246,2891.725632
2019/5/11 0:36,633069.3,4743.001966,2888.573475
2019/5/11 0:39,636740.1333,4690.319663,2893.99857
2019/5/11 0:42,637762.5944,4687.645701,2908.898965
2019/5/11 0:45,639661.3278,4882.797592,2976.930082
2019/5/11 0:48,639075.0889,4846.159507,2941.685947
2019/5/11 0:51,638458.55,4851.312672,2919.416867
2019/5/11 0:54,637757.2611,4888.656263,2947.475731
2019/5/11 0:57,638370.2944,4933.614649,2975.722873
2019/5/11 1:00,637635.3333,4952.501267,2999.44964
2019/5/11 1:03,640336.6667,5005.839182,3035.615227
2019/5/11 1:06,640922.6833,5115.935924,3092.522168
2019/5/11 1:09,637151.0778,4982.792737,3059.705001
2019/5/11 1:12,633481.7056,4859.041509,3013.655456
2019/5/11 1:15,631204.0556,4885.388663,3004.9112
2019/5/11 1:18,624874.3722,4733.178898,2931.720766
2019/5/11 1:21,617874.9667,4469.35054,2775.552353
2019/5/11 1:24,618674.0556,4465.862545,2743.374272
2019/5/11 1:27,621631.9833,4532.38626,2764.313571
2019/5/11 1:30,627353.3222,4454.311437,2823.069944
2019/5/11 1:33,632846.55,4503.371197,2857.4662
2019/5/11 1:36,635482.3278,4529.647267,2890.714402
2019/5/11 1:39,630515.3389,4343.445428,2828.896966
2019/5/11 1:42,626630.5056,4232.876406,2774.410689
2019/5/11 1:45,623185.2333,4326.091657,2841.422813
2019/5/11 1:48,623101.0278,4272.778736,2833.577081
2019/5/11 1:51,620888.3444,4242.436432,2863.433669
2019/5/11 1:54,620112.0278,4244.261535,2917.073533
2019/5/11 1:57,618415.9667,4237.653825,2940.364201
2019/5/11 2:00,617116.2111,4190.025283,2912.273366
2019/5/11 2:03,613260.0278,4172.809879,2862.912154
2019/5/11 2:06,611461.0722,4219.632807,2903.123715
2019/5/11 2:09,612534.6722,4160.765475,2891.899749
2019/5/11 2:12,613591.7167,4135.601122,2900.852394
2019/5/11 2:15,612636.8556,4323.075953,2936.905629
2019/5/11 2:18,607435.3944,4297.159909,2878.402348
2019/5/11 2:21,601306.9722,4301.948792,2834.584361
2019/5/11 2:24,607611.3667,4416.782785,2919.18611
2019/5/11 2:27,616162.7,4538.522846,3019.637953
2019/5/11 2:30,619007.35,4698.730069,3076.954004
2019/5/11 2:33,620860.9333,4692.985229,3088.162319
2019/5/11 2:36,622484.5333,4692.209011,3107.708912
2019/5/11 2:39,621601.2056,4707.533332,3087.725786
2019/5/11 2:42,624273.9778,4743.215506,3089.669141
2019/5/11 2:45,628537.0778,4852.183004,3125.035044
2019/5/11 2:48,628658.3167,4778.893587,3082.719104
2019/5/11 2:51,622709.2111,4623.234373,2990.539384
2019/5/11 2:54,620247.2611,4615.677394,2940.506992
2019/5/11 2:57,619363.6056,4578.117902,2925.665996
2019/5/11 3:00,623731.1222,4539.587673,2899.778742
2019/5/11 3:03,616991.8222,4378.47827,2815.446897
2019/5/11 3:06,607330.9778,4184.303176,2719.318441
2019/5/11 3:09,610949.3,4101.955936,2672.210956
2019/5/11 3:12,617819.2667,4145.594733,2694.381619
2019/5/11 3:15,612781.1056,4158.043764,2643.744261
2019/5/11 3:18,610480.6333,4120.82206,2619.407265
2019/5/11 3:21,618308.6444,4163.242814,2671.140262
2019/5/11 3:24,625628.0944,4259.955486,2709.201549
2019/5/11 3:27,633988.1889,4367.107587,2757.847272
2019/5/11 3:30,633196.9944,4330.284199,2728.381627
2019/5/11 3:33,637711.55,4487.022053,2787.297302
2019/5/11 3:36,641794.7889,4726.459371,2859.883199
2019/5/11 3:39,635452.7611,4725.970568,2801.004414
2019/5/11 3:42,634307.3889,4782.050679,2810.407176
2019/5/11 3:45,635411.6444,4544.255764,2765.993244
2019/5/11 3:48,641075.0667,4571.15734,2797.215981
2019/5/11 3:51,640634.6556,4560.041731,2816.476389
2019/5/11 3:54,629242.9389,4446.211555,2765.912168
2019/5/11 3:57,632110.7667,4493.437152,2798.226369
2019/5/11 4:00,628291.4389,4401.438237,2743.795924
2019/5/11 4:03,630342.8167,4415.369456,2734.259976
2019/5/11 4:06,628825.9111,4435.22107,2714.355418
2019/5/11 4:09,622574.4611,4452.933107,2717.336522
2019/5/11 4:12,629227.3556,4547.896726,2767.071819
2019/5/11 4:15,629816.6722,4490.107301,2758.267225
2019/5/11 4:18,631567.5,4455.995141,2741.860699
2019/5/11 4:21,624803.4556,4385.309845,2708.999508
2019/5/11 4:24,627189.1167,4385.357811,2717.351013
2019/5/11 4:27,631672,4465.982661,2759.11104
2019/5/11 4:30,630512.2333,4508.24646,2750.822264
2019/5/11 4:33,634044.1333,4526.269532,2734.050912
2019/5/11 4:36,639215.7222,4571.022303,2727.504983
2019/5/11 4:39,648948.2778,4711.747436,2742.151013
2019/5/11 4:42,645323.7722,4729.69583,2738.155337
2019/5/11 4:45,637474.0833,4645.406076,2702.921247
2019/5/11 4:48,635003.0889,4553.588286,2685.660968
2019/5/11 4:51,624202.2556,4395.674729,2657.014114
2019/5/11 4:54,629125.9833,4417.711326,2639.553515
2019/5/11 4:57,635699.6278,4434.318852,2650.035983
2019/5/11 5:00,635977.0056,4600.170001,2749.110355
2019/5/11 5:03,624292.6389,4546.050535,2745.541313
2019/5/11 5:06,617542.2,4459.214877,2756.742351
2019/5/11 5:09,615165.35,4423.934691,2756.465406
2019/5/11 5:12,615276.6444,4413.504605,2759.348595
2019/5/11 5:15,620098.4778,4536.309571,2772.798403
2019/5/11 5:18,630640,4594.253304,2803.500533
2019/5/11 5:21,632466.9778,4645.677606,2828.131114
2019/5/11 5:24,628243.9444,4533.660322,2841.390029
2019/5/11 5:27,626115.95,4551.821716,2810.399064
2019/5/11 5:30,630157.85,4555.277672,2815.577059
2019/5/11 5:33,636664.3278,4589.286921,2814.352879
2019/5/11 5:36,632415.7611,4557.839982,2807.510608
2019/5/11 5:39,624005.7556,4459.246846,2793.235731
2019/5/11 5:42,612009.8,4399.703053,2773.679901
2019/5/11 5:45,608007.6,4533.984521,2796.092005
2019/5/11 5:48,610842.1444,4514.373422,2789.407914
2019/5/11 5:51,606923.3556,4476.816255,2779.489232
2019/5/11 5:54,602318.6667,4476.519442,2769.848817
2019/5/11 5:57,606313.1056,4535.259153,2778.353658
2019/5/11 6:00,615167.7667,4448.574283,2774.55497
2019/5/11 6:03,630131.8611,4463.701494,2785.187806
2019/5/11 6:06,624232.0722,4422.412314,2786.511717
2019/5/11 6:09,610998.5889,4448.169342,2775.003316
2019/5/11 6:12,623681.1444,4509.831115,2793.495217
2019/5/11 6:15,638885.1111,4577.429707,2813.535844
2019/5/11 6:18,655745.5389,4727.710495,2841.710442
2019/5/11 6:21,660641.3056,4744.781059,2863.270638
2019/5/11 6:24,643702.1222,4637.087474,2837.691878
2019/5/11 6:27,646632.3389,4615.200552,2840.513506
2019/5/11 6:30,642967.5778,4519.938978,2833.898827
2019/5/11 6:33,651113.8056,4537.520547,2847.003308
2019/5/11 6:36,653569.9167,4545.70475,2855.966162
2019/5/11 6:39,640886.5444,4600.336447,2840.76801
2019/5/11 6:42,638901.7889,4646.317703,2837.26546
2019/5/11 6:45,638849.9278,4892.147209,2863.806834
2019/5/11 6:48,635810.6722,4949.420674,2862.285883
2019/5/11 6:51,634994.7056,4937.481336,2860.269444
2019/5/11 6:54,633092.9389,4966.66739,2852.628147
2019/5/11 6:57,640117.8778,5007.111461,2863.520601
2019/5/11 7:00,644562.1667,4992.650234,2866.996913
2019/5/11 7:03,651374.3,5010.261963,2871.649177
2019/5/11 7:06,651031.9611,4994.962962,2865.503086
2019/5/11 7:09,637777.0667,4872.112619,2850.090401
2019/5/11 7:12,623353,4654.070955,2830.214389
2019/5/11 7:15,626166.3056,4662.050032,2830.029979
2019/5/11 7:18,633207.4944,4742.219713,2839.05983
2019/5/11 7:21,641959.9167,4907.372624,2875.335956
2019/5/11 7:24,639934.6833,5034.037023,2898.206069
2019/5/11 7:27,621400.1444,4761.065347,2882.019777
2019/5/11 7:30,624366.4,4793.445524,2969.309628
2019/5/11 7:33,626091.0556,4808.42168,2973.50467
2019/5/11 7:36,628205.5833,4818.229493,2983.149598
2019/5/11 7:39,628357.9611,4861.733984,3011.237498
2019/5/11 7:42,629858.1,4875.278694,3025.707694
2019/5/11 7:45,624443.2611,4904.204575,3042.262212
2019/5/11 7:48,623604.2667,4897.499813,3042.772243
2019/5/11 7:51,623591.0833,4886.362079,3043.7575
2019/5/11 7:54,624342.0222,4843.262345,3032.55498
2019/5/11 7:57,626191.9667,4826.935938,3027.034902
2019/5/11 8:00,627417.5611,4907.661316,3052.823311
2019/5/11 8:03,629408.7,4900.345544,3050.665842
2019/5/11 8:06,622923.1833,4865.212538,3043.74074
2019/5/11 8:09,614615.1611,4890.951371,3041.392796
2019/5/11 8:12,616983.8222,4929.673044,3044.590423
2019/5/11 8:15,617497.5111,4896.597633,3065.92227
2019/5/11 8:18,617500.9944,4910.934213,3067.489775
2019/5/11 8:21,618827.9556,4920.897142,3080.691235
2019/5/11 8:24,619216.35,4879.48038,3077.534093
2019/5/11 8:27,620346.9444,4866.341171,3076.905418
2019/5/11 8:30,621185.7444,4929.553474,3097.498608
2019/5/11 8:33,619953.1389,4920.162782,3094.495774
2019/5/11 8:36,618938.4056,4903.901217,3089.838082
2019/5/11 8:39,615566.1111,4897.437197,3087.628648
2019/5/11 8:42,615608.8389,4902.307047,3083.91023
2019/5/11 8:45,620456.3611,4898.910893,3088.95298
2019/5/11 8:48,621700.5333,4878.553506,3084.298543
2019/5/11 8:51,620520.4,4841.318823,3085.582172
2019/5/11 8:54,618445.4444,4807.421869,3073.681277
2019/5/11 8:57,616561.5111,4769.887051,3059.787162
2019/5/11 9:00,617789.6667,4777.686566,3057.999528
2019/5/11 9:03,618904.5944,4785.813695,3061.984718
2019/5/11 9:06,621707.5222,4818.571209,3076.994105
2019/5/11 9:09,626003,4904.84134,3081.493624
2019/5/11 9:12,626215.5778,4917.603158,3058.271772
2019/5/11 9:15,629053.4167,4989.737421,3095.752196
2019/5/11 9:18,629768.9389,5003.130204,3109.274193
2019/5/11 9:21,628118.8389,5034.843919,3149.076732
2019/5/11 9:24,626641.2944,5036.905488,3156.629153
2019/5/11 9:27,625390.7556,5022.134127,3150.245331
2019/5/11 9:30,625090.1667,5055.330519,3147.183096
2019/5/11 9:33,626817.4111,5013.247202,3135.492725
2019/5/11 9:36,627597.0389,4969.5858,3128.74796
2019/5/11 9:39,628223.6,5016.684259,3142.840305
2019/5/11 9:42,628742.9111,5020.331179,3142.695752
2019/5/11 9:45,628973.7,5035.104117,3166.476685
2019/5/11 9:48,629405.9167,5008.016621,3153.965358
2019/5/11 9:51,629229.5611,4972.937547,3140.840552
2019/5/11 9:54,629439.2111,4996.430781,3132.657508
2019/5/11 9:57,628388.8278,4992.604461,3120.685724
2019/5/11 10:00,618041.3056,4916.70388,3109.136368
2019/5/11 10:03,620484.3278,4918.957832,3109.428926
2019/5/11 10:06,620035.8611,4926.043802,3111.990872
2019/5/11 10:09,617410.4667,4926.70512,3116.865151
2019/5/11 10:12,615380.0722,4922.082541,3116.070258
2019/5/11 10:15,616836.3167,4919.900959,3121.773523
2019/5/11 10:18,618062.1722,4923.823353,3116.120499
2019/5/11 10:21,618593.2778,4948.513953,3113.691266
2019/5/11 10:24,617510.9111,4953.940615,3120.142249
2019/5/11 10:27,616404.6222,4952.855293,3121.538834
2019/5/11 10:30,615490.2722,4960.409654,3130.377808
2019/5/11 10:33,612583.6167,4932.092296,3104.059473
2019/5/11 10:36,611807.75,4914.734279,3078.722099
2019/5/11 10:39,612899.2611,4927.427501,3075.617805
2019/5/11 10:42,614480.7889,4940.961972,3072.007897
2019/5/11 10:45,611487.7278,4951.310158,3091.604675
2019/5/11 10:48,608943.2444,4925.724446,3080.61719
2019/5/11 10:51,610267.25,4932.940954,3079.574575
2019/5/11 10:54,609298.0944,4936.632164,3069.100519
2019/5/11 10:57,608738.0167,4940.152676,3060.471214
2019/5/11 11:00,610281.6944,4978.604802,3074.873345
2019/5/11 11:03,611822.8167,4953.612295,3069.639327
2019/5/11 11:06,613130.4667,4938.191922,3073.387324
2019/5/11 11:09,613858.5889,4954.562607,3089.84144
2019/5/11 11:12,617274.2167,4961.308737,3092.876547
2019/5/11 11:15,618390.0389,4972.753686,3101.885552
2019/5/11 11:18,618136.4444,4953.560955,3091.490191
2019/5/11 11:21,621472.8778,4944.064239,3078.274609
2019/5/11 11:24,622731.25,4969.769402,3078.091079
2019/5/11 11:27,624072.5389,4979.077103,3074.559903
2019/5/11 11:30,623554.4889,5032.570851,3110.462965
2019/5/11 11:33,623386.75,5004.433835,3104.251566
2019/5/11 11:36,622604.95,4970.146378,3104.229243
2019/5/11 11:39,621508.7278,4968.14645,3099.998309
2019/5/11 11:42,621326.3667,4951.297314,3090.240818
2019/5/11 11:45,621099.7889,4985.279641,3102.243224
2019/5/11 11:48,621500.2111,4965.593956,3093.65517
2019/5/11 11:51,621299.6444,4948.811298,3093.317604
2019/5/11 11:54,622138.4,4857.053223,3080.443039
2019/5/11 11:57,623868.7167,4807.589873,3071.219742
2019/5/11 12:00,625498.0389,4734.530874,3070.663167
2019/5/11 12:03,626249.8833,4684.568567,3065.517785
2019/5/11 12:06,625379.0833,4612.889894,3068.848614
2019/5/11 12:09,622614.3167,4598.181154,3074.819672
2019/5/11 12:12,624178.1278,4590.46946,3075.933268
2019/5/11 12:15,624989.8667,4713.355892,3093.825968
2019/5/11 12:18,627658.0056,4660.917308,3089.737317
2019/5/11 12:21,628587.1556,4545.554104,3090.346051
2019/5/11 12:24,629226.2611,4396.1765,3070.360479
2019/5/11 12:27,632162.2167,4324.985091,3059.234529
2019/5/11 12:30,634027.3611,4464.963438,3055.833247
2019/5/11 12:33,635372.2889,4482.050259,3054.613167
2019/5/11 12:36,635538.85,4513.758226,3055.909928
2019/5/11 12:39,634624.3611,4495.184503,3050.615639
2019/5/11 12:42,634213.2333,4473.382997,3042.699007
2019/5/11 12:45,634228.2944,4422.829562,3038.631795
2019/5/11 12:48,634481.1444,4415.63655,3040.122321
2019/5/11 12:51,633699.7667,4420.992528,3056.894687
2019/5/11 12:54,633049.2167,4408.241185,3050.603043
2019/5/11 12:57,633719.6,4406.8369,3044.466962
2019/5/11 13:00,634080.8056,4350.284986,3050.347199
2019/5/11 13:03,634732.5278,4323.829809,3047.054577
2019/5/11 13:06,636067.0056,4294.986462,3058.475694
2019/5/11 13:09,637112.8667,4403.664957,3058.890121
2019/5/11 13:12,638723.8889,4455.140314,3052.028269
2019/5/11 13:15,637550.8556,4403.735196,3069.867866
2019/5/11 13:18,637461.4056,4391.350438,3061.539119
2019/5/11 13:21,637702.3111,4373.172189,3058.03687
2019/5/11 13:24,639197.4056,4495.428507,3085.098013
2019/5/11 13:27,639038.9,4549.137051,3091.037597
2019/5/11 13:30,630900.8444,4614.91204,3035.903816
2019/5/11 13:33,626755.1278,4632.455552,3009.391071
2019/5/11 13:36,627924.1889,4638.866594,3033.332857
2019/5/11 13:39,629618.1444,4650.865808,3042.203428
2019/5/11 13:42,628709.9833,4633.533975,3031.6494
2019/5/11 13:45,626469.6111,4600.301727,3023.734612
2019/5/11 13:48,624774.4833,4579.64392,3020.866707
2019/5/11 13:51,625056.65,4576.102996,3035.007879
2019/5/11 13:54,627191.6111,4543.934851,3047.548984
2019/5/11 13:57,628404.8056,4526.866464,3055.591464
2019/5/11 14:00,624616.3667,4430.33687,3018.674397
2019/5/11 14:03,619350.5111,4444.551442,3021.080166
2019/5/11 14:06,617450.1611,4505.965378,3041.208181
2019/5/11 14:09,618796.0389,4462.137359,3026.52277
2019/5/11 14:12,622918.8667,4471.398931,3034.618039
2019/5/11 14:15,624495.4833,4601.530957,3033.803454
2019/5/11 14:18,622675.3444,4585.032607,3030.757143
2019/5/11 14:21,621779.1,4605.519247,3056.889207
2019/5/11 14:24,616956.2611,4539.970621,3060.295559
2019/5/11 14:27,616244.1444,4507.349198,3063.926847
2019/5/11 14:30,612883.1444,4279.996521,2997.333192
2019/5/11 14:33,611234.9556,4328.728049,2993.672074
2019/5/11 14:36,610482.6556,4426.977918,2995.017838
2019/5/11 14:39,609847.3278,4472.608356,3012.703544
2019/5/11 14:42,611447.65,4531.651264,3041.974277
2019/5/11 14:45,611794.8778,4528.029176,3051.406914
2019/5/11 14:48,607809.9722,4376.540852,2997.497566
2019/5/11 14:51,606795.6778,4276.697682,3012.177423
2019/5/11 14:54,609207.8556,4404.494331,3033.860814
2019/5/11 14:57,610642.3667,4447.484114,3031.902238
2019/5/11 15:00,612088.9778,4671.289641,3096.526261
2019/5/11 15:03,611370.9833,4641.075207,3085.139344
2019/5/11 15:06,611357.6167,4599.377203,3089.454016
2019/5/11 15:09,611344.8944,4611.117408,3099.065012
2019/5/11 15:12,610466.7167,4595.572009,3102.059781
2019/5/11 15:15,611674.6444,4730.855649,3140.559993
2019/5/11 15:18,610312.9278,4683.585926,3122.430526
2019/5/11 15:21,610475.5056,4644.303497,3121.480546
2019/5/11 15:24,612978.7389,4691.574704,3106.556474
2019/5/11 15:27,614722.2667,4703.532045,3089.949632
2019/5/11 15:30,614146.2,4605.418329,3074.461452
2019/5/11 15:33,614781.5278,4499.413352,3064.18297
2019/5/11 15:36,613935.8722,4259.159923,3048.919374
2019/5/11 15:39,612165.0167,4270.56833,2998.992005
2019/5/11 15:42,613326.9722,4319.508301,2998.408101
2019/5/11 15:45,615868.85,4544.332921,3045.812111
2019/5/11 15:48,619569.9389,4526.163863,3053.51085
2019/5/11 15:51,619813.0722,4503.8993,3074.466461
2019/5/11 15:54,619128.0333,4567.389586,3080.015357
2019/5/11 15:57,617850.8167,4604.804677,3090.640876
2019/5/11 16:00,619056.0111,4813.073209,3169.675058
2019/5/11 16:03,619462.5889,4796.325547,3171.509592
2019/5/11 16:06,617496.8,4758.318812,3175.760774
2019/5/11 16:09,617687.6944,4670.824576,3162.51094
2019/5/11 16:12,617471.4167,4638.325664,3159.302097
2019/5/11 16:15,622281.8222,4622.71429,3131.764155
2019/5/11 16:18,623815.9833,4678.839453,3137.440021
2019/5/11 16:21,624674.2889,4790.359992,3160.565703
2019/5/11 16:24,623072.2222,4681.130569,3131.562096
2019/5/11 16:27,621650.7778,4644.444906,3123.317411
2019/5/11 16:30,618280.4,4813.503466,3124.869059
2019/5/11 16:33,613732.4333,4725.269382,3097.517299
2019/5/11 16:36,610562.5111,4594.63024,3084.485438
2019/5/11 16:39,607742.5611,4594.581177,3064.61997
2019/5/11 16:42,606391.3889,4590.547645,3040.736782
2019/5/11 16:45,603284.7167,4625.163751,3001.108023
2019/5/11 16:48,604328.9833,4624.063992,3001.980067
2019/5/11 16:51,605925.2222,4664.941264,3028.779058
2019/5/11 16:54,606218.7889,4605.260207,3037.168181
2019/5/11 16:57,605916.0611,4587.509271,3040.260242
2019/5/11 17:00,603871.7222,4629.803559,3046.255413
2019/5/11 17:03,607454.7778,4688.919912,3030.494621
2019/5/11 17:06,609789.3333,4783.361157,3101.834518
2019/5/11 17:09,605448.9222,4680.104324,3081.755279
2019/5/11 17:12,608550.3,4676.994602,3090.543194
2019/5/11 17:15,610365.8889,4663.247191,3110.420067
2019/5/11 17:18,614565.0222,4658.433313,3113.841497
2019/5/11 17:21,614254.5222,4587.632595,3083.945404
2019/5/11 17:24,608336.3944,4641.176023,3086.903205
2019/5/11 17:27,611998.9111,4730.246561,3129.811577
2019/5/11 17:30,612044.3889,4956.359181,3164.211859
2019/5/11 17:33,610366.8056,4799.666055,3125.458568
2019/5/11 17:36,610807.4833,4561.379602,3089.974138
2019/5/11 17:39,611330.4611,4205.859581,3034.575641
2019/5/11 17:42,613362.8889,4051.667172,3018.355013
2019/5/11 17:45,615714.7222,3809.245336,2987.691269
2019/5/11 17:48,622419.4611,3798.140881,2989.55949
2019/5/11 17:51,626176.3722,3820.52765,3009.479505
2019/5/11 17:54,639614.7611,3900.117165,3059.875704
2019/5/11 17:57,635507.8944,3939.224565,3062.699954
2019/5/11 18:00,625895.9222,3794.339689,2895.049801
2019/5/11 18:03,637651.7833,3760.29769,2926.035733
2019/5/11 18:06,642172.5167,3746.678906,2946.802807
2019/5/11 18:09,653035.8056,3812.907934,2975.455233
2019/5/11 18:12,657519.0278,3856.016454,2998.118815
2019/5/11 18:15,645141.0278,3688.624583,2902.120079
2019/5/11 18:18,642245.8111,3630.076254,2851.264279
2019/5/11 18:21,648585.0611,3650.357326,2839.79544
2019/5/11 18:24,648413.2056,3575.845003,2824.186655
2019/5/11 18:27,655770.7278,3644.071907,2872.825686
2019/5/11 18:30,660842.5056,3774.71718,2914.859807
2019/5/11 18:33,653272.1889,3661.447116,2865.530524
2019/5/11 18:36,649843.2111,3568.376426,2842.608466
2019/5/11 18:39,649864.7889,3664.160916,2842.854266
2019/5/11 18:42,655987.6111,3781.506951,2883.290304
2019/5/11 18:45,652519.3222,3781.719119,2878.267242
2019/5/11 18:48,648802.2611,3771.520601,2865.879508
2019/5/11 18:51,650123.1611,3829.56205,2879.056817
2019/5/11 18:54,659007.8056,3824.315189,2908.608114
2019/5/11 18:57,662263.3167,3820.93324,2928.378344
2019/5/11 19:00,662694.5111,3817.48045,2931.890235
2019/5/11 19:03,671201.9278,3886.269093,2931.291802
2019/5/11 19:06,623514.0444,3973.813617,2651.33434
2019/5/11 19:09,595128.1389,3908.638285,2522.932408
2019/5/11 19:12,603865.0333,3970.724831,2537.778982
2019/5/11 19:15,632922.1611,4182.435487,2622.797534
2019/5/11 19:18,657409.75,4407.237664,2762.13961
2019/5/11 19:21,670189.9278,4787.907411,2991.025956
2019/5/11 19:24,667687.1,5017.396526,3048.282234
2019/5/11 19:27,688503.8944,5173.851999,3101.244316
2019/5/11 19:30,698098.9278,5064.05253,3068.848538
2019/5/11 19:33,656128.9611,4693.795815,2954.730851
2019/5/11 19:36,622507.7722,4345.571022,2917.961843
2019/5/11 19:39,609567.9,4257.682664,2878.066215
2019/5/11 19:42,615301.4667,4311.410587,2885.570651
2019/5/11 19:45,628388.4444,4386.196461,2872.897648
2019/5/11 19:48,649211.9,4504.102014,2899.080586
2019/5/11 19:51,660587.4389,4518.25757,2906.316338
2019/5/11 19:54,660861.1722,4490.027952,2889.128893
2019/5/11 19:57,670470.3278,4466.481835,2901.010645
2019/5/11 20:00,637664.1944,4250.408544,2868.848155
2019/5/11 20:03,626094.4722,4290.768224,2882.796208
2019/5/11 20:06,624227.6722,4352.749392,2897.487982
2019/5/11 20:09,605487.4167,4110.318868,2772.23553
2019/5/11 20:12,611208.4111,4109.091663,2788.713649
2019/5/11 20:15,618891.6056,4193.053025,2863.813132
2019/5/11 20:18,624096.4,4259.828072,2867.832726
2019/5/11 20:21,627379.9944,4361.381704,2851.887952
2019/5/11 20:24,636208.6889,4254.450625,2802.164151
2019/5/11 20:27,645462.0222,4267.316391,2788.41933
2019/5/11 20:30,668432.9222,4389.757022,2784.137232
2019/5/11 20:33,679652.0333,4381.421146,2758.967662
2019/5/11 20:36,688304.9556,4445.725266,2733.367259
2019/5/11 20:39,694419.8667,4536.049501,2700.08736
2019/5/11 20:42,701876.2167,4637.678675,2714.443521
2019/5/11 20:45,709011.8333,4459.911926,2724.011841
2019/5/11 20:48,709969,4368.564442,2697.981818
2019/5/11 20:51,675485.6167,4193.108872,2624.899648
2019/5/11 20:54,649997.9444,4100.221027,2562.501905
2019/5/11 20:57,650148.4167,4130.649161,2590.645501
2019/5/11 21:00,654124.5667,4260.382323,2713.625808
2019/5/11 21:03,637160.2056,4161.144498,2655.043401
2019/5/11 21:06,629210.3833,4038.475881,2588.479585
2019/5/11 21:09,642773.7389,4022.122183,2610.124446
2019/5/11 21:12,643874.4222,3994.422266,2607.91905
2019/5/11 21:15,648121.1333,4181.635814,2607.205699
2019/5/11 21:18,664377.3278,4227.130905,2707.499598
2019/5/11 21:21,661459.4667,4238.151571,2821.971388
2019/5/11 21:24,648011.7889,4299.449528,2797.28348
2019/5/11 21:27,663422.7111,4447.788495,2834.209447
2019/5/11 21:30,673753.7389,4327.618753,2799.688249
2019/5/11 21:33,657531.2944,4193.810174,2719.050305
2019/5/11 21:36,648770.6556,4099.002696,2634.740581
2019/5/11 21:39,657817.3611,4115.19738,2656.089745
2019/5/11 21:42,661636.6833,4191.811099,2717.501963
2019/5/11 21:45,646800.0667,4290.066745,2743.377007
2019/5/11 21:48,654896.5056,4370.103161,2836.618051
2019/5/11 21:51,667654.6056,4460.005379,2989.052539
2019/5/11 21:54,673023.5,4417.197274,2959.253331
2019/5/11 21:57,674090.2111,4436.212253,2959.273156
2019/5/11 22:00,666596.5,4498.289502,2943.024152
2019/5/11 22:03,654209.3389,4508.684654,2942.832041
2019/5/11 22:06,656056.5611,4652.222812,3034.841561
2019/5/11 22:09,644365.1278,4668.081603,3033.691764
2019/5/11 22:12,655094.2222,4759.929673,3088.526905
2019/5/11 22:15,663319.4111,4595.275258,3043.697814
2019/5/11 22:18,658075.55,4455.983181,2958.939782
2019/5/11 22:21,639093.3722,4216.676669,2809.459893
2019/5/11 22:24,634500.5722,4172.00409,2755.259773
2019/5/11 22:27,657432.0222,4296.530274,2839.999468
2019/5/11 22:30,660137.0833,4553.260367,3032.272425
2019/5/11 22:33,637458.1778,4562.205976,2978.776832
2019/5/11 22:36,647972.0833,4724.960415,3037.150299
2019/5/11 22:39,666426.1333,4934.109586,3179.618052
2019/5/11 22:42,664145.0222,4978.387748,3237.6939
2019/5/11 22:45,670617.1333,5100.209731,3213.329139
2019/5/11 22:48,679801.3111,4959.120776,3151.149038
2019/5/11 22:51,669081.1833,4609.679769,3003.579434
2019/5/11 22:54,641021.4333,4252.627377,2860.28456
2019/5/11 22:57,632467.0889,4141.510311,2824.793538
2019/5/11 23:00,654302.9222,4547.464441,2990.064098
2019/5/11 23:03,680937.0611,4685.992183,3080.104547
2019/5/11 23:06,675324,4713.819049,3104.20547
2019/5/11 23:09,637396.7889,4356.124204,2910.168801
2019/5/11 23:12,628909.9222,4212.951883,2839.696237
2019/5/11 23:15,647693.6778,4325.820225,2881.397889
2019/5/11 23:18,666685.1611,4290.067944,2880.369293
2019/5/11 23:21,660232.7889,4113.437602,2819.025031
2019/5/11 23:24,628744.0611,3950.674085,2663.251929
2019/5/11 23:27,610242.1611,3970.235674,2620.196595
2019/5/11 23:30,620001.3833,4315.361504,2796.878645
2019/5/11 23:33,624602.3611,4399.440802,2826.222547
2019/5/11 23:36,621461.6278,4522.603216,2831.610937
2019/5/11 23:39,618028.6389,4309.907651,2757.40921
2019/5/11 23:42,613860.1389,4276.810244,2758.579828
2019/5/11 23:45,605247.6056,4102.845339,2629.165115
2019/5/11 23:48,609393.9778,4033.822297,2586.547201
2019/5/11 23:51,624858.9333,3979.200159,2563.586859
2019/5/11 23:54,635439.8833,4108.156932,2611.415419
2019/5/11 23:57,619803.0722,4137.262852,2605.103841
2019/5/12 0:00,608613.1,3670.678039,2478.239354
2019/5/12 0:03,614895.2444,3761.119608,2522.475752
2019/5/12 0:06,595617.0778,3795.758629,2494.599294
2019/5/12 0:09,604852.7556,4003.024107,2571.636015
2019/5/12 0:12,608837.7889,4129.094392,2615.192403
2019/5/12 0:15,610641.7278,4150.344135,2640.375298
2019/5/12 0:18,603985.7444,3997.934312,2576.821569
2019/5/12 0:21,612126.7444,3923.587312,2542.120541
2019/5/12 0:24,634666.7,3951.657087,2604.2462
2019/5/12 0:27,639171.6833,4041.664224,2674.698374
2019/5/12 0:30,622897.1778,3891.49651,2653.234456
2019/5/12 0:33,624652.0778,3911.65198,2688.347093
2019/5/12 0:36,628090.0722,3953.299442,2737.056005
2019/5/12 0:39,634805.2222,4029.813002,2751.751628
2019/5/12 0:42,624557.6556,4041.367177,2705.661113
2019/5/12 0:45,629014.5056,4033.856615,2763.001927
2019/5/12 0:48,627044.1944,4048.779887,2763.268879
2019/5/12 0:51,612372.4889,4010.46276,2686.853419
2019/5/12 0:54,618301.3444,4074.078686,2654.450883
2019/5/12 0:57,645324.9389,4180.662703,2692.022766
2019/5/12 1:00,650497.7278,4194.833314,2745.729316
2019/5/12 1:03,654304.9889,4202.876327,2777.912107
2019/5/12 1:06,648373.6333,4107.05078,2770.867496
2019/5/12 1:09,646942.6222,4215.489075,2813.310561
2019/5/12 1:12,648913.9278,4302.706913,2877.80992
2019/5/12 1:15,641526.0556,4409.477674,3054.839701
2019/5/12 1:18,650697.3056,4452.996293,3112.092683
2019/5/12 1:21,642685.7556,4443.006669,3184.538031
2019/5/12 1:24,634520.3278,4394.436696,3220.010819
2019/5/12 1:27,637056.4722,4438.873033,3261.733955
2019/5/12 1:30,641393.2556,4619.599992,3371.212133
2019/5/12 1:33,646644.9444,4688.987682,3388.373825
2019/5/12 1:36,649942.9056,4792.838703,3398.219022
2019/5/12 1:39,643800.4944,4591.58611,3271.439303
2019/5/12 1:42,640424.45,4512.741937,3224.847202
2019/5/12 1:45,641243.8611,4654.159367,3322.868278
2019/5/12 1:48,645748.0389,4667.784252,3343.925103
2019/5/12 1:51,646709.3056,4710.802035,3394.121592
2019/5/12 1:54,647960.05,4765.901622,3379.113039
2019/5/12 1:57,649490.3,4808.300254,3379.775121
2019/5/12 2:00,648685.4778,4730.054668,3369.277831
2019/5/12 2:03,639614.6556,4506.065528,3219.401806
2019/5/12 2:06,631063.1889,4570.089273,3225.481242
2019/5/12 2:09,632276.1778,4679.038196,3276.646355
2019/5/12 2:12,636874.7833,4766.037129,3335.999526
2019/5/12 2:15,637975.4722,4745.844226,3363.257018
2019/5/12 2:18,637108.55,4699.62931,3335.108659
2019/5/12 2:21,636887.5667,4625.562292,3294.175935
2019/5/12 2:24,634065.4222,4549.684573,3231.128025
2019/5/12 2:27,639287.1722,4586.162946,3257.563002
2019/5/12 2:30,645250.0722,4716.944639,3267.945162
2019/5/12 2:33,643389.1778,4575.598921,3192.608319
2019/5/12 2:36,634722.9944,4357.383874,3062.285441
2019/5/12 2:39,634482.9389,4286.023132,2992.61425
2019/5/12 2:42,620075.1111,4217.557374,2920.549365
2019/5/12 2:45,615106.2278,4207.370186,2817.635705
2019/5/12 2:48,607391.2222,4142.546822,2762.893297
2019/5/12 2:51,604560.5778,4126.824104,2716.40932
2019/5/12 2:54,617543.8778,4173.673664,2700.381066
2019/5/12 2:57,622343.4333,4166.58489,2674.465142
2019/5/12 3:00,615891.4667,3900.959239,2556.547883
2019/5/12 3:03,610018.9278,3906.209519,2545.04884
2019/5/12 3:06,614056.55,3948.239755,2567.752537
2019/5/12 3:09,615909.1111,4000.706637,2589.372886
2019/5/12 3:12,622863.7556,4121.914989,2618.541946
2019/5/12 3:15,627470.9056,3985.941599,2555.885648
2019/5/12 3:18,632135.3056,3982.821008,2562.040606
2019/5/12 3:21,655109.5778,4082.473669,2658.207951
2019/5/12 3:24,667905.8056,4367.449148,2788.100024
2019/5/12 3:27,656528.5944,4472.05507,2814.570313
2019/5/12 3:30,650058.5611,4208.802563,2759.551743
2019/5/12 3:33,648578.9111,4163.745953,2727.970285
2019/5/12 3:36,661711.5333,4170.507441,2704.755605
2019/5/12 3:39,670458.9389,4156.146177,2683.247272
2019/5/12 3:42,668545.5833,4213.811927,2694.817636
2019/5/12 3:45,676272.0333,4359.909743,2694.689415
2019/5/12 3:48,681110.9222,4303.560122,2665.858949
2019/5/12 3:51,684217.7722,4356.323383,2711.571671
2019/5/12 3:54,673070.4722,4305.252734,2724.259042
2019/5/12 3:57,661140.0222,4290.19368,2721.500281
2019/5/12 4:00,659710.3944,4154.046988,2713.156782
2019/5/12 4:03,656056.0556,4096.153747,2657.6118
2019/5/12 4:06,658751.7944,4090.095608,2618.600742
2019/5/12 4:09,660857.9111,4069.32817,2611.673125
2019/5/12 4:12,653703.6667,4059.633685,2604.982759
2019/5/12 4:15,662611.2278,4283.924677,2637.724143
2019/5/12 4:18,672510.8056,4402.698382,2689.267257
2019/5/12 4:21,677533.6833,4500.740365,2719.319854
2019/5/12 4:24,677401.6444,4513.999634,2720.328794
2019/5/12 4:27,679635.8778,4537.899843,2730.443181
2019/5/12 4:30,678954.8111,4434.186352,2690.91269
2019/5/12 4:33,679844.3222,4409.680824,2682.796092
2019/5/12 4:36,688813.35,4456.020206,2707.167052
2019/5/12 4:39,693237.2111,4436.355756,2696.201846
2019/5/12 4:42,693458.6389,4409.783807,2675.587138
2019/5/12 4:45,658859.6056,4172.657655,2721.417369
2019/5/12 4:48,655625.1833,4148.025337,2793.104182
2019/5/12 4:51,658580.4056,4186.486871,2890.344798
2019/5/12 4:54,656815.1111,4185.437858,2900.632224
2019/5/12 4:57,648732.6889,4241.095387,2936.070025
2019/5/12 5:00,639187.85,4221.443803,2934.051917
2019/5/12 5:03,628548.8444,4150.438717,2889.117212
2019/5/12 5:06,626831.9556,4120.891719,2882.974517
2019/5/12 5:09,627124.2611,4001.400249,2879.495228
2019/5/12 5:12,628601.0778,3948.108627,2875.373614
2019/5/12 5:15,633472.5556,4069.29228,2847.345058
2019/5/12 5:18,643025.3222,4105.063022,2810.827067
2019/5/12 5:21,654905.5056,4162.041445,2779.084976
2019/5/12 5:24,675058.5833,4349.634946,2769.676229
2019/5/12 5:27,684301.5667,4486.316802,2758.495971
2019/5/12 5:30,696932.7722,4497.721819,2771.228346
2019/5/12 5:33,697594.0222,4463.807728,2772.290113
2019/5/12 5:36,677686.9444,4457.813876,2738.343843
2019/5/12 5:39,687205.5389,4437.235571,2721.734078
2019/5/12 5:42,678644.2889,4435.576351,2706.975912
2019/5/12 5:45,677588.0556,4535.618644,2696.842415
2019/5/12 5:48,684247.3444,4614.204233,2697.389685
2019/5/12 5:51,696904.25,4617.63531,2710.239076
2019/5/12 5:54,696251.9111,4461.834007,2713.331642
2019/5/12 5:57,697478.05,4385.348147,2736.743114
2019/5/12 6:00,677078.9111,4219.796173,2678.304428
2019/5/12 6:03,660138.4056,4287.637161,2663.578991
2019/5/12 6:06,662472.9222,4376.415303,2670.010362
2019/5/12 6:09,684867.0944,4548.120344,2750.865098
2019/5/12 6:12,700624.4278,4691.052721,2793.916846
2019/5/12 6:15,704066.4444,4481.830158,2768.293102
2019/5/12 6:18,705651.8722,4277.109561,2759.21309
2019/5/12 6:21,687807.8833,3968.316223,2710.315791
2019/5/12 6:24,643897.8611,3906.355434,2640.950417
2019/5/12 6:27,645442.3833,3958.942659,2651.779535
2019/5/12 6:30,643476.2,4179.217862,2673.829464
2019/5/12 6:33,647126.7778,4223.16967,2696.646763
2019/5/12 6:36,636509.2667,4257.419232,2718.58432
2019/5/12 6:39,631836.1333,4488.644853,2739.12596
2019/5/12 6:42,628207.8778,4606.633392,2732.68194
2019/5/12 6:45,622962.9333,4625.9905,2723.007953
2019/5/12 6:48,637234.7722,4701.036068,2766.633839
2019/5/12 6:51,647853.7611,4747.074723,2802.641387
2019/5/12 6:54,658300.7778,4764.772284,2809.00797
2019/5/12 6:57,676803.7556,4847.072717,2839.014999
2019/5/12 7:00,680055.5667,4779.262202,2842.504399
2019/5/12 7:03,679468.3556,4771.183718,2842.070934
2019/5/12 7:06,684732.0056,4867.588444,2838.306735
2019/5/12 7:09,676910.3778,4887.644984,2825.5192
2019/5/12 7:12,621435.2167,4447.451858,2728.04202
2019/5/12 7:15,612763.4944,4548.893492,2773.396831
2019/5/12 7:18,618442.2722,4556.643066,2773.821932
2019/5/12 7:21,629304.3778,4629.086448,2820.353714
2019/5/12 7:24,632158.6444,4635.977146,2827.17829
2019/5/12 7:27,615744.6444,4587.774712,2811.465279
2019/5/12 7:30,617523.5778,4754.168834,2887.223467
2019/5/12 7:33,622034.6056,4768.478037,2888.394806
2019/5/12 7:36,623700.5722,4791.294725,2909.981307
2019/5/12 7:39,622694.3389,4780.424108,2924.24423
2019/5/12 7:42,621911.05,4767.457485,2925.935498
2019/5/12 7:45,623126.1444,4756.110904,2941.464992
2019/5/12 7:48,623687.1278,4747.828157,2935.689338
2019/5/12 7:51,617430.9611,4759.428178,2938.130894
2019/5/12 7:54,615107.7389,4718.302379,2936.763838
2019/5/12 7:57,615666.3722,4692.375402,2934.47801
2019/5/12 8:00,616105.5778,4763.760829,2944.15857
2019/5/12 8:03,616602.7944,4779.349745,2945.884846
2019/5/12 8:06,614992.4611,4795.086482,2953.269658
2019/5/12 8:09,613466.1889,4750.701512,2952.762473
2019/5/12 8:12,614709.8556,4733.515131,2952.3554
2019/5/12 8:15,615340.5556,4702.925645,2955.037118
2019/5/12 8:18,616329.8556,4699.623255,2951.327467
2019/5/12 8:21,617175.6778,4711.208747,2956.460239
2019/5/12 8:24,617844.15,4686.630419,2957.106518
2019/5/12 8:27,618851.2778,4671.138702,2947.144544
2019/5/12 8:30,618855.2,4658.712098,2907.350535
2019/5/12 8:33,620455.8667,4666.601319,2911.416095
2019/5/12 8:36,621223.5444,4695.747941,2920.309175
2019/5/12 8:39,622422.9722,4682.38954,2926.524889
2019/5/12 8:42,624265.5611,4671.336016,2926.537161
2019/5/12 8:45,625791.3278,4660.787808,2935.873859
2019/5/12 8:48,625682.2611,4683.860522,2932.540813
2019/5/12 8:51,625987.1889,4712.676969,2937.847292
2019/5/12 8:54,626054.5667,4804.096431,2957.725103
2019/5/12 8:57,626740.5778,4834.553409,2962.905458
2019/5/12 9:00,623299.7278,4995.941241,3024.274035
2019/5/12 9:03,619169.3944,4958.958612,3011.557367
2019/5/12 9:06,617202.0056,4959.026431,3020.509803
2019/5/12 9:09,615681.2667,5021.341125,3043.718235
2019/5/12 9:12,612589.7889,5023.204474,3042.54221
2019/5/12 9:15,612540.6833,4972.08179,3060.368542
2019/5/12 9:18,612876.7278,4952.086348,3052.697793
2019/5/12 9:21,612631.65,4931.649701,3057.88113
2019/5/12 9:24,612617.4278,4946.522916,3063.194099
2019/5/12 9:27,612516.85,4944.573365,3061.01235
2019/5/12 9:30,613111.5222,4949.502886,3067.578917
2019/5/12 9:33,606852.6556,4935.60933,3057.360004
2019/5/12 9:36,604829.2667,4954.645845,3047.017989
2019/5/12 9:39,604761.5722,4965.544502,3060.224015
2019/5/12 9:42,604530.2278,4957.560741,3056.393392
2019/5/12 9:45,604838.4,4961.597459,3072.280713
2019/5/12 9:48,607771.0167,4954.56309,3067.704016
2019/5/12 9:51,607493.3611,4959.187101,3072.941276
2019/5/12 9:54,606629.8556,4930.837164,3073.79057
2019/5/12 9:57,607653.3222,4911.271321,3068.057831
2019/5/12 10:00,607584.8056,4916.916041,3068.907497
2019/5/12 10:03,606764.6278,4884.106074,3056.684027
2019/5/12 10:06,607487.7444,4852.387703,3051.828112
2019/5/12 10:09,607394.7278,4857.66102,3051.583692
2019/5/12 10:12,606999.7278,4848.184804,3045.054911
2019/5/12 10:15,607061.4056,4932.30689,3067.493929
2019/5/12 10:18,608387.4667,4916.650795,3065.058192
2019/5/12 10:21,608452.2444,4911.121121,3075.881612
2019/5/12 10:24,608270.8389,4888.439603,3072.326651
2019/5/12 10:27,608389.4778,4870.051868,3068.156217
2019/5/12 10:30,607445.1444,4917.776578,3083.785883
2019/5/12 10:33,607719.3111,4927.954097,3081.244233
2019/5/12 10:36,606715.2444,4948.738826,3079.616381
2019/5/12 10:39,605967.3611,4952.196855,3073.783034
2019/5/12 10:42,606231.4111,4931.20468,3059.804592
2019/5/12 10:45,607826.7667,4876.82347,3052.43368
2019/5/12 10:48,609181.45,4855.307196,3043.155339
2019/5/12 10:51,608147.7611,4840.550875,3041.559876
2019/5/12 10:54,605212.6889,4843.065576,3041.846581
2019/5/12 10:57,602390.8,4837.991734,3037.777759
2019/5/12 11:00,601793.4444,4902.505031,3059.603151
2019/5/12 11:03,602139.1611,4904.797506,3057.062564
2019/5/12 11:06,602045.8222,4944.104782,3070.87646
2019/5/12 11:09,601470.5222,4929.483566,3077.536165
2019/5/12 11:12,600178.6667,4910.283672,3074.549195
2019/5/12 11:15,600307.7,4818.862668,3077.65794
2019/5/12 11:18,600698.2333,4791.751945,3068.616876
2019/5/12 11:21,601493.9,4770.889155,3065.16928
2019/5/12 11:24,600895.6,4771.455308,3055.017557
2019/5/12 11:27,600359.4278,4757.311722,3044.20897
2019/5/12 11:30,601828.1889,4697.544423,3047.542685
2019/5/12 11:33,603772.7389,4693.503295,3042.039978
2019/5/12 11:36,604102.2,4705.838103,3041.812838
2019/5/12 11:39,604532.1333,4769.604893,3043.82886
2019/5/12 11:42,603823.6944,4786.444079,3034.744286
2019/5/12 11:45,602861.9389,4906.55867,3048.75931
2019/5/12 11:48,602852.7944,4870.903881,3043.870136
2019/5/12 11:51,602844.4778,4842.141601,3051.11322
2019/5/12 11:54,600889.2333,4784.65681,3044.958318
2019/5/12 11:57,601306.1167,4752.69223,3038.881936
2019/5/12 12:00,601303.3167,4797.261023,3062.362314
2019/5/12 12:03,601483.2167,4788.303803,3056.140817
2019/5/12 12:06,601050.1,4782.320897,3055.588258
2019/5/12 12:09,599709.1611,4714.711782,3041.809672
2019/5/12 12:12,599747.7833,4685.960654,3036.962189
2019/5/12 12:15,601450.5056,4634.458243,3054.577942
2019/5/12 12:18,603523.7056,4568.055408,3047.372848
2019/5/12 12:21,603517.15,4464.152105,3047.834926
2019/5/12 12:24,603070.8278,4477.401447,3048.772711
2019/5/12 12:27,602784.9222,4474.980419,3043.851614
2019/5/12 12:30,602374.4222,4470.885133,3053.955528
2019/5/12 12:33,599815.0667,4456.596763,3042.462876
2019/5/12 12:36,597851.9667,4440.088449,3024.765355
2019/5/12 12:39,596962.2556,4395.734914,3024.341346
2019/5/12 12:42,596406.5778,4352.94815,3015.162863
2019/5/12 12:45,597683.4167,4344.750532,3032.053962
2019/5/12 12:48,598195.2667,4282.017542,3021.903044
2019/5/12 12:51,597973.7444,4201.726478,3017.09449
2019/5/12 12:54,597745.25,4225.01092,3005.768477
2019/5/12 12:57,599253.85,4228.480404,2993.848434
2019/5/12 13:00,600393.4944,4323.925669,3012.55922
2019/5/12 13:03,602779.7944,4342.100822,3017.954551
2019/5/12 13:06,603965.1,4396.811205,3036.559487
2019/5/12 13:09,604310.3889,4408.037513,3038.415909
2019/5/12 13:12,604243.6778,4417.277358,3036.638495
2019/5/12 13:15,604720.7556,4537.638219,3059.176304
2019/5/12 13:18,604444.35,4494.032768,3046.685213
2019/5/12 13:21,604872.9278,4442.962045,3049.091187
2019/5/12 13:24,604875.15,4479.536351,3052.626296
2019/5/12 13:27,604888.4056,4484.597058,3047.294768
2019/5/12 13:30,605740.3611,4480.006481,3062.52673
2019/5/12 13:33,605929.1556,4452.337162,3057.703823
2019/5/12 13:36,605873.7611,4401.86237,3050.78332
2019/5/12 13:39,606522.3111,4449.399772,3052.850891
2019/5/12 13:42,607399.6,4466.839959,3047.826442
2019/5/12 13:45,606936.2444,4521.050069,3080.095983
2019/5/12 13:48,605162.9556,4489.403994,3072.17843
2019/5/12 13:51,603278.9722,4479.484777,3079.928166
2019/5/12 13:54,601563.7778,4405.487762,3064.239176
2019/5/12 13:57,600330.5556,4352.481,3049.295596
2019/5/12 14:00,598016.5889,4314.200113,3046.800018
2019/5/12 14:03,587572.3556,4342.443891,2928.976912
2019/5/12 14:06,590920.1833,4368.083839,2930.360428
2019/5/12 14:09,593167.5389,4401.882892,2933.300062
2019/5/12 14:12,593840.1611,4424.57007,2934.066054
2019/5/12 14:15,593164.3833,4443.981129,2937.593903
2019/5/12 14:18,594064.7611,4458.190481,2948.313534
2019/5/12 14:21,598648.3,4513.055498,2994.498939
2019/5/12 14:24,603749.1778,4591.708192,3071.393605
2019/5/12 14:27,605520.7,4643.815249,3120.870988
2019/5/12 14:30,605092.4278,4695.204443,3134.543152
2019/5/12 14:33,604917.9944,4622.471376,3108.033256
2019/5/12 14:36,607539.9333,4552.68954,3116.673515
2019/5/12 14:39,605076.8889,4468.238284,3066.13152
2019/5/12 14:42,601538.3833,4360.344487,2993.740975
2019/5/12 14:45,600914.2278,4550.313143,3042.355589
2019/5/12 14:48,603840.0056,4553.640146,3048.734777
2019/5/12 14:51,602120.4167,4523.640002,3026.572391
2019/5/12 14:54,601202.2056,4428.249904,3005.363755
2019/5/12 14:57,601122.8,4402.663775,3003.441034
2019/5/12 15:00,604751.4944,4436.948392,3033.673043
2019/5/12 15:03,600403.7444,4420.306495,3010.034798
2019/5/12 15:06,595110.5056,4423.938023,2987.138955
2019/5/12 15:09,595105.7278,4358.866081,2949.411953
2019/5/12 15:12,596638.7889,4373.683333,2957.741682
2019/5/12 15:15,599041.1056,4395.183807,2988.70816
2019/5/12 15:18,601241.2278,4329.564101,2988.227981
2019/5/12 15:21,602719.1111,4214.386039,2993.437336
2019/5/12 15:24,604084.7056,4291.912801,2964.660604
2019/5/12 15:27,599282.4444,4318.852542,2939.347542
2019/5/12 15:30,598278.8889,4497.270813,2975.707012
2019/5/12 15:33,598806.2056,4468.248326,2977.235872
2019/5/12 15:36,595057.8611,4391.27806,2968.858932
2019/5/12 15:39,592164.1889,4220.242044,2911.413102
2019/5/12 15:42,592945.7389,4162.175166,2894.504129
2019/5/12 15:45,598334.4444,4446.928588,2970.872114
2019/5/12 15:48,601191.1722,4437.412886,2967.14058
2019/5/12 15:51,597566.8056,4391.542856,2937.95014
2019/5/12 15:54,599938.3611,4449.558211,2988.406728
2019/5/12 15:57,594439.5278,4377.19255,2945.616127
2019/5/12 16:00,590827.1944,4358.650141,2912.575021
2019/5/12 16:03,592522.8444,4383.345961,2935.22295
2019/5/12 16:06,593560.3056,4408.97753,2956.521362
2019/5/12 16:09,592130.8444,4392.7828,2942.797155
2019/5/12 16:12,589240.3611,4387.132813,2936.181642
2019/5/12 16:15,591911.5889,4399.768759,2952.265947
2019/5/12 16:18,593675.2056,4393.483705,2943.817796
2019/5/12 16:21,594261.6833,4388.458757,2957.715018
2019/5/12 16:24,594155.8111,4405.619735,2963.643474
2019/5/12 16:27,594851.8222,4400.473372,2961.286721
2019/5/12 16:30,593480.7278,4357.191838,2936.724769
2019/5/12 16:33,597724.1722,4316.919844,2933.383403
2019/5/12 16:36,599439.2722,4218.91133,2923.090323
2019/5/12 16:39,600888.7444,4337.003527,2943.14887
2019/5/12 16:42,601860.1889,4405.965598,2965.941742
2019/5/12 16:45,596757.2889,4506.109685,2946.439499
2019/5/12 16:48,593035.6611,4454.259359,2926.555745
2019/5/12 16:51,591122.65,4458.257826,2953.910623
2019/5/12 16:54,594186.5611,4451.000253,2965.883371
2019/5/12 16:57,590967.8833,4380.095298,2936.711588
2019/5/12 17:00,590228.0167,4396.54326,2972.173869
2019/5/12 17:03,590084.6667,4433.704075,2977.060268
2019/5/12 17:06,588831.8333,4529.661687,2997.441536
2019/5/12 17:09,589871.4278,4562.552397,3018.270137
2019/5/12 17:12,592706.4889,4590.864019,3037.857845
2019/5/12 17:15,589945.4611,4370.54008,2991.484051
2019/5/12 17:18,589677.9111,4277.282156,2973.917982
2019/5/12 17:21,594956.7889,4150.414844,2980.104613
2019/5/12 17:24,602718.4611,3854.924137,2924.304645
2019/5/12 17:27,605562.3667,3736.824751,2911.281468
2019/5/12 17:30,604163.3111,3553.778844,2859.60436
2019/5/12 17:33,604800.7833,3498.782949,2845.127815
2019/5/12 17:36,615021.6778,3543.829625,2894.522756
2019/5/12 17:39,620040.5889,3499.059317,2863.43965
2019/5/12 17:42,616025.8056,3450.698739,2815.215834
2019/5/12 17:45,616752.0167,3397.768915,2814.710866
2019/5/12 17:48,625807.7556,3455.516822,2818.978152
2019/5/12 17:51,624295.5444,3515.767143,2814.194278
2019/5/12 17:54,619727.0167,3458.969933,2754.997121
2019/5/12 17:57,617384.4333,3463.836903,2737.043456
2019/5/12 18:00,612031.7167,3520.247774,2719.815267
2019/5/12 18:03,615971.5611,3547.963401,2731.353123
2019/5/12 18:06,626290.9056,3627.137015,2815.097682
2019/5/12 18:09,628329.8278,3667.763794,2866.880095
2019/5/12 18:12,628537.6444,3694.029759,2856.323412
2019/5/12 18:15,637495.5889,3581.592811,2807.324713
2019/5/12 18:18,645311.9333,3566.065952,2811.680436
2019/5/12 18:21,644876.9389,3558.330396,2801.694702
2019/5/12 18:24,637899.9111,3631.197913,2773.905617
2019/5/12 18:27,644984.1889,3740.974264,2780.057629
2019/5/12 18:30,655154.6167,3935.632235,2866.575636
2019/5/12 18:33,658782.4778,3857.850879,2871.114986
2019/5/12 18:36,659034.3944,3803.031107,2835.715482
2019/5/12 18:39,656992.0167,3847.956083,2758.187158
2019/5/12 18:42,595630.0333,3747.925964,2434.452169
2019/5/12 18:45,592907.2444,3819.102748,2487.166273
2019/5/12 18:48,581939.8111,3823.759778,2491.247043
2019/5/12 18:51,585072.5111,3779.537419,2487.677232
2019/5/12 18:54,583346.7167,3832.504914,2489.451945
2019/5/12 18:57,610542.7944,4029.508709,2567.899283
2019/5/12 19:00,635758.8111,4068.919825,2628.255624
2019/5/12 19:03,646498.3167,4242.923639,2620.80914
2019/5/12 19:06,667433.0333,4528.558216,2613.321233
2019/5/12 19:09,686268.0167,4631.61496,2639.623909
2019/5/12 19:12,710626.5889,4721.35379,2676.694693
2019/5/12 19:15,716641.8111,4745.548207,2701.953288
2019/5/12 19:18,726961.3333,4813.868309,2704.334902
2019/5/12 19:21,736978.2167,4905.606236,2697.048938
2019/5/12 19:24,730942.5056,4811.107808,2690.195101
2019/5/12 19:27,723880.45,4810.666159,2676.865236
2019/5/12 19:30,711227.7,4830.573543,2654.262465
2019/5/12 19:33,701754.5167,4827.54177,2654.355693
2019/5/12 19:36,683967.8111,4537.818507,2642.848554
2019/5/12 19:39,684695.3444,4282.212703,2655.435696
2019/5/12 19:42,655535.6167,4131.413444,2620.22879
2019/5/12 19:45,608491.1722,3924.716657,2555.666361
2019/5/12 19:48,603336.9333,3958.329317,2585.116992
2019/5/12 19:51,621752.2778,4127.27961,2679.163006
2019/5/12 19:54,631473.0722,4216.864659,2635.658407
2019/5/12 19:57,631117.0222,4289.871397,2580.320934
2019/5/12 20:00,633618.0222,4361.765355,2590.485288
2019/5/12 20:03,635332.3,4303.415829,2585.621903
2019/5/12 20:06,645371.2667,4241.45902,2618.243485
2019/5/12 20:09,662521.7111,4223.352207,2622.459725
2019/5/12 20:12,648912.5,4124.999582,2573.687089
2019/5/12 20:15,647507.6389,4261.063303,2570.702962
2019/5/12 20:18,665664.9667,4345.179966,2627.578441
2019/5/12 20:21,661751.7167,4350.264319,2629.329416
2019/5/12 20:24,667054.6056,4354.498177,2692.465468
2019/5/12 20:27,664657.3167,4355.002341,2713.897453
2019/5/12 20:30,649917.3167,4283.68518,2650.726912
2019/5/12 20:33,643972.2889,4251.758321,2630.282524
2019/5/12 20:36,639475.7167,4219.762438,2598.875621
2019/5/12 20:39,654306.9056,4213.9162,2603.766284
2019/5/12 20:42,676349.0278,4320.586992,2674.730737
2019/5/12 20:45,665142.8389,4530.179692,2705.930098
2019/5/12 20:48,648527.8167,4517.460583,2681.833122
2019/5/12 20:51,647558.1222,4452.173086,2640.20746
2019/5/12 20:54,652283.9556,4344.689266,2644.166364
2019/5/12 20:57,647917.0667,4321.718898,2646.201791
2019/5/12 21:00,641455.3444,4383.79778,2668.367881
2019/5/12 21:03,633192.1722,4463.642024,2702.564844
2019/5/12 21:06,646265.5722,4684.670423,2853.376252
2019/5/12 21:09,666705.1722,5064.912546,3040.011556
2019/5/12 21:12,681605.4222,5281.873279,3142.44186
2019/5/12 21:15,693136.1389,5179.009947,3053.888941
2019/5/12 21:18,682097.9667,5076.045102,2987.575546
2019/5/12 21:21,676543.0222,5187.883777,3026.731332
2019/5/12 21:24,678715.8444,5270.962234,3051.686838
2019/5/12 21:27,678544.8222,5281.072089,3043.128455
2019/5/12 21:30,680810.3722,5032.454573,2905.555963
2019/5/12 21:33,677559.3667,4998.967148,2884.916035
2019/5/12 21:36,649176.8111,4800.554674,2843.558103
2019/5/12 21:39,665504.8,4884.184478,2879.805552
2019/5/12 21:42,681525.7056,4912.813847,2895.237236
2019/5/12 21:45,663674.45,4900.216253,2853.295551
2019/5/12 21:48,634465.5222,4811.510115,2817.944512
2019/5/12 21:51,622117.7611,4826.006409,2862.602146
2019/5/12 21:54,614599.6167,4877.623764,2875.565022
2019/5/12 21:57,624809.9111,4976.387183,2922.098541
2019/5/12 22:00,631754.6722,5022.763714,2941.230208
2019/5/12 22:03,627772.1722,4919.814532,2880.401822
2019/5/12 22:06,625428.4278,4812.817759,2828.552843
2019/5/12 22:09,634549.3722,4810.315061,2853.297735
2019/5/12 22:12,634722.3667,4753.699072,2838.864934
2019/5/12 22:15,640776.5,4775.829224,2781.826485
2019/5/12 22:18,660763.9611,4793.112277,2773.417791
2019/5/12 22:21,667199.5056,4725.377369,2756.821703
2019/5/12 22:24,668973.4778,4720.453731,2772.0612
2019/5/12 22:27,649687.9889,4692.932229,2764.355447
2019/5/12 22:30,629989.3778,4622.018463,2746.092049
2019/5/12 22:33,631503.1222,4600.162083,2745.373576
2019/5/12 22:36,647112.9444,4692.12325,2857.269696
2019/5/12 22:39,656868.0722,4946.552028,3002.885403
2019/5/12 22:42,651024.5556,5075.346021,3086.20406
2019/5/12 22:45,650508.5889,5273.56387,3184.461142
2019/5/12 22:48,656939.5722,5080.198206,3096.611101
2019/5/12 22:51,660636.2778,4797.60881,2964.618897
2019/5/12 22:54,665608.3611,4642.643109,2904.745181
2019/5/12 22:57,659963.6611,4667.902113,2900.838218
2019/5/12 23:00,654993.5333,4727.250496,2912.496715
2019/5/12 23:03,654124.2944,4688.167119,2918.497058
2019/5/12 23:06,657245.8556,4674.961598,2948.450591
2019/5/12 23:09,661401.4111,4469.628642,2881.304511
2019/5/12 23:12,661126.6111,4335.348364,2804.242056
2019/5/12 23:15,649802.4333,4184.27648,2689.052087
2019/5/12 23:18,649595.0389,4194.182097,2698.30149
2019/5/12 23:21,657639.3889,4290.307171,2790.379035
2019/5/12 23:24,644926.4889,4253.642629,2801.729583
2019/5/12 23:27,647946.6667,4275.320206,2821.316195
2019/5/12 23:30,648061.8722,4454.172353,2766.442807
2019/5/12 23:33,658819.9889,4442.011401,2789.934778
2019/5/12 23:36,651287.5222,4469.038677,2801.523995
2019/5/12 23:39,639017.95,4117.3549,2656.002624
2019/5/12 23:42,635499.0611,4000.432151,2614.938701
2019/5/12 23:45,644826.6889,4045.174028,2681.833203
2019/5/12 23:48,660947.5722,4243.434735,2799.705506
2019/5/12 23:51,662850.3,4588.798744,2966.338988
2019/5/12 23:54,646407.1833,4688.364859,2962.764839
2019/5/12 23:57,648180.0389,4815.337369,2999.674875
2019/5/13 0:00,653443.6222,4462.486895,2929.130069
2019/5/13 0:03,665390.0833,4489.399277,2966.749289
2019/5/13 0:06,676488.8333,4618.602065,3055.135835
2019/5/13 0:09,660251.4,4649.852782,2960.420746
2019/5/13 0:12,658429.3444,4702.098034,2942.261445
2019/5/13 0:15,662335.2167,4707.472539,2978.92608
2019/5/13 0:18,664566.6778,4625.159417,2946.518338
2019/5/13 0:21,655772.25,4494.365368,2879.172642
2019/5/13 0:24,663749.8056,4526.567429,2882.086026
2019/5/13 0:27,660100.3833,4523.030584,2870.172403
2019/5/13 0:30,649316.3833,4411.565479,2774.697759
2019/5/13 0:33,648343.6222,4381.061653,2763.16333
2019/5/13 0:36,658163.3333,4416.821778,2806.523549
2019/5/13 0:39,662943.3667,4386.271297,2799.115443
2019/5/13 0:42,662034.4833,4386.692384,2807.404713
2019/5/13 0:45,655448.6944,4106.057476,2695.226484
2019/5/13 0:48,650124.8889,4028.956263,2620.587643
2019/5/13 0:51,637505.8778,3926.522835,2527.792498
2019/5/13 0:54,620593.3778,3903.003836,2492.201849
2019/5/13 0:57,612355.6778,3958.301154,2502.747489
2019/5/13 1:00,601234.8278,3756.180857,2438.463838
2019/5/13 1:03,589467.6111,3685.720812,2409.803025
2019/5/13 1:06,588580.3889,3653.605832,2418.935056
2019/5/13 1:09,598993.9056,3769.343828,2470.160044
2019/5/13 1:12,606575.4389,3880.406584,2517.842617
2019/5/13 1:15,602368.9611,3888.156043,2498.076466
2019/5/13 1:18,593957.3167,3864.212968,2479.818459
2019/5/13 1:21,598435.1333,4040.765149,2580.696197
2019/5/13 1:24,608324.7722,4179.783034,2750.985843
2019/5/13 1:27,613406.5667,4271.004791,2870.144296
2019/5/13 1:30,628068.6889,4537.862216,3057.260095
2019/5/13 1:33,635537.9,4569.947854,3135.632961
2019/5/13 1:36,633258.5889,4676.701743,3287.225728
2019/5/13 1:39,635822.9333,4757.862558,3361.185786
2019/5/13 1:42,638005.8222,4819.65772,3407.152495
2019/5/13 1:45,636473.5444,5049.777122,3483.076356
2019/5/13 1:48,639554.35,5053.491835,3514.01396
2019/5/13 1:51,640705.3222,5010.942824,3537.757086
2019/5/13 1:54,640922.3556,4969.211355,3485.328763
2019/5/13 1:57,645890.7833,5026.652669,3491.118416
2019/5/13 2:00,646081.8278,5109.088756,3522.964043
2019/5/13 2:03,651396.6611,5086.852769,3517.580702
2019/5/13 2:06,653433.0056,5027.866821,3521.876525
2019/5/13 2:09,649093.75,4943.561039,3454.061763
2019/5/13 2:12,654908.6389,4925.585272,3437.861618
2019/5/13 2:15,655502.6111,4825.601178,3372.614339
2019/5/13 2:18,643966.15,4550.624426,3149.376272
2019/5/13 2:21,633289.0944,4538.618052,3112.950435
2019/5/13 2:24,630473.3944,4383.151263,3013.928358
2019/5/13 2:27,631619.5167,4398.53836,2979.206182
2019/5/13 2:30,624266.9444,4438.292461,2892.299333
2019/5/13 2:33,621419.5444,4394.665496,2840.067291
2019/5/13 2:36,619094.1556,4318.564475,2772.842925
2019/5/13 2:39,623412.6556,4248.360237,2714.957609
2019/5/13 2:42,620836.2278,4223.249468,2696.264735
2019/5/13 2:45,617991.9111,4286.220346,2642.657349
2019/5/13 2:48,614075.9333,4258.812695,2598.424385
2019/5/13 2:51,623989.2167,4273.392848,2577.59544
2019/5/13 2:54,631992.2667,4254.32871,2560.823024
2019/5/13 2:57,643685.6222,4342.031547,2589.630253
2019/5/13 3:00,660903.9667,4326.452963,2588.169614
2019/5/13 3:03,649308.6889,4263.010052,2557.021889
2019/5/13 3:06,650549.6667,4221.56694,2549.99042
2019/5/13 3:09,646407.1167,4141.014327,2542.243956
2019/5/13 3:12,643604.0833,4144.492552,2545.055292
2019/5/13 3:15,645583.7278,4148.534519,2578.481762
2019/5/13 3:18,641396.35,4120.1692,2550.678698
2019/5/13 3:21,642433.0944,4121.515301,2526.831692
2019/5/13 3:24,641065.0389,4161.372417,2523.138121
2019/5/13 3:27,632442.7333,4173.136559,2513.958134
2019/5/13 3:30,633248.8667,4010.649584,2495.574146
2019/5/13 3:33,631181.9389,4002.028387,2490.813176
2019/5/13 3:36,628211.2222,3994.344726,2495.333789
2019/5/13 3:39,634410.9444,4047.767697,2525.561921
2019/5/13 3:42,628907.7389,4047.467868,2523.014094
2019/5/13 3:45,626211.5778,4095.731711,2517.568482
2019/5/13 3:48,639540.3111,4112.334149,2550.65994
2019/5/13 3:51,650239.5944,4121.387829,2606.941328
2019/5/13 3:54,645372.6722,4185.933232,2584.91448
2019/5/13 3:57,629570.0889,4205.774541,2561.920891
2019/5/13 4:00,631647.7056,4232.530184,2585.602257
2019/5/13 4:03,631854.45,4213.484933,2577.364821
2019/5/13 4:06,641167.0444,4198.034727,2582.441873
2019/5/13 4:09,650586.3278,4186.024161,2591.289292
2019/5/13 4:12,645605.9222,4172.092154,2588.662615
2019/5/13 4:15,637276.6222,4076.022795,2536.408179
2019/5/13 4:18,640196.1556,4092.384402,2536.916127
2019/5/13 4:21,637334.8056,4076.687404,2528.197711
2019/5/13 4:24,640132.3333,4100.364534,2536.345947
2019/5/13 4:27,648515.4667,4180.291949,2574.243966
2019/5/13 4:30,652512.9611,4197.523601,2598.420919
2019/5/13 4:33,659337.1722,4170.600899,2590.206796
2019/5/13 4:36,654804.0444,4127.48927,2588.280956
2019/5/13 4:39,649784.4222,4165.81904,2580.35892
2019/5/13 4:42,652831.2056,4201.544374,2580.810304
2019/5/13 4:45,661504.35,4366.946816,2652.847142
2019/5/13 4:48,662679.7278,4391.094578,2699.375444
2019/5/13 4:51,669692.1722,4520.279874,2812.708891
2019/5/13 4:54,675555.8333,4551.891804,2848.075309
2019/5/13 4:57,670955.1389,4545.08317,2856.871402
2019/5/13 5:00,666335.0444,4592.908629,2873.624999
2019/5/13 5:03,669248.1444,4622.157976,2892.973899
2019/5/13 5:06,668798.1889,4677.48074,2912.616623
2019/5/13 5:09,660080.3667,4559.09338,2893.484832
2019/5/13 5:12,653392.7833,4494.13804,2877.925316
2019/5/13 5:15,647910.1389,4516.288468,2850.641617
2019/5/13 5:18,647866.3389,4512.588856,2847.621076
2019/5/13 5:21,653695.1667,4533.574591,2873.948653
2019/5/13 5:24,641326.7833,4429.345931,2821.180204
2019/5/13 5:27,630144.0222,4370.677036,2784.054608
2019/5/13 5:30,627209.1778,4372.893953,2772.321145
2019/5/13 5:33,626229.4333,4364.612591,2754.126065
2019/5/13 5:36,634199.5222,4383.461495,2748.502137
2019/5/13 5:39,655507.9111,4324.328386,2763.807501
2019/5/13 5:42,645323.1556,4242.963909,2722.084573
2019/5/13 5:45,639712.1889,4198.903658,2678.334568
2019/5/13 5:48,644380.0611,4184.410627,2670.965531
2019/5/13 5:51,641689.8222,4160.988877,2681.331494
2019/5/13 5:54,651312.3222,4199.180889,2719.73698
2019/5/13 5:57,658542.2056,4254.870504,2757.876114
2019/5/13 6:00,656579.9167,4266.505875,2743.989889
2019/5/13 6:03,659214.3778,4256.127426,2723.86334
2019/5/13 6:06,663177.4611,4274.114105,2721.571307
2019/5/13 6:09,663820,4292.269064,2725.86665
2019/5/13 6:12,664631.9778,4326.956123,2734.403787
2019/5/13 6:15,665139.9444,4444.553251,2745.176629
2019/5/13 6:18,678151.7722,4563.580282,2780.819948
2019/5/13 6:21,679357.7056,4550.494385,2778.151481
2019/5/13 6:24,676179.6167,4510.528626,2762.203464
2019/5/13 6:27,673747.8,4513.289574,2749.520841
2019/5/13 6:30,676631.05,4708.631833,2746.238982
2019/5/13 6:33,673092.8944,4662.379892,2756.580245
2019/5/13 6:36,663672.9389,4569.627911,2774.557507
2019/5/13 6:39,676519.4278,4814.123166,2824.770228
2019/5/13 6:42,686329.3722,4943.209087,2842.021346
2019/5/13 6:45,697163.3556,5137.127556,2862.821009
2019/5/13 6:48,695837.0944,5145.166761,2864.54261
2019/5/13 6:51,696972.9333,5170.536831,2884.873779
2019/5/13 6:54,694263.4889,5175.252592,2904.833195
2019/5/13 6:57,689063.9667,5157.676704,2911.467984
2019/5/13 7:00,685038.9222,5184.034334,2923.54104
2019/5/13 7:03,676293.4444,5088.395321,2912.237471
2019/5/13 7:06,670090.4222,5043.39064,2901.620204
2019/5/13 7:09,670769.25,5076.725971,2894.923521
2019/5/13 7:12,643647.9556,4784.780534,2821.768858
2019/5/13 7:15,638872.4,4777.453901,2816.724035
2019/5/13 7:18,639889.9778,4767.914779,2784.308672
2019/5/13 7:21,643754.8833,4895.462725,2819.862633
2019/5/13 7:24,645914.0333,4976.575074,2845.523527
2019/5/13 7:27,632815.0833,4687.591215,2817.580898
2019/5/13 7:30,637596.2222,4971.871741,2968.16933
2019/5/13 7:33,639373.2,5000.888074,2987.516217
2019/5/13 7:36,642237.2556,5044.115988,3022.906368
2019/5/13 7:39,640517.2,5012.595471,3039.16722
2019/5/13 7:42,638928.0111,4984.049872,3039.04873
2019/5/13 7:45,638549.6611,4958.701252,3053.723699
2019/5/13 7:48,637835.3056,4923.578201,3046.769844
2019/5/13 7:51,627313.9611,4857.034241,3015.139474
2019/5/13 7:54,633379.45,4917.411452,3010.071961
2019/5/13 7:57,633125.9611,4936.093822,3013.155167
2019/5/13 8:00,630725.9889,5054.166288,3058.324627
2019/5/13 8:03,626605.8667,5003.855027,3044.571952
2019/5/13 8:06,624093.1278,4975.027906,3047.64028
2019/5/13 8:09,623206.8389,4941.050746,3054.10503
2019/5/13 8:12,624707.7444,4911.46507,3046.158208
2019/5/13 8:15,630909.4889,4774.580514,3046.984725
2019/5/13 8:18,632276.8722,4783.143131,3038.712026
2019/5/13 8:21,629194.05,4810.682484,3001.740731
2019/5/13 8:24,631599.1167,4865.981292,3005.917379
2019/5/13 8:27,630994.4833,4875.784023,3016.42039
2019/5/13 8:30,628268.2667,4765.507467,3028.111915
2019/5/13 8:33,627098.8278,4739.133314,3030.704216
2019/5/13 8:36,625650.9333,4664.776948,3030.708114
2019/5/13 8:39,623706.3611,4674.886002,3032.039408
2019/5/13 8:42,621877.1111,4658.122164,3023.731948
2019/5/13 8:45,621156.2333,4616.321231,3035.351583
2019/5/13 8:48,621900.0278,4576.783804,3027.746813
2019/5/13 8:51,624779.95,4547.870247,3029.714057
2019/5/13 8:54,625201.4167,4590.601999,3041.475825
2019/5/13 8:57,624699.4111,4598.687714,3040.289556
2019/5/13 9:00,625830.6,4545.648424,3067.54186
2019/5/13 9:03,626494.0222,4529.475511,3061.314417
2019/5/13 9:06,624317.7889,4513.5844,3054.373738
2019/5/13 9:09,621940.6333,4555.490914,3054.150625
2019/5/13 9:12,610621.0556,4561.326967,3013.321202
2019/5/13 9:15,606110.2444,4589.000812,3025.768582
2019/5/13 9:18,604795.1889,4526.656791,3018.679342
2019/5/13 9:21,609995.6,4500.101273,3040.765125
2019/5/13 9:24,611324.7944,4332.051551,3021.872204
2019/5/13 9:27,611595.6389,4256.469999,3011.109163
2019/5/13 9:30,616076.2722,4138.873148,3014.931969
2019/5/13 9:33,618275.1778,4037.035841,3000.759986
2019/5/13 9:36,619614.1167,3804.462179,2955.642865
2019/5/13 9:39,625564.5056,3800.652826,2916.648916
2019/5/13 9:42,630880.0778,3807.115584,2898.019185
2019/5/13 9:45,636150.7944,4396.59104,2971.43474
2019/5/13 9:48,635637.4556,4472.278718,2993.738529
2019/5/13 9:51,632529.6944,4632.13204,3043.963346
2019/5/13 9:54,628102.1667,4565.35926,3059.860942
2019/5/13 9:57,620996.1722,4499.931466,3048.22108
2019/5/13 10:00,618389.2611,4556.824919,3060.614788
2019/5/13 10:03,620339.6222,4568.532557,3055.371127
2019/5/13 10:06,620338.3222,4577.489489,3054.174021
2019/5/13 10:09,614077.9056,4494.401724,3019.776942
2019/5/13 10:12,607603.3778,4463.891712,2996.565652
2019/5/13 10:15,609070.1056,4552.001926,3023.199811
2019/5/13 10:18,609795.7056,4557.098785,3024.748269
2019/5/13 10:21,609529.95,4556.915142,3027.532169
2019/5/13 10:24,606863.7556,4428.443987,3020.984961
2019/5/13 10:27,603633.2222,4363.607048,3016.80204
2019/5/13 10:30,602571.3167,4569.369032,3034.946798
2019/5/13 10:33,603680.5167,4583.995783,3042.227578
2019/5/13 10:36,605011.8556,4586.36552,3045.458085
2019/5/13 10:39,606882.6444,4536.138977,3044.061061
2019/5/13 10:42,611285.3667,4500.296578,3039.316611
2019/5/13 10:45,613768.4444,4620.621774,3050.050117
2019/5/13 10:48,613306,4617.59682,3040.758854
2019/5/13 10:51,610334.2722,4651.560918,3049.122663
2019/5/13 10:54,610188.4889,4634.430991,3056.629645
2019/5/13 10:57,609175.4167,4607.783588,3053.827197
2019/5/13 11:00,608921.8056,4532.016164,3065.654226
2019/5/13 11:03,610053.8222,4521.1024,3059.997114
2019/5/13 11:06,608713.4,4500.478058,3059.465296
2019/5/13 11:09,608174.7667,4513.172746,3049.682818
2019/5/13 11:12,605723.1333,4516.735918,3044.316589
2019/5/13 11:15,606847.3944,4676.971672,3062.62129
2019/5/13 11:18,607114.9833,4674.210165,3062.446005
2019/5/13 11:21,606661.8722,4678.806378,3066.149785
2019/5/13 11:24,606176.5611,4575.666407,3054.773771
2019/5/13 11:27,606904.5222,4523.303743,3049.804556
2019/5/13 11:30,609289.4833,4481.257511,3038.231078
2019/5/13 11:33,609926.0667,4501.512619,3036.996545
2019/5/13 11:36,607254.8667,4529.920647,3030.48086
2019/5/13 11:39,605595.7833,4619.725193,3035.159603
2019/5/13 11:42,606424.4333,4651.244897,3033.294861
2019/5/13 11:45,603799.2167,4662.859427,3043.775433
2019/5/13 11:48,601697.9833,4600.351229,3020.92915
2019/5/13 11:51,603696.1,4575.401772,3025.846361
2019/5/13 11:54,606390.8111,4527.93458,3038.98938
2019/5/13 11:57,611669.8056,4496.799001,3042.424279
2019/5/13 12:00,616645.5722,4186.748318,3001.636975
2019/5/13 12:03,619890.2889,4121.459082,2994.752843
2019/5/13 12:06,619486.2,3980.576754,2979.789476
2019/5/13 12:09,623332.3722,4275.395177,3026.572684
2019/5/13 12:12,624158.4278,4432.437417,3051.259
2019/5/13 12:15,622303.3,4564.670418,3089.56225
2019/5/13 12:18,621987.2278,4488.456375,3078.515133
2019/5/13 12:21,618917.7556,4346.58665,3067.662089
2019/5/13 12:24,620946.2778,4437.231975,3057.409165
2019/5/13 12:27,621902.4667,4496.813704,3053.569265
2019/5/13 12:30,616759.2056,4623.375636,3074.44296
2019/5/13 12:33,614205.1444,4574.231809,3071.375283
2019/5/13 12:36,611445.6611,4453.239961,3054.625342
2019/5/13 12:39,612217.8667,4395.347164,3029.898594
2019/5/13 12:42,612105.9,4354.58471,3013.811237
2019/5/13 12:45,616516.9167,4404.198699,3037.947192
2019/5/13 12:48,617098.0667,4222.8217,3003.946009
2019/5/13 12:51,617519.5389,3928.433172,2966.164007
2019/5/13 12:54,612149.0833,3873.753337,2944.413626
2019/5/13 12:57,613538.2444,3878.551805,2937.262906
2019/5/13 13:00,616895.9,4449.896324,3026.916778
2019/5/13 13:03,618002.4222,4389.878455,3029.9419
2019/5/13 13:06,613512.2556,4184.504583,3016.744743
2019/5/13 13:09,613271.3444,4199.341721,3020.038311
2019/5/13 13:12,616845.1833,4225.221246,3029.381102
2019/5/13 13:15,615303.5889,4271.549437,3023.234535
2019/5/13 13:18,615522.1111,4171.687037,3011.521188
2019/5/13 13:21,614091.4389,3942.868814,2963.682004
2019/5/13 13:24,619691.8389,3953.031153,2943.690937
2019/5/13 13:27,625893.75,4005.407642,2941.832666
2019/5/13 13:30,628208.0889,4764.971337,3046.050768
2019/5/13 13:33,621383.4,4763.533907,3037.894007
2019/5/13 13:36,615211.0778,4682.946124,3033.393961
2019/5/13 13:39,612523.6722,4626.804187,3032.409753
2019/5/13 13:42,615672.6278,4607.277453,3033.478344
2019/5/13 13:45,613046.0056,4723.780966,3061.454947
2019/5/13 13:48,611978.4667,4685.608939,3051.511987
2019/5/13 13:51,609044.5889,4656.491895,3054.986399
2019/5/13 13:54,606950.25,4604.764294,3046.872961
2019/5/13 13:57,611707.15,4591.021984,3042.835672
2019/5/13 14:00,610685.6778,4656.477,3055.265299
2019/5/13 14:03,609972.0222,4615.345612,3044.276876
2019/5/13 14:06,609716.4778,4567.176804,3042.051877
2019/5/13 14:09,603346.7667,4484.271429,3030.147759
2019/5/13 14:12,604574.4111,4435.458399,3023.136938
2019/5/13 14:15,604947.4611,4344.419065,3034.173995
2019/5/13 14:18,607442.0944,4306.916425,3032.213465
2019/5/13 14:21,606038.8333,4240.958879,3034.264878
2019/5/13 14:24,604956.3167,4394.132991,3022.598852
2019/5/13 14:27,606864.0722,4479.182644,3021.398247
2019/5/13 14:30,608660.6222,4502.29399,3031.607985
2019/5/13 14:33,613948.3056,4469.11688,3028.082761
2019/5/13 14:36,616420.1944,4392.478188,3024.155629
2019/5/13 14:39,615813.2944,4267.427163,2997.559349
2019/5/13 14:42,617345.6056,4188.875359,2981.301759
2019/5/13 14:45,621567.4944,4040.597096,2955.216363
2019/5/13 14:48,621428.3444,4135.335197,2964.797071
2019/5/13 14:51,623342.6389,4343.263801,2991.745809
2019/5/13 14:54,623297.2444,4431.702911,3013.807649
2019/5/13 14:57,622287.8778,4459.397108,3017.200967
2019/5/13 15:00,618624.0222,4478.520773,3046.744694
2019/5/13 15:03,620209.1833,4414.739749,3032.208343
2019/5/13 15:06,620905.2278,4309.186866,3021.646042
2019/5/13 15:09,621296.1,3907.928054,2980.172229
2019/5/13 15:12,620852.3222,3700.558738,2956.313735
2019/5/13 15:15,624314.25,3628.987737,2917.88191
2019/5/13 15:18,629388.3111,3676.573636,2923.907977
2019/5/13 15:21,634060.4333,3793.555013,2943.368253
2019/5/13 15:24,636324.4611,4156.660369,2997.977552
2019/5/13 15:27,636785.5278,4341.362575,3019.857688
2019/5/13 15:30,635931.2611,4707.398952,3092.774519
2019/5/13 15:33,632587.6056,4717.682854,3094.136357
2019/5/13 15:36,624777.4833,4724.825551,3103.705911
2019/5/13 15:39,616754.2611,4588.592476,3063.276976
2019/5/13 15:42,613492.0778,4515.860421,3039.856813
2019/5/13 15:45,613080.8222,4530.542503,3029.370622
2019/5/13 15:48,611949.1667,4513.321849,3018.169021
2019/5/13 15:51,608970.4333,4519.353631,3011.146521
2019/5/13 15:54,611249.45,4415.833451,3005.883651
2019/5/13 15:57,614112.4278,4402.166398,3004.929371
2019/5/13 16:00,613953.1667,4405.713723,3001.785915
2019/5/13 16:03,614871.7611,4408.177906,3002.352316
2019/5/13 16:06,614002.4611,4394.528383,3010.7778
2019/5/13 16:09,609511.8833,4337.884865,3003.789155
2019/5/13 16:12,608060.7389,4329.21227,2999.574376
2019/5/13 16:15,608072.4333,4319.761083,3012.136885
2019/5/13 16:18,610853.3556,4337.068373,3012.974404
2019/5/13 16:21,612208.5,4383.210276,2997.015743
2019/5/13 16:24,612757.7833,4336.247983,2956.006976
2019/5/13 16:27,611838.2278,4333.841368,2963.032722
2019/5/13 16:30,613398.5056,4529.081626,2953.612546
2019/5/13 16:33,614307.8556,4621.409764,2959.668693
2019/5/13 16:36,614954.9833,4747.923797,2988.572677
2019/5/13 16:39,613430.3556,4810.544707,2998.342206
2019/5/13 16:42,609640.8722,4756.527861,2964.077507
2019/5/13 16:45,609406.2333,4839.969607,2970.944444
2019/5/13 16:48,607548.6889,4743.662427,2964.669133
2019/5/13 16:51,608655.7389,4656.653011,2980.032444
2019/5/13 16:54,610056.7222,4597.503462,2980.628449
2019/5/13 16:57,608958.6333,4551.174097,2977.677663
2019/5/13 17:00,609395.4556,4586.810314,2993.332336
2019/5/13 17:03,611551.5889,4603.854869,2998.849814
2019/5/13 17:06,612375,4602.305488,3010.75271
2019/5/13 17:09,611065.9722,4573.649248,3017.184539
2019/5/13 17:12,614382.2222,4564.38849,3020.416459
2019/5/13 17:15,612952.4722,4540.567158,3012.213653
2019/5/13 17:18,612716.4278,4518.110284,3001.263763
2019/5/13 17:21,614605.45,4466.449911,2986.276648
2019/5/13 17:24,615630.6667,4450.376436,2988.39081
2019/5/13 17:27,617765.75,4448.601486,2989.033133
2019/5/13 17:30,619496.8111,4168.782887,2940.970322
2019/5/13 17:33,623964.0389,4122.961742,2937.37476
2019/5/13 17:36,631103.9056,3967.656257,2929.139257
2019/5/13 17:39,637311.1778,4009.31204,2938.561327
2019/5/13 17:42,645565.0889,4060.46016,2962.583877
2019/5/13 17:45,654198.1667,4108.524539,3031.836156
2019/5/13 17:48,662632.4833,4186.851589,3095.126883
2019/5/13 17:51,664397.4944,4240.293506,3162.421772
2019/5/13 17:54,661468.8556,4163.072457,3128.362111
2019/5/13 17:57,661883.0333,4170.654351,3132.221108
2019/5/13 18:00,667113.0833,4235.423493,3150.909233
2019/5/13 18:03,667450.35,4290.389474,3144.029123
2019/5/13 18:06,666713.8444,4395.239651,3149.929689
2019/5/13 18:09,669489.5556,4368.852964,3127.486458
2019/5/13 18:12,670034.5278,4354.20424,3108.599826
2019/5/13 18:15,673588.9222,4556.802165,3182.91144
2019/5/13 18:18,677282.1667,4515.460757,3173.943277
2019/5/13 18:21,676521.0444,4463.410366,3181.299783
2019/5/13 18:24,682301.2167,4436.904372,3226.909699
2019/5/13 18:27,685049.7667,4433.124414,3256.114096
2019/5/13 18:30,683155.1444,4451.396379,3244.733462
2019/5/13 18:33,676959.75,4364.781626,3206.228577
2019/5/13 18:36,679819.9167,4387.522136,3252.346295
2019/5/13 18:39,681058.1167,4470.599621,3276.355208
2019/5/13 18:42,679486.3167,4482.345172,3272.792388
2019/5/13 18:45,676136.8889,4635.61531,3305.088629
2019/5/13 18:48,680396.1611,4629.040076,3300.620096
2019/5/13 18:51,684227.05,4638.835595,3327.383315
2019/5/13 18:54,688183.2889,4486.168707,3308.288385
2019/5/13 18:57,690852.2333,4408.882594,3307.760586
2019/5/13 19:00,683635.2667,4482.271824,3287.479303
2019/5/13 19:03,677232.4889,4279.540132,3182.450664
2019/5/13 19:06,686124.4056,4323.32147,3235.958384
2019/5/13 19:09,685943.6722,4282.071073,3202.772828
2019/5/13 19:12,641397.4333,4297.417945,2870.934128
2019/5/13 19:15,640177.7833,4461.719372,3093.838003
2019/5/13 19:18,650557.9,4624.191719,3175.338987
2019/5/13 19:21,659788.1889,5005.461176,3361.61534
2019/5/13 19:24,666998.4667,4964.633521,3350.132201
2019/5/13 19:27,664873.8167,4917.682711,3329.14761
2019/5/13 19:30,667697.9389,4643.77747,3139.892843
2019/5/13 19:33,666623.8944,4526.501493,3060.654332
2019/5/13 19:36,649533.1167,4453.794494,2999.064886
2019/5/13 19:39,645257.3833,4531.367186,3042.192574
2019/5/13 19:42,647841.2833,4537.153225,3055.927005
2019/5/13 19:45,655126.1111,4573.08025,3105.50595
2019/5/13 19:48,659069.5722,4563.108624,3093.614859
2019/5/13 19:51,657435.0111,4609.182264,3094.538515
2019/5/13 19:54,651081.1556,4552.035532,3071.323243
2019/5/13 19:57,655696.6556,4566.477513,3101.22761
2019/5/13 20:00,660065.8,4677.341749,3158.525938
2019/5/13 20:03,654651.2056,4582.360866,3108.593009
2019/5/13 20:06,652618.3444,4576.765843,3118.734862
2019/5/13 20:09,649172.6611,4488.813692,3093.331306
2019/5/13 20:12,653088.65,4499.142121,3121.871554
2019/5/13 20:15,657638.0722,4492.311473,3178.416599
2019/5/13 20:18,656213.7889,4416.805094,3157.913758
2019/5/13 20:21,658590.5611,4407.360637,3191.216847
2019/5/13 20:24,649628.0222,4300.280205,3103.947782
2019/5/13 20:27,642412.4778,4290.223755,3088.038617
2019/5/13 20:30,646565.0278,4396.715594,3087.835844
2019/5/13 20:33,645366.5111,4400.805736,3049.862722
2019/5/13 20:36,645427.5333,4555.551142,3052.903136
2019/5/13 20:39,639310.8667,4431.123976,2984.687039
2019/5/13 20:42,634524.3944,4381.240141,2959.986656
2019/5/13 20:45,645985.0722,4453.033702,3039.258372
2019/5/13 20:48,656895.7833,4442.150042,3034.349362
2019/5/13 20:51,654949.7389,4396.686219,2970.39106
2019/5/13 20:54,672855.3444,4619.527992,2996.689222
2019/5/13 20:57,690433.7,4787.146301,3047.457324
2019/5/13 21:00,690490.2333,4764.280421,3045.338817
2019/5/13 21:03,691996.4833,4676.317122,3043.78767
2019/5/13 21:06,692882.0556,4589.183907,3042.129115
2019/5/13 21:09,692530.5167,4552.921182,3037.119911
2019/5/13 21:12,679957.8111,4529.380629,3032.419631
2019/5/13 21:15,645148.7833,4408.126793,2928.816406
2019/5/13 21:18,639023.8833,4409.031614,2907.767774
2019/5/13 21:21,646583.6222,4460.46287,2926.902584
2019/5/13 21:24,655596.0667,4526.475699,3016.701525
2019/5/13 21:27,649703.5222,4521.418196,3067.184908
2019/5/13 21:30,642364.4833,4650.681433,3162.600774
2019/5/13 21:33,649683.3444,4669.487747,3144.940705
2019/5/13 21:36,656207.5889,4670.368689,3127.364631
2019/5/13 21:39,659900.0944,4554.007078,3056.579823
2019/5/13 21:42,674141.6167,4523.065366,3022.686243
2019/5/13 21:45,659711.7556,4278.909951,2885.774144
2019/5/13 21:48,626542.0333,4186.548096,2806.430413
2019/5/13 21:51,616845.9333,4140.016586,2741.594416
2019/5/13 21:54,631435.4389,4095.125862,2790.661232
2019/5/13 21:57,638162.8778,4114.359365,2850.362856
2019/5/13 22:00,627696.95,4284.464284,2998.034576
2019/5/13 22:03,629204.8444,4336.829214,3043.65401
2019/5/13 22:06,627393.4444,4388.911931,3144.529148
2019/5/13 22:09,632230.2889,4478.064448,3156.969472
2019/5/13 22:12,641577.3222,4623.967179,3229.439229
2019/5/13 22:15,643089.7111,4623.318299,3225.781591
2019/5/13 22:18,650369.4056,4665.361591,3230.596947
2019/5/13 22:21,661644.0222,4731.639296,3258.805326
2019/5/13 22:24,664372.5278,4681.887059,3231.120689
2019/5/13 22:27,654156.7278,4648.202968,3206.469967
2019/5/13 22:30,647747.7889,4555.496047,3192.223397
2019/5/13 22:33,641184.1111,4501.799935,3139.912432
2019/5/13 22:36,630700.7222,4402.551408,3054.349803
2019/5/13 22:39,624221.4111,4209.832802,2956.05132
2019/5/13 22:42,630164.8222,4192.785767,2932.178368
2019/5/13 22:45,654089.2611,4453.797857,3109.586222
2019/5/13 22:48,672168.0333,4463.820769,3155.550829
2019/5/13 22:51,664003.2889,4431.032619,3162.138498
2019/5/13 22:54,650731.9389,4344.250526,3122.982462
2019/5/13 22:57,647512.1167,4234.778814,3088.059941
2019/5/13 23:00,656815.1389,4450.593162,3098.704753
2019/5/13 23:03,665129.2056,4527.991768,3101.630523
2019/5/13 23:06,659423.8722,4627.33152,3086.768771
2019/5/13 23:09,652817.4333,4411.34304,2987.088133
2019/5/13 23:12,659287.1056,4358.663501,2969.93832
2019/5/13 23:15,679470.4111,4606.921478,3119.951398
2019/5/13 23:18,686267.3333,4664.646978,3133.895975
2019/5/13 23:21,672035.1667,4635.675368,3095.983105
2019/5/13 23:24,664970.2778,4386.30978,2931.536675
2019/5/13 23:27,663420.5278,4298.367093,2860.576007
2019/5/13 23:30,662019.6111,4352.701262,2874.517444
2019/5/13 23:33,667820.5778,4399.209875,2887.849089
2019/5/13 23:36,673420.2,4474.879003,2895.078221
2019/5/13 23:39,670609.3889,4383.743532,2859.525207
2019/5/13 23:42,667140.2333,4357.37314,2840.565292
2019/5/13 23:45,668810.1111,4607.773732,2955.136659
2019/5/13 23:48,659859.4667,4641.654104,2970.933572
2019/5/13 23:51,655177.2111,4656.219324,2984.536161
2019/5/13 23:54,650284.3389,4504.135104,2907.631896
2019/5/13 23:57,661297.2111,4524.989316,2918.078676
2019/5/14 0:00,672846.8056,4594.146361,3055.115112
2019/5/14 0:03,683503.3889,4586.10296,3045.205535
2019/5/14 0:06,699475.7167,4629.55012,3089.404538
2019/5/14 0:09,699643.7444,4682.000842,3080.624042
2019/5/14 0:12,690552.1167,4712.382299,3073.588033
2019/5/14 0:15,685859.5444,4676.199038,3048.605167
2019/5/14 0:18,690726.2611,4603.215683,3019.016932
2019/5/14 0:21,699439.0722,4524.616234,3014.72748
2019/5/14 0:24,696486.6667,4564.539167,3032.367637
2019/5/14 0:27,685349.9889,4602.532516,3059.584258
2019/5/14 0:30,674441.2444,4593.124344,3041.485011
2019/5/14 0:33,661811.75,4501.469075,3031.761985
2019/5/14 0:36,651282.0167,4383.848978,3053.852325
2019/5/14 0:39,648538.9389,4350.180941,3064.957577
2019/5/14 0:42,650373.7222,4345.964839,3075.618811
2019/5/14 0:45,653538.1833,4125.433888,3033.153058
2019/5/14 0:48,658076.3944,4147.236179,3054.024985
2019/5/14 0:51,663698.2722,4269.482647,3106.791852
2019/5/14 0:54,670688.5778,4425.587686,3112.648052
2019/5/14 0:57,672415.1389,4514.162513,3102.618454
2019/5/14 1:00,682701.8333,4587.759497,3137.722169
2019/5/14 1:03,688857.3,4630.391987,3171.496056
2019/5/14 1:06,687838.6056,4709.864566,3256.960837
2019/5/14 1:09,681644.7,4749.000792,3303.568019
2019/5/14 1:12,674722.3389,4717.421794,3328.391414
2019/5/14 1:15,669169.8389,4515.923889,3179.686745
2019/5/14 1:18,669362.5,4476.266849,3159.053603
2019/5/14 1:21,666226.6556,4583.259515,3275.929171
2019/5/14 1:24,667224.75,4601.48146,3315.432165
2019/5/14 1:27,667877.6,4646.161498,3356.938543
2019/5/14 1:30,668326.9389,4575.969913,3372.436646
2019/5/14 1:33,663828.8667,4527.177537,3326.926339
2019/5/14 1:36,656831.25,4373.707719,3186.216873
2019/5/14 1:39,665401.2278,4433.777323,3138.593032
2019/5/14 1:42,677968.0833,4546.49764,3178.43788
2019/5/14 1:45,670247.9278,4594.315,3218.317502
2019/5/14 1:48,667199.4111,4599.668483,3230.19374
2019/5/14 1:51,666759.5222,4673.069964,3283.980217
2019/5/14 1:54,665755.8667,4700.431595,3252.088007
2019/5/14 1:57,660113.1944,4723.70945,3239.35464
2019/5/14 2:00,658903.8333,4728.126755,3340.857647
2019/5/14 2:03,658505.1056,4643.247487,3311.286654
2019/5/14 2:06,658648.4667,4524.845445,3279.289277
2019/5/14 2:09,659387.9944,4320.063317,3271.655457
2019/5/14 2:12,660454.4056,4264.96673,3293.267786
2019/5/14 2:15,664325.4056,4198.450841,3237.106712
2019/5/14 2:18,669125.4167,4344.386947,3244.184971
2019/5/14 2:21,673815.6,4611.234385,3298.744835
2019/5/14 2:24,671375.7667,4656.648899,3314.745214
2019/5/14 2:27,668879.0167,4686.379463,3305.955473
2019/5/14 2:30,666913.8056,4743.725598,3357.021491
2019/5/14 2:33,667618.0722,4764.677008,3341.310019
2019/5/14 2:36,663266.3278,4795.029491,3319.075605
2019/5/14 2:39,659520.0222,4637.84096,3305.701322
2019/5/14 2:42,658120.2389,4578.655149,3313.512484
2019/5/14 2:45,661633.4278,4537.391999,3285.548728
2019/5/14 2:48,663508.3333,4458.726249,3253.663762
2019/5/14 2:51,660154.9111,4277.952142,3195.804394
2019/5/14 2:54,658486.2833,4211.11722,3168.375358
2019/5/14 2:57,658703.0722,4245.796636,3194.926941
2019/5/14 3:00,668237.0167,4364.230583,3198.597116
2019/5/14 3:03,666109.4667,4292.012642,3144.170748
2019/5/14 3:06,650907.3222,3979.609595,3019.909561
2019/5/14 3:09,645464.1667,3880.414254,2980.982782
2019/5/14 3:12,645508.2722,3885.881958,2960.074416
2019/5/14 3:15,643658.5889,3882.936434,2902.323267
2019/5/14 3:18,645910.6056,4001.708483,2937.526465
2019/5/14 3:21,653356.4778,4230.922759,3039.2096
2019/5/14 3:24,662636.7111,4301.989877,3070.746451
2019/5/14 3:27,660944.15,4322.623236,3080.17805
2019/5/14 3:30,646248.0667,4218.272495,2977.221769
2019/5/14 3:33,645376.7111,4217.206613,2967.931182
2019/5/14 3:36,656841.4,4302.584215,3032.222959
2019/5/14 3:39,654862.9833,4240.512725,3050.88947
2019/5/14 3:42,648505.9111,4232.36831,3047.182938
2019/5/14 3:45,644131.1667,4194.331762,2991.475649
2019/5/14 3:48,651835.0889,4259.178732,3022.048258
2019/5/14 3:51,657405.4167,4364.77234,3068.501854
2019/5/14 3:54,649624.0667,4132.918735,2952.116554
2019/5/14 3:57,653609.6556,4087.175811,2936.109759
2019/5/14 4:00,668218.7833,4541.131467,3109.325248
2019/5/14 4:03,678235.6111,4552.060381,3103.065306
2019/5/14 4:06,685336.4944,4478.077328,3064.494413
2019/5/14 4:09,669769.4444,4399.335032,2938.244865
2019/5/14 4:12,669719.2278,4465.46648,2915.183951
2019/5/14 4:15,692160.2389,4529.94377,3012.719526
2019/5/14 4:18,693465.8278,4556.189628,3032.196535
2019/5/14 4:21,689949.1944,4621.325333,3097.605697
2019/5/14 4:24,683609.85,4476.513657,3054.133132
2019/5/14 4:27,655014.7722,4261.707645,2964.495333
2019/5/14 4:30,656310.7611,4187.990429,2926.243546
2019/5/14 4:33,670661.1111,4194.323541,2917.919888
2019/5/14 4:36,678777.3611,4234.464955,2910.865938
2019/5/14 4:39,683176.7833,4355.710055,2955.32343
2019/5/14 4:42,671096.5222,4359.863656,2935.891745
2019/5/14 4:45,649283.4,4205.745898,2839.490744
2019/5/14 4:48,641118.8889,4214.740018,2831.015246
2019/5/14 4:51,640056.7333,4297.872255,2858.808017
2019/5/14 4:54,645619.6611,4312.57942,2917.357134
2019/5/14 4:57,636942.4444,4270.641182,2903.427058
2019/5/14 5:00,642370.8111,4310.326615,2939.32631
2019/5/14 5:03,645126.8167,4388.676311,3029.150638
2019/5/14 5:06,639095.5278,4517.762452,3088.813938
2019/5/14 5:09,632883.95,4259.801692,2964.987428
2019/5/14 5:12,635333.6111,4200.198409,2918.875627
2019/5/14 5:15,658809.5,4379.607788,2943.764537
2019/5/14 5:18,662761.6111,4481.099395,2979.5974
2019/5/14 5:21,660366.1778,4627.338058,3046.208899
2019/5/14 5:24,666582.8722,4558.701859,3034.425763
2019/5/14 5:27,662634.4722,4550.226232,3042.421866
2019/5/14 5:30,652026.0056,4260.772363,2967.461451
2019/5/14 5:33,644571.6833,4236.307729,2935.676808
2019/5/14 5:36,653204.9167,4325.580831,2962.45454
2019/5/14 5:39,663674.4833,4512.655978,3024.039514
2019/5/14 5:42,667062,4591.720491,3043.988565
2019/5/14 5:45,666512.8778,4662.224788,3082.812843
2019/5/14 5:48,667981.3889,4624.788552,3077.087272
2019/5/14 5:51,656111.9722,4424.745252,3031.576823
2019/5/14 5:54,651513.9889,4350.947687,2983.909698
2019/5/14 5:57,667994.8444,4454.089565,2996.329968
2019/5/14 6:00,666445.6222,4591.307673,3011.530376
2019/5/14 6:03,664104.45,4567.206945,3016.841241
2019/5/14 6:06,663185.0222,4559.712595,3050.80829
2019/5/14 6:09,661093.0889,4549.844762,3015.307746
2019/5/14 6:12,666334.7278,4560.807366,2992.727654
2019/5/14 6:15,665713.6222,4579.012746,2995.069512
2019/5/14 6:18,666677.5389,4612.187467,3025.884379
2019/5/14 6:21,659490.3611,4621.164745,3042.086948
2019/5/14 6:24,653950.5056,4487.370284,2991.727056
2019/5/14 6:27,655237.8611,4498.743399,3005.454072
2019/5/14 6:30,655284.4889,4562.42551,3031.35054
2019/5/14 6:33,650132.1333,4525.381942,2987.196038
2019/5/14 6:36,653037.5333,4514.140248,2963.963402
2019/5/14 6:39,670845.5944,4729.91198,3060.878719
2019/5/14 6:42,671829.5333,4816.611109,3088.64309
2019/5/14 6:45,676637.9333,4734.826612,3051.974795
2019/5/14 6:48,685168.9722,4787.106878,3063.899618
2019/5/14 6:51,684839.2722,4820.42186,3077.627702
2019/5/14 6:54,679836.7389,4684.520792,3019.329648
2019/5/14 6:57,686289.4333,4701.769203,3004.549812
2019/5/14 7:00,684525.8611,4785.232087,3052.262051
2019/5/14 7:03,678877.4444,4772.470902,3067.324065
2019/5/14 7:06,678196.1722,4775.807226,3093.372342
2019/5/14 7:09,672203.3222,4580.768694,3079.710319
2019/5/14 7:12,632275.1,4231.608282,3013.400736
2019/5/14 7:15,630533.1556,4082.267821,2933.638552
2019/5/14 7:18,637020.75,4008.984962,2861.181678
2019/5/14 7:21,643749.9556,4102.57654,2846.442751
2019/5/14 7:24,638144.9222,4257.621098,2848.170134
2019/5/14 7:27,613399.85,4091.932425,2823.174489
2019/5/14 7:30,609759.1167,4203.050168,2880.952778
2019/5/14 7:33,615367.1833,4221.996591,2900.944785
2019/5/14 7:36,619683.7444,4256.819943,2947.48864
2019/5/14 7:39,620827.7444,4353.04844,2979.965824
2019/5/14 7:42,622880.7389,4417.029296,2998.968672
2019/5/14 7:45,624347.6056,4748.090034,3052.435864
2019/5/14 7:48,623617.1222,4808.557041,3070.698848
2019/5/14 7:51,618872.5611,4886.268566,3099.785175
2019/5/14 7:54,615767.8889,4817.348134,3104.652434
2019/5/14 7:57,613893.4278,4759.83992,3091.558355
2019/5/14 8:00,615609.0889,4837.177953,3103.273075
2019/5/14 8:03,619075.2111,4856.482888,3092.106012
2019/5/14 8:06,613601.9111,4898.554118,3097.775142
2019/5/14 8:09,611932.9,4821.973507,3110.722092
2019/5/14 8:12,611962,4784.6125,3116.011872
2019/5/14 8:15,614061.1722,4781.472914,3131.571783
2019/5/14 8:18,614949.7278,4801.941685,3127.230209
2019/5/14 8:21,614819.65,4869.275105,3132.684569
2019/5/14 8:24,614342.55,4835.738415,3131.602447
2019/5/14 8:27,613392.7,4812.390504,3127.343112
2019/5/14 8:30,612861.6889,4790.954804,3140.206203
2019/5/14 8:33,611685.8111,4773.447446,3138.037414
2019/5/14 8:36,611090.3556,4774.043581,3144.183977
2019/5/14 8:39,610158.8167,4796.720907,3146.519823
2019/5/14 8:42,608892.1889,4798.49361,3138.503774
2019/5/14 8:45,607465.4889,4789.661929,3132.102699
2019/5/14 8:48,606537.8889,4727.298338,3115.031314
2019/5/14 8:51,607816.5278,4663.001723,3110.57875
2019/5/14 8:54,607641.5167,4690.684959,3085.668084
2019/5/14 8:57,607453.8222,4708.61092,3078.487881
2019/5/14 9:00,607099.5611,4783.665073,3111.279967
2019/5/14 9:03,607419.3833,4765.87393,3106.256208
2019/5/14 9:06,610154.6222,4767.854302,3112.500397
2019/5/14 9:09,611319.6,4659.856303,3106.538947
2019/5/14 9:12,610022.9722,4593.429864,3093.500059
2019/5/14 9:15,611180.5444,4148.070589,3033.686205
2019/5/14 9:18,615101.45,4133.171005,3015.128754
2019/5/14 9:21,619453.1556,4102.447102,2983.979644
2019/5/14 9:24,620718.0111,4344.232409,3005.624977
2019/5/14 9:27,625402.1722,4498.608657,3022.027935
2019/5/14 9:30,626757.5111,4738.188973,3063.313001
2019/5/14 9:33,627182.0389,4762.27348,3075.045249
2019/5/14 9:36,621392.7167,4708.567927,3087.887558
2019/5/14 9:39,617703.5556,4635.153425,3085.475161
2019/5/14 9:42,618340.4056,4607.923173,3081.690226
2019/5/14 9:45,618890.3167,4654.877536,3074.721379
2019/5/14 9:48,618320.9556,4682.3039,3072.859515
2019/5/14 9:51,618134.6167,4763.693537,3081.930187
2019/5/14 9:54,617352.9333,4682.285158,3071.177249
2019/5/14 9:57,618183.8389,4643.160281,3065.310784
2019/5/14 10:00,618844.9833,4605.896756,3076.99507
2019/5/14 10:03,620595,4651.849983,3076.571253
2019/5/14 10:06,621669.4444,4747.369191,3084.955956
2019/5/14 10:09,621059.7444,4641.741518,3092.778927
2019/5/14 10:12,620342.8778,4583.055265,3091.81301
2019/5/14 10:15,621979.7889,4515.530752,3080.504407
2019/5/14 10:18,624024.8778,4558.616214,3078.839105
2019/5/14 10:21,626624.1278,4628.08956,3080.715933
2019/5/14 10:24,628159.0167,4572.525412,3065.672843
2019/5/14 10:27,629861.9111,4566.906309,3061.030311
2019/5/14 10:30,630271.7167,4791.632031,3103.613294
2019/5/14 10:33,630092.85,4783.468131,3101.599253
2019/5/14 10:36,627778.4056,4722.03682,3092.505129
2019/5/14 10:39,622887.0333,4666.696048,3080.729313
2019/5/14 10:42,622420.5167,4666.568804,3080.080427
2019/5/14 10:45,622139.2056,4693.46607,3081.949817
2019/5/14 10:48,623848.8222,4699.05837,3077.264208
2019/5/14 10:51,623614.0611,4715.765327,3077.442411
2019/5/14 10:54,623053.5278,4657.022329,3081.460768
2019/5/14 10:57,623193.0833,4602.586852,3073.442844
2019/5/14 11:00,622758.3444,4676.490724,3075.164458
2019/5/14 11:03,623986.0444,4673.359265,3076.882605
2019/5/14 11:06,622489.6,4663.5028,3087.262922
2019/5/14 11:09,619018.7556,4721.73395,3090.292724
2019/5/14 11:12,615354.3611,4721.344697,3080.811919
2019/5/14 11:15,614307.5944,4703.803961,3073.67024
2019/5/14 11:18,615432.2333,4675.308429,3070.812386
2019/5/14 11:21,614665.65,4622.39186,3071.17086
2019/5/14 11:24,618183.1444,4639.337647,3067.782409
2019/5/14 11:27,619818.45,4645.023228,3065.555117
2019/5/14 11:30,620391.7167,4814.166403,3086.606228
2019/5/14 11:33,620740.6889,4794.740229,3085.499087
2019/5/14 11:36,620053.8722,4747.185127,3088.248802
2019/5/14 11:39,620326.6222,4587.692468,3064.879604
2019/5/14 11:42,620670.9444,4498.012035,3044.832727
2019/5/14 11:45,623093.4556,4360.932956,3015.65249
2019/5/14 11:48,625068.6278,4307.773076,2996.207437
2019/5/14 11:51,626397.7222,4229.058327,2972.509965
2019/5/14 11:54,628849.0556,4620.900753,3018.940288
2019/5/14 11:57,629875.5778,4833.193353,3042.954212
2019/5/14 12:00,628784.4667,5006.325435,3068.533987
2019/5/14 12:03,623160.5389,4928.524013,3054.033946
2019/5/14 12:06,617710.6778,4769.917793,3051.70262
2019/5/14 12:09,619486.6889,4729.141909,3058.637432
2019/5/14 12:12,620158.0111,4695.542151,3059.362002
2019/5/14 12:15,621151.85,4750.646753,3076.3783
2019/5/14 12:18,620998.7833,4735.400576,3072.913006
2019/5/14 12:21,622224.0278,4731.067557,3082.230403
2019/5/14 12:24,624005.7056,4695.358511,3088.059791
2019/5/14 12:27,624936.2056,4675.965224,3086.823139
2019/5/14 12:30,621596.7611,4705.619855,3097.971234
2019/5/14 12:33,617147.7333,4703.482882,3098.127014
2019/5/14 12:36,611702.3667,4730.868669,3111.111094
2019/5/14 12:39,610270.2889,4703.674667,3101.185164
2019/5/14 12:42,610218.0667,4679.114342,3090.691486
2019/5/14 12:45,609672.0333,4527.678192,3081.772319
2019/5/14 12:48,607462.6444,4507.614785,3065.762338
2019/5/14 12:51,608179.4667,4519.426537,3064.212663
2019/5/14 12:54,606963.8167,4524.227749,3072.403472
2019/5/14 12:57,606052.5722,4520.470747,3071.500496
2019/5/14 13:00,606195.8056,4062.595456,3014.395803
2019/5/14 13:03,608502.9444,4115.49792,3011.186017
2019/5/14 13:06,614110.2944,4247.94928,3017.182086
2019/5/14 13:09,616933.1222,4614.109744,3084.38092
2019/5/14 13:12,618692.2833,4785.731457,3111.670085
2019/5/14 13:15,616978.4778,4704.949348,3123.440028
2019/5/14 13:18,614865.0722,4668.897565,3113.411395
2019/5/14 13:21,612994.9444,4621.845229,3113.479593
2019/5/14 13:24,612255.5389,4557.879158,3102.608639
2019/5/14 13:27,611792.7556,4530.991851,3098.987424
2019/5/14 13:30,614375.4389,4510.233593,3116.127639
2019/5/14 13:33,614682.0167,4492.73051,3108.905565
2019/5/14 13:36,613030.1944,4510.153696,3096.611312
2019/5/14 13:39,610851.0167,4586.584416,3083.918392
2019/5/14 13:42,607345.9111,4568.807051,3053.343877
2019/5/14 13:45,606313.6778,4624.459071,3079.025399
2019/5/14 13:48,605014.7,4562.186436,3067.944049
2019/5/14 13:51,602640.15,4448.323904,3061.45663
2019/5/14 13:54,602060.6722,4273.258592,3035.112054
2019/5/14 13:57,603087.5944,4184.837146,3018.359098
2019/5/14 14:00,604241.0778,4374.279229,3044.726866
2019/5/14 14:03,604862.8833,4395.134382,3045.039498
2019/5/14 14:06,605073.35,4470.326508,3056.042914
2019/5/14 14:09,603905.9,4582.66497,3078.377061
2019/5/14 14:12,605013.4444,4642.679877,3090.552985
2019/5/14 14:15,607434.4056,4648.248734,3105.167414
2019/5/14 14:18,609314.4722,4590.969861,3098.274221
2019/5/14 14:21,611127.1722,4489.422523,3090.822519
2019/5/14 14:24,611490.7,4382.005666,3065.362209
2019/5/14 14:27,612980.1167,4336.183073,3053.343585
2019/5/14 14:30,614100.2056,4560.419804,3077.597442
2019/5/14 14:33,612994.8389,4539.034229,3078.975589
2019/5/14 14:36,609028.5611,4435.406725,3075.134669
2019/5/14 14:39,600835.1556,4506.687874,3065.277237
2019/5/14 14:42,597756.5944,4548.541265,3050.862778
2019/5/14 14:45,597589.5222,4542.859099,3066.693682
2019/5/14 14:48,596497.7778,4481.477171,3047.174286
2019/5/14 14:51,595175.9611,4449.673738,3033.492793
2019/5/14 14:54,597504.3278,4378.333856,3011.604757
2019/5/14 14:57,600399.2056,4352.567858,3001.931426
2019/5/14 15:00,599883.8222,4220.177167,2995.817786
2019/5/14 15:03,600983.6722,4154.703422,2992.538738
2019/5/14 15:06,599136.7111,4011.622288,2985.981066
2019/5/14 15:09,599296.25,3516.446674,2920.669812
2019/5/14 15:12,606416.1889,3286.748259,2899.056969
2019/5/14 15:15,611253.8889,3261.42852,2883.731009
2019/5/14 15:18,615775.9444,3283.950801,2888.530713
2019/5/14 15:21,624381.4556,3291.797238,2911.505674
2019/5/14 15:24,636195.0833,3718.586803,2997.392973
2019/5/14 15:27,642720.0833,3974.385924,3062.189078
2019/5/14 15:30,642027.8444,4702.713292,3184.642681
2019/5/14 15:33,639818.3111,4778.034383,3185.116281
2019/5/14 15:36,634096.3111,4934.988177,3196.201175
2019/5/14 15:39,623534.8222,4778.832111,3145.624468
2019/5/14 15:42,614661.2278,4584.740906,3071.304138
2019/5/14 15:45,608183.4444,4398.304228,3052.890851
2019/5/14 15:48,607314.2389,4335.940802,3037.306471
2019/5/14 15:51,608107.6278,4291.907521,3029.691378
2019/5/14 15:54,609628.8667,4364.840444,3037.362327
2019/5/14 15:57,611221.5444,4407.438989,3039.471061
2019/5/14 16:00,608426.4611,4423.572887,3048.74199
2019/5/14 16:03,604331.3111,4381.197853,3021.374027
2019/5/14 16:06,603015.1389,4452.133098,3032.232091
2019/5/14 16:09,603596.7111,4439.316366,3036.367715
2019/5/14 16:12,602028.7833,4398.146721,3018.111024
2019/5/14 16:15,603597.5667,4325.367804,3018.002801
2019/5/14 16:18,604647.1556,4348.393395,3002.654924
2019/5/14 16:21,607568.9667,4458.72026,3005.562406
2019/5/14 16:24,608789.7278,4535.318166,3014.733581
2019/5/14 16:27,608333.3833,4559.357992,3016.331852
2019/5/14 16:30,608046.6778,4567.228008,3037.994035
2019/5/14 16:33,609084.0111,4619.41476,3034.431456
2019/5/14 16:36,607147.0444,4648.791867,3025.877711
2019/5/14 16:39,603711.7056,4599.895518,3009.036065
2019/5/14 16:42,604448.4444,4600.161838,2996.98206
2019/5/14 16:45,604146.0944,4524.340812,2982.406705
2019/5/14 16:48,605990.9611,4484.303783,2974.938894
2019/5/14 16:51,607993.2556,4435.051744,2978.230987
2019/5/14 16:54,609471.6833,4592.64449,2993.277902
2019/5/14 16:57,609972.8556,4663.47606,2998.503005
2019/5/14 17:00,609621.6222,4515.787776,2971.219022
2019/5/14 17:03,610172.7111,4469.365234,2972.087169
2019/5/14 17:06,609539.0444,4485.715536,2996.388188
2019/5/14 17:09,608804.4444,4544.702317,3006.266796
2019/5/14 17:12,609327.3667,4566.421701,2997.607219
2019/5/14 17:15,610429.65,4444.585414,2995.266322
2019/5/14 17:18,612173.1722,4452.481567,2989.691417
2019/5/14 17:21,614488.3056,4451.650002,2977.750887
2019/5/14 17:24,616279.5278,4508.977517,2992.518637
2019/5/14 17:27,617443.8111,4525.209532,2997.91871
2019/5/14 17:30,621939.5444,4436.937797,2988.56134
2019/5/14 17:33,623330.5722,4480.352923,3002.868915
2019/5/14 17:36,621537.6389,4473.686854,2994.260211
2019/5/14 17:39,619893.5278,4384.048796,2972.76745
2019/5/14 17:42,620954.2944,4388.21564,2956.788005
2019/5/14 17:45,618373.4611,4776.959399,3003.427705
2019/5/14 17:48,615150.0944,4720.284967,2985.546581
2019/5/14 17:51,615413.0889,4746.286645,2986.252641
2019/5/14 17:54,615557.4944,4663.029025,2991.953288
2019/5/14 17:57,615342.5444,4604.937649,2990.930508
2019/5/14 18:00,614048.3833,4477.064412,2992.52084
2019/5/14 18:03,616492.8222,4302.427444,2975.048564
2019/5/14 18:06,618859.2833,3978.111338,2946.134962
2019/5/14 18:09,620879.8222,3881.643892,2919.683655
2019/5/14 18:12,624612.25,3877.82013,2911.332762
2019/5/14 18:15,625549.5444,4460.253265,2957.184077
2019/5/14 18:18,624814.3889,4345.95579,2940.736519
2019/5/14 18:21,625567.0333,4203.572391,2925.997245
2019/5/14 18:24,624623.7056,3916.807091,2877.639169
2019/5/14 18:27,628778.8833,3845.919153,2866.605688
2019/5/14 18:30,635343.2389,3942.294095,2871.298776
2019/5/14 18:33,642350.4389,3982.63522,2904.397385
2019/5/14 18:36,645270.8111,3984.818157,2944.032303
2019/5/14 18:39,649987.1333,3956.73636,2956.857069
2019/5/14 18:42,659035.7722,3985.863743,2995.868729
2019/5/14 18:45,665970.1333,4195.109418,3070.156271
2019/5/14 18:48,674563.9278,4271.282265,3120.31856
2019/5/14 18:51,683681.1722,4436.729372,3205.058784
2019/5/14 18:54,687305.7444,4393.05881,3213.123228
2019/5/14 18:57,691262.0222,4375.210815,3232.830336
2019/5/14 19:00,693344.6778,4446.939426,3256.582782
2019/5/14 19:03,696245.8778,4418.474063,3246.873528
2019/5/14 19:06,701523.0444,4406.040116,3245.07326
2019/5/14 19:09,700681.2111,4375.181703,3239.19779
2019/5/14 19:12,695146.4,4343.467552,3224.084133
2019/5/14 19:15,694474.6,4319.710733,3204.615461
2019/5/14 19:18,693269.2,4264.732215,3188.885955
2019/5/14 19:21,692833.2,4257.301175,3216.549421
2019/5/14 19:24,692877.7667,4357.872535,3277.147936
2019/5/14 19:27,692296.5444,4409.546074,3320.506151
2019/5/14 19:30,689849.3056,4499.529284,3349.770066
2019/5/14 19:33,686424.2111,4425.686262,3305.168744
2019/5/14 19:36,683891.3,4390.301271,3291.603024
2019/5/14 19:39,680547.4722,4327.778519,3235.976164
2019/5/14 19:42,681012.2556,4294.169348,3212.842822
2019/5/14 19:45,682556.0222,4367.097624,3245.033383
2019/5/14 19:48,682521.2944,4350.136142,3230.031902
2019/5/14 19:51,679567.5444,4370.323822,3228.102509
2019/5/14 19:54,678601.8556,4238.658604,3188.566443
2019/5/14 19:57,670886.8,4133.259416,3147.982398
2019/5/14 20:00,669021.7222,4054.258948,3158.953103
2019/5/14 20:03,672175.4944,4047.659198,3163.553025
2019/5/14 20:06,675595.4944,4035.467462,3170.273243
2019/5/14 20:09,673863.1056,3958.066721,3165.322894
2019/5/14 20:12,678692.0611,4007.861441,3205.617892
2019/5/14 20:15,674832.5833,4153.000961,3203.610237
2019/5/14 20:18,673033.3167,4117.387873,3186.143032
2019/5/14 20:21,681488.1056,4097.08949,3198.768608
2019/5/14 20:24,680799.1944,4028.016532,3169.530339
2019/5/14 20:27,674515.7722,4024.373772,3171.794584
2019/5/14 20:30,672375.6278,4065.84265,3187.26132
2019/5/14 20:33,672348.2389,4064.084659,3192.084067
2019/5/14 20:36,674135.5722,4135.961144,3240.095945
2019/5/14 20:39,677359.3722,4020.26732,3236.526891
2019/5/14 20:42,673337.6167,3968.901125,3246.598501
2019/5/14 20:45,673430.9667,4067.180134,3281.236434
2019/5/14 20:48,676016.0944,4155.749976,3257.34093
2019/5/14 20:51,639444.2167,4212.864279,3083.025968
2019/5/14 20:54,650104.9556,4495.684097,3280.442071
2019/5/14 20:57,653764.0278,4649.756248,3377.339525
2019/5/14 21:00,651077.3,4950.483759,3449.548144
2019/5/14 21:03,649497.25,4911.177132,3463.74284
2019/5/14 21:06,642060.9667,4902.345412,3513.17557
2019/5/14 21:09,638057.7889,4850.870835,3489.901709
2019/5/14 21:12,637350.7389,4838.134974,3492.890592
2019/5/14 21:15,635799.8944,4901.685324,3440.651002
2019/5/14 21:18,630759.9944,4773.151236,3373.162019
2019/5/14 21:21,626109.7944,4688.969503,3315.148275
2019/5/14 21:24,634481.6389,4614.44791,3296.685512
2019/5/14 21:27,633042.9056,4564.278281,3282.561605
2019/5/14 21:30,632610.5222,4594.783541,3262.513901
2019/5/14 21:33,633499.7,4533.714863,3236.88855
2019/5/14 21:36,628342.3556,4443.025522,3221.599397
2019/5/14 21:39,627311.2611,4324.854834,3199.723881
2019/5/14 21:42,625502.0333,4275.422609,3183.785752
2019/5/14 21:45,630050.9167,4359.893362,3204.623546
2019/5/14 21:48,629594.8444,4319.67127,3177.589579
2019/5/14 21:51,632132.8444,4399.074506,3224.466866
2019/5/14 21:54,637047.1722,4503.511436,3261.618483
2019/5/14 21:57,637521.1444,4582.702931,3304.818646
2019/5/14 22:00,635953.5222,4592.6908,3344.514113
2019/5/14 22:03,636744.6722,4530.783454,3376.501195
2019/5/14 22:06,639711.1778,4516.49046,3452.738903
2019/5/14 22:09,640022.7167,4436.746448,3412.442639
2019/5/14 22:12,641167.5389,4450.840985,3420.014335
2019/5/14 22:15,644068.4778,4549.028294,3416.648533
2019/5/14 22:18,645826.2333,4573.326223,3401.283885
2019/5/14 22:21,646633.5889,4573.164543,3348.562469
2019/5/14 22:24,652942.0111,4507.850463,3395.858664
2019/5/14 22:27,653357.55,4511.243848,3453.671547
2019/5/14 22:30,650604.7778,4544.499317,3454.859378
2019/5/14 22:33,648407.2778,4491.933893,3350.674314
2019/5/14 22:36,648113.6611,4616.761228,3375.018974
2019/5/14 22:39,650626.0444,4708.081245,3439.302492
2019/5/14 22:42,654130.1889,4777.152711,3505.849039
2019/5/14 22:45,654752.1111,4935.178032,3533.048865
2019/5/14 22:48,652598.3833,4962.698101,3513.13451
2019/5/14 22:51,651448.35,5042.79293,3530.644477
2019/5/14 22:54,655170.3,5013.558284,3528.438989
2019/5/14 22:57,649158.2722,4931.828018,3486.605557
2019/5/14 23:00,648083.6056,4844.227585,3433.527242
2019/5/14 23:03,654867.3889,4900.857156,3439.980471
2019/5/14 23:06,658089.7833,5066.279855,3481.342269
2019/5/14 23:09,664447.4278,4979.43033,3449.64058
2019/5/14 23:12,663897.6556,4897.64162,3415.08155
2019/5/14 23:15,667140.8222,4826.064818,3362.876919
2019/5/14 23:18,659713.5778,4736.351991,3356.141534
2019/5/14 23:21,651742.5,4818.960459,3446.534262
2019/5/14 23:24,647342.7722,4849.855516,3381.395975
2019/5/14 23:27,645382,4908.25812,3379.587666
2019/5/14 23:30,644248.4167,4918.806497,3404.27369
2019/5/14 23:33,643343.4167,4857.213886,3387.97339
2019/5/14 23:36,647222.5944,4906.002948,3414.909863
2019/5/14 23:39,652154.6833,4880.255026,3403.835795
2019/5/14 23:42,659433.2667,4847.7119,3422.205244
2019/5/14 23:45,660166.65,4951.809596,3430.273795
2019/5/14 23:48,663732.4444,4970.413487,3435.282797
2019/5/14 23:51,658807.1278,5172.288729,3483.575027
2019/5/14 23:54,656424.1111,5109.820778,3456.894343
2019/5/14 23:57,662334.1,5127.149965,3484.190855
2019/5/15 0:00,664319.8944,4970.792624,3423.98578
2019/5/15 0:03,661858.15,4830.231882,3408.294053
2019/5/15 0:06,667030.4944,4846.524328,3509.43807
2019/5/15 0:09,666101.3111,4875.620517,3460.769391
2019/5/15 0:12,665269.0222,4924.273842,3468.289923
2019/5/15 0:15,668614.1722,4870.519363,3465.783975
2019/5/15 0:18,672592.0167,4862.193804,3455.486068
2019/5/15 0:21,679404.3667,4985.200165,3511.841936
2019/5/15 0:24,679690.65,4893.461167,3453.598812
2019/5/15 0:27,675167.2778,4831.108483,3432.47484
2019/5/15 0:30,664422.7167,4819.613701,3421.814315
2019/5/15 0:33,665235.3833,4759.604254,3375.209246
2019/5/15 0:36,666197.7611,4740.604977,3367.124432
2019/5/15 0:39,666650.5389,4685.005843,3348.663188
2019/5/15 0:42,669523.3333,4699.772661,3361.485634
2019/5/15 0:45,670193.2278,4614.25031,3313.5549
2019/5/15 0:48,661383.4278,4598.888401,3287.771545
2019/5/15 0:51,657560.7722,4745.755496,3329.072261
2019/5/15 0:54,652172.7222,4759.795077,3276.39393
2019/5/15 0:57,653946.0111,4834.718677,3288.555949
2019/5/15 1:00,658547.5833,4924.30867,3356.45244
2019/5/15 1:03,658348.45,4855.290242,3311.323916
2019/5/15 1:06,654574.1389,4874.785893,3331.260949
2019/5/15 1:09,651641.4833,4906.279281,3353.190621
2019/5/15 1:12,654318.8833,4901.713336,3344.755905
2019/5/15 1:15,657719.1167,5032.093247,3393.586186
2019/5/15 1:18,654339.3611,4968.159646,3381.425051
2019/5/15 1:21,655986.7222,5061.318245,3467.868726
2019/5/15 1:24,655455.7889,5100.592174,3465.915813
2019/5/15 1:27,656412.6,5126.274638,3474.944418
2019/5/15 1:30,657684.2778,5116.282836,3460.267554
2019/5/15 1:33,652828.5722,4997.581097,3428.402138
2019/5/15 1:36,643307.8611,4952.766205,3375.061262
2019/5/15 1:39,646047.5222,4935.67199,3389.592118
2019/5/15 1:42,650462.1278,4994.134221,3446.110995
2019/5/15 1:45,657396.5111,5087.501733,3502.982655
2019/5/15 1:48,664874.0833,5146.56648,3523.269715
2019/5/15 1:51,673658.7111,5304.438742,3587.703681
2019/5/15 1:54,673036.9889,5354.17635,3565.334272
2019/5/15 1:57,674328.0222,5380.615102,3566.890331
2019/5/15 2:00,673428.0722,5268.14856,3526.116257
2019/5/15 2:03,666161.0222,5227.571033,3474.895849
2019/5/15 2:06,668095.4222,5336.712953,3521.084519
2019/5/15 2:09,666312.3722,5326.593945,3522.623093
2019/5/15 2:12,663566.2,5313.261904,3511.571577
2019/5/15 2:15,665244.3944,5187.079428,3570.253223
2019/5/15 2:18,664010.0222,5166.837349,3542.260511
2019/5/15 2:21,659610.2722,5198.153667,3522.513812
2019/5/15 2:24,665116.8667,5261.296095,3499.636282
2019/5/15 2:27,667835.0389,5301.331041,3507.887218
2019/5/15 2:30,670417.2333,5387.94293,3539.472035
2019/5/15 2:33,662690.3889,5294.990719,3486.636777
2019/5/15 2:36,659347.3611,5337.079412,3520.087123
2019/5/15 2:39,658218.5611,5263.34608,3539.089711
2019/5/15 2:42,658021.8833,5240.689192,3539.822884
2019/5/15 2:45,658279.5167,5294.370385,3560.225632
2019/5/15 2:48,663309.9833,5268.942351,3568.169692
2019/5/15 2:51,667216.5444,5307.517347,3621.032977
2019/5/15 2:54,668682.65,5227.627678,3572.942579
2019/5/15 2:57,668031.6833,5198.273868,3557.555028
2019/5/15 3:00,662960.3833,5137.801494,3505.196154
2019/5/15 3:03,658791.1056,5129.143335,3497.92577
2019/5/15 3:06,662112.7222,5153.530356,3561.563131
2019/5/15 3:09,656816.1389,5015.616224,3471.346459
2019/5/15 3:12,659476.6389,5027.220664,3479.438065
2019/5/15 3:15,662636.9667,4932.624033,3471.307294
2019/5/15 3:18,663756.6389,4865.746684,3408.593723
2019/5/15 3:21,654286.6444,4735.483981,3312.418282
2019/5/15 3:24,656911.4167,4729.315117,3249.657922
2019/5/15 3:27,645630.2611,4679.299827,3182.67926
2019/5/15 3:30,645145.4167,4648.910209,3155.885136
2019/5/15 3:33,639029.1389,4570.913217,3092.710106
2019/5/15 3:36,645252.8111,4588.239376,3120.94175
2019/5/15 3:39,649734.9611,4608.239511,3128.283807
2019/5/15 3:42,651114.8444,4609.292812,3121.896526
2019/5/15 3:45,655420.2889,4606.494829,3163.143412
2019/5/15 3:48,658051.1222,4571.161035,3106.163322
2019/5/15 3:51,654020.7889,4590.910775,3106.474631
2019/5/15 3:54,649540.9667,4549.73293,3041.877933
2019/5/15 3:57,646262.5,4536.301688,2995.506371
2019/5/15 4:00,650515.75,4589.767632,3024.257543
2019/5/15 4:03,649052.6556,4636.336132,3028.486396
2019/5/15 4:06,638427.4167,4656.845179,3021.528483
2019/5/15 4:09,645669.6444,4718.197749,3051.649749
2019/5/15 4:12,650442.9722,4764.481854,3062.310153
2019/5/15 4:15,656416.2667,4719.938239,3074.63818
2019/5/15 4:18,667529.0722,4819.307867,3117.583698
2019/5/15 4:21,667309.1444,4893.929815,3118.886013
2019/5/15 4:24,671194.4111,4920.29807,3060.282163
2019/5/15 4:27,673383.3444,4967.785194,3063.404723
2019/5/15 4:30,666699.5222,4936.756754,3062.25835
2019/5/15 4:33,662957.4667,4842.350719,3032.022196
2019/5/15 4:36,659705.9222,4785.737349,3027.592201
2019/5/15 4:39,655550.0056,4770.811419,3019.041383
2019/5/15 4:42,656506.1389,4799.501719,3025.627057
2019/5/15 4:45,664654.95,4842.863013,3089.833501
2019/5/15 4:48,658272.75,4825.965663,3070.984352
2019/5/15 4:51,646372.1833,4766.680035,3018.621334
2019/5/15 4:54,656462.1,4959.476579,3124.913876
2019/5/15 4:57,663166.1444,5065.461738,3177.300988
2019/5/15 5:00,667125.9,5008.286332,3148.378542
2019/5/15 5:03,664035.5111,4979.182677,3152.896497
2019/5/15 5:06,644500.1667,4792.710501,3134.548031
2019/5/15 5:09,640908.2778,4677.845589,3112.894129
2019/5/15 5:12,636369.6333,4605.853424,3077.334135
2019/5/15 5:15,636014.7944,4677.314737,3047.217322
2019/5/15 5:18,640262.6778,4706.644481,3081.704333
2019/5/15 5:21,644222.2389,4748.877326,3124.841138
2019/5/15 5:24,643480.4,4725.444808,3104.088153
2019/5/15 5:27,645617.8167,4725.41992,3123.208439
2019/5/15 5:30,648337.9444,4869.857477,3095.761358
2019/5/15 5:33,654201.0278,4882.964089,3106.562812
2019/5/15 5:36,640103.3944,4787.249751,3151.372553
2019/5/15 5:39,635656.7333,4617.723516,3129.223677
2019/5/15 5:42,633072.2389,4533.325203,3103.37713
2019/5/15 5:45,638392.9944,4577.860211,3120.86967
2019/5/15 5:48,636503.6278,4577.824072,3100.799233
2019/5/15 5:51,636369.9056,4629.836614,3086.555648
2019/5/15 5:54,638515.2611,4613.277579,3065.211793
2019/5/15 5:57,639534.6056,4633.877253,3077.865096
2019/5/15 6:00,632441.0333,4515.40612,3044.267364
2019/5/15 6:03,640129.6944,4530.003501,3079.261975
2019/5/15 6:06,649289.5944,4539.434966,3168.769952
2019/5/15 6:09,647351.3111,4564.394331,3151.246926
2019/5/15 6:12,644407.2944,4582.856513,3135.886139
2019/5/15 6:15,648127.5167,4555.337083,3129.636443
2019/5/15 6:18,646854.3944,4484.271819,3106.285481
2019/5/15 6:21,655077.4778,4440.512815,3090.731754
2019/5/15 6:24,652830.9389,4364.35591,3056.724616
2019/5/15 6:27,642351.3611,4218.854108,3003.349739
2019/5/15 6:30,644015.9778,4302.644612,3033.188179
2019/5/15 6:33,649618.4056,4311.409196,3028.201624
2019/5/15 6:36,654544.6778,4323.321554,3013.76936
2019/5/15 6:39,657806.2278,4262.009396,2986.01426
2019/5/15 6:42,668230.5833,4269.846319,2976.77373
2019/5/15 6:45,665455.55,4156.865143,2935.897009
2019/5/15 6:48,652677.1611,4173.10192,2929.950476
2019/5/15 6:51,651361.3833,4212.383169,2937.252565
2019/5/15 6:54,652339.1667,4204.020683,2940.493653
2019/5/15 6:57,656554.3111,4235.585237,2955.783431
2019/5/15 7:00,650198.2944,4176.599855,2930.813477
2019/5/15 7:03,641776.4167,4154.358824,2905.902724
2019/5/15 7:06,642400.1278,4140.897724,2900.133577
2019/5/15 7:09,654078.6667,4209.196876,2932.708432
2019/5/15 7:12,646700.5722,4132.520162,2922.708493
2019/5/15 7:15,649448.4722,4274.374747,2983.207453
2019/5/15 7:18,653772.4167,4256.67267,2978.96239
2019/5/15 7:21,658349.45,4296.191849,3020.684856
2019/5/15 7:24,655933.6,4287.880745,3028.504127
2019/5/15 7:27,628277.7722,4049.174385,2946.729598
2019/5/15 7:30,625052.0278,4156.517533,2947.168349
2019/5/15 7:33,628132.0333,4201.150166,2957.591659
2019/5/15 7:36,627727.6278,4249.331024,2964.684259
2019/5/15 7:39,626793.8611,4425.41703,3000.946216
2019/5/15 7:42,628056.0444,4521.845502,3023.001132
2019/5/15 7:45,628408.6111,4510.255517,3055.272662
2019/5/15 7:48,628421.9278,4506.015836,3059.173261
2019/5/15 7:51,628994.6444,4509.684212,3069.877622
2019/5/15 7:54,629775.3333,4598.18034,3071.250807
2019/5/15 7:57,631946.1667,4642.081524,3073.435097
2019/5/15 8:00,633596.3167,4907.670546,3117.85478
2019/5/15 8:03,631603.2833,4901.319734,3122.875879
2019/5/15 8:06,616537.2833,4852.552546,3130.668495
2019/5/15 8:09,616693.9889,4792.934976,3128.649228
2019/5/15 8:12,617075.4444,4751.574119,3120.639083
2019/5/15 8:15,617757.5889,4687.074065,3128.971013
2019/5/15 8:18,618428.3,4663.000855,3119.942863
2019/5/15 8:21,619322.9944,4637.473941,3116.383559
2019/5/15 8:24,620099.2722,4703.194402,3116.098172
2019/5/15 8:27,620519,4733.845572,3111.721137
2019/5/15 8:30,619566.6167,4776.523241,3154.016336
2019/5/15 8:33,619379.7778,4770.981055,3155.448341
2019/5/15 8:36,618254.4167,4764.518104,3168.446132
2019/5/15 8:39,616455.3944,4783.675518,3159.578732
2019/5/15 8:42,615838.4444,4779.902837,3146.112194
2019/5/15 8:45,615764.1444,4816.33297,3152.01701
2019/5/15 8:48,613785.3056,4769.330481,3134.333433
2019/5/15 8:51,607637.2333,4732.187691,3096.219642
2019/5/15 8:54,608897.5667,4807.012978,3107.781902
2019/5/15 8:57,609450.5111,4837.584855,3107.846673
2019/5/15 9:00,610785.9111,4835.922403,3099.783882
2019/5/15 9:03,611855.1667,4843.227866,3106.068204
2019/5/15 9:06,612355.4056,4848.746216,3123.406451
2019/5/15 9:09,612896.2167,4885.812492,3122.834326
2019/5/15 9:12,613226.8556,4898.419964,3115.902954
2019/5/15 9:15,612993.0167,4807.629628,3116.038645
2019/5/15 9:18,612713.1,4794.453146,3113.095475
2019/5/15 9:21,614123.6778,4786.300817,3119.837001
2019/5/15 9:24,613364.0056,4822.546328,3114.607783
2019/5/15 9:27,612910.9611,4833.47802,3108.767693
2019/5/15 9:30,613317.9444,4810.866329,3112.197929
2019/5/15 9:33,612652.0222,4737.331239,3090.888895
2019/5/15 9:36,612935.4111,4618.084596,3066.12246
2019/5/15 9:39,613664.7389,4708.279162,3061.4506
2019/5/15 9:42,613965.5111,4745.680216,3051.345632
2019/5/15 9:45,615419.95,4807.669889,3060.140352
2019/5/15 9:48,617737.3111,4805.134021,3062.916514
2019/5/15 9:51,617453.1222,4834.991923,3086.598417
2019/5/15 9:54,617063.7611,4967.956221,3130.899755
2019/5/15 9:57,616241.7944,5023.632239,3144.962431
2019/5/15 10:00,614940.45,4964.85645,3159.398574
2019/5/15 10:03,613433.6556,4919.920531,3142.811806
2019/5/15 10:06,612292.5389,4924.002256,3145.322719
2019/5/15 10:09,612672.3889,4920.774245,3146.633684
2019/5/15 10:12,609368.9833,4859.664536,3112.189841
2019/5/15 10:15,605323.2611,4663.587601,3090.118416
2019/5/15 10:18,606035.8722,4650.717075,3077.457192
2019/5/15 10:21,608852.85,4671.71236,3082.872121
2019/5/15 10:24,610891.3167,4645.076542,3086.649871
2019/5/15 10:27,611247.55,4620.713458,3082.302751
2019/5/15 10:30,612138.9444,4590.811164,3076.875943
2019/5/15 10:33,612776.1444,4506.116549,3066.478822
2019/5/15 10:36,612301.8778,4351.679113,3054.058702
2019/5/15 10:39,612638.6222,4567.577234,3089.512353
2019/5/15 10:42,610319.6,4669.217404,3091.979569
2019/5/15 10:45,606553.2444,4705.592014,3089.241491
2019/5/15 10:48,601548.1944,4700.917762,3052.580901
2019/5/15 10:51,602571.9444,4723.813009,3065.017555
2019/5/15 10:54,603166.0556,4702.048672,3066.665642
2019/5/15 10:57,604036.7722,4683.589833,3061.985455
2019/5/15 11:00,606452.1333,4629.542876,3058.48329
2019/5/15 11:03,608184.1722,4575.762226,3051.938709
2019/5/15 11:06,610796.6333,4503.994394,3058.208203
2019/5/15 11:09,612389.3667,4659.584282,3083.022926
2019/5/15 11:12,612797.6833,4722.407438,3092.660955
2019/5/15 11:15,614462.8889,4810.184945,3114.354409
2019/5/15 11:18,615026.7167,4791.867714,3115.961192
2019/5/15 11:21,616004.2444,4767.909591,3132.569522
2019/5/15 11:24,615285.9667,4808.990735,3137.797387
2019/5/15 11:27,615047.6611,4835.657966,3139.768967
2019/5/15 11:30,615358.7889,4807.065496,3136.769669
2019/5/15 11:33,615507.2778,4768.390105,3126.011733
2019/5/15 11:36,615452.1389,4678.781151,3112.282994
2019/5/15 11:39,614040.9389,4370.612405,3050.445059
2019/5/15 11:42,617228.6056,4255.164345,3022.962477
2019/5/15 11:45,620197.0889,4263.606216,3020.753159
2019/5/15 11:48,624606.6444,4321.487665,3028.389652
2019/5/15 11:51,627876.5611,4451.848836,3053.964015
2019/5/15 11:54,628412.6444,4852.921981,3127.330151
2019/5/15 11:57,626266.2889,5035.485114,3149.391886
2019/5/15 12:00,623660.2944,5053.730911,3177.34669
2019/5/15 12:03,620505.6222,4963.652742,3149.741644
2019/5/15 12:06,617300,4859.757325,3134.693387
2019/5/15 12:09,615090.1556,4747.780737,3108.433515
2019/5/15 12:12,614194.0444,4642.632156,3092.650583
2019/5/15 12:15,616349.6278,4405.731565,3058.959545
2019/5/15 12:18,619681.25,4478.093462,3064.333443
2019/5/15 12:21,622005.2167,4634.80396,3071.11422
2019/5/15 12:24,622459.5111,4785.041194,3099.294043
2019/5/15 12:27,621930.9111,4854.906331,3110.147488
2019/5/15 12:30,620842.3722,4768.163833,3105.137758
2019/5/15 12:33,618053.8111,4736.22778,3097.583416
2019/5/15 12:36,617121.2778,4665.616591,3091.111817
2019/5/15 12:39,615286.8278,4731.813882,3081.66075
2019/5/15 12:42,614122.9611,4748.027085,3068.499249
2019/5/15 12:45,614137.6278,4715.682694,3070.391364
2019/5/15 12:48,613883.6611,4648.169069,3054.02926
2019/5/15 12:51,613132.4722,4569.000128,3044.4703
2019/5/15 12:54,614044,4674.290639,3047.035022
2019/5/15 12:57,615166.1889,4737.577814,3047.730201
2019/5/15 13:00,615902.9778,4875.432805,3087.69187
2019/5/15 13:03,616926.7,4726.012083,3023.918942
2019/5/15 13:06,618791.6056,4855.35777,3096.556793
2019/5/15 13:09,620379.9556,4836.517064,3106.769394
2019/5/15 13:12,624128.6778,4833.435136,3117.209775
2019/5/15 13:15,622700.1611,4908.803366,3136.54788
2019/5/15 13:18,623376.1222,4927.660985,3138.514394
2019/5/15 13:21,623462.0722,4959.290256,3150.411824
2019/5/15 13:24,623248.2,4854.96764,3143.929271
2019/5/15 13:27,623441.4278,4810.771749,3143.317808
2019/5/15 13:30,622780.9611,4771.296273,3127.109631
2019/5/15 13:33,623011.7111,4803.822036,3124.260993
2019/5/15 13:36,622699.7389,4854.291238,3120.162658
2019/5/15 13:39,620567.6833,4909.663214,3113.299388
2019/5/15 13:42,619012.3167,4918.314057,3100.288828
2019/5/15 13:45,617714.6278,4959.537122,3113.743184
2019/5/15 13:48,617101.0833,4913.140648,3098.516266
2019/5/15 13:51,616360.05,4874.454249,3097.95342
2019/5/15 13:54,616294.2278,4842.38935,3101.70436
2019/5/15 13:57,616478.1389,4822.536741,3101.507038
2019/5/15 14:00,616591.6222,4792.400883,3108.271828
2019/5/15 14:03,617477.05,4757.43431,3111.842734
2019/5/15 14:06,617512.0111,4693.114806,3115.50445
2019/5/15 14:09,617144.3889,4697.105817,3113.427024
2019/5/15 14:12,615341.9389,4704.191946,3110.067092
2019/5/15 14:15,615636.1111,4458.750024,3090.168422
2019/5/15 14:18,616808.1222,4387.279678,3074.059578
2019/5/15 14:21,619581.9111,4268.199378,3051.193778
2019/5/15 14:24,621849.1222,4453.668854,3065.198017
2019/5/15 14:27,623808.2833,4556.673371,3072.326555
2019/5/15 14:30,624463.9778,4687.778252,3087.237293
2019/5/15 14:33,626700.3833,4748.800343,3108.553859
2019/5/15 14:36,627775.2778,4843.56883,3139.778219
2019/5/15 14:39,626160.2944,4917.523306,3134.107522
2019/5/15 14:42,623876.4889,4926.240085,3117.750546
2019/5/15 14:45,620939.4833,4901.122455,3097.231507
2019/5/15 14:48,618684.2611,4844.177367,3068.187375
2019/5/15 14:51,618508.8444,4848.375126,3056.257765
2019/5/15 14:54,619177.3222,4802.306318,3049.901549
2019/5/15 14:57,620221.7611,4791.545105,3049.741575
2019/5/15 15:00,620866.4889,4690.305515,3050.957746
2019/5/15 15:03,621449.1556,4705.452021,3052.283514
2019/5/15 15:06,621810.6222,4729.365086,3057.352529
2019/5/15 15:09,622214.4278,4763.426923,3062.085095
2019/5/15 15:12,624252.7833,4770.986697,3063.353676
2019/5/15 15:15,622058.1444,4819.097469,3058.320772
2019/5/15 15:18,621544.1722,4807.428999,3057.532922
2019/5/15 15:21,621648.6167,4820.512818,3068.075337
2019/5/15 15:24,621684.2944,4830.124841,3089.113542
2019/5/15 15:27,622068.0889,4832.096579,3098.715635
2019/5/15 15:30,622101.6278,4759.747067,3085.936711
2019/5/15 15:33,622583.3278,4750.248775,3082.17926
2019/5/15 15:36,622763.9556,4730.511711,3079.164377
2019/5/15 15:39,622794.0222,4821.647203,3078.981798
2019/5/15 15:42,621721.1222,4852.885749,3069.07608
2019/5/15 15:45,619419.4111,4768.546457,3080.865733
2019/5/15 15:48,618313.5389,4679.031239,3052.79556
2019/5/15 15:51,618301.9111,4598.452319,3036.154309
2019/5/15 15:54,620123.3556,4732.832003,3047.853578
2019/5/15 15:57,621972.3111,4818.722308,3059.706665
2019/5/15 16:00,622645.1778,4685.151827,3058.220459
2019/5/15 16:03,623459.0056,4682.259821,3067.61599
2019/5/15 16:06,624014.55,4664.963371,3087.687934
2019/5/15 16:09,624257.9833,4470.83159,3055.473787
2019/5/15 16:12,625729.9389,4371.642807,3039.433736
2019/5/15 16:15,625784.7333,3946.418791,3003.684701
2019/5/15 16:18,628510.7889,4109.825797,3020.561624
2019/5/15 16:21,628118.0667,4395.032001,3049.43142
2019/5/15 16:24,625464.6333,4604.192043,3051.997185
2019/5/15 16:27,625876.0611,4710.898322,3049.140339
2019/5/15 16:30,625745.7278,4531.412807,3046.397321
2019/5/15 16:33,625637.3778,4507.865422,3046.486379
2019/5/15 16:36,626828.75,4463.216697,3054.337786
2019/5/15 16:39,626696.3222,4462.91652,3057.320485
2019/5/15 16:42,623533.35,4444.754356,3048.579774
2019/5/15 16:45,621125.4722,4499.785171,3044.446857
2019/5/15 16:48,618355.1833,4513.440284,3037.397169
2019/5/15 16:51,616793.8556,4561.772698,3051.198582
2019/5/15 16:54,615156.6222,4370.802333,3036.187687
2019/5/15 16:57,615307.3,4280.458489,3027.117952
2019/5/15 17:00,615439.4333,4301.030478,3047.069673
2019/5/15 17:03,614314.7833,4163.607494,3034.79057
2019/5/15 17:06,614460.7667,3906.193473,3026.694916
2019/5/15 17:09,613032.5389,4077.313316,3018.312476
2019/5/15 17:12,612818.6222,4136.977458,3007.620635
2019/5/15 17:15,610557.1611,4445.795354,3041.15072
2019/5/15 17:18,609346.4167,4358.880988,3034.235836
2019/5/15 17:21,608862.6111,4202.077318,3032.992672
2019/5/15 17:24,606180.2444,4273.88629,3018.945
2019/5/15 17:27,604919.9,4302.857709,3004.419319
2019/5/15 17:30,601889.1,4326.653467,2994.310765
2019/5/15 17:33,604529.7667,4336.551899,2988.396042
2019/5/15 17:36,606061.5056,4393.891622,2997.38292
2019/5/15 17:39,604013.9667,4470.386744,3009.850805
2019/5/15 17:42,604787.45,4489.169861,3006.366082
2019/5/15 17:45,602941.9333,4159.729728,3013.954094
2019/5/15 17:48,604603.6,4109.597081,2988.00383
2019/5/15 17:51,603466.4667,4024.217452,2947.903904
2019/5/15 17:54,605121.5333,3993.793484,2920.77136
2019/5/15 17:57,610475.2333,3997.037658,2923.873206
2019/5/15 18:00,610369.0333,4743.897025,3040.318333
2019/5/15 18:03,613388.0833,4724.868076,3023.893872
2019/5/15 18:06,610373.6167,4727.065585,3032.008212
2019/5/15 18:09,608400.8833,4553.793131,3049.36675
2019/5/15 18:12,608557.45,4484.74018,3064.578491
2019/5/15 18:15,606271.0722,4179.671292,3019.199407
2019/5/15 18:18,608765.0889,4061.446762,3024.524551
2019/5/15 18:21,610085.5778,3820.052212,3013.359836
2019/5/15 18:24,611810.4222,3624.692779,3015.505137
2019/5/15 18:27,616046.8222,3555.746842,3024.732256
2019/5/15 18:30,619619.0111,3407.228195,2985.563054
2019/5/15 18:33,624931.2056,3436.694202,2981.408237
2019/5/15 18:36,628482.5444,3440.191725,2970.193524
2019/5/15 18:39,633154.1556,3466.048602,2970.779929
2019/5/15 18:42,641725.9333,3524.129776,2979.858868
2019/5/15 18:45,647586.0556,3830.724996,3055.889894
2019/5/15 18:48,646784.8556,3832.773116,3079.577418
2019/5/15 18:51,647917.9833,3738.691486,3050.952264
2019/5/15 18:54,650361.0389,3581.475414,2991.587108
2019/5/15 18:57,655339.0222,3585.631741,3001.689791
2019/5/15 19:00,661595.8722,3810.869677,3058.45608
2019/5/15 19:03,666491.5889,3864.163205,3090.47982
2019/5/15 19:06,669359.2833,4040.8009,3176.821837
2019/5/15 19:09,662277.8611,4155.802328,3220.245765
2019/5/15 19:12,663958.7056,4291.222411,3304.939013
2019/5/15 19:15,666507.35,4397.333416,3359.138798
2019/5/15 19:18,670444.5889,4338.108758,3357.119168
2019/5/15 19:21,671875.8444,4204.746561,3336.047019
2019/5/15 19:24,671956.1167,4244.665935,3316.482928
2019/5/15 19:27,671668.8944,4282.308683,3317.295235
2019/5/15 19:30,670367.8222,4142.160644,3286.277076
2019/5/15 19:33,671219.6444,4209.698786,3293.999799
2019/5/15 19:36,672372.1278,4381.164772,3330.866873
2019/5/15 19:39,672724.2778,4323.02644,3314.527057
2019/5/15 19:42,672491.5556,4300.69009,3310.448415
2019/5/15 19:45,669877.0611,4400.96444,3304.793074
2019/5/15 19:48,661538.8,4293.011159,3246.667062
2019/5/15 19:51,661023.2944,4217.162997,3196.381852
2019/5/15 19:54,663193.9167,4235.523303,3252.562659
2019/5/15 19:57,661695.7444,4210.329451,3267.521552
2019/5/15 20:00,661703.6389,4253.692482,3302.616166
2019/5/15 20:03,624742.1444,4358.773214,3031.002685
2019/5/15 20:06,618716.7722,4527.147627,3071.165791
2019/5/15 20:09,623729.8389,4695.166356,3139.015468
2019/5/15 20:12,634572.2167,4840.127804,3213.401424
2019/5/15 20:15,650657.4056,4895.609149,3268.841493
2019/5/15 20:18,648572.9333,4823.983955,3203.414385
2019/5/15 20:21,645903.2,4790.715325,3147.692906
2019/5/15 20:24,646053.6111,4785.989156,3125.483335
2019/5/15 20:27,653476.6389,4855.607011,3158.122188
2019/5/15 20:30,661301.2889,4955.070095,3210.777848
2019/5/15 20:33,664701.1,4905.818213,3193.742625
2019/5/15 20:36,654208.9167,4859.13284,3156.231016
2019/5/15 20:39,656293.6611,4845.967601,3122.795279
2019/5/15 20:42,650695.5,4811.553586,3096.168921
2019/5/15 20:45,643060.8444,4760.437989,3060.896623
2019/5/15 20:48,638380.2111,4754.321712,3049.259436
2019/5/15 20:51,639968.7722,4818.04661,3067.707333
2019/5/15 20:54,644383.6444,4749.374354,3101.625541
2019/5/15 20:57,645249.9889,4741.808332,3146.12056
2019/5/15 21:00,641223.0278,4795.813424,3105.457921
2019/5/15 21:03,643606.3,4853.650061,3121.196299
2019/5/15 21:06,647222.1167,5045.291879,3216.240766
2019/5/15 21:09,643635.5556,4915.005404,3152.130819
2019/5/15 21:12,641283.2056,4876.457269,3142.437369
2019/5/15 21:15,646317.5722,4874.819495,3188.112275
2019/5/15 21:18,647125.1444,4864.342902,3187.932329
2019/5/15 21:21,652055.6611,5012.136388,3284.806465
2019/5/15 21:24,656625.3444,5093.861447,3316.353283
2019/5/15 21:27,651165.5556,5088.301272,3308.734467
2019/5/15 21:30,641581.0222,4828.839667,3182.207455
2019/5/15 21:33,631896.7833,4774.52331,3180.736283
2019/5/15 21:36,631241.5722,4857.962097,3269.824151
2019/5/15 21:39,635430.4222,4971.09031,3320.91885
2019/5/15 21:42,640982.0278,5085.990859,3379.819854
2019/5/15 21:45,644195.6167,5126.659544,3345.87371
2019/5/15 21:48,639302.05,5038.994694,3321.247124
2019/5/15 21:51,643241.7778,5047.203007,3383.641876
2019/5/15 21:54,642794.6333,4895.290657,3369.861867
2019/5/15 21:57,643876.4889,4797.782864,3322.884851
2019/5/15 22:00,647326.35,4883.490271,3359.737769
2019/5/15 22:03,642595.9833,4859.073634,3326.588859
2019/5/15 22:06,643298.6389,4917.199112,3318.159272
2019/5/15 22:09,648019.3944,4968.085846,3325.55206
2019/5/15 22:12,647910.3056,4938.55867,3306.471738
2019/5/15 22:15,636846.5944,4621.733856,3188.393867
2019/5/15 22:18,631112.8,4437.290715,3090.275488
2019/5/15 22:21,633067.6833,4660.513554,3252.656934
2019/5/15 22:24,639565.5889,4720.788279,3266.261793
2019/5/15 22:27,639404.3611,4731.694528,3266.132541
2019/5/15 22:30,641686.8167,4875.827799,3283.626226
2019/5/15 22:33,643536.4944,4927.545151,3303.634924
2019/5/15 22:36,644609.4056,5032.943124,3352.111107
2019/5/15 22:39,644218.1722,4974.251087,3349.288863
2019/5/15 22:42,647216.0722,4987.112836,3377.745978
2019/5/15 22:45,649453.3944,5004.574312,3407.943451
2019/5/15 22:48,649118.4222,4891.026678,3374.490136
2019/5/15 22:51,644643.7111,4826.635579,3335.828407
2019/5/15 22:54,642261.2944,4654.752053,3263.416586
2019/5/15 22:57,645140.2944,4596.427356,3240.715794
2019/5/15 23:00,652216.3611,5070.693818,3409.413288
2019/5/15 23:03,653663.0667,5094.265666,3422.51153
2019/5/15 23:06,653944.4944,5199.615687,3459.011472
2019/5/15 23:09,655520.7778,5149.154126,3438.617457
2019/5/15 23:12,657010.2333,5136.74295,3452.918274
2019/5/15 23:15,659610.6944,5275.77057,3508.55221
2019/5/15 23:18,660615.5444,5209.305103,3497.037006
2019/5/15 23:21,662096.9222,5231.873452,3531.044112
2019/5/15 23:24,663411.8833,5173.192776,3493.689368
2019/5/15 23:27,663152.1722,5128.687792,3477.449328
2019/5/15 23:30,660482.1444,5062.541525,3427.669971
2019/5/15 23:33,665225.3667,5068.91951,3442.026407
2019/5/15 23:36,665191.5833,5228.027301,3517.511547
2019/5/15 23:39,663387.9056,5251.533585,3537.231056
2019/5/15 23:42,667157.2,5279.809586,3576.188992
2019/5/15 23:45,665917.5,5331.202882,3556.137632
2019/5/15 23:48,663500.8333,5222.259353,3517.892361
2019/5/15 23:51,663371.4111,5224.739977,3525.876881
2019/5/15 23:54,662709.5167,5192.344374,3472.862631
2019/5/15 23:57,661366.4667,5165.907422,3469.090301
2019/5/16 0:00,661479.0167,4970.991622,3455.40201
2019/5/16 0:03,652135.2167,4779.80598,3400.353303
2019/5/16 0:06,645143.3778,4558.600932,3363.815045
2019/5/16 0:09,643673.7889,4533.093397,3375.926359
2019/5/16 0:12,646703.9556,4602.163094,3427.59451
2019/5/16 0:15,652126.4222,4881.637645,3557.767895
2019/5/16 0:18,657515.2389,4922.940825,3563.195008
2019/5/16 0:21,659725.9,4991.0802,3592.390437
2019/5/16 0:24,652556.35,4866.84389,3527.29479
2019/5/16 0:27,652121.4278,4875.891433,3554.03972
2019/5/16 0:30,658400.45,4848.260245,3592.607446
2019/5/16 0:33,662316.4833,4810.024105,3576.727696
2019/5/16 0:36,661096.0833,4746.439535,3544.90013
2019/5/16 0:39,657821.7833,4611.075202,3446.551665
2019/5/16 0:42,659483.1,4576.928801,3427.277259
2019/5/16 0:45,661750.1611,4461.807505,3507.931866
2019/5/16 0:48,664480.2,4490.932237,3545.009453
2019/5/16 0:51,664207.65,4563.729641,3616.133708
2019/5/16 0:54,663121.0944,4648.60488,3640.193336
2019/5/16 0:57,660447.5278,4717.529035,3665.942797
2019/5/16 1:00,652373.8556,4525.297794,3584.16974
2019/5/16 1:03,655426.1611,4531.122598,3593.479808
2019/5/16 1:06,662241.4278,4627.205202,3660.844947
2019/5/16 1:09,662716.8611,4593.198711,3619.719658
2019/5/16 1:12,656148.3833,4571.969691,3579.822182
2019/5/16 1:15,655524.1667,4758.743353,3580.592348
2019/5/16 1:18,655899.5111,4791.651057,3560.280438
2019/5/16 1:21,657122.2556,4942.395345,3578.915398
2019/5/16 1:24,660593.6667,5017.891499,3594.132117
2019/5/16 1:27,661637.2889,5038.648319,3610.867773
2019/5/16 1:30,653094.7889,4950.848128,3552.042792
2019/5/16 1:33,649356.1611,4882.494999,3538.473093
2019/5/16 1:36,651054.95,5053.976927,3653.734784
2019/5/16 1:39,650961.1667,5021.065662,3628.091839
2019/5/16 1:42,657136.7111,5043.00027,3642.219123
2019/5/16 1:45,658345.6833,5044.165922,3635.929622
2019/5/16 1:48,654062.8611,4959.621075,3623.521905
2019/5/16 1:51,646130.8278,4910.553132,3650.148138
2019/5/16 1:54,646903.2611,4986.250685,3659.248959
2019/5/16 1:57,654442.2,5069.387559,3700.795525
2019/5/16 2:00,654242.1278,5097.931573,3695.802367
2019/5/16 2:03,652767.4667,5016.980039,3662.898747
2019/5/16 2:06,647090.1278,4946.754353,3639.199634
2019/5/16 2:09,643473.1944,4884.667284,3582.610577
2019/5/16 2:12,644827.45,4906.017222,3596.040973
2019/5/16 2:15,644685.2611,4883.710703,3560.558218
2019/5/16 2:18,644331.3389,4893.859897,3541.41854
2019/5/16 2:21,643370.1556,4952.52024,3537.653613
2019/5/16 2:24,641034.8111,4954.152054,3509.035423
2019/5/16 2:27,644151.6389,5011.740262,3522.424865
2019/5/16 2:30,647981.1167,5088.099584,3540.125344
2019/5/16 2:33,646476.9111,5124.963195,3531.454209
2019/5/16 2:36,647461.2778,5251.045839,3566.036716
2019/5/16 2:39,649652.8778,5226.31291,3541.961667
2019/5/16 2:42,649410.65,5237.173021,3552.668023
2019/5/16 2:45,647853.0889,5170.785252,3551.289684
2019/5/16 2:48,646540.4611,5119.260629,3525.950687
2019/5/16 2:51,642151.3222,5074.121524,3499.182013
2019/5/16 2:54,638297.6056,4965.124941,3408.721714
2019/5/16 2:57,634596.6222,4923.575544,3349.099887
2019/5/16 3:00,637191.7889,4634.88291,3311.396393
2019/5/16 3:03,640159.9278,4608.274688,3281.132666
2019/5/16 3:06,644643.5111,4548.339491,3255.813488
2019/5/16 3:09,641901.0444,4412.307478,3176.314913
2019/5/16 3:12,652387.9444,4451.839906,3235.451905
2019/5/16 3:15,654849.1,4412.317595,3242.118919
2019/5/16 3:18,647216.6056,4359.859876,3192.616016
2019/5/16 3:21,648764.5389,4336.766121,3196.480257
2019/5/16 3:24,646814.55,4333.54668,3163.931406
2019/5/16 3:27,649825.35,4389.363538,3171.778362
2019/5/16 3:30,644186.4278,4246.585895,3092.748205
2019/5/16 3:33,642945.0389,4236.555928,3060.327017
2019/5/16 3:36,655831.4278,4332.614978,3141.248371
2019/5/16 3:39,661656.7889,4461.426212,3089.942046
2019/5/16 3:42,664911.8,4531.423289,3055.032325
2019/5/16 3:45,681065.4667,4547.908851,3036.75649
2019/5/16 3:48,665703.1389,4506.400472,2983.489661
2019/5/16 3:51,665895.8111,4571.343528,3009.582651
2019/5/16 3:54,670467.0333,4563.298192,3052.938362
2019/5/16 3:57,672777.35,4575.662109,3077.534594
2019/5/16 4:00,679157.7333,4435.437757,3025.772442
2019/5/16 4:03,682463,4478.663799,3006.622915
2019/5/16 4:06,681194.1778,4525.521684,2973.785359
2019/5/16 4:09,678990.4167,4562.905054,2946.751192
2019/5/16 4:12,684190.05,4697.049528,2976.299708
2019/5/16 4:15,686275.8722,4611.724052,2911.97575
2019/5/16 4:18,675173.0833,4492.875006,2841.255944
2019/5/16 4:21,674912.3056,4497.958963,2870.989578
2019/5/16 4:24,664289.6,4583.744919,2877.778196
2019/5/16 4:27,664901.3556,4681.257088,2885.445566
2019/5/16 4:30,673138.0611,4703.3974,2945.676899
2019/5/16 4:33,666337.3278,4675.936605,2897.635678
2019/5/16 4:36,671839.6056,4672.516851,2863.719598
2019/5/16 4:39,673276.8333,4776.600857,2900.819878
2019/5/16 4:42,679839.0444,4927.361364,2967.074445
2019/5/16 4:45,671922.9778,4938.687791,2926.613356
2019/5/16 4:48,670620.9944,5008.569274,2952.167416
2019/5/16 4:51,677272.5444,5160.485301,3041.692209
2019/5/16 4:54,679035.7167,5116.562665,3026.203727
2019/5/16 4:57,681009.0944,5106.435301,3023.829613
2019/5/16 5:00,681376.7222,5069.927763,3084.844703
2019/5/16 5:03,665211.8444,4973.912522,3037.037988
2019/5/16 5:06,657258.3278,4960.163111,2993.973935
2019/5/16 5:09,648746.7611,4904.647498,3008.767987
2019/5/16 5:12,644487.9944,4905.156304,3037.527813
2019/5/16 5:15,642481.6278,4821.825375,3053.456067
2019/5/16 5:18,639804.3111,4814.601291,3054.201353
2019/5/16 5:21,637759.6722,4839.554065,3065.226648
2019/5/16 5:24,646165.1444,4877.806868,3112.288087
2019/5/16 5:27,644979.8278,4897.011501,3132.480212
2019/5/16 5:30,641191.6889,4780.341728,3053.789446
2019/5/16 5:33,643712.1111,4794.207583,3041.653276
2019/5/16 5:36,641100.2667,4849.606078,3022.785041
2019/5/16 5:39,636084.0278,4810.853968,2978.564122
2019/5/16 5:42,639051.3556,4843.792995,2977.955519
2019/5/16 5:45,641665.3111,4803.205667,2968.227885
2019/5/16 5:48,647037.5389,4811.1902,2990.830391
2019/5/16 5:51,653485.6889,4797.8058,3017.482128
2019/5/16 5:54,667357.9389,4804.481648,3015.14199
2019/5/16 5:57,670606.9611,4816.610258,3021.150758
2019/5/16 6:00,669737.8611,4670.285571,3024.718571
2019/5/16 6:03,676439.4056,4665.317322,3028.66952
2019/5/16 6:06,680702.75,4679.254923,3045.329694
2019/5/16 6:09,679481.2111,4813.167191,3069.184388
2019/5/16 6:12,673438.7889,4888.996107,3086.899714
2019/5/16 6:15,672889.2278,4983.754991,3131.199453
2019/5/16 6:18,669424.8222,4998.370325,3135.796147
2019/5/16 6:21,666740.6778,5043.818367,3157.09579
2019/5/16 6:24,656829.5611,4915.378431,3112.994573
2019/5/16 6:27,628581.7,4704.862919,3035.165203
2019/5/16 6:30,627774.2222,4591.909812,2887.784434
2019/5/16 6:33,643224.4278,4606.649754,2883.47389
2019/5/16 6:36,648180.6833,4676.296676,2888.9954
2019/5/16 6:39,662605.1333,4795.862944,2927.651385
2019/5/16 6:42,664811.4278,4889.900975,2963.170784
2019/5/16 6:45,664144.35,4817.570215,2970.022425
2019/5/16 6:48,671539,4855.660803,2994.544546
2019/5/16 6:51,671315.1111,4890.766404,3020.806487
2019/5/16 6:54,666817.5611,4881.974225,3063.520053
2019/5/16 6:57,663923.0222,4901.567373,3110.66605
2019/5/16 7:00,664811.3722,5020.518309,3169.986595
2019/5/16 7:03,668949.4778,5026.98702,3161.017812
2019/5/16 7:06,667311.6389,5024.352583,3154.74572
2019/5/16 7:09,657934.8167,4874.669424,3089.421487
2019/5/16 7:12,652835.0611,4794.928908,3046.861218
2019/5/16 7:15,662216.2111,4880.227809,3089.491367
2019/5/16 7:18,667097.7944,4847.079988,3091.994526
2019/5/16 7:21,669541.7222,4822.144199,3114.235367
2019/5/16 7:24,671423.9833,4794.274096,3108.155932
2019/5/16 7:27,653319.3278,4682.039164,3073.238159
2019/5/16 7:30,625613.3444,4304.552673,2915.218248
2019/5/16 7:33,628342.3944,4199.444524,2871.307927
2019/5/16 7:36,635182.0556,4256.082381,2927.894475
2019/5/16 7:39,638977.8778,4335.901551,2964.459279
2019/5/16 7:42,638675.0333,4372.80963,2980.62104
2019/5/16 7:45,638399.2667,4314.588612,3001.81738
2019/5/16 7:48,638382.25,4296.075331,3002.512015
2019/5/16 7:51,639139.05,4299.121786,3017.96655
2019/5/16 7:54,638918.3889,4435.568317,3028.9232
2019/5/16 7:57,638499.7833,4505.927143,3033.418449
2019/5/16 8:00,636572.5222,4889.603399,3089.528522
2019/5/16 8:03,634673.9889,4850.622496,3087.49681
2019/5/16 8:06,623435.9611,4809.483125,3098.141369
2019/5/16 8:09,622451.0111,4787.619434,3097.13143
2019/5/16 8:12,622293.8222,4763.173167,3090.918421
2019/5/16 8:15,621780.9889,4768.050994,3095.896592
2019/5/16 8:18,622234.1722,4783.480514,3076.941843
2019/5/16 8:21,622781.7333,4826.884751,3095.021437
2019/5/16 8:24,622743.6667,4833.961471,3103.501285
2019/5/16 8:27,622655.9833,4827.701071,3101.637939
2019/5/16 8:30,623585.3167,4816.565223,3109.506091
2019/5/16 8:33,623804.9111,4824.273306,3105.962006
2019/5/16 8:36,623876.1278,4859.450672,3110.97895
2019/5/16 8:39,623461.8333,4877.7225,3108.97628
2019/5/16 8:42,621961.2444,4866.738501,3095.359641
2019/5/16 8:45,621181.45,4936.55327,3112.428211
2019/5/16 8:48,620728.1167,4914.96759,3103.216231
2019/5/16 8:51,620125.1611,4914.981262,3111.791132
2019/5/16 8:54,618789.6,4917.251657,3115.492913
2019/5/16 8:57,617801.0778,4910.791199,3111.432415
2019/5/16 9:00,618434.7333,4927.944765,3132.757855
2019/5/16 9:03,618633.5444,4893.960205,3124.951264
2019/5/16 9:06,619294.7556,4857.722757,3123.835811
2019/5/16 9:09,620246.8167,4864.380574,3119.411486
2019/5/16 9:12,619682.0278,4851.870208,3107.530756
2019/5/16 9:15,621323.65,4900.907153,3118.276332
2019/5/16 9:18,621334.2722,4900.895102,3113.803267
2019/5/16 9:21,622502.2167,4922.549847,3123.01958
2019/5/16 9:24,621992.2222,4934.336356,3117.226786
2019/5/16 9:27,613481.4278,4838.17428,3097.534001
2019/5/16 9:30,611198.1222,4902.701052,3101.579015
2019/5/16 9:33,612262.35,4907.639082,3096.016084
2019/5/16 9:36,613534.2611,4938.884155,3100.729021
2019/5/16 9:39,613108.3889,4950.945194,3109.245445
2019/5/16 9:42,612625.3667,4940.831712,3104.149841
2019/5/16 9:45,610867.4167,5000.615527,3105.620817
2019/5/16 9:48,608457.2556,4979.896162,3075.092687
2019/5/16 9:51,607096.0333,5006.495344,3073.015447
2019/5/16 9:54,605575.1611,4997.103315,3067.913566
2019/5/16 9:57,604908.7611,4986.279087,3058.870646
2019/5/16 10:00,604864.7333,5002.035252,3080.027609
2019/5/16 10:03,605074.4889,5002.476805,3079.501079
2019/5/16 10:06,605756.5556,5028.667554,3094.085745
2019/5/16 10:09,606821.1556,5037.17175,3097.851267
2019/5/16 10:12,605748.1111,5030.749884,3091.843753
2019/5/16 10:15,606174.1944,5028.89877,3106.860808
2019/5/16 10:18,606204.2111,5018.919191,3103.115315
2019/5/16 10:21,607339.4556,5014.831467,3106.394731
2019/5/16 10:24,607905.6389,5013.725406,3101.742607
2019/5/16 10:27,606685.0944,4999.546464,3091.157543
2019/5/16 10:30,606487.5222,5038.590376,3103.672053
2019/5/16 10:33,605639.1778,5048.258467,3104.472828
2019/5/16 10:36,605329.2944,5071.951783,3114.374971
2019/5/16 10:39,604639.8111,5097.17551,3106.520965
2019/5/16 10:42,605832.2333,5086.700242,3092.626909
2019/5/16 10:45,606920.4556,5075.711835,3101.72465
2019/5/16 10:48,607478.3611,5041.726713,3092.702821
2019/5/16 10:51,607896.3944,5000.148455,3091.025056
2019/5/16 10:54,607184.9944,4990.14597,3082.335979
2019/5/16 10:57,607176.65,4979.289695,3072.884562
2019/5/16 11:00,607701.0389,5046.876873,3074.258873
2019/5/16 11:03,606830.4167,5030.165271,3074.367256
2019/5/16 11:06,606199.1833,5025.668297,3092.809888
2019/5/16 11:09,606831.5833,5008.523389,3099.360437
2019/5/16 11:12,607518.7167,4994.556929,3099.462905
2019/5/16 11:15,607345.4444,5017.678211,3088.289341
2019/5/16 11:18,606474.0111,5008.126179,3080.306143
2019/5/16 11:21,605747.9722,5019.443581,3075.985816
2019/5/16 11:24,605539.6722,5010.796029,3078.817349
2019/5/16 11:27,605180.2,5013.173427,3075.58215
2019/5/16 11:30,604768.9222,5065.345725,3096.562028
2019/5/16 11:33,603344.6833,5062.891752,3091.804749
2019/5/16 11:36,602604.0389,5082.264256,3096.368495
2019/5/16 11:39,601743.1667,5085.580355,3094.574894
2019/5/16 11:42,602466.6944,5074.549327,3087.174949
2019/5/16 11:45,601868.2111,5048.852865,3085.208755
2019/5/16 11:48,602279.9278,5035.053864,3080.93354
2019/5/16 11:51,600805.8722,5040.939339,3083.854799
2019/5/16 11:54,600379.8889,5020.163453,3082.912641
2019/5/16 11:57,599986.5889,5000.012732,3077.131158
2019/5/16 12:00,599147.1833,5038.620797,3090.986656
2019/5/16 12:03,599188.8389,5032.214947,3088.902325
2019/5/16 12:06,599029.3111,5049.731816,3101.192853
2019/5/16 12:09,599162.3889,5036.415605,3105.246373
2019/5/16 12:12,600371.2889,5021.442387,3102.716006
2019/5/16 12:15,600795.3278,5022.033832,3100.761103
2019/5/16 12:18,601238.7444,4983.842204,3077.740969
2019/5/16 12:21,602874.75,4982.343403,3074.694217
2019/5/16 12:24,603398.4056,4993.672806,3067.425334
2019/5/16 12:27,603518.8444,5000.222409,3064.128033
2019/5/16 12:30,603184.1944,4992.570968,3068.140485
2019/5/16 12:33,601705.8389,4988.937063,3064.811822
2019/5/16 12:36,601905.5611,4997.346403,3063.496089
2019/5/16 12:39,601513.7111,5029.173524,3060.578926
2019/5/16 12:42,602701.6556,5032.719434,3051.799208
2019/5/16 12:45,602921.1778,5044.689045,3069.804044
2019/5/16 12:48,602432.9111,5038.73998,3063.826148
2019/5/16 12:51,600429.0667,5066.367722,3070.121529
2019/5/16 12:54,599195.1611,5060.186634,3069.843207
2019/5/16 12:57,598259.3667,5049.820104,3066.376103
2019/5/16 13:00,597834.1556,5047.720971,3073.737122
2019/5/16 13:03,597082.5222,5034.115327,3067.025232
2019/5/16 13:06,597105.2333,5027.751465,3071.055642
2019/5/16 13:09,597131.55,5036.264625,3068.491786
2019/5/16 13:12,597631.7722,5013.881996,3052.681881
2019/5/16 13:15,598311.0944,5014.911318,3076.325272
2019/5/16 13:18,601442.7167,5003.473451,3073.418172
2019/5/16 13:21,602805.8833,5011.999179,3078.941388
2019/5/16 13:24,603764.05,5006.662193,3075.661499
2019/5/16 13:27,603790.9889,4990.346161,3070.376249
2019/5/16 13:30,604018.5833,5012.488481,3082.766277
2019/5/16 13:33,604277.75,4991.368501,3081.368387
2019/5/16 13:36,606449.2611,4965.726634,3085.408238
2019/5/16 13:39,607594.0167,5000.080229,3079.960081
2019/5/16 13:42,606772.1944,5002.544788,3070.273219
2019/5/16 13:45,603585.7222,5063.246572,3090.517601
2019/5/16 13:48,601629.35,5038.527531,3079.524068
2019/5/16 13:51,600392.3833,5034.803197,3078.746537
2019/5/16 13:54,598905.0389,4983.318804,3064.991858
2019/5/16 13:57,598948.2056,4943.116916,3052.040072
2019/5/16 14:00,598172.4722,4999.79425,3072.219297
2019/5/16 14:03,598391.1056,4963.734464,3062.863519
2019/5/16 14:06,600973.7111,4909.09545,3058.611526
2019/5/16 14:09,601624.8556,4914.913185,3058.02597
2019/5/16 14:12,601758.7778,4915.713566,3055.632611
2019/5/16 14:15,601654.0222,4943.039771,3070.231182
2019/5/16 14:18,601791.4556,4934.118702,3066.956288
2019/5/16 14:21,606903.7167,4932.728551,3073.435517
2019/5/16 14:24,610809.3556,4916.284645,3070.878069
2019/5/16 14:27,612236.6778,4905.895858,3066.096954
2019/5/16 14:30,610634.55,4894.233076,3072.416592
2019/5/16 14:33,609448.2,4897.604696,3065.12076
2019/5/16 14:36,609476.0444,4940.215598,3061.196114
2019/5/16 14:39,609175.9556,4982.479642,3055.338374
2019/5/16 14:42,608341.6,4984.724938,3042.854345
2019/5/16 14:45,608615.9556,4958.13046,3046.867048
2019/5/16 14:48,607172.45,4962.536386,3038.650672
2019/5/16 14:51,606594.35,4985.847327,3043.039166
2019/5/16 14:54,607048.35,4929.40673,3042.376481
2019/5/16 14:57,605793.6611,4882.922354,3031.616408
2019/5/16 15:00,603343.0667,4825.630688,3047.270174
2019/5/16 15:03,603828.2444,4787.497588,3042.026361
2019/5/16 15:06,603159.4556,4738.74801,3044.258685
2019/5/16 15:09,605256.9667,4688.729925,3043.286006
2019/5/16 15:12,607387.6111,4663.504925,3039.429664
2019/5/16 15:15,608480.6833,4560.660341,3018.115062
2019/5/16 15:18,610228.0111,4519.291295,3011.146797
2019/5/16 15:21,610380.35,4449.660522,3004.871316
2019/5/16 15:24,611153.9389,4138.42033,2971.542881
2019/5/16 15:27,611466.4,3993.846654,2952.207411
2019/5/16 15:30,616269.0333,3656.385358,2873.616604
2019/5/16 15:33,620308.1278,3713.718682,2880.682497
2019/5/16 15:36,629149.2333,3772.282394,2927.074352
2019/5/16 15:39,633919.7722,4142.020807,2989.209811
2019/5/16 15:42,635809.6333,4346.646958,3027.552168
2019/5/16 15:45,638080.6222,4604.596285,3099.467657
2019/5/16 15:48,639541.5722,4630.039835,3109.245252
2019/5/16 15:51,644216.9667,4701.338499,3136.160992
2019/5/16 15:54,646167.1167,4637.273012,3129.016774
2019/5/16 15:57,643898.3889,4597.585016,3119.937869
2019/5/16 16:00,641132.1778,4466.154591,3101.914422
2019/5/16 16:03,639631.2944,4432.764079,3077.188264
2019/5/16 16:06,639665.9778,4434.11352,3064.472714
2019/5/16 16:09,640015.4611,4584.859342,3076.412724
2019/5/16 16:12,638975.95,4631.336505,3072.685886
2019/5/16 16:15,633856.9278,4555.297132,3055.99479
2019/5/16 16:18,631538.1056,4503.13904,3043.916098
2019/5/16 16:21,630392.0833,4455.127904,3054.253265
2019/5/16 16:24,631237.25,4447.994488,3058.078533
2019/5/16 16:27,633455.8111,4460.559186,3072.813858
2019/5/16 16:30,632900.1222,4604.961788,3098.464122
2019/5/16 16:33,631956.3111,4620.040021,3090.248188
2019/5/16 16:36,632116,4684.492523,3096.969176
2019/5/16 16:39,631588.1333,4657.548391,3101.181516
2019/5/16 16:42,629345.9778,4598.898908,3078.985041
2019/5/16 16:45,626834.2778,4523.258698,3061.502482
2019/5/16 16:48,627231.5222,4460.599794,3036.578837
2019/5/16 16:51,628426.5111,4421.408554,3045.365745
2019/5/16 16:54,629117.55,4376.309073,3035.946805
2019/5/16 16:57,630341.4111,4368.260969,3034.788932
2019/5/16 17:00,631946.6,4618.001205,3053.194175
2019/5/16 17:03,633872.3333,4544.189956,3064.085395
2019/5/16 17:06,636512.5889,4378.435427,3088.218102
2019/5/16 17:09,635366.5889,4328.370732,3072.655077
2019/5/16 17:12,634775.0167,4292.07566,3058.807688
2019/5/16 17:15,631757.0333,4136.193229,3015.447128
2019/5/16 17:18,631741.7611,4053.912128,3005.773374
2019/5/16 17:21,631481.2333,3914.309493,3004.074243
2019/5/16 17:24,635763.3667,3872.567492,3021.327663
2019/5/16 17:27,641464.4056,3865.099182,3037.65677
2019/5/16 17:30,644145.5833,3954.32245,3036.881101
2019/5/16 17:33,642677.1889,4150.777897,3068.444674
2019/5/16 17:36,640549.8944,4536.536327,3126.839978
2019/5/16 17:39,638940.2333,4543.360094,3143.661835
2019/5/16 17:42,639295.7889,4527.955465,3136.71915
2019/5/16 17:45,641111.0556,4578.791124,3120.718966
2019/5/16 17:48,640954.8556,4605.135752,3113.039141
2019/5/16 17:51,639470.9444,4694.046314,3117.145008
2019/5/16 17:54,636721.2222,4687.05258,3112.50603
2019/5/16 17:57,637372.8722,4661.974267,3092.936015
2019/5/16 18:00,634808.7722,4521.696576,3060.13534
2019/5/16 18:03,634050.0722,4423.019608,3049.32362
2019/5/16 18:06,631860.7889,4278.529637,3053.582229
2019/5/16 18:09,633801.6333,4319.809167,3052.854799
2019/5/16 18:12,636675.9167,4350.60862,3054.99802
2019/5/16 18:15,636120.6667,4395.486387,3075.084862
2019/5/16 18:18,633288.2722,4264.185552,3058.256084
2019/5/16 18:21,630876.4,4021.842796,3039.252149
2019/5/16 18:24,631384.5889,3648.545567,2987.949945
2019/5/16 18:27,634042.8722,3467.570017,2967.770104
2019/5/16 18:30,640977.0778,3794.048889,3011.815136
2019/5/16 18:33,643598.15,3803.260659,3028.326616
2019/5/16 18:36,642986.6778,3807.680018,3032.923469
2019/5/16 18:39,646470.9111,3898.911744,3053.975175
2019/5/16 18:42,644983.9389,3941.374347,3065.192885
2019/5/16 18:45,645158.4556,3674.30726,3033.369217
2019/5/16 18:48,644442.2611,3609.322386,3016.509894
2019/5/16 18:51,644209.4278,3560.413791,3016.26464
2019/5/16 18:54,645697.4722,3567.773165,3007.488098
2019/5/16 18:57,647753.3111,3567.630023,3002.421988
2019/5/16 19:00,650178.7667,3639.577506,3005.686583
2019/5/16 19:03,646561.0222,3613.402413,2991.519798
2019/5/16 19:06,641697.9778,3612.401515,2993.197194
2019/5/16 19:09,644567.2,3670.920831,3024.954771
2019/5/16 19:12,655840.4611,3710.766757,3044.576951
2019/5/16 19:15,668824.6611,3867.525476,3089.948222
2019/5/16 19:18,670452.0722,3796.441861,3075.56794
2019/5/16 19:21,666250.8667,3678.954871,3046.337819
2019/5/16 19:24,674305.2278,3687.228788,3057.25184
2019/5/16 19:27,677549.2389,3730.149453,3083.269333
2019/5/16 19:30,684924.7111,3869.899378,3163.502909
2019/5/16 19:33,688453.5278,3874.488146,3176.230904
2019/5/16 19:36,676042.9667,3904.572504,3077.269567
2019/5/16 19:39,673398.3611,4032.070763,3104.606004
2019/5/16 19:42,677976.7389,4175.185588,3170.137064
2019/5/16 19:45,681813.1833,4129.918098,3255.719697
2019/5/16 19:48,681345.5167,4141.882065,3279.743798
2019/5/16 19:51,680174.1056,4215.410774,3334.868736
2019/5/16 19:54,681189.5889,4339.622195,3331.416612
2019/5/16 19:57,676959.8278,4406.963579,3305.567337
2019/5/16 20:00,677620,4217.098527,3314.463964
2019/5/16 20:03,679151.1222,4231.033787,3324.952313
2019/5/16 20:06,684345.95,4369.553708,3362.895226
2019/5/16 20:09,690430.3056,4407.755662,3344.131277
2019/5/16 20:12,689479.7944,4425.713156,3338.165666
2019/5/16 20:15,683430.4667,4324.615136,3287.270721
2019/5/16 20:18,685718.0889,4341.80265,3307.545875
2019/5/16 20:21,682644.2722,4296.677724,3305.679673
2019/5/16 20:24,676940.4278,4154.820761,3214.057707
2019/5/16 20:27,679879.95,4123.26083,3196.138876
2019/5/16 20:30,680195.5056,4071.790335,3187.810613
2019/5/16 20:33,681498.3389,4010.970877,3188.377157
2019/5/16 20:36,685772.2611,4037.922473,3244.246026
2019/5/16 20:39,687907.1167,4111.77549,3280.877518
2019/5/16 20:42,691087.8167,4168.561807,3320.786677
2019/5/16 20:45,688451.1056,4215.840548,3290.375518
2019/5/16 20:48,690357.2389,4321.522978,3307.445553
2019/5/16 20:51,691740.4333,4555.321441,3361.55841
2019/5/16 20:54,686317.8056,4447.320042,3337.802869
2019/5/16 20:57,686030.2556,4415.799941,3354.266548
2019/5/16 21:00,686262.7056,4299.31052,3331.550727
2019/5/16 21:03,673360.5444,4173.622883,3265.674565
2019/5/16 21:06,669413.5333,4196.245495,3273.100408
2019/5/16 21:09,672950.4833,4262.495955,3328.415888
2019/5/16 21:12,678511.75,4352.664883,3395.154366
2019/5/16 21:15,682940.5556,4672.199475,3489.2188
2019/5/16 21:18,683398.3056,4596.27947,3462.762307
2019/5/16 21:21,684774.7111,4610.699664,3492.82256
2019/5/16 21:24,685465.5222,4539.609866,3448.858562
2019/5/16 21:27,677103.3056,4378.858787,3376.957258
2019/5/16 21:30,673318.2944,4323.493529,3340.91576
2019/5/16 21:33,673242.4778,4325.963712,3319.0595
2019/5/16 21:36,671341.3056,4338.978185,3288.4579
2019/5/16 21:39,674889.35,4351.347957,3299.70564
2019/5/16 21:42,683227.9333,4408.364365,3348.260288
2019/5/16 21:45,682134.7222,4389.486661,3313.037212
2019/5/16 21:48,682314.8,4360.895927,3323.955595
2019/5/16 21:51,685428.8778,4430.935738,3396.457686
2019/5/16 21:54,687113.8222,4413.28491,3386.427634
2019/5/16 21:57,688976.6222,4407.365667,3396.403678
2019/5/16 22:00,692284.2333,4483.28123,3433.460925
2019/5/16 22:03,690789.9611,4445.122634,3410.907807
2019/5/16 22:06,681614.0444,4589.051786,3339.291607
2019/5/16 22:09,635921.4556,4495.633064,3101.509351
2019/5/16 22:12,650235.6889,4570.162513,3179.503306
2019/5/16 22:15,649578.6722,4698.599249,3228.832435
2019/5/16 22:18,651927.9556,4566.720396,3153.658342
2019/5/16 22:21,646020.2111,4475.699345,3066.35573
2019/5/16 22:24,645920.6389,4269.219491,2993.232479
2019/5/16 22:27,642760.8778,4223.495524,2984.267924
2019/5/16 22:30,638115.1111,4411.389224,3028.86915
2019/5/16 22:33,646052.4,4458.329777,3079.575747
2019/5/16 22:36,647358.2278,4590.981365,3180.616168
2019/5/16 22:39,652612.0333,4702.391543,3264.443504
2019/5/16 22:42,651409.5222,4801.483724,3331.587924
2019/5/16 22:45,651315.6833,4890.489832,3343.261168
2019/5/16 22:48,655145.7444,4823.775782,3339.770981
2019/5/16 22:51,660156.8,4951.281076,3406.666733
2019/5/16 22:54,662033.7611,5016.361985,3427.313414
2019/5/16 22:57,663910.8667,5054.097286,3459.358663
2019/5/16 23:00,669148.5222,5088.651019,3487.348056
2019/5/16 23:03,674268.4833,5091.363199,3485.144139
2019/5/16 23:06,678770.9111,5200.437294,3540.990096
2019/5/16 23:09,674533.4722,5074.251832,3465.651641
2019/5/16 23:12,666343.1389,4868.243081,3368.44601
2019/5/16 23:15,663612.0833,4992.433994,3403.312948
2019/5/16 23:18,665368.7889,4978.420423,3405.831983
2019/5/16 23:21,660622.7111,5132.280158,3491.060665
2019/5/16 23:24,663939.5778,5240.290215,3532.521174
2019/5/16 23:27,671216.3167,5317.059974,3574.457678
2019/5/16 23:30,676075.2056,5199.540827,3542.118073
2019/5/16 23:33,675796.6944,5119.359798,3525.492336
2019/5/16 23:36,676469.9778,5162.135961,3573.341829
2019/5/16 23:39,672446.55,5060.63677,3564.579897
2019/5/16 23:42,672394.3833,4996.648476,3573.401717
2019/5/16 23:45,672643.1833,5195.546385,3630.550663
2019/5/16 23:48,670796.9167,5082.391399,3567.048661
2019/5/16 23:51,658660.6278,5049.346583,3518.969636
2019/5/16 23:54,659118.1889,5088.852775,3544.825903
2019/5/16 23:57,669378.8056,5197.77402,3617.412562
2019/5/17 0:00,669745.1778,4949.977167,3561.866666
2019/5/17 0:03,665383.65,4929.252511,3522.223888
2019/5/17 0:06,667308.6556,5110.669872,3564.805603
2019/5/17 0:09,670509.6611,5245.322142,3606.099256
2019/5/17 0:12,673741.2222,5346.017737,3653.996835
2019/5/17 0:15,669416.1222,5024.263736,3589.064222
2019/5/17 0:18,664864.5056,4923.836917,3553.189079
2019/5/17 0:21,665389.8889,4914.506068,3586.750366
2019/5/17 0:24,658819.8,4827.086351,3549.338293
2019/5/17 0:27,657597.9722,4812.871899,3547.22075
2019/5/17 0:30,656869.8333,4843.461378,3604.443523
2019/5/17 0:33,660815.65,4854.502986,3621.692417
2019/5/17 0:36,663955.4111,4921.139611,3669.858507
2019/5/17 0:39,661064.7611,4927.103782,3668.316557
2019/5/17 0:42,666593.7944,4991.140568,3714.266121
2019/5/17 0:45,673139.4111,5149.333351,3739.887614
2019/5/17 0:48,672479.2611,5059.459575,3692.792084
2019/5/17 0:51,672977.5389,4973.336366,3672.693671
2019/5/17 0:54,667467.2722,4928.402127,3637.382917
2019/5/17 0:57,662444.2611,4914.182012,3628.400125
2019/5/17 1:00,667999.4333,4977.154055,3697.588239
2019/5/17 1:03,673131.9444,4897.87977,3694.027547
2019/5/17 1:06,667328.1389,4748.706651,3678.29342
2019/5/17 1:09,668948.5778,4822.957226,3681.011593
2019/5/17 1:12,666689.5944,4867.753598,3689.130079
2019/5/17 1:15,664750.4944,4736.097143,3623.708795
2019/5/17 1:18,668245.6667,4769.710474,3621.988368
2019/5/17 1:21,668493.8444,4876.342787,3639.752115
2019/5/17 1:24,668472.3611,4813.672565,3585.42852
2019/5/17 1:27,665735.4111,4822.930513,3580.586028
2019/5/17 1:30,664733.6722,4889.052821,3569.923545
2019/5/17 1:33,658349.4222,4855.283618,3548.565583
2019/5/17 1:36,657428.7778,4916.484296,3590.117317
2019/5/17 1:39,659716.4056,5033.831844,3616.454959
2019/5/17 1:42,656918.5722,5099.616732,3627.628668
2019/5/17 1:45,654216.8222,5065.692248,3594.102714
2019/5/17 1:48,654028.3167,5020.478887,3562.921746
2019/5/17 1:51,655672.4389,5044.275343,3567.957505
2019/5/17 1:54,655320.9722,5043.960016,3579.521327
2019/5/17 1:57,659283.6,5093.993625,3625.15099
2019/5/17 2:00,659157.7167,4865.555106,3589.131503
2019/5/17 2:03,666141.9056,4867.235352,3560.99502
2019/5/17 2:06,667992.5056,4914.596211,3561.831329
2019/5/17 2:09,676672.0333,5013.215806,3593.873375
2019/5/17 2:12,679773.6944,5093.522333,3629.426714
2019/5/17 2:15,676416.5333,5021.706513,3562.680643
2019/5/17 2:18,676894.9556,5041.007156,3554.193012
2019/5/17 2:21,684749.1778,5240.205499,3632.059565
2019/5/17 2:24,688092.3611,5256.232904,3629.140719
2019/5/17 2:27,683761.8333,5250.836917,3624.941716
2019/5/17 2:30,681272.1944,5333.328136,3671.155934
2019/5/17 2:33,683196.8611,5352.706198,3668.862203
2019/5/17 2:36,681702.0222,5401.685181,3657.614539
2019/5/17 2:39,678705.7667,5173.28892,3581.964577
2019/5/17 2:42,681687.6444,5127.752836,3595.284634
2019/5/17 2:45,684799.2111,5289.490652,3657.185583
2019/5/17 2:48,682552.2222,5224.723155,3602.999088
2019/5/17 2:51,685375.0778,5248.851373,3615.526452
2019/5/17 2:54,684521.6056,5185.696467,3593.410312
2019/5/17 2:57,689548.0722,5227.342288,3634.361384
2019/5/17 3:00,684422.8889,5156.739927,3630.860163
2019/5/17 3:03,673932.7,5068.010593,3601.628484
2019/5/17 3:06,673419.5333,5085.42067,3672.353469
2019/5/17 3:09,681318.9111,5090.302492,3654.002591
2019/5/17 3:12,676871.65,5067.48446,3630.051822
2019/5/17 3:15,678892.6556,5056.171523,3646.181088
2019/5/17 3:18,677362.15,4931.122418,3596.409101
2019/5/17 3:21,681031.1167,4737.352057,3563.673473
2019/5/17 3:24,684313.0833,4757.365273,3503.117097
2019/5/17 3:27,682873.5667,4805.675313,3489.594505
2019/5/17 3:30,670138.3111,4638.259319,3346.245559
2019/5/17 3:33,666342.9,4587.032453,3325.674986
2019/5/17 3:36,668027.8611,4528.278981,3302.596194
2019/5/17 3:39,677700.3389,4604.144966,3299.299667
2019/5/17 3:42,678356.9944,4659.85749,3314.266154
2019/5/17 3:45,677717.9056,4759.543183,3277.738934
2019/5/17 3:48,681103.1056,4758.827698,3274.283736
2019/5/17 3:51,672599.25,4704.282912,3227.898508
2019/5/17 3:54,667410.8111,4566.355594,3143.43186
2019/5/17 3:57,662515.3,4495.227326,3095.477648
2019/5/17 4:00,664847.75,4616.938776,3112.837685
2019/5/17 4:03,672036.0667,4649.505885,3125.029676
2019/5/17 4:06,680518.9833,4736.293106,3160.381304
2019/5/17 4:09,697524.6778,4845.928949,3180.686397
2019/5/17 4:12,722252.8444,4979.227393,3204.931977
2019/5/17 4:15,737011.9722,4876.712324,3161.357214
2019/5/17 4:18,738191.6278,4867.637835,3143.348858
2019/5/17 4:21,717099.8944,4809.74464,3086.561976
2019/5/17 4:24,704584.5556,4824.746895,3050.186099
2019/5/17 4:27,722386.7222,4947.937173,3089.48507
2019/5/17 4:30,728486.8444,4760.261114,3040.406261
2019/5/17 4:33,732941.0278,4738.822892,3012.451696
2019/5/17 4:36,709480.7833,4614.11818,2927.974925
2019/5/17 4:39,698761.4222,4568.954075,2895.477285
2019/5/17 4:42,700626.0722,4573.64478,2893.303597
2019/5/17 4:45,711409.1278,4611.238965,2926.92464
2019/5/17 4:48,711096.4389,4617.398271,2920.311443
2019/5/17 4:51,716421.55,4727.130373,2937.784078
2019/5/17 4:54,721331.7111,4681.78561,2880.032844
2019/5/17 4:57,732851.7556,4715.940755,2887.852175
2019/5/17 5:00,738924.2167,4709.300558,2882.729995
2019/5/17 5:03,740925.3778,4742.920412,2894.395449
2019/5/17 5:06,735824.6,4724.660161,2910.365581
2019/5/17 5:09,721162.2667,4620.945616,2911.154023
2019/5/17 5:12,713918.5833,4530.740582,2909.356684
2019/5/17 5:15,685083.6889,4286.219994,2884.604107
2019/5/17 5:18,651196.4889,4178.797464,2893.850403
2019/5/17 5:21,656031.5722,4446.50621,2995.03945
2019/5/17 5:24,660718.9389,4409.122268,3010.582847
2019/5/17 5:27,661140.5833,4434.371321,3038.314556
2019/5/17 5:30,663669.6833,4338.100451,3035.791821
2019/5/17 5:33,661387.4444,4357.949515,3005.409368
2019/5/17 5:36,663418.7111,4426.399635,2990.220562
2019/5/17 5:39,661555.9,4466.584293,3012.298742
2019/5/17 5:42,657220.75,4504.104088,3026.848808
2019/5/17 5:45,659977.5611,4626.728319,3066.213236
2019/5/17 5:48,661397.45,4594.787134,3084.344292
2019/5/17 5:51,659721.7333,4567.339612,3154.047173
2019/5/17 5:54,656726.6889,4599.287014,3205.668076
2019/5/17 5:57,647243.5,4560.013154,3214.941472
2019/5/17 6:00,641854.1556,4316.979572,3155.711903
2019/5/17 6:03,643397.0944,4267.349758,3144.076077
2019/5/17 6:06,656528.3778,4317.306187,3176.595711
2019/5/17 6:09,656363.8833,4326.657108,3130.929229
2019/5/17 6:12,664519.6778,4425.785998,3121.197732
2019/5/17 6:15,678574.0611,4396.779333,3106.080865
2019/5/17 6:18,676507.75,4385.927653,3109.031673
2019/5/17 6:21,672433.5,4354.324532,3115.347591
2019/5/17 6:24,659713.8611,4178.869272,3047.353388
2019/5/17 6:27,642906.4667,3952.828808,2985.141843
2019/5/17 6:30,643496.3889,3861.476601,2967.870117
2019/5/17 6:33,649908.9444,3909.137851,2963.898329
2019/5/17 6:36,659907.2222,4122.995457,3016.308269
2019/5/17 6:39,669647.1,4211.885402,3046.209842
2019/5/17 6:42,685411.7889,4402.645603,3096.655525
2019/5/17 6:45,690983.8167,4354.83495,3125.337924
2019/5/17 6:48,680358.7889,4285.130208,3085.782339
2019/5/17 6:51,660972.95,4233.08506,3060.515883
2019/5/17 6:54,659644.05,4323.964385,3072.10791
2019/5/17 6:57,677305.8,4480.796583,3129.528294
2019/5/17 7:00,688667.0889,4459.434031,3105.621959
2019/5/17 7:03,699061.0889,4476.445779,3102.013092
2019/5/17 7:06,702604.3111,4501.851528,3112.719974
2019/5/17 7:09,684082.1611,4350.039604,3075.482665
2019/5/17 7:12,656139.7056,4182.733471,3070.646236
2019/5/17 7:15,662637.9667,4154.811823,3085.372638
2019/5/17 7:18,663200.05,4152.293396,3076.127481
2019/5/17 7:21,665230.0222,4186.806776,3103.49218
2019/5/17 7:24,671039.4889,4245.674285,3115.46498
2019/5/17 7:27,639718.6944,4068.224894,3041.098086
2019/5/17 7:30,633002.1278,3942.47468,2926.711172
2019/5/17 7:33,637756.9444,4019.157224,2902.843653
2019/5/17 7:36,638259.2278,4194.130218,2943.912791
2019/5/17 7:39,640804.9667,4230.660152,2988.223484
2019/5/17 7:42,642884.5167,4252.330837,3013.038384
2019/5/17 7:45,644983.1111,4327.874511,3057.44293
2019/5/17 7:48,650864.65,4389.67307,3066.087298
2019/5/17 7:51,655079.7556,4512.539135,3088.797273
2019/5/17 7:54,656831.8111,4595.809407,3102.421397
2019/5/17 7:57,655300.4667,4635.011441,3106.673425
2019/5/17 8:00,649752.7944,4671.245541,3115.148186
2019/5/17 8:03,645137.1111,4694.811844,3109.776755
2019/5/17 8:06,644199.2444,4750.384252,3110.690346
2019/5/17 8:09,641684.9944,4759.436272,3115.853649
2019/5/17 8:12,639809.7556,4760.639732,3116.870805
2019/5/17 8:15,638968.5444,4955.877793,3150.528584
2019/5/17 8:18,639657.7278,4956.37441,3150.267071
2019/5/17 8:21,638060.2444,4975.149865,3158.74639
2019/5/17 8:24,633466.1778,4930.196137,3163.451977
2019/5/17 8:27,633003.7111,4896.082007,3158.743542
2019/5/17 8:30,633574.1389,5026.437364,3174.964898
2019/5/17 8:33,634214.0056,5031.84148,3177.445971
2019/5/17 8:36,633536.9667,5068.142454,3193.557258
2019/5/17 8:39,627069.9667,5085.502169,3189.912417
2019/5/17 8:42,626571.0111,5076.669492,3177.058767
2019/5/17 8:45,625039.45,5046.701237,3180.229636
2019/5/17 8:48,620541.4111,4993.762319,3165.740245
2019/5/17 8:51,621875.8833,4966.575069,3164.241679
2019/5/17 8:54,621761.35,4953.681954,3160.602957
2019/5/17 8:57,623760.5333,4938.405711,3145.336933
2019/5/17 9:00,626520.4722,4937.577592,3145.637056
2019/5/17 9:03,627906.2944,4956.271636,3132.248464
2019/5/17 9:06,627254.7111,5016.516345,3134.204211
2019/5/17 9:09,623966.0333,5044.980254,3137.811548
2019/5/17 9:12,624517.0056,5054.054508,3135.167305
2019/5/17 9:15,626146.0556,5049.876734,3160.454088
2019/5/17 9:18,628349.9444,5032.405823,3158.047062
2019/5/17 9:21,629381.5556,5019.538232,3170.359589
2019/5/17 9:24,628156.1611,5020.794221,3164.928433
2019/5/17 9:27,628998.1833,5011.168416,3160.21742
2019/5/17 9:30,625604.0556,4985.837697,3160.577444
2019/5/17 9:33,623034.2444,4970.535491,3153.457695
2019/5/17 9:36,620939.5278,4976.073878,3125.740941
2019/5/17 9:39,622195.9778,4987.703018,3137.310169
2019/5/17 9:42,620715.2111,4973.330427,3134.550573
2019/5/17 9:45,622320.4167,4986.870539,3139.831199
2019/5/17 9:48,624794.9556,4980.474827,3129.04172
2019/5/17 9:51,625872.2889,5004.910207,3128.248926
2019/5/17 9:54,623947.6,5008.613502,3120.67934
2019/5/17 9:57,622908.3444,4993.835791,3108.584273
2019/5/17 10:00,619261.2444,4911.55463,3071.199197
2019/5/17 10:03,618606.4556,4850.985253,3048.028349
2019/5/17 10:06,619753.8722,4774.254379,3033.468163
2019/5/17 10:09,625734.3389,4927.473238,3091.087753
2019/5/17 10:12,626132.5667,4985.928759,3112.455979
2019/5/17 10:15,624971.3333,5072.38351,3154.660311
2019/5/17 10:18,625229.7056,5062.78179,3156.639933
2019/5/17 10:21,625575.0556,5067.382003,3181.432705
2019/5/17 10:24,626998.5278,5047.94876,3180.434478
2019/5/17 10:27,627925.0889,5027.674353,3178.253392
2019/5/17 10:30,625007.8611,5001.013285,3174.782916
2019/5/17 10:33,624940.9889,4993.055057,3166.231873
2019/5/17 10:36,624509.2944,4974.258265,3160.397508
2019/5/17 10:39,625943.2778,4975.993546,3151.400458
2019/5/17 10:42,624476.5167,4947.534411,3132.813678
2019/5/17 10:45,624371.8944,5023.549246,3138.132248
2019/5/17 10:48,624707.9389,5018.592318,3133.985335
2019/5/17 10:51,627794.2667,5056.529776,3145.998658
2019/5/17 10:54,629453.0222,5028.480203,3149.274296
2019/5/17 10:57,627926.9722,4995.345625,3143.561905
2019/5/17 11:00,625490.1722,5026.704234,3147.621812
2019/5/17 11:03,624729.7667,5020.683171,3144.906776
2019/5/17 11:06,622745.8944,5046.340028,3155.113713
2019/5/17 11:09,622830.1389,5025.683195,3155.109055
2019/5/17 11:12,622440.75,4999.649953,3148.472009
2019/5/17 11:15,620830.6,4977.124405,3150.640912
2019/5/17 11:18,619667.55,4979.488826,3146.165465
2019/5/17 11:21,619436.6389,5012.425731,3151.514766
2019/5/17 11:24,618749.7111,5015.307675,3148.786048
2019/5/17 11:27,619378.3111,5011.295391,3142.247631
2019/5/17 11:30,619958.4222,5036.57553,3162.405807
2019/5/17 11:33,620527.0167,5012.510164,3153.124584
2019/5/17 11:36,619590,4991.256779,3148.773318
2019/5/17 11:39,612792.9667,4948.139727,3115.02326
2019/5/17 11:42,613909.2167,4937.333491,3106.941491
2019/5/17 11:45,610100.3333,4678.748446,3039.18811
2019/5/17 11:48,624864.6278,4721.215364,3056.520798
2019/5/17 11:51,628536.1944,4721.789675,3062.175153
2019/5/17 11:54,626944.2667,4789.479258,3071.891524
2019/5/17 11:57,629454.8222,4841.91577,3095.063172
2019/5/17 12:00,619401.3444,4631.061615,3037.421844
2019/5/17 12:03,621837.1056,4622.828144,3048.36828
2019/5/17 12:06,622324.85,4577.966169,3057.363089
2019/5/17 12:09,622008.3944,4599.445241,3067.718245
2019/5/17 12:12,625176.7833,4631.760314,3082.962186
2019/5/17 12:15,616673.9056,4619.853965,3079.144609
2019/5/17 12:18,621578.3889,4666.408513,3097.563284
2019/5/17 12:21,622580.0833,4738.493083,3112.140652
2019/5/17 12:24,621117.3333,4683.74507,3096.224649
2019/5/17 12:27,626645.9,4684.397365,3106.588865
2019/5/17 12:30,624624.2,4502.44687,3034.345366
2019/5/17 12:33,631664.2556,4664.189793,3070.968774
2019/5/17 12:36,631514.3833,4904.610784,3113.323739
2019/5/17 12:39,629049.2333,4959.431863,3130.524136
2019/5/17 12:42,627757.1944,4999.985126,3144.380575
2019/5/17 12:45,615598.5833,4811.555364,3075.626746
2019/5/17 12:48,615055.7056,4706.079841,3045.388797
2019/5/17 12:51,618583.6444,4592.841895,3024.796994
2019/5/17 12:54,619005.3389,4642.635458,3024.605082
2019/5/17 12:57,621960.8944,4697.825769,3042.031056
2019/5/17 13:00,615566.85,4695.038018,3034.000973
2019/5/17 13:03,621679.0444,4718.446475,3070.715848
2019/5/17 13:06,622588.5778,4705.908494,3095.437027
2019/5/17 13:09,620987.6556,4645.592211,3094.300676
2019/5/17 13:12,623939.8333,4624.750759,3104.441984
2019/5/17 13:15,618092.7556,4605.922511,3076.48462
2019/5/17 13:18,622501.3056,4666.796744,3085.196308
2019/5/17 13:21,625836.6667,4742.631978,3082.750801
2019/5/17 13:24,623903.5556,4744.076385,3072.134679
2019/5/17 13:27,625900.6556,4775.700998,3087.049929
2019/5/17 13:30,615578.9444,4359.94315,2997.208933
2019/5/17 13:33,621306.0889,4353.57593,3018.127004
2019/5/17 13:36,629245.65,4277.615368,3027.68899
2019/5/17 13:39,634296.0556,4392.493451,3035.932796
2019/5/17 13:42,640445.05,4501.031149,3062.959381
2019/5/17 13:45,633571,4270.174934,3013.362591
2019/5/17 13:48,638872.25,4223.95686,3015.053348
2019/5/17 13:51,638815.3556,4097.186222,2997.594978
2019/5/17 13:54,640012.0833,4183.131088,3007.894414
2019/5/17 13:57,647157.2833,4267.838936,3033.812944
2019/5/17 14:00,640116.2556,4644.218971,3087.950069
2019/5/17 14:03,637534.1722,4661.346679,3085.440672
2019/5/17 14:06,630879.0333,4642.85936,3058.918608
2019/5/17 14:09,628822.7889,4545.664512,3045.076583
2019/5/17 14:12,632737.7222,4516.533479,3060.363235
2019/5/17 14:15,628921.8333,4467.796999,3050.429724
2019/5/17 14:18,635263.0778,4478.167269,3068.230304
2019/5/17 14:21,634662.8167,4469.064542,3068.565779
2019/5/17 14:24,632786.5,4394.200205,3064.591075
2019/5/17 14:27,635787.6944,4364.80256,3074.630313
2019/5/17 14:30,629662.5833,4152.00031,3012.528315
2019/5/17 14:33,634463.5167,4189.29725,3028.303148
2019/5/17 14:36,631027.6833,4239.173109,3026.448211
2019/5/17 14:39,629082.8389,4144.225103,3002.661021
2019/5/17 14:42,634973.7667,4143.701861,3005.835401
2019/5/17 14:45,630186.4222,4448.071309,3017.703174
2019/5/17 14:48,635771.2444,4519.053923,3035.539665
2019/5/17 14:51,634177.6222,4648.148656,3051.364981
2019/5/17 14:54,632574.7,4498.840382,3044.000905
2019/5/17 14:57,635446.1,4401.801604,3046.872844
2019/5/17 15:00,624332.1111,4262.905329,2991.617678
2019/5/17 15:03,628565.2611,4360.437656,3015.908581
2019/5/17 15:06,629425.2556,4522.52842,3046.915179
2019/5/17 15:09,632383.2167,4481.535513,3044.596895
2019/5/17 15:12,636170.2889,4491.16464,3060.722739
2019/5/17 15:15,629107.5778,4171.428294,3000.392823
2019/5/17 15:18,631831.8111,4123.166293,3001.274574
2019/5/17 15:21,631761.3944,4013.085321,2985.297936
2019/5/17 15:24,633149.1222,4175.341678,3005.634792
2019/5/17 15:27,637301.4556,4290.560642,3041.47589
2019/5/17 15:30,627446.8611,3988.061533,2964.703326
2019/5/17 15:33,631115.2,4073.744834,2992.079148
2019/5/17 15:36,633937.4556,4182.137361,3027.850427
2019/5/17 15:39,638702.4444,4243.292089,3042.114011
2019/5/17 15:42,643550.0778,4293.319446,3064.049785
2019/5/17 15:45,645009.8167,4265.03711,3086.676035
2019/5/17 15:48,644392.1111,4384.305396,3084.837539
2019/5/17 15:51,644052.0944,4639.52661,3100.786183
2019/5/17 15:54,643093.5,4708.429015,3110.097477
2019/5/17 15:57,639547.1333,4673.507291,3093.994821
2019/5/17 16:00,633329.7556,4662.525831,3089.089632
2019/5/17 16:03,628755.1,4483.334483,3076.596093
2019/5/17 16:06,632278.8111,4560.914768,3134.097735
2019/5/17 16:09,630704.1278,4528.401272,3137.295305
2019/5/17 16:12,628546.0333,4504.950679,3127.908164
2019/5/17 16:15,625430.1278,4537.726604,3135.913099
2019/5/17 16:18,624903.6111,4448.444862,3124.949319
2019/5/17 16:21,623782.5333,4313.282966,3123.810152
2019/5/17 16:24,623096.9889,4313.322305,3115.998006
2019/5/17 16:27,622571.6056,4310.575209,3114.90145
2019/5/17 16:30,620982.3111,4520.772818,3137.156468
2019/5/17 16:33,619232.8722,4466.143037,3135.188061
2019/5/17 16:36,617438.9778,4376.154657,3141.310683
2019/5/17 16:39,616403.85,3985.368678,3089.660483
2019/5/17 16:42,616315.2833,3788.725605,3061.942943
2019/5/17 16:45,618919.1611,3482.551679,3006.075042
2019/5/17 16:48,620384.6556,3674.990686,3020.430892
2019/5/17 16:51,620833.7611,4025.290706,3053.155186
2019/5/17 16:54,624526.7778,4101.486332,3086.917338
2019/5/17 16:57,629104.6889,4130.120982,3098.667228
2019/5/17 17:00,630625.4556,3987.645681,3070.041829
2019/5/17 17:03,629360.4167,4053.318829,3070.29744
2019/5/17 17:06,627314.1111,4250.170457,3105.511469
2019/5/17 17:09,623262.5222,4261.285821,3108.739643
2019/5/17 17:12,622953.0056,4242.467071,3099.790841
2019/5/17 17:15,623281.6556,4309.748821,3119.002918
2019/5/17 17:18,622902.6556,4179.145308,3098.183275
2019/5/17 17:21,621667.3889,3949.692889,3075.564756
2019/5/17 17:24,620087.8667,4123.957005,3093.546299
2019/5/17 17:27,619957.8722,4208.702715,3104.312012
2019/5/17 17:30,617347.0889,4238.904169,3121.44677
2019/5/17 17:33,618803,4278.287151,3132.880267
2019/5/17 17:36,620249.1556,4404.353167,3174.389195
2019/5/17 17:39,620675.5167,4327.7197,3145.078696
2019/5/17 17:42,620829.1167,4324.362536,3162.789078
2019/5/17 17:45,617931.1778,4379.052485,3179.20323
2019/5/17 17:48,615853.4722,4328.553205,3157.679809
2019/5/17 17:51,619444.9444,4297.382063,3149.881517
2019/5/17 17:54,619949.55,4268.700193,3153.752483
2019/5/17 17:57,618304.8778,4240.80837,3144.92727
2019/5/17 18:00,619603.6167,4117.143156,3122.121951
2019/5/17 18:03,617619.2111,4102.120316,3108.988408
2019/5/17 18:06,615786.7111,4109.305008,3107.800498
2019/5/17 18:09,614562.5778,4224.004394,3128.760477
2019/5/17 18:12,614028.1722,4285.214768,3139.60657
2019/5/17 18:15,614787.2056,4353.511705,3145.936975
2019/5/17 18:18,616561.4667,4378.203103,3148.396201
2019/5/17 18:21,615366.85,4422.98767,3144.903275
2019/5/17 18:24,608194.3222,4366.040111,3090.353181
2019/5/17 18:27,606921.8833,4293.303239,3088.196558
2019/5/17 18:30,609110.5611,3933.82653,3034.713752
2019/5/17 18:33,614994.5222,3815.812732,3018.695902
2019/5/17 18:36,616838.5444,3533.12897,2991.507122
2019/5/17 18:39,618956.4778,3421.212371,2977.115536
2019/5/17 18:42,621783.5389,3377.441435,2948.501419
2019/5/17 18:45,620557.5667,3419.369175,2917.774443
2019/5/17 18:48,636958.3667,3576.404655,2986.341091
2019/5/17 18:51,652447.6944,3813.665949,3110.825852
2019/5/17 18:54,654181.9111,3786.883941,3083.16197
2019/5/17 18:57,671716.2889,3832.947966,3117.38282
2019/5/17 19:00,671320,3932.457545,3163.745487
2019/5/17 19:03,677088.5833,3967.738042,3200.947195
2019/5/17 19:06,679913.5389,3993.45776,3265.687064
2019/5/17 19:09,681523.55,4012.258561,3327.000953
2019/5/17 19:12,680402.8111,4024.030672,3371.67576
2019/5/17 19:15,675190.1611,3999.213878,3373.122932
2019/5/17 19:18,660528.0111,3881.405644,3306.779048
2019/5/17 19:21,658095.7278,3664.444566,3118.999826
2019/5/17 19:24,666473.3444,3857.138843,3048.430726
2019/5/17 19:27,675508.3389,4055.399234,3113.183975
2019/5/17 19:30,682902.1667,4637.968529,3249.305615
2019/5/17 19:33,687021.85,4755.284844,3308.626978
2019/5/17 19:36,691073.4556,4924.413843,3381.366968
2019/5/17 19:39,693952.9556,4860.827048,3349.677879
2019/5/17 19:42,686914.55,4732.042342,3301.882007
2019/5/17 19:45,669839.1889,4752.84866,3229.774276
2019/5/17 19:48,665861.8278,4480.169559,3056.919873
2019/5/17 19:51,673487.4389,4578.910422,3115.633137
2019/5/17 19:54,678693.3889,4711.858005,3191.778552
2019/5/17 19:57,681242.4333,4791.973544,3237.736733
2019/5/17 20:00,685751.9611,4649.101613,3220.761613
2019/5/17 20:03,686927.7111,4654.362172,3222.581327
2019/5/17 20:06,683791.75,4707.469673,3255.638177
2019/5/17 20:09,676842.3056,4830.603635,3214.652791
2019/5/17 20:12,631206.2389,4854.304926,2951.200944
2019/5/17 20:15,652542.3444,5339.34701,3387.634058
2019/5/17 20:18,656774.6333,5389.578202,3446.46645
2019/5/17 20:21,661575.45,5493.656228,3540.006034
2019/5/17 20:24,665420.8944,5497.224686,3526.318215
2019/5/17 20:27,663416.5,5486.463778,3521.497778
2019/5/17 20:30,663844.6611,5395.467444,3504.18105
2019/5/17 20:33,667845.4056,5344.115846,3499.882906
2019/5/17 20:36,669479.9667,5364.446967,3549.788445
2019/5/17 20:39,663978.5278,5336.095067,3524.023965
2019/5/17 20:42,664777.9667,5256.221748,3482.643885
2019/5/17 20:45,669622.9611,5256.218915,3481.485124
2019/5/17 20:48,670459.0278,5283.518254,3490.502227
2019/5/17 20:51,669954.85,5472.625719,3567.381179
2019/5/17 20:54,668785.6444,5477.818589,3564.706809
2019/5/17 20:57,669504.9222,5407.326864,3534.292054
2019/5/17 21:00,671795.4778,4999.08397,3334.425039
2019/5/17 21:03,671641.0778,5012.622867,3370.326417
2019/5/17 21:06,669506.9111,5298.388456,3556.810441
2019/5/17 21:09,663799.9333,5356.784558,3539.163311
2019/5/17 21:12,661755.5,5337.347037,3524.628614
2019/5/17 21:15,663453.1833,5387.684811,3527.183727
2019/5/17 21:18,664266.8111,5341.498542,3525.337646
2019/5/17 21:21,663554.9167,5457.518874,3595.672241
2019/5/17 21:24,660146.3278,5517.880214,3535.451164
2019/5/17 21:27,648328.9333,5491.035558,3481.032035
2019/5/17 21:30,645734.8444,5166.050486,3187.635192
2019/5/17 21:33,657086.6222,5182.600438,3259.662684
2019/5/17 21:36,656514.8444,5482.578552,3480.937701
2019/5/17 21:39,657627.2667,5460.726596,3486.409348
2019/5/17 21:42,663007.8278,5408.515971,3489.416202
2019/5/17 21:45,666428.7667,5622.715002,3636.500319
2019/5/17 21:48,666511.1056,5537.341893,3590.987125
2019/5/17 21:51,663335.2611,5474.528092,3545.816186
2019/5/17 21:54,661215.4667,5413.79243,3521.914713
2019/5/17 21:57,659094.4833,5353.071845,3503.969739
2019/5/17 22:00,657256.6056,5492.503001,3543.413213
2019/5/17 22:03,653349.4333,5413.777949,3516.424619
2019/5/17 22:06,652281.7667,5455.006252,3581.119988
2019/5/17 22:09,651861.9,5441.54012,3596.556522
2019/5/17 22:12,649808.9556,5425.997168,3604.464344
2019/5/17 22:15,650112.2056,5583.754939,3599.062961
2019/5/17 22:18,651572.7778,5459.680272,3550.19721
2019/5/17 22:21,652776.75,5327.966731,3507.217065
2019/5/17 22:24,653012.0222,5307.85637,3499.431542
2019/5/17 22:27,650056.6,5287.348384,3497.125171
2019/5/17 22:30,647597.45,5214.146381,3539.131419
2019/5/17 22:33,648732.4667,5119.558473,3523.638311
2019/5/17 22:36,647656.4944,5125.83742,3573.531523
2019/5/17 22:39,643416.5944,5057.340198,3502.257858
2019/5/17 22:42,651376.45,5024.205647,3491.001222
2019/5/17 22:45,650898.6111,5166.659639,3517.254156
2019/5/17 22:48,649196.25,5078.842975,3434.613211
2019/5/17 22:51,646422.2833,5096.14608,3399.395749
2019/5/17 22:54,647900.3222,5172.55204,3424.896755
2019/5/17 22:57,648319.3222,5216.439552,3428.744566
2019/5/17 23:00,657858.8722,5172.615236,3401.793069
2019/5/17 23:03,655176.6,5019.788119,3331.637076
2019/5/17 23:06,656293.7278,4884.014861,3282.649483
2019/5/17 23:09,658036.8222,4796.843441,3225.035957
2019/5/17 23:12,657607.7222,4759.335998,3206.758473
2019/5/17 23:15,663122.3889,4974.635965,3340.811756
2019/5/17 23:18,659366.25,4891.328175,3278.849875
2019/5/17 23:21,650301.2333,4767.226762,3199.456027
2019/5/17 23:24,653137.9722,4726.710505,3209.9125
2019/5/17 23:27,659897.9,4767.708109,3253.667891
2019/5/17 23:30,657624.1333,4676.01527,3194.126116
2019/5/17 23:33,658773.5444,4723.714113,3239.941958
2019/5/17 23:36,664589.6667,4783.489268,3303.522825
2019/5/17 23:39,664721.0944,4677.534317,3152.916325
2019/5/17 23:42,656735.0611,4639.42743,3094.245404
2019/5/17 23:45,664941.8611,4868.073974,3149.636823
2019/5/17 23:48,670720.6333,4870.004233,3176.570971
2019/5/17 23:51,664784.5722,4831.076905,3185.270223
2019/5/17 23:54,664776.0556,4753.108619,3200.08732
2019/5/17 23:57,667073.5722,4761.004389,3232.38317
2019/5/18 0:00,670143.5444,4494.739812,3262.331049
2019/5/18 0:03,664554.2,4387.061448,3186.555303
2019/5/18 0:06,660499.8333,4338.790327,3141.697039
2019/5/18 0:09,664139.2389,4483.516603,3196.323385
2019/5/18 0:12,676888.9444,4627.884941,3265.621034
2019/5/18 0:15,676695.0222,4564.026464,3228.816677
2019/5/18 0:18,677359.8778,4567.835614,3241.989446
2019/5/18 0:21,682014.3333,4652.987711,3331.573929
2019/5/18 0:24,684014.2889,4712.381237,3319.548932
2019/5/18 0:27,681452,4778.899694,3339.731654
2019/5/18 0:30,682975.2444,4873.114431,3391.292633
2019/5/18 0:33,689395.6667,4873.415808,3420.387611
2019/5/18 0:36,686991.2,4832.892297,3440.250825
2019/5/18 0:39,681177.7111,4608.005192,3306.588528
2019/5/18 0:42,684222.9611,4566.177982,3283.168197
2019/5/18 0:45,691555.2944,4644.470764,3333.095212
2019/5/18 0:48,696282.4,4651.586764,3352.177015
2019/5/18 0:51,695167.8944,4682.240489,3386.396216
2019/5/18 0:54,686986.2833,4496.811439,3313.024884
2019/5/18 0:57,680831.55,4414.940487,3291.70573
2019/5/18 1:00,677429.1389,4588.61633,3297.391506
2019/5/18 1:03,668385.2667,4413.4391,3203.152317
2019/5/18 1:06,672692.7556,4429.035892,3264.163915
2019/5/18 1:09,672080.6111,4380.389791,3258.427459
2019/5/18 1:12,663104.6778,4252.515683,3195.506334
2019/5/18 1:15,661229.6056,4435.26347,3290.061408
2019/5/18 1:18,659304.6389,4531.156456,3253.959358
2019/5/18 1:21,660220.8611,4632.331242,3338.641027
2019/5/18 1:24,662281.3278,4632.313061,3353.573756
2019/5/18 1:27,671906.3889,4813.010307,3484.053145
2019/5/18 1:30,674868.6944,5138.73566,3583.457183
2019/5/18 1:33,669814.6111,4963.332932,3471.623182
2019/5/18 1:36,664692.4444,4787.927587,3396.362666
2019/5/18 1:39,667581.2,4779.15497,3332.503684
2019/5/18 1:42,677209.0833,4877.673583,3363.267774
2019/5/18 1:45,679194.6778,4933.070245,3481.879902
2019/5/18 1:48,675109.9333,5000.233707,3476.430801
2019/5/18 1:51,672201.1389,5172.093752,3506.065474
2019/5/18 1:54,670430.0278,5017.813016,3396.617619
2019/5/18 1:57,674218.1667,4982.869714,3371.029453
2019/5/18 2:00,675508.1611,5071.430267,3476.252246
2019/5/18 2:03,680738.0611,5131.9968,3515.505129
2019/5/18 2:06,685023.1556,5326.632202,3616.481238
2019/5/18 2:09,689211.1611,5258.883754,3595.691538
2019/5/18 2:12,690684.8167,5222.683259,3593.605511
2019/5/18 2:15,691596.6611,5101.198442,3548.340886
2019/5/18 2:18,687930.6444,5094.556941,3544.997415
2019/5/18 2:21,686661.85,5211.916616,3626.125486
2019/5/18 2:24,684469.0278,5218.544519,3593.955158
2019/5/18 2:27,685820.35,5238.849142,3589.208988
2019/5/18 2:30,688059.7056,5300.022325,3606.981878
2019/5/18 2:33,685462.3722,5250.250435,3580.369264
2019/5/18 2:36,684714.3833,5345.61473,3630.10046
2019/5/18 2:39,686965.3333,5259.651656,3626.500048
2019/5/18 2:42,690977.5722,5232.60056,3646.160045
2019/5/18 2:45,689458.5111,5160.783547,3620.93889
2019/5/18 2:48,684779.6167,5107.455199,3603.635496
2019/5/18 2:51,684848.0333,5120.557418,3645.250013
2019/5/18 2:54,678766.1611,4968.851032,3553.208006
2019/5/18 2:57,672141.7278,4940.326111,3517.750783
2019/5/18 3:00,666559.7444,4692.284047,3399.107962
2019/5/18 3:03,661933.6833,4496.675973,3323.365706
2019/5/18 3:06,660059.3,4213.802501,3238.661499
2019/5/18 3:09,651402.0833,4173.057857,3105.086743
2019/5/18 3:12,648983.0556,4189.894253,3050.030507
2019/5/18 3:15,653038.7,4113.202119,2967.037595
2019/5/18 3:18,652027.9722,4045.685037,2927.957552
2019/5/18 3:21,662005.5389,3976.836689,2962.703845
2019/5/18 3:24,670019.85,4015.406883,2954.815738
2019/5/18 3:27,670360.2278,4065.000821,2955.960355
2019/5/18 3:30,673001.8333,4145.790783,2966.736963
2019/5/18 3:33,670965.7611,4155.868474,2924.761361
2019/5/18 3:36,667804.6444,4197.774532,2898.960018
2019/5/18 3:39,673211.3333,4168.040907,2863.516431
2019/5/18 3:42,662804.4944,4114.579044,2811.775235
2019/5/18 3:45,663603.1,4130.709925,2831.961071
2019/5/18 3:48,663642.8667,4121.652844,2827.569969
2019/5/18 3:51,675808.8778,4185.356598,2885.491767
2019/5/18 3:54,688322.8167,4384.023412,2932.850096
2019/5/18 3:57,689075.6222,4482.266253,2963.135652
2019/5/18 4:00,685042.1111,4508.203867,2910.29912
2019/5/18 4:03,692448.75,4484.167118,2884.912833
2019/5/18 4:06,700712,4451.365648,2864.266973
2019/5/18 4:09,684461.9111,4341.711605,2795.315592
2019/5/18 4:12,681637.5722,4337.026817,2793.86324
2019/5/18 4:15,701094.4722,4457.862266,2915.035348
2019/5/18 4:18,701653.5833,4426.601658,2906.309226
2019/5/18 4:21,697080.6056,4408.004178,2916.258804
2019/5/18 4:24,694698.4056,4446.509745,2923.292436
2019/5/18 4:27,703673.9167,4551.744965,2973.34736
2019/5/18 4:30,708289.6889,4505.20319,2992.949888
2019/5/18 4:33,704608.5222,4450.871859,2952.860942
2019/5/18 4:36,700205.0722,4421.999427,2919.140646
2019/5/18 4:39,694720.3722,4401.670967,2945.148075
2019/5/18 4:42,709054.4222,4414.807737,2973.049599
2019/5/18 4:45,709472.7,4448.238669,2960.916135
2019/5/18 4:48,711693.4444,4461.990098,2951.946228
2019/5/18 4:51,707744.1333,4432.197585,2930.369327
2019/5/18 4:54,701355.1833,4435.111704,2934.276534
2019/5/18 4:57,688128.9444,4396.789763,2917.632213
2019/5/18 5:00,676741.0333,4249.324833,2814.895593
2019/5/18 5:03,686105.4,4309.591169,2851.260283
2019/5/18 5:06,690169.9667,4454.323824,2929.818043
2019/5/18 5:09,685633.5167,4349.909034,2942.839023
2019/5/18 5:12,677266.8111,4312.307515,2921.477535
2019/5/18 5:15,672932.2,4141.650494,2859.418399
2019/5/18 5:18,673594.4,4063.294897,2838.450911
2019/5/18 5:21,678387.4389,3923.328595,2843.73044
2019/5/18 5:24,687325.6056,3911.797801,2858.63244
2019/5/18 5:27,696321.6111,3907.610304,2847.060116
2019/5/18 5:30,702785.2944,4010.548193,2807.061704
2019/5/18 5:33,722659.7389,4081.078789,2832.009078
2019/5/18 5:36,719840.0667,4167.589262,2850.513617
2019/5/18 5:39,725683.8,4174.555615,2845.087147
2019/5/18 5:42,729666.1833,4215.006358,2825.47953
2019/5/18 5:45,729078.1333,4160.405249,2802.931055
2019/5/18 5:48,720185.0389,4128.48058,2794.751333
2019/5/18 5:51,721038.0778,4085.343734,2809.234431
2019/5/18 5:54,716709.75,4080.67196,2842.736344
2019/5/18 5:57,712533.2444,4016.429619,2829.435376
2019/5/18 6:00,700170.7778,3909.890921,2789.13947
2019/5/18 6:03,703507.7722,3930.146072,2771.89968
2019/5/18 6:06,695911.8556,3860.909998,2749.061236
2019/5/18 6:09,678866.7667,3769.752287,2752.818283
2019/5/18 6:12,674843.6667,3762.836096,2770.79485
2019/5/18 6:15,661972.1667,3804.735536,2678.918553
2019/5/18 6:18,654110.4278,3747.256536,2659.48435
2019/5/18 6:21,652015.4833,3685.397233,2658.893586
2019/5/18 6:24,661131.3722,3533.062844,2660.747211
2019/5/18 6:27,663002.1111,3449.313364,2663.705838
2019/5/18 6:30,671412.9111,3531.163995,2683.420835
2019/5/18 6:33,687559.1889,3653.393231,2701.21694
2019/5/18 6:36,706698.3444,3777.750409,2732.446931
2019/5/18 6:39,712023.6556,3788.676622,2728.420721
2019/5/18 6:42,701671.1333,3800.83707,2717.609661
2019/5/18 6:45,706210.15,4098.125066,2751.324187
2019/5/18 6:48,732450.9667,4273.341663,2816.615288
2019/5/18 6:51,745238.0944,4445.491779,2838.916929
2019/5/18 6:54,748162.5889,4477.318116,2841.137174
2019/5/18 6:57,744746.5611,4442.692068,2855.918072
2019/5/18 7:00,733880.2889,4583.152882,2933.356153
2019/5/18 7:03,721251.3278,4647.514996,2965.567218
2019/5/18 7:06,695968.8944,4654.119279,3045.137387
2019/5/18 7:09,673279.4722,4451.199331,3007.192986
2019/5/18 7:12,672337.0944,4456.709383,3003.59427
2019/5/18 7:15,674234.9556,4598.910289,3038.801018
2019/5/18 7:18,679317.4222,4595.855161,3036.348533
2019/5/18 7:21,687466.8222,4612.100751,3064.239086
2019/5/18 7:24,689539.9722,4788.8985,3069.464316
2019/5/18 7:27,647068.4778,4526.361116,3001.56956
2019/5/18 7:30,641241.0556,4655.172754,3019.939085
2019/5/18 7:33,640781.3778,4640.129162,3029.966426
2019/5/18 7:36,645137.3278,4605.027944,3057.835833
2019/5/18 7:39,644897.9944,4611.392611,3068.134769
2019/5/18 7:42,642936.8833,4601.502924,3069.560091
2019/5/18 7:45,642778.4556,4563.104479,3092.044466
2019/5/18 7:48,640067.0833,4597.373327,3092.050522
2019/5/18 7:51,641301.6444,4677.425116,3103.29591
2019/5/18 7:54,641908.0611,4689.847555,3111.419789
2019/5/18 7:57,641275.9111,4690.433233,3113.653622
2019/5/18 8:00,641428.2333,4715.043053,3133.338709
2019/5/18 8:03,643458.9222,4695.932863,3130.306308
2019/5/18 8:06,643633.9778,4703.819559,3140.220526
2019/5/18 8:09,643553.1611,4760.536242,3157.438397
2019/5/18 8:12,642907.1056,4780.649093,3161.019775
2019/5/18 8:15,645089.7,4718.586865,3163.222631
2019/5/18 8:18,620087.9333,4534.124384,3088.446633
2019/5/18 8:21,616423.1611,4486.005013,3083.29626
2019/5/18 8:24,617737.5667,4500.141898,3087.907664
2019/5/18 8:27,615733.7722,4494.305314,3081.3787
2019/5/18 8:30,613383.3667,4599.252439,3112.212815
2019/5/18 8:33,614579.8056,4620.527571,3108.928086
2019/5/18 8:36,616414.0222,4635.2055,3117.00694
2019/5/18 8:39,617347.3833,4655.16382,3114.02821
2019/5/18 8:42,619231.1389,4661.67559,3108.682678
2019/5/18 8:45,620020.1222,4613.242889,3115.641302
2019/5/18 8:48,619121.2611,4587.728043,3107.186481
2019/5/18 8:51,620465.2333,4550.915204,3099.40554
2019/5/18 8:54,624018.8167,4577.943604,3105.273186
2019/5/18 8:57,624445.0333,4585.110941,3103.862819
2019/5/18 9:00,623346.3611,4543.705716,3095.266673
2019/5/18 9:03,622813.8167,4573.488415,3080.831725
2019/5/18 9:06,621307.0778,4632.246996,3092.367595
2019/5/18 9:09,621970.9944,4623.067833,3084.271533
2019/5/18 9:12,625402.9056,4616.436899,3079.019564
2019/5/18 9:15,629737.9056,4594.287469,3082.930482
2019/5/18 9:18,632384.1889,4612.926756,3085.303417
2019/5/18 9:21,634266.45,4634.032491,3096.061028
2019/5/18 9:24,633986.1667,4545.291941,3084.00239
2019/5/18 9:27,634690.2778,4509.872526,3078.284271
2019/5/18 9:30,634315.3111,4649.274819,3073.209171
2019/5/18 9:33,634409.5333,4699.066299,3081.624256
2019/5/18 9:36,633206.1222,4807.062478,3101.385926
2019/5/18 9:39,629821.2111,4804.498193,3119.53551
2019/5/18 9:42,627468.7889,4784.647497,3121.43811
2019/5/18 9:45,625514.7167,4814.436051,3156.575398
2019/5/18 9:48,625282.0833,4825.84422,3145.972696
2019/5/18 9:51,623543.8722,4885.601293,3154.238434
2019/5/18 9:54,623293.0722,4873.65949,3155.876233
2019/5/18 9:57,623276.9,4859.29822,3150.533488
2019/5/18 10:00,623312.4222,4812.393465,3152.552532
2019/5/18 10:03,621770.9167,4803.12047,3151.669965
2019/5/18 10:06,620306.0722,4802.260393,3162.003661
2019/5/18 10:09,619010.9833,4731.423685,3166.043336
2019/5/18 10:12,618389.5222,4687.114089,3164.349905
2019/5/18 10:15,612396.6722,4466.32603,3130.690829
2019/5/18 10:18,610301.2667,4437.018146,3119.960428
2019/5/18 10:21,609973.5167,4416.469093,3118.118214
2019/5/18 10:24,609664.9222,4459.304647,3123.221524
2019/5/18 10:27,611984.6611,4477.905886,3121.930815
2019/5/18 10:30,613904.2,4563.316284,3131.217635
2019/5/18 10:33,615317.5611,4535.35944,3125.740557
2019/5/18 10:36,614892.1556,4491.629589,3124.667333
2019/5/18 10:39,613528.7833,4508.2322,3129.421734
2019/5/18 10:42,610950.3778,4505.044961,3126.471824
2019/5/18 10:45,610718.3833,4511.896754,3124.401225
2019/5/18 10:48,608965.9556,4509.013041,3108.619647
2019/5/18 10:51,608183.4111,4532.03775,3101.874888
2019/5/18 10:54,609030.6944,4516.087898,3095.927933
2019/5/18 10:57,611668.9333,4497.122894,3087.231708
2019/5/18 11:00,613444.4333,4549.34272,3104.642992
2019/5/18 11:03,614995.6167,4527.130136,3109.456358
2019/5/18 11:06,612688.9444,4509.478477,3120.923272
2019/5/18 11:09,611741.65,4443.046675,3094.673491
2019/5/18 11:12,615155.9611,4407.627083,3083.776046
2019/5/18 11:15,617200,4419.314833,3089.609769
2019/5/18 11:18,616233.8667,4430.002382,3096.928667
2019/5/18 11:21,614121.1889,4447.859391,3118.298399
2019/5/18 11:24,611503.1,4514.440807,3117.906668
2019/5/18 11:27,612097.3167,4549.795205,3115.8227
2019/5/18 11:30,611326.4944,4645.3729,3126.289153
2019/5/18 11:33,610938.6889,4595.781785,3119.461634
2019/5/18 11:36,610591.6167,4516.392652,3121.162609
2019/5/18 11:39,610459.6611,4461.252693,3118.795581
2019/5/18 11:42,612418.6167,4431.911773,3116.553512
2019/5/18 11:45,612972.7944,4329.15244,3102.215556
2019/5/18 11:48,615964.8722,4341.787857,3093.546052
2019/5/18 11:51,617633.1111,4366.224153,3091.395996
2019/5/18 11:54,618077.6556,4417.068543,3094.632947
2019/5/18 11:57,620293.5722,4431.159576,3090.207396
2019/5/18 12:00,620892.5722,4450.877579,3115.591235
2019/5/18 12:03,621120.1111,4427.997391,3119.988795
2019/5/18 12:06,619888.7278,4414.64234,3142.464782
2019/5/18 12:09,618258.8389,4320.809096,3131.759295
2019/5/18 12:12,617761.8111,4264.926806,3122.299319
2019/5/18 12:15,619704.9389,4180.923741,3090.346609
2019/5/18 12:18,625006.7667,4174.355996,3085.688398
2019/5/18 12:21,626338.6611,4133.264704,3080.817244
2019/5/18 12:24,627817.1667,4121.113761,3083.341974
2019/5/18 12:27,629552.8611,4124.246656,3075.477478
2019/5/18 12:30,630065.6167,4090.64889,3081.724791
2019/5/18 12:33,631188.5944,4080.120831,3068.02964
2019/5/18 12:36,630904.8722,4082.317275,3032.429981
2019/5/18 12:39,639207.9,4157.711834,3031.073356
2019/5/18 12:42,641358.6556,4178.742912,3028.907516
2019/5/18 12:45,645717.1611,4181.174159,3053.640876
2019/5/18 12:48,646946.7,4185.545365,3050.818985
2019/5/18 12:51,645374.7222,4203.180189,3059.643645
2019/5/18 12:54,642975.7056,4169.931243,3054.079778
2019/5/18 12:57,643041.8389,4151.793672,3048.534053
2019/5/18 13:00,647225.7222,4184.697225,3057.271323
2019/5/18 13:03,647443.6056,4163.365161,3052.557705
2019/5/18 13:06,646895.5611,4175.78598,3061.097203
2019/5/18 13:09,646756.0556,4163.707436,3056.775719
2019/5/18 13:12,635707.4889,4188.759531,2957.576335
2019/5/18 13:15,638630.3944,4393.231204,3017.19161
2019/5/18 13:18,640116.3,4421.678685,3027.572245
2019/5/18 13:21,641720.6333,4438.071723,3048.459673
2019/5/18 13:24,643864.0333,4548.36069,3068.841372
2019/5/18 13:27,643580.9556,4596.318424,3069.378865
2019/5/18 13:30,643859.6667,4507.994268,3041.432393
2019/5/18 13:33,642078.7611,4451.999715,3026.872211
2019/5/18 13:36,635849.7111,4311.408742,3016.578505
2019/5/18 13:39,636642.3111,4363.09188,3007.747359
2019/5/18 13:42,637864.0944,4418.189761,3008.02719
2019/5/18 13:45,637615.8667,4555.582677,3067.120446
2019/5/18 13:48,636056.3333,4480.312493,3059.204665
2019/5/18 13:51,635232.1222,4399.835748,3058.842899
2019/5/18 13:54,634718.6278,4435.697787,3061.573328
2019/5/18 13:57,634346.7389,4447.983698,3057.804136
2019/5/18 14:00,634113.5056,4565.801124,3097.427061
2019/5/18 14:03,633847.8944,4519.280704,3091.110666
2019/5/18 14:06,633195.0722,4468.525048,3096.702644
2019/5/18 14:09,631778.3444,4401.862933,3090.102406
2019/5/18 14:12,632913.4611,4386.092926,3087.895346
2019/5/18 14:15,631235.4722,4352.834319,3082.762424
2019/5/18 14:18,632141.8667,4359.930599,3085.127495
2019/5/18 14:21,633989.9778,4331.658025,3092.183021
2019/5/18 14:24,635083.1333,4351.46584,3091.73794
2019/5/18 14:27,634982.0056,4370.470669,3091.111172
2019/5/18 14:30,637950.3833,4421.095729,3093.508142
2019/5/18 14:33,639441.9056,4444.868089,3090.741766
2019/5/18 14:36,639473.5722,4484.003918,3087.108416
2019/5/18 14:39,641973.55,4484.572214,3093.716131
2019/5/18 14:42,644291.7611,4496.085072,3098.880986
2019/5/18 14:45,645504.7222,4391.371249,3084.651473
2019/5/18 14:48,640679.85,4324.992134,3053.52972
2019/5/18 14:51,639839.8333,4339.848775,3029.397963
2019/5/18 14:54,636572.9278,4423.094541,3028.559823
2019/5/18 14:57,635287.9944,4460.479107,3020.815875
2019/5/18 15:00,634203.0722,4586.544057,3037.728888
2019/5/18 15:03,635515.8444,4572.759519,3037.174611
2019/5/18 15:06,635688.8778,4563.196137,3046.705203
2019/5/18 15:09,637387.2722,4495.330057,3042.916168
2019/5/18 15:12,640651.4833,4480.272991,3042.484567
2019/5/18 15:15,641612.9333,4491.484531,3051.011769
2019/5/18 15:18,642085.0111,4479.64843,3051.118912
2019/5/18 15:21,641661.4833,4437.967311,3053.245094
2019/5/18 15:24,641128.7167,4409.346865,3052.184794
2019/5/18 15:27,639467.5389,4399.424793,3039.993569
2019/5/18 15:30,639678.2444,4425.194499,3040.450238
2019/5/18 15:33,639760.5389,4395.677586,3038.985351
2019/5/18 15:36,639538.1111,4345.730933,3042.5594
2019/5/18 15:39,638599.6056,4305.534733,3032.094321
2019/5/18 15:42,639238.1722,4286.996462,3026.49183
2019/5/18 15:45,640051.0056,4434.966141,3011.082441
2019/5/18 15:48,639515.9278,4463.765294,3006.652064
2019/5/18 15:51,638159.3111,4513.612228,3005.24086
2019/5/18 15:54,637254.0722,4459.242635,2994.372899
2019/5/18 15:57,638114.1722,4405.45526,2981.310143
2019/5/18 16:00,639159.2278,4430.394057,2995.625769
2019/5/18 16:03,639007.6222,4452.325397,2999.132805
2019/5/18 16:06,638904.2278,4521.687152,3016.055465
2019/5/18 16:09,639748.9444,4563.787895,3028.287352
2019/5/18 16:12,639578.2556,4592.415923,3033.493459
2019/5/18 16:15,640051.5167,4668.097314,3061.188386
2019/5/18 16:18,640216.6944,4652.296116,3058.623913
2019/5/18 16:21,641436.7833,4620.8982,3067.66932
2019/5/18 16:24,641169.5889,4602.765983,3075.738276
2019/5/18 16:27,640298.25,4595.014853,3077.776356
2019/5/18 16:30,640326.0944,4514.216727,3057.286504
2019/5/18 16:33,641271.5889,4506.161958,3054.183765
2019/5/18 16:36,640005.6167,4489.751737,3051.489474
2019/5/18 16:39,638906.2444,4494.530398,3044.53396
2019/5/18 16:42,638375.6167,4489.105695,3036.610929
2019/5/18 16:45,638730.1167,4363.379856,3017.578638
2019/5/18 16:48,637897.45,4352.341029,3005.632497
2019/5/18 16:51,637835.3944,4413.641262,3008.027814
2019/5/18 16:54,638500.9444,4459.793603,3010.085336
2019/5/18 16:57,638462.1444,4466.189751,3004.469797
2019/5/18 17:00,638279.1944,4478.145202,3011.192546
2019/5/18 17:03,640384.3333,4466.327744,3016.389264
2019/5/18 17:06,640383.4833,4468.809433,3039.514635
2019/5/18 17:09,638573.25,4552.595406,3044.272511
2019/5/18 17:12,638389.6667,4601.111923,3045.751506
2019/5/18 17:15,637561.5889,4590.686951,3037.880887
2019/5/18 17:18,637918.4389,4569.054449,3027.600968
2019/5/18 17:21,638465.3889,4510.175433,3015.273889
2019/5/18 17:24,639408.4556,4504.002701,3023.695267
2019/5/18 17:27,640616.0167,4500.936023,3026.042408
2019/5/18 17:30,640852.7389,4539.437094,3028.6931
2019/5/18 17:33,641690.5389,4536.592478,3028.746921
2019/5/18 17:36,642017.4611,4524.689644,3026.09238
2019/5/18 17:39,642406.7222,4577.941349,3034.790093
2019/5/18 17:42,643235.6889,4600.34874,3036.09818
2019/5/18 17:45,642698.5778,4691.034754,3061.182865
2019/5/18 17:48,642662.2333,4665.019841,3058.505453
2019/5/18 17:51,640166.0111,4604.433097,3042.446066
2019/5/18 17:54,638706.8611,4596.582487,3032.634892
2019/5/18 17:57,639384.1333,4587.788807,3024.944741
2019/5/18 18:00,640328.9611,4632.66445,3052.469763
2019/5/18 18:03,641509.9778,4615.991426,3060.759577
2019/5/18 18:06,642408.4389,4576.213571,3073.302175
2019/5/18 18:09,643573.7167,4488.19778,3060.97297
2019/5/18 18:12,644067.55,4440.809854,3053.603312
2019/5/18 18:15,644842.1333,4488.842026,3060.824885
2019/5/18 18:18,647906.5056,4492.322522,3057.570919
2019/5/18 18:21,646553.6611,4477.133241,3049.400278
2019/5/18 18:24,645985.8,4271.597677,3022.465455
2019/5/18 18:27,645993.7389,4167.017717,3010.669648
2019/5/18 18:30,647099.15,3706.920854,2939.13407
2019/5/18 18:33,649768.3,3619.414773,2923.621861
2019/5/18 18:36,655221.6389,3531.333504,2936.820285
2019/5/18 18:39,658371.6111,3516.388143,2910.417476
2019/5/18 18:42,659937.6611,3516.48907,2886.320199
2019/5/18 18:45,662850.8611,3344.577617,2858.39962
2019/5/18 18:48,666712.7833,3434.505417,2868.742416
2019/5/18 18:51,681632.5444,3689.218576,2934.135365
2019/5/18 18:54,693441.9389,3921.362281,2974.655923
2019/5/18 18:57,711919.9056,4086.128053,3007.570258
2019/5/18 19:00,705687.8722,3943.091931,2935.697082
2019/5/18 19:03,671532.2222,3701.730357,2866.072493
2019/5/18 19:06,665029.2167,3622.859991,2846.585593
2019/5/18 19:09,671923.1944,3549.063288,2845.0413
2019/5/18 19:12,676100.7056,3508.171907,2835.015953
2019/5/18 19:15,679255.8889,3496.843564,2854.758932
2019/5/18 19:18,686700,3533.418224,2871.984312
2019/5/18 19:21,691544.9667,3560.395335,2890.077697
2019/5/18 19:24,690967.4111,3729.6427,2902.34723
2019/5/18 19:27,692616.7778,3878.965242,2949.640617
2019/5/18 19:30,698497.3611,3946.642035,2977.984168
2019/5/18 19:33,659031.0889,4005.080207,2718.050479
2019/5/18 19:36,639858.6222,3963.900668,2618.801745
2019/5/18 19:39,645507.7278,4072.547001,2642.77476
2019/5/18 19:42,656666.8889,4188.382259,2677.047686
2019/5/18 19:45,650896.5167,4060.015481,2661.474936
2019/5/18 19:48,630541.1556,4028.957945,2638.512072
2019/5/18 19:51,620562.7333,3914.028025,2600.812966
2019/5/18 19:54,631865.8167,4034.704335,2692.342711
2019/5/18 19:57,632082.9833,4080.922176,2721.277853
2019/5/18 20:00,627244.0778,3967.248532,2643.49291
2019/5/18 20:03,630409.8611,4016.720424,2636.170285
2019/5/18 20:06,647464.0889,4252.785124,2679.991681
2019/5/18 20:09,678308.2111,4371.142575,2730.627823
2019/5/18 20:12,722937.2556,4513.779072,2800.503671
2019/5/18 20:15,729175.1667,4494.677757,2807.08595
2019/5/18 20:18,712227.3667,4443.478397,2762.510703
2019/5/18 20:21,708363.0722,4562.241195,2814.932694
2019/5/18 20:24,719098.4,4659.099923,2862.412014
2019/5/18 20:27,737445.2,4713.305714,2895.024312
2019/5/18 20:30,722077.5222,4508.193249,2820.728967
2019/5/18 20:33,701969.8,4465.382696,2800.241797
2019/5/18 20:36,687963.85,4407.596062,2814.30369
2019/5/18 20:39,680031.0167,4196.860239,2762.100678
2019/5/18 20:42,685249.3944,4175.410503,2767.187626
2019/5/18 20:45,671566.7278,4051.102348,2731.821978
2019/5/18 20:48,665326.2722,4109.358901,2722.644656
2019/5/18 20:51,668442.7667,4335.802883,2783.144114
2019/5/18 20:54,670775.8222,4458.544695,2874.467631
2019/5/18 20:57,678338.8278,4564.359356,2921.068292
2019/5/18 21:00,698409.3056,4596.805696,2904.457475
2019/5/18 21:03,699248.6611,4561.573354,2873.154583
2019/5/18 21:06,693474.9889,4487.744558,2840.625086
2019/5/18 21:09,707564.1056,4703.222732,2947.24288
2019/5/18 21:12,718844.0278,4834.055429,3015.465469
2019/5/18 21:15,698981.8556,4483.595895,2859.89164
2019/5/18 21:18,680522.5667,4391.710574,2796.193933
2019/5/18 21:21,672242.0333,4375.143544,2767.644709
2019/5/18 21:24,682021.1056,4372.362661,2776.376799
2019/5/18 21:27,681098.8611,4349.825725,2764.829042
2019/5/18 21:30,685126.7889,4261.066743,2808.933286
2019/5/18 21:33,674876.8611,4224.499404,2768.454235
2019/5/18 21:36,673678.0778,4202.315387,2733.038041
2019/5/18 21:39,680231.7333,4210.141542,2743.988824
2019/5/18 21:42,677165.2,4190.043793,2727.836064
2019/5/18 21:45,681298.2333,4155.258415,2705.421753
2019/5/18 21:48,685688.3556,4235.832033,2747.913818
2019/5/18 21:51,691920.7556,4392.426246,2846.354189
2019/5/18 21:54,691585.1667,4599.53209,2986.925119
2019/5/18 21:57,679629.6389,4598.294517,3065.354643
2019/5/18 22:00,674969.6333,4602.467679,3074.60102
2019/5/18 22:03,695587.2056,4648.00022,3078.550192
2019/5/18 22:06,707124.4833,4658.035677,3106.349302
2019/5/18 22:09,693884.5778,4569.699674,3069.282408
2019/5/18 22:12,686975.0889,4603.50717,3082.702392
2019/5/18 22:15,677650.7778,4692.290941,3064.799998
2019/5/18 22:18,674716.6944,4683.058358,3045.541985
2019/5/18 22:21,666785.2222,4679.120149,2996.962975
2019/5/18 22:24,667927.9333,4563.905467,2942.632016
2019/5/18 22:27,670866.8,4527.86993,2930.791731
2019/5/18 22:30,668342.45,4260.560563,2859.719929
2019/5/18 22:33,667025.1,4281.725177,2888.794342
2019/5/18 22:36,685159.5278,4485.977231,3022.373186
2019/5/18 22:39,692536.5833,4566.019825,3095.215696
2019/5/18 22:42,702848.8889,4645.805883,3126.368897
2019/5/18 22:45,704547.8778,4559.16582,3042.839852
2019/5/18 22:48,698124.9,4514.82355,3005.124532
2019/5/18 22:51,703187.5444,4576.317929,3011.460686
2019/5/18 22:54,703010.2389,4520.379494,2949.553126
2019/5/18 22:57,692596.1333,4451.608271,2899.251679
2019/5/18 23:00,699921.6667,4733.182449,3072.563927
2019/5/18 23:03,696941.9111,4754.946556,3084.031227
2019/5/18 23:06,692548.2056,4798.875931,3091.851375
2019/5/18 23:09,701291.6389,4774.932499,3103.064069
2019/5/18 23:12,701455.05,4765.772486,3110.864157
2019/5/18 23:15,689403.0556,4467.325069,2896.048353
2019/5/18 23:18,686708.1389,4421.757348,2885.792621
2019/5/18 23:21,693272.8778,4542.654439,2979.60041
2019/5/18 23:24,700546.6833,4731.088618,3102.393328
2019/5/18 23:27,697291.2222,4757.960894,3109.481836
2019/5/18 23:30,702342.9278,4846.45912,3030.018188
2019/5/18 23:33,711589.6444,4845.107233,3037.913493
2019/5/18 23:36,698706.7444,4625.658876,2950.292227
2019/5/18 23:39,687318.4833,4500.802623,2905.999479
2019/5/18 23:42,691126.25,4577.617326,2936.429834
2019/5/18 23:45,712202.5167,4694.937623,3005.200699
2019/5/18 23:48,700106.4444,4609.506414,2939.28584
2019/5/18 23:51,686758.8278,4575.2866,2879.444622
2019/5/18 23:54,687398.4833,4470.795202,2833.222672
2019/5/18 23:57,688923.9333,4448.850829,2829.162019
2019/5/19 0:00,690707.4222,4142.843933,2837.376439
2019/5/19 0:03,682709.3556,4067.772565,2799.837149
2019/5/19 0:06,677845.0111,4030.235085,2784.495069
2019/5/19 0:09,683008.6222,4332.517726,2843.749041
2019/5/19 0:12,690907.2778,4562.612442,2925.016382
2019/5/19 0:15,686111.4944,4673.840058,2928.377248
2019/5/19 0:18,682559.6278,4592.592198,2893.621606
2019/5/19 0:21,686405.7056,4597.991821,2940.811658
2019/5/19 0:24,677398.4222,4413.934655,2842.06042
2019/5/19 0:27,672898.5222,4317.973545,2788.435556
2019/5/19 0:30,682285.6333,4419.476033,2829.803887
2019/5/19 0:33,681610.1778,4302.744434,2782.042473
2019/5/19 0:36,673549.6333,4073.101293,2697.283832
2019/5/19 0:39,683568.9611,4081.739229,2754.336766
2019/5/19 0:42,697411.6056,4180.618105,2853.493693
2019/5/19 0:45,701901.4833,4387.306547,2928.327931
2019/5/19 0:48,703220.5111,4386.348866,2925.163584
2019/5/19 0:51,691009.2389,4329.740701,2866.754213
2019/5/19 0:54,683837.4056,4133.709552,2745.65702
2019/5/19 0:57,688990.5833,4101.332792,2725.09123
2019/5/19 1:00,686495.8611,4078.70015,2762.900663
2019/5/19 1:03,679538.1944,4023.099292,2732.746496
2019/5/19 1:06,669862.45,3869.939911,2655.007321
2019/5/19 1:09,672541.35,3992.00843,2725.140652
2019/5/19 1:12,686809.2222,4191.387337,2829.267725
2019/5/19 1:15,706733.0333,4478.472554,3083.413303
2019/5/19 1:18,705652.2889,4519.242889,3144.639404
2019/5/19 1:21,707767.0667,4639.925248,3237.271076
2019/5/19 1:24,709443.1333,4661.432325,3265.040062
2019/5/19 1:27,695877.8556,4613.407681,3298.437812
2019/5/19 1:30,678610.0056,4814.886134,3443.988832
2019/5/19 1:33,682859.4111,4836.496955,3480.015503
2019/5/19 1:36,682164.5,4778.903006,3501.709545
2019/5/19 1:39,678352.3389,4710.161592,3437.429422
2019/5/19 1:42,682162.0167,4753.134185,3452.194036
2019/5/19 1:45,685745.2667,4790.316325,3460.759246
2019/5/19 1:48,685130.1278,4768.18557,3453.010028
2019/5/19 1:51,685502.0278,4841.22466,3511.644127
2019/5/19 1:54,679334.5667,4774.359134,3515.193045
2019/5/19 1:57,678297.1778,4784.419925,3540.215137
2019/5/19 2:00,680736.0667,5128.713077,3604.013279
2019/5/19 2:03,680261.0556,5059.415922,3585.84453
2019/5/19 2:06,675513.1778,4912.214752,3530.820671
2019/5/19 2:09,668839.2889,4751.823836,3440.592214
2019/5/19 2:12,669572.1833,4807.027184,3482.786129
2019/5/19 2:15,665074.8444,4707.518407,3388.842967
2019/5/19 2:18,659140.2111,4584.276746,3320.972427
2019/5/19 2:21,655868.8167,4415.413495,3243.541201
2019/5/19 2:24,656940.6222,4316.269188,3150.853407
2019/5/19 2:27,652094.2778,4255.496675,3087.292646
2019/5/19 2:30,652707.5333,4197.921402,3003.995136
2019/5/19 2:33,656282.9667,4182.017942,2974.66217
2019/5/19 2:36,650548.8278,4084.554923,2872.618561
2019/5/19 2:39,649994.6111,3960.392078,2805.599402
2019/5/19 2:42,655487.6611,3979.573975,2804.830123
2019/5/19 2:45,656587.5222,3930.425776,2718.001838
2019/5/19 2:48,678376.2333,3993.988796,2715.908782
2019/5/19 2:51,701880.4278,3943.792127,2674.194098
2019/5/19 2:54,688748.85,3801.749019,2582.839883
2019/5/19 2:57,685329.9889,3828.676888,2585.725337
2019/5/19 3:00,681741.2222,3853.124063,2571.859573
2019/5/19 3:03,668176.5833,3835.437289,2527.418718
2019/5/19 3:06,677547.1389,3987.838936,2569.721907
2019/5/19 3:09,696142.3333,4099.613315,2625.54751
2019/5/19 3:12,699581.2278,4132.488033,2625.899468
2019/5/19 3:15,682719.5056,3956.503554,2601.63519
2019/5/19 3:18,670613.7944,3834.266684,2558.019992
2019/5/19 3:21,666235.3278,3712.512047,2534.784302
2019/5/19 3:24,675624.6667,3795.980742,2555.045554
2019/5/19 3:27,666210.2056,3804.004776,2532.716236
2019/5/19 3:30,670909.05,3729.495648,2587.099734
2019/5/19 3:33,676124.1889,3818.979559,2626.611378
2019/5/19 3:36,661187.05,3741.483692,2571.482876
2019/5/19 3:39,648415.4389,3684.084567,2514.266805
2019/5/19 3:42,651861.4111,3706.982534,2512.896119
2019/5/19 3:45,651778.8389,3595.283335,2491.407351
2019/5/19 3:48,639901.7444,3512.698972,2449.846294
2019/5/19 3:51,647076.8667,3575.1396,2480.477768
2019/5/19 3:54,655430.1389,3672.048978,2504.490485
2019/5/19 3:57,647184.1,3647.188676,2469.360926
2019/5/19 4:00,645591.7778,3450.293513,2463.827295
2019/5/19 4:03,647437.8278,3524.948613,2469.799764
2019/5/19 4:06,649746.7,3667.98861,2477.359742
2019/5/19 4:09,647635.1333,3632.710386,2480.170602
2019/5/19 4:12,648210.5222,3619.750756,2482.322238
2019/5/19 4:15,653921.4722,3655.21239,2484.352669
2019/5/19 4:18,662374.3667,3672.209601,2489.484427
2019/5/19 4:21,663854.4111,3627.786684,2480.154257
2019/5/19 4:24,660967.1722,3667.464227,2469.136602
2019/5/19 4:27,662391.2944,3688.069695,2466.035327
2019/5/19 4:30,670673.1667,3765.308151,2489.189451
2019/5/19 4:33,669643.2667,3810.710534,2485.274616
2019/5/19 4:36,671274.7111,3847.048584,2479.834923
2019/5/19 4:39,672106.8389,3835.707397,2482.581826
2019/5/19 4:42,674013.5389,3838.82229,2488.363419
2019/5/19 4:45,672522.6833,3807.198847,2487.318536
2019/5/19 4:48,678240.85,3801.984446,2499.334412
2019/5/19 4:51,670664.9111,3791.348888,2498.954039
2019/5/19 4:54,672951.0611,3790.912266,2535.033349
2019/5/19 4:57,675307.4222,3831.675618,2587.991149
2019/5/19 5:00,675671.0556,3989.975086,2792.777211
2019/5/19 5:03,681159.5056,4060.691301,2808.79448
2019/5/19 5:06,692776.9778,4175.179017,2842.197852
2019/5/19 5:09,687296.3556,4279.206671,2865.097499
2019/5/19 5:12,680107.2111,4319.208062,2871.67373
2019/5/19 5:15,681022.5056,4378.907641,2913.908308
2019/5/19 5:18,684026.5611,4359.985349,2903.940242
2019/5/19 5:21,684731.9111,4321.004381,2890.539
2019/5/19 5:24,688656.6167,4293.990872,2881.880409
2019/5/19 5:27,685333.6278,4273.718148,2866.301219
2019/5/19 5:30,687561.6389,4408.459146,2914.798595
2019/5/19 5:33,697907.9833,4414.129645,2932.787034
2019/5/19 5:36,699642.3167,4346.869349,2942.300258
2019/5/19 5:39,690744.0389,4285.625864,2930.164628
2019/5/19 5:42,684851.45,4254.689731,2920.959323
2019/5/19 5:45,679822.5833,4181.538057,2907.205657
2019/5/19 5:48,677366.9611,4181.401473,2899.443326
2019/5/19 5:51,678773.3389,4173.335105,2890.300784
2019/5/19 5:54,683844.2778,4125.949418,2838.661834
2019/5/19 5:57,683723.4556,4079.632434,2753.983969
2019/5/19 6:00,676547.8,4029.883778,2712.640116
2019/5/19 6:03,674206.4444,4011.880201,2705.868461
2019/5/19 6:06,678241.4444,3996.513031,2710.73107
2019/5/19 6:09,682106.5556,4034.321231,2724.922457
2019/5/19 6:12,689730.5667,4060.685674,2740.885132
2019/5/19 6:15,692161.8889,4063.003489,2732.245331
2019/5/19 6:18,694189.8722,4096.949485,2744.488653
2019/5/19 6:21,690735.5389,4098.357892,2745.777023
2019/5/19 6:24,678941.4611,3815.611429,2740.830053
2019/5/19 6:27,651070.8833,3472.540402,2698.06136
2019/5/19 6:30,656732.4222,3425.755017,2672.755345
2019/5/19 6:33,681264.9611,3601.857286,2691.169308
2019/5/19 6:36,704348.6833,3794.807681,2723.050593
2019/5/19 6:39,713957.9111,3773.824614,2724.7081
2019/5/19 6:42,698097.9278,3735.216096,2660.575948
2019/5/19 6:45,686550.8111,3888.212479,2661.753422
2019/5/19 6:48,686123.3222,3900.920132,2663.0125
2019/5/19 6:51,686443.9222,3938.126766,2669.643712
2019/5/19 6:54,691639.1944,4299.007701,2722.596812
2019/5/19 6:57,704351.1556,4539.484116,2762.656971
2019/5/19 7:00,723112.5056,4709.727422,2813.159049
2019/5/19 7:03,736497.4556,4746.836534,2833.322213
2019/5/19 7:06,744927.2278,4797.932506,2850.633305
2019/5/19 7:09,700974.1,4582.694448,2800.414397
2019/5/19 7:12,660742.3056,4363.326514,2793.124242
2019/5/19 7:15,663870.2333,4519.604118,2859.626544
2019/5/19 7:18,671471.75,4579.362206,2873.824964
2019/5/19 7:21,677313.95,4660.084791,2911.782787
2019/5/19 7:24,657770.1333,4618.454049,2912.312273
2019/5/19 7:27,649337.4944,4663.113484,2937.853743
2019/5/19 7:30,650958.5333,4825.260995,3028.089188
2019/5/19 7:33,650677.0389,4817.974688,3035.430583
2019/5/19 7:36,648851.8222,4820.119991,3063.022783
2019/5/19 7:39,647877.6111,4812.601192,3066.267017
2019/5/19 7:42,647814.6778,4799.549168,3063.574143
2019/5/19 7:45,646839.6,4742.051683,3071.169274
2019/5/19 7:48,645736.2556,4688.811901,3059.394799
2019/5/19 7:51,645584.5778,4628.383627,3058.294479
2019/5/19 7:54,645438.8667,4709.576487,3069.921597
2019/5/19 7:57,644439.1,4748.861829,3072.127267
2019/5/19 8:00,618134.4556,4767.47239,3038.838111
2019/5/19 8:03,614571.1333,4722.253036,3035.455928
2019/5/19 8:06,616124.6111,4698.710775,3059.36864
2019/5/19 8:09,617225.0667,4693.054345,3072.420624
2019/5/19 8:12,618205.1444,4675.916797,3072.501452
2019/5/19 8:15,617542.0778,4728.242717,3101.745189
2019/5/19 8:18,617751.6167,4703.457811,3085.68173
2019/5/19 8:21,619540.3889,4694.724519,3084.537177
2019/5/19 8:24,619439.1,4706.331504,3044.916048
2019/5/19 8:27,620370.1444,4733.519795,3040.07905
2019/5/19 8:30,622542.3,4752.817212,3065.616204
2019/5/19 8:33,622715.1778,4732.481646,3067.298091
2019/5/19 8:36,621578.75,4675.837968,3078.43685
2019/5/19 8:39,620495.3889,4654.259377,3079.641291
2019/5/19 8:42,619961.4667,4636.630003,3076.533754
2019/5/19 8:45,619405.1778,4635.76932,3076.040341
2019/5/19 8:48,618638.35,4662.798619,3070.393981
2019/5/19 8:51,619453.0556,4747.164045,3074.248896
2019/5/19 8:54,620438.7222,4787.315101,3082.886912
2019/5/19 8:57,620628.8278,4794.172463,3080.527758
2019/5/19 9:00,620344.5389,4759.05343,3105.882933
2019/5/19 9:03,620181.85,4716.876806,3097.557254
2019/5/19 9:06,619878.2833,4674.578881,3101.764566
2019/5/19 9:09,620055.5611,4781.004238,3095.164222
2019/5/19 9:12,621058.6611,4827.821459,3088.953969
2019/5/19 9:15,621425.4056,4798.466023,3111.937865
2019/5/19 9:18,621941.9889,4746.988416,3106.11941
2019/5/19 9:21,622849.2833,4679.743362,3107.574965
2019/5/19 9:24,622841.7611,4629.182396,3093.964221
2019/5/19 9:27,623056.3111,4598.410744,3082.491443
2019/5/19 9:30,622094.5333,4645.197792,3059.969765
2019/5/19 9:33,620503.4333,4725.112076,3067.109996
2019/5/19 9:36,619433.1944,4875.525311,3091.019374
2019/5/19 9:39,617941.9944,4881.417735,3111.879394
2019/5/19 9:42,617085.3056,4886.468524,3120.892461
2019/5/19 9:45,616118.2944,4878.978537,3131.041346
2019/5/19 9:48,615682,4866.822723,3119.125887
2019/5/19 9:51,615024.6556,4863.683679,3106.320994
2019/5/19 9:54,613680.6167,4794.178936,3084.257026
2019/5/19 9:57,613439.8167,4742.046619,3066.04404
2019/5/19 10:00,613965.8333,4767.630722,3067.641497
2019/5/19 10:03,614882.9667,4758.429634,3067.466593
2019/5/19 10:06,614740.6833,4788.316933,3084.610474
2019/5/19 10:09,614324.4389,4751.523014,3098.7431
2019/5/19 10:12,612990.6722,4721.287274,3098.071348
2019/5/19 10:15,611263.9278,4764.500742,3108.986972
2019/5/19 10:18,611519.4278,4757.508671,3104.858884
2019/5/19 10:21,611117.8111,4774.903816,3110.159733
2019/5/19 10:24,611377.5611,4681.711452,3090.199615
2019/5/19 10:27,612485.3278,4635.254207,3079.092419
2019/5/19 10:30,613980.9056,4644.764013,3097.529086
2019/5/19 10:33,613285.8111,4661.574671,3098.879096
2019/5/19 10:36,612414.8778,4717.197729,3118.590086
2019/5/19 10:39,611425.7833,4635.388481,3112.786424
2019/5/19 10:42,611255.1556,4584.394983,3105.168556
2019/5/19 10:45,610916.6667,4553.255461,3064.928043
2019/5/19 10:48,610151.0056,4591.248931,3058.208757
2019/5/19 10:51,610190.8556,4683.875671,3067.496097
2019/5/19 10:54,609621.3667,4649.352049,3067.531482
2019/5/19 10:57,609409.1667,4614.583595,3062.823475
2019/5/19 11:00,609078.25,4587.489244,3063.690669
2019/5/19 11:03,609899.35,4611.20311,3062.09881
2019/5/19 11:06,610713.5556,4682.993665,3072.459638
2019/5/19 11:09,612442.1278,4716.474125,3082.346236
2019/5/19 11:12,613612.5222,4707.522641,3077.073695
2019/5/19 11:15,613124.7667,4699.19874,3099.123553
2019/5/19 11:18,614570.4222,4644.751719,3088.991222
2019/5/19 11:21,614456.6222,4582.879095,3094.159051
2019/5/19 11:24,613819.9389,4644.906136,3086.151606
2019/5/19 11:27,614541.6056,4672.33315,3080.053441
2019/5/19 11:30,617802.6,4552.801032,3077.091193
2019/5/19 11:33,618259.9167,4537.260938,3075.438589
2019/5/19 11:36,617535.6056,4544.144569,3085.862073
2019/5/19 11:39,617102.15,4578.262417,3088.193967
2019/5/19 11:42,617414.4944,4593.200477,3087.893725
2019/5/19 11:45,616738.0056,4502.443621,3089.257796
2019/5/19 11:48,617151.9167,4473.78068,3086.280494
2019/5/19 11:51,616695.6944,4425.256063,3085.410249
2019/5/19 11:54,616794.0222,4274.111357,3082.584941
2019/5/19 11:57,617012.9333,4188.091504,3075.4177
2019/5/19 12:00,617184.3222,4180.592662,3079.564036
2019/5/19 12:03,616756.55,4203.040365,3070.307065
2019/5/19 12:06,615454.4056,4271.252643,3061.854406
2019/5/19 12:09,614264.95,4378.747738,3054.261474
2019/5/19 12:12,613731.2778,4416.092973,3042.954735
2019/5/19 12:15,614485.4556,4255.580565,3056.981319
2019/5/19 12:18,615211.9556,4239.691947,3064.740453
2019/5/19 12:21,614718.1,4223.580648,3087.216489
2019/5/19 12:24,614430.1889,4182.141682,3075.888826
2019/5/19 12:27,614964.7778,4152.430503,3067.541249
2019/5/19 12:30,616159.2056,3943.498937,3055.728026
2019/5/19 12:33,617390.3167,3951.366425,3054.991306
2019/5/19 12:36,618967.5889,3982.243578,3062.30205
2019/5/19 12:39,618993.4778,4007.667595,3081.425065
2019/5/19 12:42,618953.1722,4015.637064,3088.164965
2019/5/19 12:45,618560.8667,4024.487092,3096.939383
2019/5/19 12:48,617629.2278,4046.285568,3085.26448
2019/5/19 12:51,617532.2056,4129.677978,3078.377665
2019/5/19 12:54,616230.9222,4233.035914,3085.504178
2019/5/19 12:57,614857.4,4263.985643,3079.752012
2019/5/19 13:00,614541.5722,4238.940002,3095.647985
2019/5/19 13:03,615266.0944,4181.936701,3086.284069
2019/5/19 13:06,616033.7444,4113.462675,3091.919257
2019/5/19 13:09,616030.5889,4118.564123,3091.794925
2019/5/19 13:12,617048.3333,4103.893671,3083.401168
2019/5/19 13:15,616995.8611,4132.772118,3092.853535
2019/5/19 13:18,617028.8278,4055.378109,3086.276083
2019/5/19 13:21,617036.9,3932.725833,3085.297932
2019/5/19 13:24,617444.0167,3932.420921,3088.261672
2019/5/19 13:27,617542.2389,3933.793162,3088.813848
2019/5/19 13:30,617389.8944,4036.377631,3098.321683
2019/5/19 13:33,608359.2667,4012.449866,3029.520711
2019/5/19 13:36,606488.7944,4010.912282,2985.708001
2019/5/19 13:39,611077.1444,4011.959908,2988.730587
2019/5/19 13:42,616968.2944,4010.223794,2994.18788
2019/5/19 13:45,617127.9611,4330.881426,3006.010986
2019/5/19 13:48,620004.6556,4332.43381,3009.28427
2019/5/19 13:51,620345.0278,4326.550587,3015.414602
2019/5/19 13:54,624269.7611,4306.515578,3011.482249
2019/5/19 13:57,624437.8889,4300.848925,3008.908034
2019/5/19 14:00,620689.3611,4366.513188,3021.567999
2019/5/19 14:03,619243.5667,4315.836498,3015.055049
2019/5/19 14:06,619488.1611,4268.648436,3022.674345
2019/5/19 14:09,619431.75,4255.512131,3035.392291
2019/5/19 14:12,618819.4778,4241.998685,3037.727874
2019/5/19 14:15,618442.1944,4172.943159,3037.360133
2019/5/19 14:18,617420.9833,4131.862006,3028.466552
2019/5/19 14:21,616560.7889,4097.140505,3028.120203
2019/5/19 14:24,616533,3950.199148,3016.265213
2019/5/19 14:27,616376.5278,3881.261321,3009.094495
2019/5/19 14:30,616657.7167,3884.090952,3015.987658
2019/5/19 14:33,619532.8333,3955.442733,3015.357124
2019/5/19 14:36,621044.6,4085.531581,3014.616488
2019/5/19 14:39,625770.1611,4232.524177,3041.331562
2019/5/19 14:42,630000.9111,4303.155215,3052.442687
2019/5/19 14:45,635475.2167,4334.894592,3071.317507
2019/5/19 14:48,638024.15,4340.908515,3069.53515
2019/5/19 14:51,635633.3556,4355.448873,3067.777754
2019/5/19 14:54,628702.2611,4177.826177,3047.521359
2019/5/19 14:57,626835.0556,4092.069712,3032.885042
2019/5/19 15:00,626396.9056,4093.600801,3022.116421
2019/5/19 15:03,626482.8944,4090.144938,3019.522391
2019/5/19 15:06,627691.25,4124.324099,3030.722141
2019/5/19 15:09,629218.7778,4189.961123,3032.278938
2019/5/19 15:12,629830.9056,4213.526955,3030.310516
2019/5/19 15:15,630823.1278,4281.341044,3055.50367
2019/5/19 15:18,632270.5833,4229.907528,3047.296031
2019/5/19 15:21,634528.7611,4143.482997,3040.020112
2019/5/19 15:24,635213.0444,4181.2027,3036.747119
2019/5/19 15:27,636138.3667,4206.603428,3036.112189
2019/5/19 15:30,637997.9833,3990.716709,3031.903747
2019/5/19 15:33,642672.2333,4054.001906,3035.188653
2019/5/19 15:36,644059.2944,4157.531966,3040.260257
2019/5/19 15:39,644658.1778,4177.78026,3037.399921
2019/5/19 15:42,643889.1222,4189.389838,3036.247616
2019/5/19 15:45,643934.8833,4205.878812,3044.686362
2019/5/19 15:48,644001.9444,4260.079572,3038.465448
2019/5/19 15:51,642749.25,4402.041004,3031.222284
2019/5/19 15:54,646967.0722,4409.922311,3038.701876
2019/5/19 15:57,650456.6278,4393.781661,3033.704143
2019/5/19 16:00,655780.1611,4191.970452,3022.810827
2019/5/19 16:03,656413.5611,4126.240013,3014.312306
2019/5/19 16:06,655771.2444,4047.070094,3016.894867
2019/5/19 16:09,655142.9389,4212.827017,3017.486455
2019/5/19 16:12,655490.1111,4306.898879,3019.562561
2019/5/19 16:15,656054.2056,4484.434423,3041.214275
2019/5/19 16:18,657706.4389,4406.304163,3044.682814
2019/5/19 16:21,657974.5778,4259.73476,3055.905506
2019/5/19 16:24,617376.4889,4185.715247,2860.354486
2019/5/19 16:27,517184,3889.054881,2550.765021
2019/5/19 16:30,532570.3444,4066.919671,2583.836718
2019/5/19 16:33,555465.3389,4225.345428,2637.450218
2019/5/19 16:36,579349.0278,4464.202262,2721.301672
2019/5/19 16:39,582638.35,4418.920378,2727.388978
2019/5/19 16:42,601274.9944,4427.165956,2766.770186
2019/5/19 16:45,599113.9833,4376.105312,2846.477174
2019/5/19 16:48,622650.0389,4387.069462,2911.512648
2019/5/19 16:51,633210.3722,4473.866341,2988.172941
2019/5/19 16:54,635978.1222,4464.735781,3011.099361
2019/5/19 16:57,640236.2722,4465.305228,3020.24956
2019/5/19 17:00,643607.9,4432.788012,3040.160608
2019/5/19 17:03,645024.4389,4352.160688,3032.988378
2019/5/19 17:06,645570.6833,4225.145701,3030.87433
2019/5/19 17:09,649337.7389,4288.339103,3034.188185
2019/5/19 17:12,650887,4332.201418,3032.503539
2019/5/19 17:15,651799.8333,4385.969116,3021.972673
2019/5/19 17:18,654709.4889,4280.191214,3013.375398
2019/5/19 17:21,657145.4056,4096.089436,2996.265006
2019/5/19 17:24,660091.9667,3884.519168,2960.745048
2019/5/19 17:27,665219.3,3820.029053,2963.668273
2019/5/19 17:30,672880.3111,3995.235391,2973.263605
2019/5/19 17:33,679098.8,3980.350476,2978.855835
2019/5/19 17:36,685506.2222,3980.137821,3005.511764
2019/5/19 17:39,686163.4389,3828.124151,2976.192982
2019/5/19 17:42,683540.0056,3763.816995,2958.225398
2019/5/19 17:45,682014.2778,3465.744619,2843.020005
2019/5/19 17:48,681562.1611,3436.570678,2832.510229
2019/5/19 17:51,695608.6167,3501.430766,2862.891127
2019/5/19 17:54,698482.4333,3510.902506,2866.112638
2019/5/19 17:57,692783.1278,3465.410121,2850.404551
2019/5/19 18:00,688489.8167,3494.969843,2847.327197
2019/5/19 18:03,686980.8611,3530.088478,2859.559003
2019/5/19 18:06,688623.5111,3568.363011,2896.327117
2019/5/19 18:09,689832.1611,3529.716038,2895.489682
2019/5/19 18:12,684574.3278,3469.315194,2863.558505
2019/5/19 18:15,686526.4667,3395.509131,2851.574472
2019/5/19 18:18,683314.4833,3386.716656,2835.391339
2019/5/19 18:21,690074.5778,3441.368667,2850.601184
2019/5/19 18:24,695354.5389,3580.857693,2899.15532
2019/5/19 18:27,688829.3,3625.550153,2898.557976
2019/5/19 18:30,690596.8,3542.561665,2862.120595
2019/5/19 18:33,695944.05,3544.277569,2857.700103
2019/5/19 18:36,712596.7222,3583.678797,2885.360114
2019/5/19 18:39,721772.4333,3818.214357,2949.799949
2019/5/19 18:42,727200.8722,3981.890556,2989.303364
2019/5/19 18:45,734862.6278,3875.054229,2973.74521
2019/5/19 18:48,740751.0667,3929.306379,2985.657991
2019/5/19 18:51,738379.4611,4046.619661,3032.819129
2019/5/19 18:54,720592.35,3953.656843,2956.522573
2019/5/19 18:57,676051.6833,3980.177198,2636.543555
2019/5/19 19:00,689248.5222,4080.616255,2663.51489
2019/5/19 19:03,684331.6,4128.849502,2683.330821
2019/5/19 19:06,667228.7611,4059.851291,2649.23819
2019/5/19 19:09,655359.85,3863.726668,2579.972117
2019/5/19 19:12,654577.3611,3804.864747,2560.346614
2019/5/19 19:15,675301.8778,4046.631745,2595.136931
2019/5/19 19:18,707500.2278,4202.081942,2666.071257
2019/5/19 19:21,712776.1667,4386.809373,2747.152441
2019/5/19 19:24,732095.3278,4683.925375,2845.752091
2019/5/19 19:27,760592.8833,4817.273421,2913.836385
2019/5/19 19:30,759882.9333,4621.452902,2893.879754
2019/5/19 19:33,735804.4389,4624.292842,2869.902098
2019/5/19 19:36,723146.75,4615.547566,2859.502761
2019/5/19 19:39,716309.1278,4558.121754,2824.959469
2019/5/19 19:42,705584.5778,4487.655264,2781.913141
2019/5/19 19:45,704306.9556,4497.164092,2777.328432
2019/5/19 19:48,703453.0889,4493.178354,2782.093674
2019/5/19 19:51,694681.25,4356.228522,2726.838353
2019/5/19 19:54,683953.05,4294.503119,2698.800165
2019/5/19 19:57,683413.5333,4289.636387,2697.898925
2019/5/19 20:00,685944.0444,4194.271407,2730.753857
2019/5/19 20:03,689380.4111,4263.319689,2767.601944
2019/5/19 20:06,683822.8778,4235.980548,2743.317377
2019/5/19 20:09,680957.8611,4163.748065,2714.556064
2019/5/19 20:12,680652.9611,4168.352479,2716.246444
2019/5/19 20:15,675120.8667,3992.797807,2618.304235
2019/5/19 20:18,685367.6611,4056.626534,2666.379758
2019/5/19 20:21,688529.55,4075.882338,2681.753323
2019/5/19 20:24,673084.5611,3902.676372,2563.526351
2019/5/19 20:27,676357.8722,3892.420531,2538.522744
2019/5/19 20:30,682996.1111,4036.688457,2548.908342
2019/5/19 20:33,687848.6167,4171.691965,2602.290992
2019/5/19 20:36,682325.3111,4214.829037,2590.113585
2019/5/19 20:39,678090.3167,4186.226207,2569.534977
2019/5/19 20:42,692928.85,4229.219348,2593.439554
2019/5/19 20:45,697801.0111,4307.574056,2663.849365
2019/5/19 20:48,685067.2444,4270.271542,2653.842331
2019/5/19 20:51,686217.2778,4312.113686,2707.554532
2019/5/19 20:54,678601.5889,4288.693366,2692.48026
2019/5/19 20:57,679652.1167,4338.308827,2721.334729
2019/5/19 21:00,672985.1778,4278.447319,2650.562982
2019/5/19 21:03,669734.7889,4189.208208,2617.104195
2019/5/19 21:06,673015.7333,4191.63652,2652.424503
2019/5/19 21:09,685403.3611,4235.665236,2689.93231
2019/5/19 21:12,685019.8611,4192.755236,2668.363175
2019/5/19 21:15,679224.6667,4124.180436,2607.364106
2019/5/19 21:18,677258.2,4121.176899,2606.135462
2019/5/19 21:21,669906.7,4053.696908,2568.615693
2019/5/19 21:24,666184.7278,3999.781317,2541.247834
2019/5/19 21:27,670546.6278,4072.24927,2585.270523
2019/5/19 21:30,671399.8778,4129.134852,2594.553141
2019/5/19 21:33,662767.6167,4109.218547,2553.66642
2019/5/19 21:36,674413.7611,4198.509662,2552.58281
2019/5/19 21:39,679317.1833,4167.739635,2558.804189
2019/5/19 21:42,665737.6722,4135.123709,2532.442108
2019/5/19 21:45,662830.9333,4196.062798,2526.589664
2019/5/19 21:48,679405.2111,4330.510128,2642.207212
2019/5/19 21:51,697512.0278,4508.527877,2819.440728
2019/5/19 21:54,704555.9,4697.753719,2967.029355
2019/5/19 21:57,702391.4389,4822.13304,3055.359682
2019/5/19 22:00,708064.9833,5000.915677,3130.815516
2019/5/19 22:03,704389.3889,4937.510396,3093.232039
2019/5/19 22:06,711913.9056,4955.03028,3102.753326
2019/5/19 22:09,719341.4,4936.168602,3097.374733
2019/5/19 22:12,708992.7,4912.385274,3088.08936
2019/5/19 22:15,698531.9444,4714.775449,3048.617356
2019/5/19 22:18,691026.2778,4698.004739,3028.26338
2019/5/19 22:21,698579.8944,4764.043164,3049.744033
2019/5/19 22:24,703712.8444,4658.456449,3000.691955
2019/5/19 22:27,701682.2556,4602.9376,2974.472902
2019/5/19 22:30,690886.0056,4310.937845,2854.147662
2019/5/19 22:33,695729.5389,4377.513723,2908.451359
2019/5/19 22:36,698088.1278,4525.079573,3021.278406
2019/5/19 22:39,687046.1056,4529.079804,2988.080296
2019/5/19 22:42,694955.85,4568.353012,2992.343282
2019/5/19 22:45,693887.5833,4458.306007,2961.686908
2019/5/19 22:48,702676.0556,4503.091699,2999.033866
2019/5/19 22:51,694150.6,4425.057436,2937.823615
2019/5/19 22:54,683122.6333,4277.271549,2877.325216
2019/5/19 22:57,683360.7167,4273.551246,2890.572061
2019/5/19 23:00,692927.8167,4549.347457,3032.09335
2019/5/19 23:03,697526.9833,4555.837434,3034.565482
2019/5/19 23:06,691099.9111,4403.892901,2970.917287
2019/5/19 23:09,682913.3556,4390.939217,2922.873203
2019/5/19 23:12,681399.0833,4440.534423,2931.047301
2019/5/19 23:15,679950.95,4538.046496,2916.211636
2019/5/19 23:18,677043.1444,4427.987704,2881.233887
2019/5/19 23:21,664034.0833,4219.965682,2803.370408
2019/5/19 23:24,666634.5167,4125.176182,2793.282105
2019/5/19 23:27,658830.6667,4053.949743,2763.534443
2019/5/19 23:30,666486.7611,4148.902453,2777.837444
2019/5/19 23:33,678199.7278,4198.914739,2819.283998
2019/5/19 23:36,672135.7889,4180.989188,2811.688614
2019/5/19 23:39,674507.2722,4125.305385,2755.838113
2019/5/19 23:42,684488.8278,4147.373398,2781.884783
2019/5/19 23:45,691238.3889,4298.094152,2884.913331
2019/5/19 23:48,695895.0944,4250.970891,2858.039664
2019/5/19 23:51,690494.9778,4141.815755,2800.387541
2019/5/19 23:54,693076.1722,4147.527127,2830.196733
2019/5/19 23:57,680246.2222,4064.996152,2790.709403
2019/5/20 0:00,672060.2,3798.403626,2700.636945
2019/5/20 0:03,679986.4889,3842.614868,2744.030442
2019/5/20 0:06,682944.4,3816.010308,2753.824119
2019/5/20 0:09,682009.7556,4026.152166,2844.694613
2019/5/20 0:12,690336.8611,4296.379564,2975.142836
2019/5/20 0:15,684316.7278,4689.492141,3091.968062
2019/5/20 0:18,692758.2444,4617.589963,3124.234518
2019/5/20 0:21,698729.6111,4451.651708,3180.490454
2019/5/20 0:24,697092.2111,4489.302299,3173.251244
2019/5/20 0:27,695500.6944,4541.25965,3199.50012
2019/5/20 0:30,706125.1333,5001.137359,3417.938697
2019/5/20 0:33,699113.7278,4877.066004,3361.457342
2019/5/20 0:36,693761.6667,4783.834677,3327.104887
2019/5/20 0:39,693519.7167,4727.530204,3321.344534
2019/5/20 0:42,704751.5667,4807.558101,3369.155649
2019/5/20 0:45,713924.5889,4763.865625,3301.205891
2019/5/20 0:48,719027.7111,4746.046464,3275.073986
2019/5/20 0:51,718034.75,4855.466604,3271.39664
2019/5/20 0:54,706824.1556,4759.250525,3238.055829
2019/5/20 0:57,699669.2,4697.543647,3223.335924
2019/5/20 1:00,699206.6444,4863.150472,3256.41218
2019/5/20 1:03,699851.9333,4797.588672,3228.707597
2019/5/20 1:06,703653.6667,4749.166429,3230.153557
2019/5/20 1:09,694652.2667,4502.518762,3136.857182
2019/5/20 1:12,692127.9556,4464.600896,3114.055075
2019/5/20 1:15,695541.6778,4446.969412,3195.442668
2019/5/20 1:18,696029.8944,4482.817085,3210.454329
2019/5/20 1:21,697667.1722,4708.041076,3308.21193
2019/5/20 1:24,700248.4611,4706.064115,3306.556224
2019/5/20 1:27,698925.6667,4701.992112,3302.655001
2019/5/20 1:30,695990.3333,4496.706504,3165.64257
2019/5/20 1:33,681148.6389,4357.310045,3092.913697
2019/5/20 1:36,673537.0167,4278.641975,3014.167064
2019/5/20 1:39,681459.7,4368.746857,3098.812381
2019/5/20 1:42,679087.3944,4410.397557,3151.191377
2019/5/20 1:45,669160.4667,4652.11218,3197.846074
2019/5/20 1:48,681107.5111,4738.476588,3237.236785
2019/5/20 1:51,687928.1889,4837.025175,3276.6061
2019/5/20 1:54,682999.2611,4510.273993,3111.534265
2019/5/20 1:57,682481.9056,4385.130015,3054.828279
2019/5/20 2:00,698934.6889,4605.802576,3109.635167
2019/5/20 2:03,698261.55,4675.512439,3092.527263
2019/5/20 2:06,705982.9444,4909.908211,3180.256655
2019/5/20 2:09,709363.0722,4837.394633,3124.569958
2019/5/20 2:12,717522.4611,4784.406038,3116.684999
2019/5/20 2:15,720496.5556,5032.417356,3319.484936
2019/5/20 2:18,717419.2278,4974.263935,3300.024807
2019/5/20 2:21,716012.05,5061.712661,3339.904371
2019/5/20 2:24,708006.4889,5029.983412,3401.250928
2019/5/20 2:27,709213.5444,5064.846005,3465.045814
2019/5/20 2:30,711200.5778,5235.148156,3557.443502
2019/5/20 2:33,704400.6833,5095.506665,3453.170748
2019/5/20 2:36,699624.8389,5118.591127,3446.333152
2019/5/20 2:39,699832.2944,5034.435283,3473.781465
2019/5/20 2:42,695561.1222,5020.353074,3502.925588
2019/5/20 2:45,693088.3222,5136.220305,3567.194712
2019/5/20 2:48,691721.4556,5093.224657,3541.598417
2019/5/20 2:51,692356.8833,5172.020247,3592.388228
2019/5/20 2:54,696138.1,5154.232271,3583.041688
2019/5/20 2:57,691119.9278,5114.01884,3561.392825
2019/5/20 3:00,681149.3722,4574.65223,3421.845274
2019/5/20 3:03,679901.8556,4480.515306,3338.227263
2019/5/20 3:06,680901.3944,4545.262115,3415.836241
2019/5/20 3:09,678481.5667,4618.668807,3469.417292
2019/5/20 3:12,677865.1778,4705.905321,3507.164984
2019/5/20 3:15,673523.8611,4748.351438,3463.314769
2019/5/20 3:18,675770.7056,4742.378295,3474.922587
2019/5/20 3:21,679181.05,4694.406929,3515.60044
2019/5/20 3:24,684251.8833,4639.680821,3453.835245
2019/5/20 3:27,682084.3056,4518.242897,3318.671176
2019/5/20 3:30,678688.5611,4619.807173,3330.719592
2019/5/20 3:33,679310.2722,4591.367403,3309.381617
2019/5/20 3:36,683872,4523.236656,3279.861047
2019/5/20 3:39,689586.4722,4415.992144,3177.338138
2019/5/20 3:42,693781.6444,4399.557042,3149.602166
2019/5/20 3:45,697865.45,4545.97614,3191.179314
2019/5/20 3:48,700173.6667,4550.275958,3138.795775
2019/5/20 3:51,679927.7,4447.05592,2985.280583
2019/5/20 3:54,668569.7333,4436.01417,2939.943774
2019/5/20 3:57,682981.8667,4609.369277,2984.555724
2019/5/20 4:00,697694.1778,4557.776564,2968.437486
2019/5/20 4:03,717815.3667,4702.569748,2991.565717
2019/5/20 4:06,737288.2056,4828.605959,3041.280804
2019/5/20 4:09,728026.0611,4764.174262,2972.00957
2019/5/20 4:12,731997.8722,4789.495734,2959.107265
2019/5/20 4:15,738510.55,4803.289774,2983.509076
2019/5/20 4:18,734603.6167,4744.33589,2947.796331
2019/5/20 4:21,722189.1333,4666.476832,2908.54982
2019/5/20 4:24,737752.9056,4725.634475,2978.768532
2019/5/20 4:27,735054.9278,4726.430494,2985.532686
2019/5/20 4:30,709898.9,4401.317227,2894.480018
2019/5/20 4:33,700928.4667,4324.840195,2902.532379
2019/5/20 4:36,717802.0111,4469.848781,2940.219842
2019/5/20 4:39,727218.5167,4561.831021,2951.872106
2019/5/20 4:42,720541.5222,4623.371738,2962.799483
2019/5/20 4:45,705124.9889,4537.362308,2895.29553
2019/5/20 4:48,719905.7611,4632.890683,2959.55767
2019/5/20 4:51,726389.5167,4731.226661,3031.616663
2019/5/20 4:54,725912.6,4799.46196,2981.98201
2019/5/20 4:57,721319.5444,4817.72304,2947.702811
2019/5/20 5:00,707430.75,4644.849091,2850.934531
2019/5/20 5:03,715686.8833,4682.657864,2893.861382
2019/5/20 5:06,720349.7,4718.853815,2957.156485
2019/5/20 5:09,734817.1611,4809.214283,2971.752858
2019/5/20 5:12,738946.1722,4856.590345,2976.197321
2019/5/20 5:15,732942.2167,4875.154279,2941.668139
2019/5/20 5:18,732094.7778,4878.256282,2956.656407
2019/5/20 5:21,728186.9611,4967.532448,3029.646472
2019/5/20 5:24,722898.2167,4978.415926,3066.943275
2019/5/20 5:27,714769.6556,4966.798168,3073.448504
2019/5/20 5:30,710252.0556,4729.794412,3020.397725
2019/5/20 5:33,698193.2667,4679.372939,3013.173916
2019/5/20 5:36,682434.5444,4654.801047,2988.986186
2019/5/20 5:39,681281.5778,4597.935393,2969.260356
2019/5/20 5:42,680159.3722,4601.702126,2987.201833
2019/5/20 5:45,673216.5278,4657.713275,2969.678304
2019/5/20 5:48,668237.6056,4616.723052,2943.446406
2019/5/20 5:51,679599.8389,4704.000556,2999.012515
2019/5/20 5:54,682882.3278,4633.243899,3016.185843
2019/5/20 5:57,683031.8556,4588.368375,3011.918062
2019/5/20 6:00,686747.8944,4597.764933,3009.999937
2019/5/20 6:03,694218.5611,4624.647108,3006.980727
2019/5/20 6:06,688741.8,4581.618592,2969.087631
2019/5/20 6:09,687002.6444,4651.941134,3006.795701
2019/5/20 6:12,690489.2056,4696.939059,3042.331039
2019/5/20 6:15,700664.4278,4592.194243,3050.811113
2019/5/20 6:18,705924.1167,4607.043757,3042.337672
2019/5/20 6:21,706680.7889,4630.143139,3036.727589
2019/5/20 6:24,695793.8944,4583.740457,2969.810391
2019/5/20 6:27,693574.3,4562.660884,2937.2041
2019/5/20 6:30,699608.4778,4594.77307,2963.299223
2019/5/20 6:33,708220.0778,4679.444034,2999.045676
2019/5/20 6:36,703619.8722,4743.006649,3004.967649
2019/5/20 6:39,714042.8833,4795.067214,3015.60519
2019/5/20 6:42,734274.2333,4917.309262,3051.403407
2019/5/20 6:45,738399.1222,4879.65076,3038.373285
2019/5/20 6:48,744127.3222,4855.253449,3017.688478
2019/5/20 6:51,739418.3056,4889.916488,3025.420326
2019/5/20 6:54,738321.6333,4878.859518,3012.578073
2019/5/20 6:57,735990.6611,4869.634826,3000.542321
2019/5/20 7:00,739997.2444,4930.904066,3011.537599
2019/5/20 7:03,736610.1278,5002.935011,3032.624344
2019/5/20 7:06,731568.7833,5064.04022,3056.325352
2019/5/20 7:09,713624.2278,4950.764409,3014.355967
2019/5/20 7:12,672377.4111,4595.951384,2938.006148
2019/5/20 7:15,670605.5833,4472.373116,2913.293795
2019/5/20 7:18,674341.1611,4473.987458,2886.162302
2019/5/20 7:21,674411.1444,4566.904261,2898.007143
2019/5/20 7:24,671776.8111,4703.07118,2930.826834
2019/5/20 7:27,642138.1278,4543.026642,2915.872808
2019/5/20 7:30,646321.8,4776.708578,3005.901712
2019/5/20 7:33,651282.0111,4793.359132,3019.890786
2019/5/20 7:36,652321.7111,4826.282954,3049.927797
2019/5/20 7:39,648604.45,4860.492798,3076.699695
2019/5/20 7:42,643149.4056,4873.786405,3084.519837
2019/5/20 7:45,641135.4444,4914.577736,3130.836037
2019/5/20 7:48,640938.7778,4868.235765,3131.204308
2019/5/20 7:51,637931.1944,4810.118352,3145.526594
2019/5/20 7:54,639040.9611,4713.954829,3136.204566
2019/5/20 7:57,638876.2944,4660.33276,3126.683556
2019/5/20 8:00,639080.4222,4862.987725,3144.906737
2019/5/20 8:03,622866.4722,4814.591424,3127.681041
2019/5/20 8:06,620109.0833,4813.345641,3134.54757
2019/5/20 8:09,619848.0944,4783.212113,3143.433546
2019/5/20 8:12,618159.6,4764.088524,3133.743303
2019/5/20 8:15,619125.3889,4698.960491,3122.905956
2019/5/20 8:18,619563.2611,4706.175013,3118.804023
2019/5/20 8:21,619752.2167,4718.378326,3114.096526
2019/5/20 8:24,621366.1111,4753.163031,3129.656749
2019/5/20 8:27,621236.4778,4765.988507,3135.232276
2019/5/20 8:30,621936.8889,4576.277047,3136.167179
2019/5/20 8:33,623468.2944,4549.390594,3126.973117
2019/5/20 8:36,624519.0833,4502.003398,3117.802016
2019/5/20 8:39,625287.9,4546.913547,3111.818175
2019/5/20 8:42,624875.1889,4565.308739,3104.255545
2019/5/20 8:45,624180.3722,4527.768962,3111.534648
2019/5/20 8:48,623348.9444,4539.000207,3107.611526
2019/5/20 8:51,622610.6111,4560.752494,3102.878143
2019/5/20 8:54,622661.0111,4718.062168,3107.228194
2019/5/20 8:57,622380.6111,4767.47214,3102.38514
2019/5/20 9:00,623150.8222,4764.465123,3127.785725
2019/5/20 9:03,624827.35,4680.92904,3116.743289
2019/5/20 9:06,626285.1111,4571.378327,3121.400527
2019/5/20 9:09,628003.4833,4592.370153,3117.471697
2019/5/20 9:12,628332.6556,4595.098505,3113.716024
2019/5/20 9:15,629400.1222,4660.97783,3105.186075
2019/5/20 9:18,630266.6444,4613.280036,3094.43388
2019/5/20 9:21,631685.5833,4521.267677,3084.157256
2019/5/20 9:24,634081.6167,4601.057456,3107.114958
2019/5/20 9:27,632628.8611,4641.143173,3116.775494
2019/5/20 9:30,631051.7778,4626.185413,3115.391069
2019/5/20 9:33,629196.7833,4634.941759,3105.3357
2019/5/20 9:36,629055.2889,4651.780621,3088.861272
2019/5/20 9:39,627560.1167,4666.055282,3105.733815
2019/5/20 9:42,626918.6722,4683.072385,3111.176208
2019/5/20 9:45,626077.2389,4568.296859,3096.194052
2019/5/20 9:48,626007.1056,4428.331122,3073.547329
2019/5/20 9:51,623919.0722,4140.324163,3030.403069
2019/5/20 9:54,627420.2389,4413.944371,3040.651329
2019/5/20 9:57,630328.0333,4539.409796,3047.328595
2019/5/20 10:00,629182.3056,4698.861939,3083.766713
2019/5/20 10:03,629095.3111,4711.718139,3075.17599
2019/5/20 10:06,629758.45,4735.618544,3081.930081
2019/5/20 10:09,629871.5278,4756.516691,3088.6673
2019/5/20 10:12,628593.9889,4747.266021,3082.820839
2019/5/20 10:15,628874.0778,4767.216455,3089.658254
2019/5/20 10:18,629721.8222,4737.899438,3080.739053
2019/5/20 10:21,631436.6667,4709.415115,3080.086668
2019/5/20 10:24,635140.1056,4639.882981,3081.334591
2019/5/20 10:27,637131.9444,4600.991652,3080.917327
2019/5/20 10:30,637482.9278,4610.18851,3094.625738
2019/5/20 10:33,636958.8667,4637.69198,3087.874543
2019/5/20 10:36,636589.2167,4705.212238,3083.629557
2019/5/20 10:39,635214.6667,4880.043763,3104.647834
2019/5/20 10:42,633219.9778,4971.691732,3100.283129
2019/5/20 10:45,631587.8667,4964.818684,3114.774974
2019/5/20 10:48,629664.3556,4933.32425,3109.84327
2019/5/20 10:51,628514.8167,4867.306707,3100.16245
2019/5/20 10:54,627417.5778,4879.001643,3089.892141
2019/5/20 10:57,626140.7722,4878.077835,3080.353678
2019/5/20 11:00,629082.0278,4863.822457,3102.914876
2019/5/20 11:03,632698.75,4864.532381,3102.852191
2019/5/20 11:06,633374.0778,4894.658294,3117.414131
2019/5/20 11:09,631634.1611,4895.393464,3121.27805
2019/5/20 11:12,630949.0833,4900.681185,3123.338561
2019/5/20 11:15,631771.7722,4817.792155,3120.583636
2019/5/20 11:18,629818.5444,4804.356668,3118.875573
2019/5/20 11:21,627586.45,4800.041318,3122.870774
2019/5/20 11:24,623523.1444,4794.188077,3115.981965
2019/5/20 11:27,627238.6,4803.362598,3124.500765
2019/5/20 11:30,628556.6833,4808.174772,3120.367808
2019/5/20 11:33,629652.5722,4789.245953,3113.023388
2019/5/20 11:36,634723.8889,4770.901887,3104.506738
2019/5/20 11:39,639061.25,4762.872752,3107.794696
2019/5/20 11:42,642778.5444,4767.167521,3116.73069
2019/5/20 11:45,645461.0333,4775.462155,3128.424876
2019/5/20 11:48,645276.7,4783.181344,3131.004739
2019/5/20 11:51,643561.7222,4768.618623,3120.299163
2019/5/20 11:54,642250.0111,4795.576538,3117.276524
2019/5/20 11:57,640546.3778,4794.033835,3108.625559
2019/5/20 12:00,639910.8722,4831.600279,3122.922626
2019/5/20 12:03,638645.3611,4805.424752,3114.079184
2019/5/20 12:06,639048.9889,4783.176332,3115.134762
2019/5/20 12:09,639395.3722,4762.477159,3114.861118
2019/5/20 12:12,643585.2278,4754.709785,3113.603777
2019/5/20 12:15,646770.3944,4759.696706,3109.880175
2019/5/20 12:18,653018.5333,4754.904864,3108.726528
2019/5/20 12:21,657964.7444,4742.44819,3110.64137
2019/5/20 12:24,660174.8611,4889.904689,3128.400675
2019/5/20 12:27,658823.4111,4958.42943,3133.154704
2019/5/20 12:30,658447.5667,5003.216966,3141.909567
2019/5/20 12:33,656762.6667,4986.788317,3141.108792
2019/5/20 12:36,655644.8778,4954.805069,3146.440229
2019/5/20 12:39,654154.5556,4928.959409,3149.706709
2019/5/20 12:42,652383.9944,4894.831866,3145.710544
2019/5/20 12:45,651231.6889,4821.14462,3142.477807
2019/5/20 12:48,649594.9833,4846.948439,3141.135902
2019/5/20 12:51,645211.5611,4871.975227,3126.53872
2019/5/20 12:54,642606.4333,4822.769735,3118.30715
2019/5/20 12:57,640681.85,4776.329231,3104.805018
2019/5/20 13:00,639912.1389,4577.493996,3067.659265
2019/5/20 13:03,639889.8889,4538.82511,3060.410902
2019/5/20 13:06,639822.2278,4511.569144,3059.743537
2019/5/20 13:09,643192.8944,4190.228887,3026.028991
2019/5/20 13:12,649558.1333,4047.230086,3010.44344
2019/5/20 13:15,651657.1833,4292.56706,3011.956059
2019/5/20 13:18,652340.1611,4372.017979,2996.504129
2019/5/20 13:21,653275.3611,4385.697999,2998.326378
2019/5/20 13:24,656621.5778,4728.447538,3072.188025
2019/5/20 13:27,656979.4778,4895.501815,3107.41977
2019/5/20 13:30,654543.2667,4972.961116,3129.664396
2019/5/20 13:33,649833.8167,4911.020732,3112.598654
2019/5/20 13:36,644526.7167,4826.821325,3105.145928
2019/5/20 13:39,643986.1444,4752.11261,3099.12109
2019/5/20 13:42,642794.2944,4718.874048,3096.954556
2019/5/20 13:45,642795.1556,4764.483134,3096.469567
2019/5/20 13:48,642445.5056,4756.25316,3092.004555
2019/5/20 13:51,638907.1,4680.440357,3070.83811
2019/5/20 13:54,635774.6667,4662.17463,3049.593334
2019/5/20 13:57,633406.3056,4654.392969,3032.705272
2019/5/20 14:00,631094.2111,4713.887157,3025.738412
2019/5/20 14:03,628486.9222,4657.42422,3003.283293
2019/5/20 14:06,625923.8833,4629.117874,3009.39323
2019/5/20 14:09,626195.5833,4653.394297,3026.974168
2019/5/20 14:12,627989.4778,4691.843443,3036.600737
2019/5/20 14:15,630995.9167,4796.148427,3059.851001
2019/5/20 14:18,633159.1444,4789.003827,3060.973357
2019/5/20 14:21,635549.7444,4747.751469,3065.072711
2019/5/20 14:24,638304.2167,4779.625332,3071.742532
2019/5/20 14:27,640429.2667,4791.973049,3073.559902
2019/5/20 14:30,642359.2167,4789.747844,3064.769301
2019/5/20 14:33,642961.1444,4767.958017,3061.089332
2019/5/20 14:36,644211.3056,4720.656917,3055.825346
2019/5/20 14:39,644394.8889,4858.572229,3070.725818
2019/5/20 14:42,643262.5,4930.157702,3077.507213
2019/5/20 14:45,642321.5444,4945.490472,3090.951381
2019/5/20 14:48,640547.3889,4913.288115,3080.545868
2019/5/20 14:51,636447.3222,4783.589723,3049.686844
2019/5/20 14:54,633230.1167,4602.825068,3016.956463
2019/5/20 14:57,633370.1556,4532.394226,3002.20322
2019/5/20 15:00,635420.0222,4512.255446,2992.920032
2019/5/20 15:03,638251.5889,4543.338691,2990.674441
2019/5/20 15:06,640850.3556,4595.996194,2993.507912
2019/5/20 15:09,640674.2833,4625.725181,2999.772317
2019/5/20 15:12,640817.9278,4645.28847,3001.258657
2019/5/20 15:15,638838.1389,4773.715907,3039.961198
2019/5/20 15:18,637044.6778,4757.259577,3035.355773
2019/5/20 15:21,636088.6889,4747.692926,3038.007263
2019/5/20 15:24,635745.9667,4718.775423,3034.179072
2019/5/20 15:27,635382.7444,4709.475502,3032.101185
2019/5/20 15:30,635363.4444,4536.723885,3009.098349
2019/5/20 15:33,635387.8222,4379.971846,2983.598793
2019/5/20 15:36,637201.9833,4125.656819,2942.442178
2019/5/20 15:39,638418.7833,4001.086954,2911.053026
2019/5/20 15:42,637669.8611,3940.946947,2891.112643
2019/5/20 15:45,639132.15,4172.328846,2895.943046
2019/5/20 15:48,641522.35,4267.463921,2912.590064
2019/5/20 15:51,642838.2556,4452.215954,2940.615963
2019/5/20 15:54,644846.1,4619.869473,2976.017001
2019/5/20 15:57,643121.5778,4677.321824,2986.387496
2019/5/20 16:00,640021.4278,4826.181049,3028.291211
2019/5/20 16:03,636806.9944,4793.665455,3015.769995
2019/5/20 16:06,633487.9667,4759.79203,3006.358077
2019/5/20 16:09,631941.4333,4648.103612,2995.552417
2019/5/20 16:12,631501.2556,4606.797066,2992.317965
2019/5/20 16:15,634549.6444,4673.803825,2998.054484
2019/5/20 16:18,638279.6389,4693.087895,2998.554618
2019/5/20 16:21,641301.6444,4690.170453,2997.26535
2019/5/20 16:24,642685.05,4706.898334,2995.044862
2019/5/20 16:27,642058.95,4705.427404,2991.780965
2019/5/20 16:30,641904.7333,4618.821406,2987.428208
2019/5/20 16:33,642141.8167,4611.621879,2988.1355
2019/5/20 16:36,643068.9111,4619.05566,2994.434383
2019/5/20 16:39,642851.8,4660.111942,3000.787319
2019/5/20 16:42,643769.8111,4680.743185,3002.791375
2019/5/20 16:45,645714.6667,4797.720996,3032.522599
2019/5/20 16:48,645938.3056,4780.682538,3034.678182
2019/5/20 16:51,642467.4944,4712.301732,3033.933231
2019/5/20 16:54,637060.3722,4641.240651,3019.944596
2019/5/20 16:57,628173.6222,4486.21924,2979.554309
2019/5/20 17:00,617139.2833,4325.423132,2938.513473
2019/5/20 17:03,618329.8444,4252.989969,2942.53184
2019/5/20 17:06,620923.7944,4141.060323,2957.869136
2019/5/20 17:09,624133.5667,4063.478429,2953.056068
2019/5/20 17:12,629195.1611,4044.653529,2955.826922
2019/5/20 17:15,633892.5278,4084.857404,2940.063503
2019/5/20 17:18,631216.6833,4224.661754,2949.722533
2019/5/20 17:21,629539,4466.046438,2972.373966
2019/5/20 17:24,632788.5778,4562.306534,2978.986147
2019/5/20 17:27,634741.4444,4621.283909,2982.302697
2019/5/20 17:30,637667.3056,4584.920272,2994.512163
2019/5/20 17:33,635619.0611,4576.344475,2988.385532
2019/5/20 17:36,634359.4722,4565.716105,2982.734511
2019/5/20 17:39,634554.4778,4550.550754,2984.440188
2019/5/20 17:42,633115.5278,4538.649533,2983.495251
2019/5/20 17:45,634421.2111,4560.583247,3000.703019
2019/5/20 17:48,635880.35,4615.210187,3003.68636
2019/5/20 17:51,635885.5833,4675.0453,2999.746901
2019/5/20 17:54,636798.3889,4548.987884,2996.299366
2019/5/20 17:57,636075.1444,4452.042259,2985.050972
2019/5/20 18:00,636739.5833,4371.442566,2985.294462
2019/5/20 18:03,637331.3,4345.704652,2968.500471
2019/5/20 18:06,639929.7889,4319.643039,2960.553303
2019/5/20 18:09,640559.9333,4147.417964,2945.015285
2019/5/20 18:12,639678.8389,4046.037901,2935.674047
2019/5/20 18:15,640423.0722,3608.397871,2890.161461
2019/5/20 18:18,643245.0611,3538.750452,2878.46423
2019/5/20 18:21,644537.2056,3391.046637,2853.506786
2019/5/20 18:24,645760.6111,3383.720463,2825.321053
2019/5/20 18:27,656586.3167,3403.995617,2833.273415
2019/5/20 18:30,653522.6722,3345.271903,2832.976857
2019/5/20 18:33,653574.4444,3357.841177,2824.295738
2019/5/20 18:36,662337.7889,3464.850813,2870.057371
2019/5/20 18:39,671043.9556,3576.060014,2916.525092
2019/5/20 18:42,679055.6,3705.02099,2987.116483
2019/5/20 18:45,687093.7333,3833.764757,3058.72642
2019/5/20 18:48,693946.5,3987.174682,3114.265669
2019/5/20 18:51,693743.8889,4215.668334,3174.76208
2019/5/20 18:54,696745.4667,4109.524865,3171.086848
2019/5/20 18:57,697813.4778,4062.068918,3167.301757
2019/5/20 19:00,697488.0333,3962.687879,3135.197767
2019/5/20 19:03,699676.1167,4003.703796,3162.386297
2019/5/20 19:06,699365.8611,4080.096826,3191.873991
2019/5/20 19:09,695581.3389,4005.663507,3120.874785
2019/5/20 19:12,694864.4611,3981.47432,3092.52931
2019/5/20 19:15,698964.9778,4198.193067,3097.095367
2019/5/20 19:18,710032.8722,4230.389089,3131.579906
2019/5/20 19:21,708371.7889,4159.861775,3163.634108
2019/5/20 19:24,708380.6056,4105.232583,3150.182907
2019/5/20 19:27,711645.3944,4131.948601,3176.220017
2019/5/20 19:30,714758.5889,4272.457779,3198.394266
2019/5/20 19:33,713585.2556,4278.460238,3188.214657
2019/5/20 19:36,710931.3056,4352.829284,3197.006378
2019/5/20 19:39,701826.7,4249.973192,3137.352652
2019/5/20 19:42,697344.8778,4188.867741,3088.025532
2019/5/20 19:45,700500.4722,4160.835092,3104.178989
2019/5/20 19:48,698381.4,4160.756505,3093.632459
2019/5/20 19:51,699867.1,4235.100381,3118.611361
2019/5/20 19:54,700665.0611,4212.622124,3110.821818
2019/5/20 19:57,697704.75,4167.379349,3092.939596
2019/5/20 20:00,696998.1056,4040.032069,3057.123312
2019/5/20 20:03,699911.3944,4053.088607,3058.475632
2019/5/20 20:06,700714.9333,4097.656363,3082.241153
2019/5/20 20:09,700722.5778,4148.422381,3079.732701
2019/5/20 20:12,704389.2833,4204.521965,3089.941416
2019/5/20 20:15,707170.8056,4274.970753,3112.531964
2019/5/20 20:18,711667.3222,4314.312952,3106.128956
2019/5/20 20:21,713528.6,4382.368336,3118.041857
2019/5/20 20:24,716028.7167,4364.757031,3108.73034
2019/5/20 20:27,712308.2778,4344.850126,3099.638153
2019/5/20 20:30,710833.3333,4186.712832,3075.493391
2019/5/20 20:33,709303.8444,4140.669209,3073.454539
2019/5/20 20:36,678832.55,4190.404217,2890.670361
2019/5/20 20:39,640619.5833,3980.283781,2694.794864
2019/5/20 20:42,657412.6222,4032.276334,2768.543436
2019/5/20 20:45,665227.4889,4137.673788,2871.315532
2019/5/20 20:48,675881.5222,4047.502736,2893.204462
2019/5/20 20:51,678175.1722,4160.693813,2953.56599
2019/5/20 20:54,678076.7444,4180.996073,2936.067608
2019/5/20 20:57,673447.4889,4188.877434,2921.382964
2019/5/20 21:00,661976.9611,4011.258341,2844.253497
2019/5/20 21:03,656150.3444,3983.4724,2839.223625
2019/5/20 21:06,660605.8111,4030.550086,2903.177936
2019/5/20 21:09,662670.4,3984.087634,2913.719833
2019/5/20 21:12,658431.3389,3954.141551,2897.927374
2019/5/20 21:15,650279.3167,3998.794622,2888.603335
2019/5/20 21:18,649992.4333,4042.809018,2898.779789
2019/5/20 21:21,666098.0778,4248.090786,2995.574367
2019/5/20 21:24,685732.1056,4390.787005,3091.730845
2019/5/20 21:27,692540.6278,4404.524729,3118.889689
2019/5/20 21:30,698509.8111,4416.18018,3095.358122
2019/5/20 21:33,696932.1778,4389.903445,3077.185181
2019/5/20 21:36,694803.0444,4422.758393,3106.626524
2019/5/20 21:39,688231.6611,4529.220133,3128.220755
2019/5/20 21:42,681500.8111,4565.507492,3133.56087
2019/5/20 21:45,678960.7778,4583.927486,3125.795945
2019/5/20 21:48,673811.9556,4558.047052,3125.590962
2019/5/20 21:51,670921.5167,4641.732171,3188.220214
2019/5/20 21:54,666229.9389,4671.215485,3185.480025
2019/5/20 21:57,665269.6778,4717.204901,3212.395196
2019/5/20 22:00,668788.0278,4898.652954,3315.514479
2019/5/20 22:03,671309.9167,4868.532694,3306.842196
2019/5/20 22:06,670227.4333,4858.369489,3317.046151
2019/5/20 22:09,675748.4722,4769.548557,3310.183695
2019/5/20 22:12,675110.9278,4655.959786,3269.309762
2019/5/20 22:15,664963.1111,4390.852926,3131.504115
2019/5/20 22:18,662322.0944,4439.048826,3110.049036
2019/5/20 22:21,658192.8667,4547.26803,3105.406157
2019/5/20 22:24,656367.7667,4612.333525,3085.864067
2019/5/20 22:27,657277.3833,4575.672944,3057.555916
2019/5/20 22:30,651099.6722,4312.746399,2871.005031
2019/5/20 22:33,657447.1167,4276.365138,2901.547611
2019/5/20 22:36,672069.3056,4368.894359,3001.214114
2019/5/20 22:39,668382.2944,4329.264975,3029.901235
2019/5/20 22:42,673713.5667,4333.937207,3074.392097
2019/5/20 22:45,678761.0889,4260.326306,3189.211767
2019/5/20 22:48,680019.2,4276.168215,3189.975682
2019/5/20 22:51,685895.1833,4338.091699,3212.500062
2019/5/20 22:54,684335.3611,4413.31624,3207.039138
2019/5/20 22:57,680025.8833,4452.474681,3203.569191
2019/5/20 23:00,680413.5722,4483.624737,3225.418562
2019/5/20 23:03,678423.2833,4468.983906,3233.399945
2019/5/20 23:06,678614.9111,4431.434972,3267.744111
2019/5/20 23:09,677037.2611,4413.195643,3285.312382
2019/5/20 23:12,678556.7722,4451.105041,3322.596123
2019/5/20 23:15,680304.4667,4566.473838,3299.245231
2019/5/20 23:18,679027.3444,4536.963117,3265.471283
2019/5/20 23:21,682259.85,4620.051275,3287.41265
2019/5/20 23:24,687360.4389,4674.018375,3336.89558
2019/5/20 23:27,688286.45,4716.433773,3378.340488
2019/5/20 23:30,689119.9889,4937.859649,3407.504728
2019/5/20 23:33,689702.0833,4844.768546,3392.202821
2019/5/20 23:36,689935.8,4753.280915,3407.767931
2019/5/20 23:39,679584.6333,4579.790977,3334.981603
2019/5/20 23:42,672879.0389,4474.077056,3298.445091
2019/5/20 23:45,672157.3389,4494.162776,3337.089017
2019/5/20 23:48,672405.8389,4510.560513,3335.749786
2019/5/20 23:51,668923.5056,4509.548932,3259.940945
2019/5/20 23:54,675387.7056,4579.51137,3332.658164
2019/5/20 23:57,681936.6556,4664.944607,3408.433619
2019/5/21 0:00,676338.0611,4565.111619,3356.042085
2019/5/21 0:03,671968.1722,4456.765581,3274.68424
2019/5/21 0:06,675399.35,4531.813465,3311.803426
2019/5/21 0:09,677202.4722,4826.595454,3397.32185
2019/5/21 0:12,679840.8389,5008.258603,3449.905714
2019/5/21 0:15,682646.9722,5063.461172,3514.964638
2019/5/21 0:18,677006.6778,4988.889495,3471.838014
2019/5/21 0:21,674804.2,4934.730396,3476.236551
2019/5/21 0:24,674489.8722,4723.262192,3442.862584
2019/5/21 0:27,671706.9222,4654.55316,3446.071332
2019/5/21 0:30,673024.0222,4602.534641,3413.377488
2019/5/21 0:33,674084.9333,4564.045588,3401.07219
2019/5/21 0:36,678998.5222,4589.606646,3419.771561
2019/5/21 0:39,680077.2667,4597.506817,3388.771633
2019/5/21 0:42,681562.7,4626.859192,3393.717659
2019/5/21 0:45,681122.6778,4662.827952,3375.035418
2019/5/21 0:48,683984.2722,4681.569553,3357.300248
2019/5/21 0:51,683311.6222,4799.095396,3360.236326
2019/5/21 0:54,676153.3111,4623.963021,3269.776956
2019/5/21 0:57,669217.4333,4539.993249,3212.992547
2019/5/21 1:00,659207.6778,4367.532027,3160.57513
2019/5/21 1:03,659258.5889,4268.958508,3141.28841
2019/5/21 1:06,663208.8556,4185.221726,3164.311241
2019/5/21 1:09,657787.95,4152.860353,3087.412675
2019/5/21 1:12,653676.1278,4128.04833,3045.229151
2019/5/21 1:15,658724.0056,4263.752097,3141.610871
2019/5/21 1:18,662187.2444,4309.972926,3181.08894
2019/5/21 1:21,662534.8778,4464.152319,3292.320907
2019/5/21 1:24,663672.8778,4591.10372,3375.066416
2019/5/21 1:27,665846.7944,4679.049075,3436.768908
2019/5/21 1:30,663205.8111,4807.656098,3519.688313
2019/5/21 1:33,657915.85,4777.34753,3505.146539
2019/5/21 1:36,658181.3889,4768.127007,3523.830311
2019/5/21 1:39,659350.9056,4731.090126,3555.704523
2019/5/21 1:42,661363.95,4738.381527,3587.920919
2019/5/21 1:45,662573.7889,4816.616045,3564.405126
2019/5/21 1:48,657493.8667,4781.858965,3512.112272
2019/5/21 1:51,654942.1889,4820.556258,3501.096369
2019/5/21 1:54,650908.9444,4667.158492,3379.792261
2019/5/21 1:57,651716.6778,4701.597624,3395.784004
2019/5/21 2:00,652525.0333,4822.322714,3509.950005
2019/5/21 2:03,651785.8833,4799.846425,3507.230002
2019/5/21 2:06,655341.0667,4807.466444,3527.901939
2019/5/21 2:09,659279.7667,4775.93017,3499.501751
2019/5/21 2:12,660076.0444,4772.135152,3500.251595
2019/5/21 2:15,662211.9389,4965.209636,3515.832046
2019/5/21 2:18,666212.8944,5004.860118,3513.530545
2019/5/21 2:21,670516.8,5091.43642,3552.870695
2019/5/21 2:24,671846.8167,4999.951668,3508.481866
2019/5/21 2:27,664538.2778,4900.278476,3458.870511
2019/5/21 2:30,662609.3278,5046.389281,3509.582563
2019/5/21 2:33,660904.0556,5016.600268,3509.557346
2019/5/21 2:36,660823.5222,5033.530841,3547.14651
2019/5/21 2:39,658757.0278,4901.131356,3517.896661
2019/5/21 2:42,661108.8222,4874.964589,3531.290558
2019/5/21 2:45,663828.5111,4680.903409,3556.847585
2019/5/21 2:48,667198.6056,4695.487447,3551.305576
2019/5/21 2:51,673277.4556,4769.877943,3557.921053
2019/5/21 2:54,678689.9611,4748.962104,3512.850932
2019/5/21 2:57,680255.0667,4741.295852,3492.472718
2019/5/21 3:00,677481.05,4768.127996,3490.465304
2019/5/21 3:03,678560.5611,4753.292915,3505.566589
2019/5/21 3:06,678790.0556,4734.109487,3558.869853
2019/5/21 3:09,676565.2944,4687.508792,3531.770383
2019/5/21 3:12,670930.2278,4656.205481,3523.092563
2019/5/21 3:15,667813.4667,4363.710284,3464.434944
2019/5/21 3:18,669979.6389,4346.886368,3427.306954
2019/5/21 3:21,668837.0167,4323.069967,3406.509091
2019/5/21 3:24,667113.2778,4327.018355,3340.091194
2019/5/21 3:27,661452.5111,4360.714204,3324.996349
2019/5/21 3:30,662538.2444,4643.265308,3478.670111
2019/5/21 3:33,664702.3667,4653.567593,3465.240534
2019/5/21 3:36,666457.8722,4743.697804,3467.888168
2019/5/21 3:39,666117.9222,4628.777148,3440.816422
2019/5/21 3:42,664267.0944,4581.442508,3446.613196
2019/5/21 3:45,664875.8667,4467.156999,3437.968113
2019/5/21 3:48,665496.9889,4555.965515,3434.562111
2019/5/21 3:51,666222.75,4731.259138,3439.452972
2019/5/21 3:54,667150.3778,4644.90099,3379.777575
2019/5/21 3:57,662749.7722,4593.077906,3342.027901
2019/5/21 4:00,663175.1222,4516.688363,3229.685417
2019/5/21 4:03,656870.5556,4321.826326,3139.116683
2019/5/21 4:06,648421.2611,3985.424391,2985.293305
2019/5/21 4:09,648463.7667,3981.221965,2938.831251
2019/5/21 4:12,642822.8,3954.383619,2888.409281
2019/5/21 4:15,641326.2056,4081.855984,2857.817936
2019/5/21 4:18,647264.7167,4064.677686,2833.616848
2019/5/21 4:21,647321.1389,4069.487209,2805.464032
2019/5/21 4:24,647130.9111,4058.308401,2753.682912
2019/5/21 4:27,654067.2611,4102.365586,2773.34703
2019/5/21 4:30,659365.65,4100.481552,2809.759631
2019/5/21 4:33,655577.9389,4061.615757,2789.326101
2019/5/21 4:36,654104.5333,3947.753089,2776.188505
2019/5/21 4:39,660078.8444,4008.24086,2810.37943
2019/5/21 4:42,658513.1167,4038.574483,2791.575841
2019/5/21 4:45,649696.1278,3931.400843,2731.750639
2019/5/21 4:48,655733.9833,4020.48397,2781.162365
2019/5/21 4:51,665883.6944,4195.762784,2876.766213
2019/5/21 4:54,658742.5556,4076.646544,2793.607903
2019/5/21 4:57,659302.9611,4068.334698,2786.386186
2019/5/21 5:00,668151.3389,4233.27812,2906.555851
2019/5/21 5:03,665561.6333,4183.109033,2871.628601
2019/5/21 5:06,655559.4722,4125.180508,2833.364436
2019/5/21 5:09,663476.1556,4208.694653,2868.53126
2019/5/21 5:12,676917.4722,4356.56878,2935.240127
2019/5/21 5:15,687932.7278,4333.555286,2880.819495
2019/5/21 5:18,710101.3222,4469.389316,2877.428902
2019/5/21 5:21,709311.4722,4557.596125,2881.464302
2019/5/21 5:24,718145.3222,4605.202807,2852.761715
2019/5/21 5:27,724282.6556,4657.767986,2848.701581
2019/5/21 5:30,713343.55,4683.245892,2836.635264
2019/5/21 5:33,703778.4722,4674.085817,2831.01878
2019/5/21 5:36,705632.5611,4659.320222,2834.592927
2019/5/21 5:39,707514.8167,4611.494779,2862.748269
2019/5/21 5:42,700900.0944,4639.612799,2899.472437
2019/5/21 5:45,679270.3278,4417.247158,2916.008211
2019/5/21 5:48,679550.95,4429.890861,2939.972324
2019/5/21 5:51,684684.25,4445.490964,2959.767237
2019/5/21 5:54,690938.55,4486.533175,2968.973614
2019/5/21 5:57,674961.1556,4465.695076,2939.861762
2019/5/21 6:00,658277.6056,4368.957209,2916.390474
2019/5/21 6:03,654531.0444,4348.372195,2909.209968
2019/5/21 6:06,655635.35,4284.728611,2907.134211
2019/5/21 6:09,654483.1333,4308.013262,2907.879261
2019/5/21 6:12,648489.3056,4309.624461,2890.408557
2019/5/21 6:15,656285.7722,4393.680242,2894.614223
2019/5/21 6:18,658567.6111,4421.427722,2896.330004
2019/5/21 6:21,676999.8556,4444.137669,2911.402163
2019/5/21 6:24,691104.5833,4546.137868,2946.529394
2019/5/21 6:27,695847.7889,4582.001217,2964.888857
2019/5/21 6:30,653738.3611,4194.113441,2946.409385
2019/5/21 6:33,652609.7889,4199.953233,2961.16822
2019/5/21 6:36,661460.2167,4282.967029,3002.064531
2019/5/21 6:39,679666,4352.242856,3024.251877
2019/5/21 6:42,685909.55,4361.778142,3029.281595
2019/5/21 6:45,685670.7333,4463.351293,3014.494368
2019/5/21 6:48,677210.1444,4405.87821,2989.217094
2019/5/21 6:51,670553.2889,4373.456172,2976.667794
2019/5/21 6:54,665272.3778,4370.229183,2980.52534
2019/5/21 6:57,661034.8667,4485.012999,2989.187801
2019/5/21 7:00,665676.6389,4495.497546,2999.937587
2019/5/21 7:03,667831.5778,4513.657492,3004.609686
2019/5/21 7:06,672770.1444,4556.278349,3023.705356
2019/5/21 7:09,673806.5056,4672.370364,3045.556184
2019/5/21 7:12,645019.1667,4515.536857,2994.920433
2019/5/21 7:15,622737.2222,4527.118983,2884.779704
2019/5/21 7:18,620159.1389,4384.95334,2843.340507
2019/5/21 7:21,633575.8667,4454.99545,2893.01181
2019/5/21 7:24,647792.3389,4473.269284,2943.802677
2019/5/21 7:27,648396.9889,4445.298612,2942.712389
2019/5/21 7:30,640282.1611,4499.691022,2991.7295
2019/5/21 7:33,633715.7222,4452.076856,2968.635158
2019/5/21 7:36,642159.6722,4438.628724,2936.021398
2019/5/21 7:39,668500.3889,4374.332827,2947.211359
2019/5/21 7:42,675080.8778,4298.752416,2945.292665
2019/5/21 7:45,647956.3278,3870.64935,2902.910557
2019/5/21 7:48,639469.6222,3852.544139,2893.585497
2019/5/21 7:51,639283.6722,3822.453681,2889.009282
2019/5/21 7:54,644898.5111,3938.500509,2901.313583
2019/5/21 7:57,653378.4444,4042.704323,2934.185687
2019/5/21 8:00,654857.75,4048.760028,2972.578841
2019/5/21 8:03,657476.4222,4108.712335,2999.598099
2019/5/21 8:06,656730.5833,4156.398221,3043.561051
2019/5/21 8:09,657314.0556,4152.258644,3059.446745
2019/5/21 8:12,654088.0556,4128.717153,3061.419423
2019/5/21 8:15,648481.3889,4091.268171,3020.11974
2019/5/21 8:18,648994.2222,4021.798853,3028.402549
2019/5/21 8:21,644241.9833,3900.071892,3031.837869
2019/5/21 8:24,649459.25,3989.288262,3049.578362
2019/5/21 8:27,644332.7722,4038.060214,3047.98145
2019/5/21 8:30,638028.85,4099.64518,3056.124744
2019/5/21 8:33,639667.5667,4132.700529,3076.91251
2019/5/21 8:36,638815.8833,4154.926093,3095.550897
2019/5/21 8:39,640021.2333,4220.141346,3108.864272
2019/5/21 8:42,638293.3222,4248.222272,3113.028239
2019/5/21 8:45,635353.1389,4273.480341,3112.071423
2019/5/21 8:48,631892.0278,4209.93409,3101.043846
2019/5/21 8:51,631473.5111,4102.539991,3092.159625
2019/5/21 8:54,630581.4167,4193.412681,3098.177372
2019/5/21 8:57,623604.5111,4176.015416,3089.121526
2019/5/21 9:00,619414.4389,4194.849359,3104.326771
2019/5/21 9:03,620116.0556,4148.876581,3096.408516
2019/5/21 9:06,621606.3833,4057.652404,3088.662024
2019/5/21 9:09,622348.1389,3967.054496,3083.987857
2019/5/21 9:12,623695.4778,3921.023439,3080.278173
2019/5/21 9:15,623327.35,3871.308541,3071.238036
2019/5/21 9:18,626284.2,3936.529147,3070.392681
2019/5/21 9:21,629684.2944,4049.416697,3067.777771
2019/5/21 9:24,632005.7778,4103.407239,3073.289056
2019/5/21 9:27,633255.1056,4132.275138,3075.054939
2019/5/21 9:30,634850.2778,4150.184467,3083.33868
2019/5/21 9:33,638439.8167,4138.553355,3083.740608
2019/5/21 9:36,638754.6611,4115.110724,3084.101666
2019/5/21 9:39,635793.3278,4111.385321,3086.670044
2019/5/21 9:42,634214.4333,4110.455594,3087.384489
2019/5/21 9:45,635015.1667,4444.988772,3101.899761
2019/5/21 9:48,633571.7167,4515.19139,3114.674541
2019/5/21 9:51,629901.2,4646.519771,3140.404626
2019/5/21 9:54,625024.6056,4551.001698,3143.356176
2019/5/21 9:57,622790.9111,4499.209848,3138.818365
2019/5/21 10:00,622700.3333,4521.792162,3158.806809
2019/5/21 10:03,615920.9,4564.382125,3071.276466
2019/5/21 10:06,609566.0611,4563.397024,2948.591931
2019/5/21 10:09,610351.9444,4584.550441,2959.590414
2019/5/21 10:12,611877.9056,4593.176823,2962.039784
2019/5/21 10:15,612861.7556,4631.509303,2988.945487
2019/5/21 10:18,616438.6056,4614.080935,2991.704586
2019/5/21 10:21,618465.3611,4594.872332,3009.62244
2019/5/21 10:24,619761.7722,4608.603903,3003.189948
2019/5/21 10:27,621985.3167,4648.206208,3008.321694
2019/5/21 10:30,620128.3389,4685.231881,3035.885655
2019/5/21 10:33,618731.1278,4677.53792,3037.562219
2019/5/21 10:36,619001.7111,4655.245767,3044.246329
2019/5/21 10:39,620478.8333,4695.081314,3059.995671
2019/5/21 10:42,622900.7167,4719.452151,3069.061649
2019/5/21 10:45,624595.2,4778.642302,3088.717038
2019/5/21 10:48,624818.4,4769.02619,3076.519436
2019/5/21 10:51,624874.4611,4733.696403,3065.137644
2019/5/21 10:54,625649.1222,4688.178804,3055.315202
2019/5/21 10:57,625742.7556,4647.636659,3039.892375
2019/5/21 11:00,623162.2,4674.654404,3057.464831
2019/5/21 11:03,624266.9444,4681.564249,3063.25351
2019/5/21 11:06,627197.5889,4726.616973,3090.49337
2019/5/21 11:09,627212.9722,4718.260166,3094.614499
2019/5/21 11:12,626940.3,4714.928993,3093.392479
2019/5/21 11:15,626393.0444,4695.352176,3093.057789
2019/5/21 11:18,625704.4556,4676.059801,3081.876869
2019/5/21 11:21,624760.45,4652.808952,3073.340362
2019/5/21 11:24,626592.4444,4684.121451,3070.371715
2019/5/21 11:27,627506.0278,4723.528852,3069.809118
2019/5/21 11:30,627408.5667,4718.957867,3059.139249
2019/5/21 11:33,626436.0444,4685.219511,3058.402898
2019/5/21 11:36,627501.7556,4701.07251,3073.108274
2019/5/21 11:39,626520.3389,4735.226134,3078.610788
2019/5/21 11:42,628231.7667,4748.686787,3084.208709
2019/5/21 11:45,630825.15,4726.694152,3086.758751
2019/5/21 11:48,630153.1,4741.503887,3082.962722
2019/5/21 11:51,623331.2778,4688.80907,3075.082055
2019/5/21 11:54,622346.55,4662.821632,3070.988936
2019/5/21 11:57,621317.8667,4629.77471,3062.214711
2019/5/21 12:00,621574.9722,4646.109881,3062.499944
2019/5/21 12:03,620955.9333,4626.231309,3051.954464
2019/5/21 12:06,620929.75,4627.072463,3052.27476
2019/5/21 12:09,621099.8167,4613.025713,3063.623625
2019/5/21 12:12,622554.9833,4619.320591,3069.581582
2019/5/21 12:15,620869.7833,4678.726132,3070.320819
2019/5/21 12:18,619139.8278,4670.049904,3063.622402
2019/5/21 12:21,618421.0556,4671.302375,3067.486226
2019/5/21 12:24,617621.1833,4679.261571,3067.841197
2019/5/21 12:27,617437.8611,4684.369504,3067.518341
2019/5/21 12:30,620208.0333,4649.83879,3080.036448
2019/5/21 12:33,620063.3778,4633.664119,3075.718274
2019/5/21 12:36,619826.6944,4605.968559,3069.655324
2019/5/21 12:39,619242.35,4558.928814,3059.134301
2019/5/21 12:42,619532.9444,4545.983401,3053.448065
2019/5/21 12:45,618989.6056,4553.856305,3043.957983
2019/5/21 12:48,618243.4778,4605.862904,3047.112607
2019/5/21 12:51,615918.0278,4687.210627,3056.19253
2019/5/21 12:54,614511.1833,4721.648731,3059.869811
2019/5/21 12:57,615511.0722,4727.06124,3054.463177
2019/5/21 13:00,613985.2667,4658.854614,3053.592912
2019/5/21 13:03,614666.1167,4633.582405,3050.70369
2019/5/21 13:06,615328.8111,4600.119561,3052.003803
2019/5/21 13:09,615077.5333,4629.960562,3054.170802
2019/5/21 13:12,614524.5389,4642.88077,3058.453291
2019/5/21 13:15,612956.6611,4682.613091,3088.076433
2019/5/21 13:18,611118.8833,4655.593192,3080.965813
2019/5/21 13:21,612056.2056,4648.955659,3081.818811
2019/5/21 13:24,612504.2167,4639.253468,3082.209551
2019/5/21 13:27,609176.5056,4632.04787,3076.095965
2019/5/21 13:30,608335.7944,4585.15292,3088.352052
2019/5/21 13:33,609055.3444,4514.891662,3087.696932
2019/5/21 13:36,610200.5611,4525.288334,3096.732843
2019/5/21 13:39,609765.2833,4527.385299,3094.645121
2019/5/21 13:42,609090.55,4520.511087,3093.471467
2019/5/21 13:45,609524.5167,4553.599409,3073.662601
2019/5/21 13:48,610662.4722,4469.232257,3057.786318
2019/5/21 13:51,611995.7056,4285.885435,3032.877734
2019/5/21 13:54,612123.5389,4445.077853,3049.153038
2019/5/21 13:57,611892.7778,4520.214615,3054.460507
2019/5/21 14:00,611073.7889,4571.181669,3048.981593
2019/5/21 14:03,609292.2667,4507.739921,3035.619814
2019/5/21 14:06,608284.4722,4443.622822,3031.786081
2019/5/21 14:09,608534.9167,4446.413984,3024.888504
2019/5/21 14:12,609453.3944,4463.394606,3022.948082
2019/5/21 14:15,609471.7333,4529.264606,3026.860392
2019/5/21 14:18,610489.8167,4523.340034,3027.179315
2019/5/21 14:21,609900.7444,4496.931162,3029.487924
2019/5/21 14:24,610732.2,4520.011562,3034.27459
2019/5/21 14:27,612075.6944,4532.763953,3035.996765
2019/5/21 14:30,614047.9222,4527.266084,3049.974928
2019/5/21 14:33,616286.1611,4567.142328,3056.732326
2019/5/21 14:36,619202.65,4616.362311,3071.264379
2019/5/21 14:39,619178.6167,4517.99217,3058.965708
2019/5/21 14:42,616774.7611,4450.197909,3047.714546
2019/5/21 14:45,615937.8944,4076.571629,3017.527437
2019/5/21 14:48,618147.5278,3930.084989,3006.844169
2019/5/21 14:51,620464.8667,3662.278484,2996.448055
2019/5/21 14:54,620785.6611,3718.546444,2999.598099
2019/5/21 14:57,622087.3556,3796.233127,3007.901194
2019/5/21 15:00,621341.9889,4044.612024,3021.203087
2019/5/21 15:03,621702.4333,4124.394853,3034.930142
2019/5/21 15:06,622580.8278,4299.888342,3072.635739
2019/5/21 15:09,622623.0056,4554.139342,3108.255552
2019/5/21 15:12,622868.3778,4669.392893,3120.670739
2019/5/21 15:15,622427.8833,4636.900856,3142.170575
2019/5/21 15:18,619835.1722,4593.704228,3126.650293
2019/5/21 15:21,618724.3611,4590.31645,3127.329677
2019/5/21 15:24,619168.0833,4561.26422,3124.532709
2019/5/21 15:27,619659.1889,4545.595638,3121.79155
2019/5/21 15:30,613358.9556,4577.912589,3120.312284
2019/5/21 15:33,611134.1,4549.28861,3115.476316
2019/5/21 15:36,611620.1889,4529.728853,3118.359763
2019/5/21 15:39,612066.2722,4513.730177,3117.262323
2019/5/21 15:42,612548.1722,4511.091711,3115.581778
2019/5/21 15:45,611567.3556,4516.845834,3107.213208
2019/5/21 15:48,608350.3278,4499.82244,3098.773096
2019/5/21 15:51,602248.5389,4478.761475,3088.735509
2019/5/21 15:54,601925.6944,4478.467122,3088.225745
2019/5/21 15:57,600738.8111,4443.534456,3075.32464
2019/5/21 16:00,599697.9444,4382.57333,3056.673277
2019/5/21 16:03,599863.0222,4372.546631,3054.724608
2019/5/21 16:06,591172.0667,4357.488321,3002.953163
2019/5/21 16:09,593151.0889,4383.365251,2987.248787
2019/5/21 16:12,596568.5389,4413.409233,3000.75994
2019/5/21 16:15,597438.4389,4178.812782,3000.821157
2019/5/21 16:18,598428.8389,4027.083973,2982.469263
2019/5/21 16:21,600264.75,3678.096962,2956.672344
2019/5/21 16:24,597445.0333,4067.350809,2989.760778
2019/5/21 16:27,596436.0556,4272.866164,3005.966537
2019/5/21 16:30,597298.1778,4494.605891,3049.52406
2019/5/21 16:33,597952.3833,4445.333149,3063.864267
2019/5/21 16:36,598504.1111,4354.429424,3096.074245
2019/5/21 16:39,597598.8167,4356.652458,3103.550687
2019/5/21 16:42,597206.8889,4350.291584,3100.104963
2019/5/21 16:45,598168.5611,4375.088209,3123.608276
2019/5/21 16:48,598872.9889,4270.462898,3108.736371
2019/5/21 16:51,597584.4611,4047.781569,3092.096181
2019/5/21 16:54,597648.3611,4272.480041,3109.483417
2019/5/21 16:57,595788.0611,4373.540643,3110.152521
2019/5/21 17:00,594798.5778,4363.631203,3092.726312
2019/5/21 17:03,594933.0889,4299.564564,3087.481239
2019/5/21 17:06,593803.0389,4197.020342,3088.932544
2019/5/21 17:09,592840.6722,4247.477172,3094.582401
2019/5/21 17:12,594068.6889,4279.464565,3096.883623
2019/5/21 17:15,597296.2944,4326.228195,3094.930321
2019/5/21 17:18,600152.9167,4314.879287,3091.13672
2019/5/21 17:21,601301.1,4296.054946,3088.107591
2019/5/21 17:24,602350.1389,4378.523509,3092.012923
2019/5/21 17:27,604876.0722,4422.757566,3094.091473
2019/5/21 17:30,606419.0889,4284.757154,3094.947109
2019/5/21 17:33,608353.6,4295.59892,3087.533
2019/5/21 17:36,602938.6556,4303.886398,3059.640684
2019/5/21 17:39,603812.1278,4278.029803,3056.340442
2019/5/21 17:42,609289.1833,4298.67847,3063.755317
2019/5/21 17:45,612418.8889,4260.442971,3067.632466
2019/5/21 17:48,617452,4196.825185,3059.841848
2019/5/21 17:51,620499.2611,4002.530451,3034.983369
2019/5/21 17:54,625096.5111,4287.077017,3070.577524
2019/5/21 17:57,621574.7389,4386.207342,3071.735372
2019/5/21 18:00,617925.2556,4487.04399,3066.856264
2019/5/21 18:03,619193.0167,4451.841514,3058.736704
2019/5/21 18:06,619861.6056,4436.285165,3059.843489
2019/5/21 18:09,616793.9778,4415.856906,3039.884679
2019/5/21 18:12,614766.4611,4403.501139,3031.864558
2019/5/21 18:15,613651.0056,4220.089713,3028.24813
2019/5/21 18:18,614456.0611,4028.760772,3011.331423
2019/5/21 18:21,607344.6778,3570.752278,2964.219641
2019/5/21 18:24,614309.5556,3405.46097,2935.789796
2019/5/21 18:27,622635.65,3353.762208,2932.398385
2019/5/21 18:30,624794.8611,3861.897085,2975.407639
2019/5/21 18:33,620833.15,3989.919275,2993.079245
2019/5/21 18:36,615588.3,4238.231343,3027.93812
2019/5/21 18:39,611262.4722,4016.648033,3020.70429
2019/5/21 18:42,613160.7056,3948.932927,3023.609813
2019/5/21 18:45,614234.1667,4230.298043,3061.188712
2019/5/21 18:48,615008.0889,4254.257118,3062.492623
2019/5/21 18:51,615697.5944,4296.362757,3067.708535
2019/5/21 18:54,617661.7,4245.67069,3059.813177
2019/5/21 18:57,615703.2778,4165.448962,3042.52765
2019/5/21 19:00,620181.3833,3832.610259,2998.686462
2019/5/21 19:03,629478.5833,3732.150379,2984.870472
2019/5/21 19:06,636551.3556,3486.513612,2957.111191
2019/5/21 19:09,645242,3434.237179,2946.174969
2019/5/21 19:12,653435.2167,3456.938885,2962.219599
2019/5/21 19:15,659872.8944,3581.334894,3011.945741
2019/5/21 19:18,666039.8167,3691.169574,3010.292045
2019/5/21 19:21,677274.2056,3917.494454,3094.776961
2019/5/21 19:24,681685.3278,3900.175984,3119.540891
2019/5/21 19:27,682866.95,3871.477317,3115.608484
2019/5/21 19:30,682651.5556,3835.527612,3079.210047
2019/5/21 19:33,685425.9722,3862.720884,3082.666625
2019/5/21 19:36,692268.45,3960.870528,3152.782246
2019/5/21 19:39,691452.7167,3990.105208,3167.737036
2019/5/21 19:42,693668.95,3982.89673,3154.201558
2019/5/21 19:45,702995.2889,3852.803488,3182.421544
2019/5/21 19:48,701449.1,3763.704037,3138.693469
2019/5/21 19:51,698294.6667,3666.555187,3097.299667
2019/5/21 19:54,696988.0944,3656.362679,3093.137952
2019/5/21 19:57,690391.1778,3668.547672,3100.09252
2019/5/21 20:00,683363.4944,3493.23458,3034.403924
2019/5/21 20:03,686073.2,3498.408258,3009.916295
2019/5/21 20:06,687475.4722,3663.103056,3056.344541
2019/5/21 20:09,687713.8056,3629.876512,3059.087791
2019/5/21 20:12,688582.1278,3608.450546,3059.449674
2019/5/21 20:15,689484.3944,3644.124329,3088.083158
2019/5/21 20:18,690902.9,3617.091143,3073.979287
2019/5/21 20:21,693736.8111,3651.914568,3086.211735
2019/5/21 20:24,692991.4889,3682.742366,3099.072909
2019/5/21 20:27,694620.6111,3686.349998,3116.613246
2019/5/21 20:30,696397.35,3723.09542,3104.23883
2019/5/21 20:33,702265.2556,3702.012317,3103.16793
2019/5/21 20:36,704903.7111,3720.252329,3127.865232
2019/5/21 20:39,701629.6944,3636.167327,3108.060647
2019/5/21 20:42,698866.9111,3591.788809,3102.611755
2019/5/21 20:45,697147.4667,3770.123178,3179.114157
2019/5/21 20:48,699746.7722,3807.40061,3187.198008
2019/5/21 20:51,697010.8833,3902.095195,3214.000174
2019/5/21 20:54,701561.3167,4036.000781,3249.838721
2019/5/21 20:57,703713.8222,4139.989437,3289.064737
2019/5/21 21:00,695151.5056,3921.182967,3207.791976
2019/5/21 21:03,694344.6278,3800.489183,3157.942743
2019/5/21 21:06,700958.4111,3721.565702,3150.767632
2019/5/21 21:09,700935.4,3713.444417,3145.066611
2019/5/21 21:12,659175.4722,3727.676345,2877.413838
2019/5/21 21:15,651166.9611,4126.568503,2967.969377
2019/5/21 21:18,655383.6222,4196.777335,3009.453422
2019/5/21 21:21,654888.5,4344.166903,3090.234534
2019/5/21 21:24,664969.8444,4380.041229,3105.693576
2019/5/21 21:27,673909.0944,4429.03037,3142.396769
2019/5/21 21:30,671376.0833,4496.935146,3145.358917
2019/5/21 21:33,675074.1167,4408.446802,3099.667945
2019/5/21 21:36,670057.8444,4306.911723,3005.414968
2019/5/21 21:39,655203.8,4113.235997,2883.044304
2019/5/21 21:42,664905.1389,4171.056642,2909.268056
2019/5/21 21:45,669746.1667,4045.847284,2869.1106
2019/5/21 21:48,661757.0833,3973.853412,2829.614121
2019/5/21 21:51,659874.2556,4023.264701,2859.167675
2019/5/21 21:54,674696.1333,4153.492393,2976.77505
2019/5/21 21:57,684687.65,4288.933954,3084.488638
2019/5/21 22:00,680039.5944,4524.777843,3246.630372
2019/5/21 22:03,687210.6,4603.473562,3283.099337
2019/5/21 22:06,686246.25,4694.554831,3337.667728
2019/5/21 22:09,681451.3278,4752.593511,3368.068043
2019/5/21 22:12,684036.65,4839.461512,3423.002084
2019/5/21 22:15,685800.8944,4684.046152,3380.688706
2019/5/21 22:18,679422.4556,4595.288,3349.726127
2019/5/21 22:21,681853.9833,4749.523683,3464.3775
2019/5/21 22:24,683869.1,4747.634783,3442.6051
2019/5/21 22:27,676214.1944,4718.623333,3401.780858
2019/5/21 22:30,675340.0722,4580.236646,3297.658337
2019/5/21 22:33,681694.4889,4652.031412,3347.31632
2019/5/21 22:36,693830.6278,4856.890651,3478.922083
2019/5/21 22:39,697322.7278,4852.404125,3470.228542
2019/5/21 22:42,700824.5833,4849.584656,3473.710877
2019/5/21 22:45,693479.8389,4757.180857,3426.525391
2019/5/21 22:48,680328.1889,4660.218302,3376.249565
2019/5/21 22:51,674040.1889,4739.562944,3414.195704
2019/5/21 22:54,678924.2556,4747.468927,3413.495818
2019/5/21 22:57,675081.7611,4713.617825,3393.29463
2019/5/21 23:00,674603.5333,4850.786129,3463.813236
2019/5/21 23:03,673242.7222,4847.419891,3470.724805
2019/5/21 23:06,677792.95,5041.222722,3555.883525
2019/5/21 23:09,683771.1611,4962.540183,3517.126573
2019/5/21 23:12,678787.8,4790.737997,3452.413988
2019/5/21 23:15,665809.5556,4518.802005,3375.572158
2019/5/21 23:18,666537.7667,4543.052901,3388.694862
2019/5/21 23:21,666649.25,4742.126571,3456.350274
2019/5/21 23:24,671409.5333,4573.467537,3393.236001
2019/5/21 23:27,677804.5833,4537.116255,3408.032402
2019/5/21 23:30,676719.9333,4666.6812,3442.043011
2019/5/21 23:33,666338.5,4557.548843,3382.963604
2019/5/21 23:36,660671.4167,4626.238209,3417.246831
2019/5/21 23:39,664657.6222,4520.261227,3378.738929
2019/5/21 23:42,667279.7278,4451.734469,3348.597606
2019/5/21 23:45,671227.0722,4819.082088,3491.62753
2019/5/21 23:48,680552.0222,4943.547615,3529.687306
2019/5/21 23:51,678678.9444,5249.058707,3596.574895
2019/5/21 23:54,671207.5278,5155.521965,3569.056099
2019/5/21 23:57,673444.75,5146.654693,3603.736001
2019/5/22 0:00,679722.8,5191.051048,3679.927718
2019/5/22 0:03,687803.4611,5116.267939,3661.726834
2019/5/22 0:06,694456.2111,5165.794892,3689.724494
2019/5/22 0:09,685939.1333,4992.352634,3560.836143
2019/5/22 0:12,679417.9667,4866.751072,3471.252586
2019/5/22 0:15,683676.3333,4925.411689,3533.959653
2019/5/22 0:18,688419.0944,4827.180211,3495.007145
2019/5/22 0:21,683019.2778,4681.017199,3428.603612
2019/5/22 0:24,680416.6167,4457.691407,3278.815017
2019/5/22 0:27,681394.5611,4385.328625,3244.744971
2019/5/22 0:30,684843.6,4605.93127,3276.555498
2019/5/22 0:33,686840.2667,4449.371379,3188.835149
2019/5/22 0:36,692377.4444,4513.236268,3232.328728
2019/5/22 0:39,688986.6556,4557.764289,3258.456802
2019/5/22 0:42,698811.7833,4665.165666,3297.346327
2019/5/22 0:45,709278.5,4616.991571,3268.384029
2019/5/22 0:48,702089.0556,4482.528016,3211.788049
2019/5/22 0:51,699059.9667,4520.849608,3230.261423
2019/5/22 0:54,696031.4333,4639.138854,3268.497808
2019/5/22 0:57,694147.2778,4733.307713,3311.910975
2019/5/22 1:00,691758.4444,4662.164771,3263.268179
2019/5/22 1:03,683955.5944,4491.525272,3204.182045
2019/5/22 1:06,675086.2778,4488.872364,3204.032653
2019/5/22 1:09,659457.45,4094.154426,3057.013915
2019/5/22 1:12,655836.9778,3935.160034,3012.714101
2019/5/22 1:15,666082.9278,4011.144548,3098.822045
2019/5/22 1:18,676374.05,4084.233946,3121.865393
2019/5/22 1:21,672311.5722,4158.029467,3151.376146
2019/5/22 1:24,678093.5667,4326.13851,3254.368575
2019/5/22 1:27,676656.4,4371.320325,3281.620595
2019/5/22 1:30,674393.5889,4352.500514,3288.064612
2019/5/22 1:33,672918.7,4344.262388,3277.25721
2019/5/22 1:36,666739.3056,4342.515747,3296.439832
2019/5/22 1:39,657361.9111,4370.890721,3249.130712
2019/5/22 1:42,665495.6333,4456.100288,3302.031121
2019/5/22 1:45,670272.0389,4474.798354,3359.755234
2019/5/22 1:48,662272.7889,4355.30449,3310.721866
2019/5/22 1:51,653787.4833,4250.293927,3290.634585
2019/5/22 1:54,647531.6944,4257.59772,3265.40577
2019/5/22 1:57,640815.4278,4030.867376,3091.5408
2019/5/22 2:00,652976.4222,4181.569778,3226.521393
2019/5/22 2:03,651868.8778,4190.336118,3241.706796
2019/5/22 2:06,657548.7667,4276.94938,3316.228642
2019/5/22 2:09,657542.0889,4386.820526,3366.622301
2019/5/22 2:12,661044.9778,4478.862502,3420.220906
2019/5/22 2:15,655918.8,4411.331019,3403.281312
2019/5/22 2:18,655387.5889,4399.821968,3412.246468
2019/5/22 2:21,657149.1833,4420.816752,3453.941145
2019/5/22 2:24,659838.8167,4504.337978,3419.046314
2019/5/22 2:27,655925.7722,4539.299008,3399.241916
2019/5/22 2:30,656425.5222,4580.593374,3400.908132
2019/5/22 2:33,663471.5944,4559.50602,3414.803754
2019/5/22 2:36,667267.5167,4591.293451,3458.211678
2019/5/22 2:39,666298.4722,4529.335463,3451.905358
2019/5/22 2:42,675452.3667,4589.620065,3507.4407
2019/5/22 2:45,683870.1389,4825.264655,3588.318301
2019/5/22 2:48,684068.6722,4777.837244,3584.945205
2019/5/22 2:51,684439.2278,4778.717355,3620.931237
2019/5/22 2:54,680854.7667,4770.730969,3633.422483
2019/5/22 2:57,683122.8722,4825.101926,3675.214881
2019/5/22 3:00,684027.4833,4855.736568,3690.193156
2019/5/22 3:03,682186.4889,4734.028252,3604.342947
2019/5/22 3:06,685109.7111,4557.415134,3540.845071
2019/5/22 3:09,676726.5944,4524.122016,3460.556009
2019/5/22 3:12,680090.8278,4565.807415,3450.147217
2019/5/22 3:15,682808.2278,4519.46325,3479.233726
2019/5/22 3:18,685170.2778,4423.336339,3422.147827
2019/5/22 3:21,681397.6722,4283.072039,3386.2473
2019/5/22 3:24,677742.4667,4313.607362,3372.006529
2019/5/22 3:27,669421.3833,4319.220231,3337.083755
2019/5/22 3:30,652787.1611,3889.340365,3066.227975
2019/5/22 3:33,649347.8778,3827.214116,3012.320267
2019/5/22 3:36,646480.15,3771.799244,2952.258811
2019/5/22 3:39,645086.4889,3827.850891,2924.982011
2019/5/22 3:42,648909.5889,3913.885941,2923.096444
2019/5/22 3:45,660216.2556,4178.633609,2946.516335
2019/5/22 3:48,669414.1778,4228.927446,2937.217263
2019/5/22 3:51,674126.95,4305.030864,2946.935609
2019/5/22 3:54,674360.7333,4293.974173,2926.894931
2019/5/22 3:57,670968.2,4276.996243,2902.870742
2019/5/22 4:00,669689.8278,4179.419046,2920.342941
2019/5/22 4:03,675369.1944,4172.068892,2940.31964
2019/5/22 4:06,664769.2611,4081.144509,2915.60318
2019/5/22 4:09,662001.8722,4137.268984,2958.65255
2019/5/22 4:12,673608.4389,4225.017881,3040.708856
2019/5/22 4:15,677126.15,4353.297122,3107.856055
2019/5/22 4:18,673949.2556,4423.01215,3117.485207
2019/5/22 4:21,681130.3389,4619.158417,3206.061619
2019/5/22 4:24,688031.1278,4507.193865,3170.672682
2019/5/22 4:27,678648.4722,4401.042684,3110.888322
2019/5/22 4:30,674275.7444,4359.638565,3097.697697
2019/5/22 4:33,668745.6556,4350.594781,3068.163581
2019/5/22 4:36,677804.8722,4419.69481,3102.808568
2019/5/22 4:39,681450.2889,4276.109355,3069.327833
2019/5/22 4:42,671341.9611,4181.229918,3016.727741
2019/5/22 4:45,660730.0111,4140.721705,2907.372621
2019/5/22 4:48,668182.6,4236.650528,2961.872287
2019/5/22 4:51,673783.8556,4346.313329,3043.249627
2019/5/22 4:54,668975.2056,4271.85787,2999.879028
2019/5/22 4:57,669452.6222,4262.11848,2992.53814
2019/5/22 5:00,662483.9222,4187.072268,2901.954903
2019/5/22 5:03,671410.3278,4248.889463,2930.623236
2019/5/22 5:06,680712.8778,4298.72578,3004.874142
2019/5/22 5:09,679895.8,4193.341427,2936.338422
2019/5/22 5:12,677590.4833,4125.100689,2892.012878
2019/5/22 5:15,671685.1889,4323.928179,3005.741803
2019/5/22 5:18,681915.9389,4488.542441,3056.071837
2019/5/22 5:21,682684.5833,4647.219503,3138.629895
2019/5/22 5:24,667089.4056,4524.159084,3049.501638
2019/5/22 5:27,665298.6444,4518.314701,3032.341447
2019/5/22 5:30,652873.5778,4437.146309,2961.607556
2019/5/22 5:33,645945.7444,4413.359914,2954.755655
2019/5/22 5:36,658462.4778,4379.406281,2996.093867
2019/5/22 5:39,656190.2167,4286.227322,2977.726703
2019/5/22 5:42,648344.9833,4271.969453,2969.452077
2019/5/22 5:45,645562.0833,4271.477114,3016.515007
2019/5/22 5:48,643901.7444,4227.461581,2977.760453
2019/5/22 5:51,642150.7111,4186.005486,2949.87174
2019/5/22 5:54,640784.1167,4159.955079,2966.088278
2019/5/22 5:57,636895.3944,4133.956865,2946.769683
2019/5/22 6:00,636973.0722,4101.304516,2938.442044
2019/5/22 6:03,640465.3667,4092.413963,2911.665035
2019/5/22 6:06,641306.6889,4069.645412,2890.398735
2019/5/22 6:09,644998.5389,4069.34722,2886.369049
2019/5/22 6:12,639693.6111,4042.87966,2846.095936
2019/5/22 6:15,636516.4722,4150.855171,2869.067073
2019/5/22 6:18,636242.5111,4119.70272,2865.891674
2019/5/22 6:21,635279.9278,4079.842502,2873.559106
2019/5/22 6:24,643075.6778,4108.517575,2871.125181
2019/5/22 6:27,653965.9722,4134.832929,2880.192558
2019/5/22 6:30,665494.5722,4342.459335,2884.323324
2019/5/22 6:33,666223.7944,4388.348867,2897.436038
2019/5/22 6:36,674806.2556,4537.667089,2957.016901
2019/5/22 6:39,678535.6611,4482.562475,2957.351257
2019/5/22 6:42,676134.4056,4466.683349,2952.426676
2019/5/22 6:45,683908.6944,4420.869479,2958.901449
2019/5/22 6:48,687469.1389,4427.074564,2958.987824
2019/5/22 6:51,693681.8611,4398.218208,2953.252751
2019/5/22 6:54,671134.85,4116.990225,2914.953123
2019/5/22 6:57,664776.7944,4020.418071,2889.358719
2019/5/22 7:00,684465.8833,4223.508523,2916.253276
2019/5/22 7:03,706600.4222,4331.889463,2939.143193
2019/5/22 7:06,715920.2833,4428.062652,2961.273557
2019/5/22 7:09,697857.7167,4289.471277,2927.456172
2019/5/22 7:12,663370.0944,4080.659677,2897.148002
2019/5/22 7:15,674215.7,4153.89561,2917.555623
2019/5/22 7:18,670269.3444,4216.152685,2900.123228
2019/5/22 7:21,664168.5833,4466.011633,2943.873873
2019/5/22 7:24,662737.9278,4637.10296,3020.871255
2019/5/22 7:27,633417.15,4591.239486,3008.978185
2019/5/22 7:30,634625.2,4489.872133,2962.155606
2019/5/22 7:33,634596.7,4535.287756,2985.258003
2019/5/22 7:36,636742.7167,4629.375144,3037.720091
2019/5/22 7:39,637142.8944,4596.043967,3040.088081
2019/5/22 7:42,636461.6611,4587.960409,3040.360781
2019/5/22 7:45,634886.0111,4622.524722,3065.383149
2019/5/22 7:48,634947.1222,4597.663598,3067.563454
2019/5/22 7:51,639351.6222,4565.68441,3080.047824
2019/5/22 7:54,643810.5667,4453.36565,3084.061314
2019/5/22 7:57,643067.8111,4381.539553,3074.493006
2019/5/22 8:00,641861.5611,4242.555019,3061.044638
2019/5/22 8:03,639146.0778,4234.857544,3058.99998
2019/5/22 8:06,629728.3333,4214.141829,3054.566428
2019/5/22 8:09,628248.7778,4125.352183,3059.973038
2019/5/22 8:12,629387.2667,4083.209616,3061.227945
2019/5/22 8:15,630629.6944,3922.657134,3032.149856
2019/5/22 8:18,633700.6278,3863.353479,3009.267925
2019/5/22 8:21,640159.0333,3776.83146,2951.056615
2019/5/22 8:24,646838.6611,3844.939654,2937.294477
2019/5/22 8:27,653572.7444,3892.410074,2938.872998
2019/5/22 8:30,653646.3778,4034.588806,2947.850598
2019/5/22 8:33,657568.2444,4067.383864,2961.085347
2019/5/22 8:36,659234.6778,4122.314082,2990.897256
2019/5/22 8:39,658026.1667,4151.141211,3016.995968
2019/5/22 8:42,657942.2667,4170.473994,3032.854415
2019/5/22 8:45,657727.5889,4252.913336,3079.436253
2019/5/22 8:48,654938.1833,4247.948736,3067.224054
2019/5/22 8:51,648118.9611,4214.279048,3037.682867
2019/5/22 8:54,642782.4167,4168.313221,3022.824579
2019/5/22 8:57,649040.4667,4195.764737,3048.973114
2019/5/22 9:00,649630.4667,4143.755949,3028.727718
2019/5/22 9:03,649310.6611,4139.959984,3021.63434
2019/5/22 9:06,642858.7278,4122.886832,3002.059117
2019/5/22 9:09,638966.9667,4019.937788,2989.480152
2019/5/22 9:12,650411.2778,4042.480161,3036.649766
2019/5/22 9:15,656840.6,4127.139635,3042.342025
2019/5/22 9:18,656916.3167,4122.778782,3046.780993
2019/5/22 9:21,657407.4944,4157.889041,3076.9126
2019/5/22 9:24,658327.2056,4187.277518,3100.077783
2019/5/22 9:27,663253.7222,4198.36447,3107.100104
2019/5/22 9:30,665523.0667,4237.872401,3112.768697
2019/5/22 9:33,666474.7778,4191.956655,3101.624938
2019/5/22 9:36,664562.1111,4113.682211,3091.507493
2019/5/22 9:39,664537.4722,3859.205889,3054.56148
2019/5/22 9:42,665207.8167,3753.315492,3048.02282
2019/5/22 9:45,666447.8278,3666.355687,2965.611479
2019/5/22 9:48,662100.9222,3651.54094,2958.721069
2019/5/22 9:51,662430.6333,3685.264475,2977.70245
2019/5/22 9:54,665614.45,3657.710112,2982.777451
2019/5/22 9:57,672773.1667,3650.583256,2990.391892
2019/5/22 10:00,672677.8722,3778.613624,3042.640133
2019/5/22 10:03,676286.45,3803.946628,3055.298839
2019/5/22 10:06,658222.45,3748.972082,3001.30339
2019/5/22 10:09,658588.8333,3518.440057,2911.67282
2019/5/22 10:12,670835.5722,3389.780802,2847.740778
2019/5/22 10:15,681753.0222,3692.769828,2898.565196
2019/5/22 10:18,680505.1833,3715.097162,2908.472327
2019/5/22 10:21,678080.1611,3783.844981,2935.804097
2019/5/22 10:24,680153.3111,3801.538008,3009.62158
2019/5/22 10:27,686952.3611,3819.011688,3051.841867
2019/5/22 10:30,688588.4944,3835.1018,3047.227567
2019/5/22 10:33,697485.6111,3940.391658,3075.109544
2019/5/22 10:36,698635.5111,4153.74194,3136.98304
2019/5/22 10:39,701231.4833,4287.220232,3215.887964
2019/5/22 10:42,695369.3833,4347.236236,3248.023951
2019/5/22 10:45,695155.6889,4213.487746,3169.334709
2019/5/22 10:48,694917.8833,4058.985464,3089.761666
2019/5/22 10:51,696316.8833,3980.81649,3057.404582
2019/5/22 10:54,702099.9944,4335.822349,3161.301292
2019/5/22 10:57,701027.7778,4491.459779,3200.565833
2019/5/22 11:00,690303.1556,5014.999194,3291.725263
2019/5/22 11:03,675124.4056,4953.807901,3253.418967
2019/5/22 11:06,661857.2611,4987.919886,3252.433895
2019/5/22 11:09,645008.7778,4807.269241,3165.608765
2019/5/22 11:12,635661.1556,4658.642799,3092.671706
2019/5/22 11:15,633141.3333,4620.067823,3112.228413
2019/5/22 11:18,633520.2611,4605.550622,3101.427886
2019/5/22 11:21,635707.05,4633.463848,3108.37091
2019/5/22 11:24,639289.2611,4660.979679,3118.602352
2019/5/22 11:27,640614.8,4670.406853,3117.836995
2019/5/22 11:30,640726.3056,4705.919429,3126.696535
2019/5/22 11:33,636610.1444,4696.799514,3119.910736
2019/5/22 11:36,630112.8111,4702.697186,3125.219316
2019/5/22 11:39,629834.6944,4701.705273,3126.423844
2019/5/22 11:42,632310.5222,4701.814582,3124.275016
2019/5/22 11:45,633414.8167,4650.83814,3122.596406
2019/5/22 11:48,630885.9056,4659.967656,3119.448914
2019/5/22 11:51,629980.5833,4674.587753,3124.911641
2019/5/22 11:54,626432.4056,4704.174942,3156.274041
2019/5/22 11:57,625470.0444,4709.418671,3164.129835
2019/5/22 12:00,623143.6667,4650.734631,3169.923028
2019/5/22 12:03,621079.6556,4622.177587,3152.079402
2019/5/22 12:06,619678.1556,4639.520515,3149.412667
2019/5/22 12:09,619471.4556,4628.794019,3153.073427
2019/5/22 12:12,619180.25,4610.83281,3146.375366
2019/5/22 12:15,619439.5556,4650.489966,3164.184961
2019/5/22 12:18,619140.9333,4620.724159,3154.179882
2019/5/22 12:21,619979.7111,4606.104164,3153.837411
2019/5/22 12:24,620534.5444,4563.465783,3137.225984
2019/5/22 12:27,622125.7611,4548.845681,3128.663745
2019/5/22 12:30,624556.3722,4174.641467,3089.800055
2019/5/22 12:33,629777.5889,4231.790138,3095.438204
2019/5/22 12:36,634245.1222,4321.847221,3099.419042
2019/5/22 12:39,636362.5167,4566.193466,3115.194246
2019/5/22 12:42,636605.2222,4673.579133,3118.335834
2019/5/22 12:45,636604.0278,4726.084357,3158.062389
2019/5/22 12:48,635478.0167,4696.679912,3162.04181
2019/5/22 12:51,633389.65,4653.713142,3180.019289
2019/5/22 12:54,631674.1056,4654.898663,3181.836939
2019/5/22 12:57,630710.9889,4646.673724,3181.571951
2019/5/22 13:00,628965.7333,4643.797432,3168.781156
2019/5/22 13:03,627564.7833,4554.589248,3145.541334
2019/5/22 13:06,626825.0333,4434.523519,3126.044077
2019/5/22 13:09,627743.9778,4466.604813,3121.528244
2019/5/22 13:12,631559.7056,4481.588064,3117.314058
2019/5/22 13:15,632557.0167,4577.266562,3138.227748
2019/5/22 13:18,629587.1667,4543.574859,3137.04515
2019/5/22 13:21,628122.8,4493.924048,3145.300624
2019/5/22 13:24,623550.4722,4407.917326,3129.644148
2019/5/22 13:27,609732.0056,4338.330732,3107.367457
2019/5/22 13:30,610328.6556,4141.027069,3085.109821
2019/5/22 13:33,612913.25,4312.199649,3099.384022
2019/5/22 13:36,616387.1611,4639.944431,3132.400935
2019/5/22 13:39,617759.1333,4710.83183,3151.06204
2019/5/22 13:42,616425.1556,4737.25295,3157.292918
2019/5/22 13:45,614458.9,4649.116054,3165.837907
2019/5/22 13:48,614826.9556,4616.880454,3163.090594
2019/5/22 13:51,613108.0611,4556.35979,3161.617446
2019/5/22 13:54,612784.5889,4407.750027,3136.332461
2019/5/22 13:57,614186.6833,4305.363383,3119.992285
2019/5/22 14:00,615417.75,4344.060081,3106.250535
2019/5/22 14:03,617574.6556,4415.759967,3101.755193
2019/5/22 14:06,616799.7056,4577.145023,3108.880691
2019/5/22 14:09,614830.3556,4499.598268,3105.728793
2019/5/22 14:12,614132.8278,4433.009969,3093.752485
2019/5/22 14:15,612959.4611,4518.510418,3142.890341
2019/5/22 14:18,612371.7444,4521.298017,3145.665899
2019/5/22 14:21,610028.7611,4536.223245,3160.253959
2019/5/22 14:24,609554.7444,4499.41839,3170.343072
2019/5/22 14:27,609375.4556,4492.135764,3176.699877
2019/5/22 14:30,608783.4278,4354.487262,3174.806575
2019/5/22 14:33,608104.5056,4383.019304,3166.912419
2019/5/22 14:36,607712.6611,4441.754075,3154.386343
2019/5/22 14:39,607788.2056,4406.140524,3157.058296
2019/5/22 14:42,607786.4778,4388.384531,3157.198976
2019/5/22 14:45,607002.25,4307.705507,3155.723016
2019/5/22 14:48,594242.7889,4291.503794,3141.661891
2019/5/22 14:51,594469,4305.982318,3141.239408
2019/5/22 14:54,597402.3333,4345.793197,3149.810374
2019/5/22 14:57,600383.7667,4363.713054,3152.680839
2019/5/22 15:00,599887.3778,4556.029111,3173.033968
2019/5/22 15:03,590829.3056,4503.568367,3105.589506
2019/5/22 15:06,588342.6222,4474.878179,3085.860717
2019/5/22 15:09,592996.0778,4519.874921,3098.240977
2019/5/22 15:12,594327.6111,4529.738925,3098.383219
2019/5/22 15:15,594910.8889,4520.782002,3107.004667
2019/5/22 15:18,597931.6278,4487.031468,3105.884608
2019/5/22 15:21,600526.4889,4416.558092,3107.51856
2019/5/22 15:24,604543.5167,4474.233256,3114.464095
2019/5/22 15:27,606166.5222,4497.519883,3115.693949
2019/5/22 15:30,609496.5944,4531.971526,3133.419629
2019/5/22 15:33,610933.3,4439.368919,3127.661271
2019/5/22 15:36,613490.7389,4236.119754,3116.856291
2019/5/22 15:39,618361.1833,4152.368214,3105.006207
2019/5/22 15:42,620292.9,4129.225887,3093.657926
2019/5/22 15:45,624127.5222,4050.097546,3078.43793
2019/5/22 15:48,625934.0111,4212.568604,3092.920784
2019/5/22 15:51,627932.6167,4459.20568,3122.2304
2019/5/22 15:54,627439.7944,4620.547207,3144.395573
2019/5/22 15:57,627850.7611,4707.613791,3154.567469
2019/5/22 16:00,629170.9778,4690.906135,3127.095871
2019/5/22 16:03,626770.4667,4577.572871,3095.003072
2019/5/22 16:06,626352.6056,4496.241662,3079.098636
2019/5/22 16:09,629278.7556,4483.756583,3081.416283
2019/5/22 16:12,630146.9389,4466.438256,3078.830759
2019/5/22 16:15,629943.7944,4484.076531,3111.119229
2019/5/22 16:18,630300.2611,4470.84879,3108.388049
2019/5/22 16:21,630049.75,4467.641786,3117.856601
2019/5/22 16:24,628715.8056,4516.095184,3131.392211
2019/5/22 16:27,627185.6833,4537.686785,3136.463763
2019/5/22 16:30,626905.2889,4591.367853,3144.59543
2019/5/22 16:33,627007.7889,4530.988963,3136.940341
2019/5/22 16:36,629842.8722,4416.148105,3130.70244
2019/5/22 16:39,631754.2333,4376.047927,3113.062002
2019/5/22 16:42,633004.65,4354.113048,3102.006497
2019/5/22 16:45,632752.5611,3960.705525,3068.75955
2019/5/22 16:48,631078.1611,3862.669346,3052.327621
2019/5/22 16:51,634500.2889,3699.473455,3047.325693
2019/5/22 16:54,635644.9278,4155.88063,3089.886016
2019/5/22 16:57,637530.4611,4379.931714,3111.895303
2019/5/22 17:00,638132.8556,4626.979979,3178.957258
2019/5/22 17:03,634445.35,4558.603781,3160.529002
2019/5/22 17:06,624915.9111,4442.51703,3131.122483
2019/5/22 17:09,619868.1889,4400.439051,3089.200025
2019/5/22 17:12,620580.6167,4391.944103,3074.675968
2019/5/22 17:15,621511.9167,4467.976652,3067.419365
2019/5/22 17:18,622518.0667,4475.356421,3071.63769
2019/5/22 17:21,624651.4889,4478.064932,3088.235644
2019/5/22 17:24,626179.9778,4452.87915,3086.06255
2019/5/22 17:27,626702.2389,4447.726331,3089.418517
2019/5/22 17:30,626942.8778,4317.002218,3071.675381
2019/5/22 17:33,627250.95,4400.858359,3078.9016
2019/5/22 17:36,629590.5333,4605.359657,3110.816798
2019/5/22 17:39,632107.3833,4677.558039,3143.806801
2019/5/22 17:42,635038.3,4689.062232,3148.337478
2019/5/22 17:45,637316.6167,4638.498718,3151.767663
2019/5/22 17:48,638188.6722,4593.474526,3135.963316
2019/5/22 17:51,638352.6889,4537.051274,3122.092587
2019/5/22 17:54,637482.4944,4505.13766,3096.339843
2019/5/22 17:57,637132.4889,4496.134713,3082.989083
2019/5/22 18:00,635435.7944,4497.494279,3117.025583
2019/5/22 18:03,633884.9667,4486.633913,3111.208271
2019/5/22 18:06,631151.4222,4471.165062,3096.107502
2019/5/22 18:09,629249.9833,4460.589306,3084.126226
2019/5/22 18:12,629496.8222,4445.952019,3074.300401
2019/5/22 18:15,632258.5111,4399.940354,3081.421307
2019/5/22 18:18,636464.0667,4433.081687,3080.304734
2019/5/22 18:21,638334.1722,4470.101027,3087.890339
2019/5/22 18:24,638538.0444,4353.707547,3087.524853
2019/5/22 18:27,639745.05,4303.689956,3088.792033
2019/5/22 18:30,639997.0222,4179.378921,3061.79538
2019/5/22 18:33,639233.0278,4320.081484,3072.756858
2019/5/22 18:36,638837.2222,4609.76542,3107.607414
2019/5/22 18:39,638181.5611,4616.726935,3115.681515
2019/5/22 18:42,637520.6833,4608.345197,3116.735587
2019/5/22 18:45,637119.0056,4451.512515,3098.210744
2019/5/22 18:48,638984.4444,4478.711963,3099.9836
2019/5/22 18:51,638938.4,4545.648709,3110.57781
2019/5/22 18:54,640527.6889,4512.891051,3117.644844
2019/5/22 18:57,640758.3389,4495.974242,3121.685928
2019/5/22 19:00,639420.6111,4519.434712,3130.560718
2019/5/22 19:03,639144.1778,4517.176961,3122.586299
2019/5/22 19:06,639342.2056,4562.155673,3127.926489
2019/5/22 19:09,640927.5333,4498.616516,3117.186198
2019/5/22 19:12,644566.7389,4445.547708,3095.549685
2019/5/22 19:15,644832.5722,4575.358505,3105.487606
2019/5/22 19:18,645119.8667,4572.389562,3103.781489
2019/5/22 19:21,647985.0778,4600.871605,3111.264504
2019/5/22 19:24,648492.4222,4548.068625,3115.879471
2019/5/22 19:27,648774.3778,4529.763608,3120.375936
2019/5/22 19:30,649187.9278,4456.929419,3127.490656
2019/5/22 19:33,649622.5111,4389.870777,3111.805809
2019/5/22 19:36,650570.4556,4285.420106,3096.631375
2019/5/22 19:39,651846.7167,4379.186467,3094.790125
2019/5/22 19:42,651639.8,4431.007728,3096.568893
2019/5/22 19:45,649759.8722,4416.75762,3084.59836
2019/5/22 19:48,648784.4889,4298.61591,3078.03441
2019/5/22 19:51,645938.8389,4098.500603,3080.858615
2019/5/22 19:54,648225.9278,3853.015542,3062.487663
2019/5/22 19:57,653796.9,3758.018234,3061.351157
2019/5/22 20:00,657491.7167,3501.542987,3017.455663
2019/5/22 20:03,660567.65,3466.536319,2990.805675
2019/5/22 20:06,663564.5444,3433.977194,2967.718456
2019/5/22 20:09,667112.3222,3494.735143,2982.300431
2019/5/22 20:12,669808.15,3525.498661,2997.651366
2019/5/22 20:15,674123.1,3512.016397,2997.311464
2019/5/22 20:18,674951.7778,3491.747081,2988.024459
2019/5/22 20:21,672051.0778,3415.44091,2963.179068
2019/5/22 20:24,671123.4,3435.800302,2945.864933
2019/5/22 20:27,669821.7056,3460.783444,2942.128923
2019/5/22 20:30,670941.7222,3437.29493,2947.964678
2019/5/22 20:33,672594.8333,3444.643412,2946.94074
2019/5/22 20:36,668194.7722,3481.827521,2953.543344
2019/5/22 20:39,660656.3889,3463.212346,2916.828998
2019/5/22 20:42,658223.4333,3463.965317,2900.985017
2019/5/22 20:45,667633.5944,3422.55648,2888.430879
2019/5/22 20:48,671837.7556,3540.866149,2898.252922
2019/5/22 20:51,673595.1833,3742.328838,2916.01319
2019/5/22 20:54,672703.0611,3919.125278,2927.891967
2019/5/22 20:57,673883.8222,4018.65446,2957.283687
2019/5/22 21:00,674805.9222,4041.406286,2989.691318
2019/5/22 21:03,667145.1944,3898.589163,2969.539767
2019/5/22 21:06,671924.4389,3795.876351,2957.986413
2019/5/22 21:09,678606.1667,3905.941206,2983.64252
2019/5/22 21:12,681655.8389,3969.489307,2998.153383
2019/5/22 21:15,683260.5889,4074.243283,3006.472886
2019/5/22 21:18,685316.4889,4129.986005,3006.658552
2019/5/22 21:21,683855.4111,4181.464551,3002.592021
2019/5/22 21:24,684685.4722,4285.129328,3015.635083
2019/5/22 21:27,686292.2056,4338.573678,3025.723276
2019/5/22 21:30,687010.7167,4410.162356,3055.648095
2019/5/22 21:33,687779.35,4434.861334,3063.007016
2019/5/22 21:36,683931.0556,4419.980318,3063.71573
2019/5/22 21:39,683808.9444,4454.740971,3088.81332
2019/5/22 21:42,685852.3611,4492.046513,3114.26315
2019/5/22 21:45,688733.0389,4540.020292,3157.582073
2019/5/22 21:48,691114.4222,4542.343558,3168.203556
2019/5/22 21:51,690256.8889,4557.273469,3186.208523
2019/5/22 21:54,689817.4556,4507.685365,3177.261405
2019/5/22 21:57,690709.4444,4485.622368,3176.644194
2019/5/22 22:00,690900.55,4418.691882,3168.367887
2019/5/22 22:03,690486.7333,4347.584397,3147.297788
2019/5/22 22:06,691149.1556,4261.41786,3130.406354
2019/5/22 22:09,691878.1556,4318.747845,3119.224194
2019/5/22 22:12,692319.4444,4344.923143,3113.784436
2019/5/22 22:15,690627.6889,4355.472315,3094.079134
2019/5/22 22:18,686349.5444,4337.968042,3081.392875
2019/5/22 22:21,684098.7056,4399.410502,3100.621207
2019/5/22 22:24,682153.4111,4315.743733,3096.680586
2019/5/22 22:27,683443.9333,4284.502015,3100.854701
2019/5/22 22:30,675838.3611,4331.883675,3007.639342
2019/5/22 22:33,630771.1944,4278.382083,2761.484662
2019/5/22 22:36,639033.5722,4380.666223,2840.496945
2019/5/22 22:39,647349.7,4499.654995,2879.258589
2019/5/22 22:42,655801.0444,4462.455661,2871.599121
2019/5/22 22:45,659605.2889,4676.061454,3001.702349
2019/5/22 22:48,667930.2833,4710.292038,3059.464466
2019/5/22 22:51,668000.5722,4751.487084,3158.147745
2019/5/22 22:54,663555.4944,4756.664254,3191.058743
2019/5/22 22:57,667933.9722,4820.468784,3253.920627
2019/5/22 23:00,670508.4111,4912.106902,3317.227817
2019/5/22 23:03,679161.9722,4830.876265,3284.942914
2019/5/22 23:06,680972.5222,4765.836253,3295.901426
2019/5/22 23:09,681310.6556,4875.798647,3316.851559
2019/5/22 23:12,683525.9833,4959.982135,3347.516029
2019/5/22 23:15,682191.35,5008.109855,3322.178882
2019/5/22 23:18,675543.9333,4863.227792,3237.862209
2019/5/22 23:21,672356.4222,4897.121629,3250.072281
2019/5/22 23:24,672637.9667,4910.783718,3282.945758
2019/5/22 23:27,676459.25,5027.749926,3327.728768
2019/5/22 23:30,676032.2889,5020.625272,3338.187204
2019/5/22 23:33,673453.6222,4951.981036,3315.682742
2019/5/22 23:36,674860.6833,4998.830293,3338.643905
2019/5/22 23:39,670197.0833,4911.537555,3304.837153
2019/5/22 23:42,669061.9111,4757.355147,3234.542277
2019/5/22 23:45,669127.95,4782.892634,3237.55687
2019/5/22 23:48,670597.1556,4779.80318,3246.593909
2019/5/22 23:51,673819.75,4757.147029,3252.346128
2019/5/22 23:54,673328.1944,4605.726876,3216.185929
2019/5/22 23:57,669426.45,4552.124747,3215.485252
2019/5/23 0:00,658221.8611,4511.534578,3218.958718
2019/5/23 0:03,658955.9111,4398.838019,3148.677354
2019/5/23 0:06,663564.1278,4457.271685,3167.545986
2019/5/23 0:09,663273.1611,4531.549614,3163.211862
2019/5/23 0:12,653445.8944,4550.639444,3116.322346
2019/5/23 0:15,659505.8167,4677.031487,3240.761589
2019/5/23 0:18,665104.2889,4710.762591,3187.362923
2019/5/23 0:21,667623.6111,4730.531095,3201.54201
2019/5/23 0:24,662452.8722,4588.97438,3203.818894
2019/5/23 0:27,666823.3556,4603.492243,3268.006337
2019/5/23 0:30,671497.9778,4766.526643,3316.945581
2019/5/23 0:33,671350.6333,4690.63078,3268.287612
2019/5/23 0:36,667379.4889,4682.882176,3237.519023
2019/5/23 0:39,660647.1222,4479.000356,3192.386286
2019/5/23 0:42,662292.3389,4405.109993,3193.152899
2019/5/23 0:45,662875.6889,4184.516943,3205.836096
2019/5/23 0:48,664279.9444,4152.444099,3197.206234
2019/5/23 0:51,667388.8889,4224.011648,3235.795002
2019/5/23 0:54,667622.9167,4272.859834,3251.112846
2019/5/23 0:57,663623.8778,4300.246229,3211.773597
2019/5/23 1:00,665891.2778,4227.462813,3262.083122
2019/5/23 1:03,660474.4611,4077.650695,3175.542147
2019/5/23 1:06,648510.1333,3966.750986,3097.073619
2019/5/23 1:09,647770.5111,4083.196629,3105.389035
2019/5/23 1:12,663288.2111,4216.58313,3187.551721
2019/5/23 1:15,664041.0389,4689.166627,3316.517784
2019/5/23 1:18,670460.5611,4699.715089,3335.923952
2019/5/23 1:21,673988.1111,4821.855533,3431.354179
2019/5/23 1:24,678047.9833,4703.016097,3373.576519
2019/5/23 1:27,672182.9278,4492.127924,3281.567455
2019/5/23 1:30,671027.4833,4471.498881,3254.138116
2019/5/23 1:33,672172.8333,4515.94506,3281.239536
2019/5/23 1:36,669011.2333,4636.995359,3306.263877
2019/5/23 1:39,667260.7333,4700.629877,3284.507934
2019/5/23 1:42,663710.0778,4675.227591,3257.483809
2019/5/23 1:45,652537.5833,4832.918913,3286.952804
2019/5/23 1:48,650476.3278,4711.901969,3265.754716
2019/5/23 1:51,651588.9222,4543.062332,3282.212547
2019/5/23 1:54,652221.0556,4495.064471,3311.44383
2019/5/23 1:57,653665.5222,4498.233965,3334.636356
2019/5/23 2:00,650827.3444,4523.995646,3337.210875
2019/5/23 2:03,643369.3611,4412.0593,3300.445249
2019/5/23 2:06,641405.6667,4412.493533,3334.610186
2019/5/23 2:09,645955.5944,4447.932646,3304.727134
2019/5/23 2:12,656093.8,4523.583083,3313.221136
2019/5/23 2:15,656583.5111,4590.57401,3313.616889
2019/5/23 2:18,653426.7611,4504.648592,3284.677353
2019/5/23 2:21,655952.8833,4541.705988,3323.274837
2019/5/23 2:24,654309.9111,4666.13397,3318.537579
2019/5/23 2:27,648714.9667,4607.84625,3261.230845
2019/5/23 2:30,648557.7167,4484.644983,3220.694816
2019/5/23 2:33,652208.3167,4472.841981,3235.5376
2019/5/23 2:36,656650.6056,4562.037548,3304.714788
2019/5/23 2:39,659836.3111,4500.785399,3300.224985
2019/5/23 2:42,657156.0944,4424.682371,3289.366787
2019/5/23 2:45,658383.6667,4535.894558,3287.20125
2019/5/23 2:48,657986.05,4456.186039,3222.679357
2019/5/23 2:51,655123.9611,4582.530227,3245.571643
2019/5/23 2:54,660879.6667,4557.022113,3268.913194
2019/5/23 2:57,662345.8667,4554.819004,3253.930696
2019/5/23 3:00,651061.7944,4653.672841,3188.674741
2019/5/23 3:03,646680.5,4658.169563,3090.990382
2019/5/23 3:06,650232.9611,4747.753481,3125.557104
2019/5/23 3:09,656455.7944,4738.469842,3132.639893
2019/5/23 3:12,662779.1167,4764.59848,3164.993404
2019/5/23 3:15,663003.2611,4768.954711,3198.856338
2019/5/23 3:18,662567.1667,4706.361256,3155.636607
2019/5/23 3:21,656195.1778,4590.575015,3079.023914
2019/5/23 3:24,663372.9722,4609.274862,3121.496125
2019/5/23 3:27,670467.7333,4697.564832,3201.205255
2019/5/23 3:30,666119.1833,4542.036778,3132.869784
2019/5/23 3:33,663924.5278,4466.915713,3065.610531
2019/5/23 3:36,651880.7889,4387.575545,2955.139309
2019/5/23 3:39,644092.1722,4438.302352,2952.911847
2019/5/23 3:42,639805.3833,4386.366661,2908.553632
2019/5/23 3:45,637488.0556,4163.270633,2784.184665
2019/5/23 3:48,645838.9722,4349.022522,2876.69245
2019/5/23 3:51,653893.0722,4644.042178,2992.820635
2019/5/23 3:54,670404.3833,4951.361549,3133.220158
2019/5/23 3:57,676545.1,5150.085532,3258.7554
2019/5/23 4:00,656510.0278,5054.406025,3165.581421
2019/5/23 4:03,649895.2778,4858.805188,3014.957207
2019/5/23 4:06,643438.95,4815.783714,2974.195618
2019/5/23 4:09,642995.8722,4880.457756,3068.638974
2019/5/23 4:12,646211.0444,4862.685535,3114.466072
2019/5/23 4:15,631333.05,4802.935194,3150.50135
2019/5/23 4:18,626291.2389,4697.727372,3123.421708
2019/5/23 4:21,621771.4778,4615.402819,3160.283657
2019/5/23 4:24,622257.7389,4529.240647,3142.701286
2019/5/23 4:27,627934.4333,4525.569824,3160.274686
2019/5/23 4:30,620007.3611,4612.61,3151.751296
2019/5/23 4:33,627047.4333,4581.2472,3150.461459
2019/5/23 4:36,623566.2722,4461.462463,3120.173696
2019/5/23 4:39,620536.4,4420.908476,3098.767882
2019/5/23 4:42,625606.5667,4438.279674,3113.837862
2019/5/23 4:45,625700.6111,4446.918927,3130.040275
2019/5/23 4:48,628582.8,4444.879874,3136.659536
2019/5/23 4:51,627551.1833,4367.513649,3108.081432
2019/5/23 4:54,633832.95,4444.298913,3089.788587
2019/5/23 4:57,638642.2889,4505.783916,3099.280655
2019/5/23 5:00,638903.2667,4442.99871,3103.216857
2019/5/23 5:03,644464.6556,4506.797361,3157.735284
2019/5/23 5:06,647124.9611,4618.232391,3235.706342
2019/5/23 5:09,640065.5722,4397.444215,3134.708585
2019/5/23 5:12,643289.1278,4361.102311,3133.672051
2019/5/23 5:15,643753.5056,4411.450359,3177.814618
2019/5/23 5:18,641976.6722,4410.474094,3168.093234
2019/5/23 5:21,630893.8556,4441.607633,3162.26557
2019/5/23 5:24,632897.95,4383.967166,3149.814788
2019/5/23 5:27,636418.0778,4388.095854,3175.737897
2019/5/23 5:30,628875.4333,4378.460854,3181.433806
2019/5/23 5:33,635728.4444,4442.173992,3215.257933
2019/5/23 5:36,634830.5722,4499.062944,3215.263792
2019/5/23 5:39,619710.1333,4407.681054,3142.241101
2019/5/23 5:42,623354.4389,4371.52217,3111.185288
2019/5/23 5:45,619337.6556,4295.486251,3070.521795
2019/5/23 5:48,626602.5278,4381.529151,3131.120293
2019/5/23 5:51,633366.65,4508.317976,3223.177362
2019/5/23 5:54,633914.9556,4484.409544,3241.352317
2019/5/23 5:57,635486.5,4517.136208,3276.19084
2019/5/23 6:00,631817.7389,4526.655171,3277.436036
2019/5/23 6:03,628622.9722,4494.451265,3266.87485
2019/5/23 6:06,635994.2333,4517.81046,3316.753301
2019/5/23 6:09,637779.2333,4422.11452,3260.520145
2019/5/23 6:12,629279.0722,4334.983341,3205.105167
2019/5/23 6:15,624105.7167,4329.524566,3160.778617
2019/5/23 6:18,622484.6444,4326.307994,3146.163325
2019/5/23 6:21,627305.0778,4427.263341,3177.566527
2019/5/23 6:24,620027.5556,4359.663974,3118.957869
2019/5/23 6:27,620709.2167,4362.01072,3115.769987
2019/5/23 6:30,617918.9389,4281.957865,3072.634705
2019/5/23 6:33,621296.95,4284.144987,3054.178227
2019/5/23 6:36,625772.4222,4428.892944,3104.857186
2019/5/23 6:39,623309.9611,4388.583141,3077.336654
2019/5/23 6:42,624365.6222,4322.816674,3042.184662
2019/5/23 6:45,625271.0889,4315.057588,3050.53584
2019/5/23 6:48,630103.2611,4338.210316,3069.616304
2019/5/23 6:51,629178.2611,4324.094555,3081.262898
2019/5/23 6:54,625282.0278,4275.470558,3055.569952
2019/5/23 6:57,627682.6056,4275.514998,3040.686516
2019/5/23 7:00,628259.6833,4227.448783,3023.314198
2019/5/23 7:03,629898.1778,4261.213802,3044.666491
2019/5/23 7:06,629466.9722,4263.768803,3054.859836
2019/5/23 7:09,631462.6889,4222.023255,3054.726431
2019/5/23 7:12,636660.6167,4239.657779,3075.137664
2019/5/23 7:15,637931.2778,4294.514633,3098.455526
2019/5/23 7:18,640840.7611,4354.581205,3113.506907
2019/5/23 7:21,644814.1833,4512.08884,3156.770277
2019/5/23 7:24,646686.5222,4600.667764,3168.217257
2019/5/23 7:27,651089.7667,4688.430208,3195.704287
2019/5/23 7:30,644303.3833,4696.303618,3207.181743
2019/5/23 7:33,614456.0722,4350.5439,3077.847745
2019/5/23 7:36,618557.8778,4260.616221,3040.297555
2019/5/23 7:39,622014.3667,4253.718301,3065.790253
2019/5/23 7:42,628180.2833,4266.956509,3086.601502
2019/5/23 7:45,627337.7333,4261.988701,3128.276222
2019/5/23 7:48,627549.3,4256.792605,3141.270486
2019/5/23 7:51,625508.3667,4224.648114,3154.292762
2019/5/23 7:54,627551.6889,4178.554269,3139.650044
2019/5/23 7:57,619492.5167,4133.216075,3056.186197
2019/5/23 8:00,605649.1222,4274.459096,2986.202088
2019/5/23 8:03,610260.9667,4279.48101,3002.78859
2019/5/23 8:06,603674.8722,4235.496055,3010.355342
2019/5/23 8:09,607166.2722,4209.237466,3013.641645
2019/5/23 8:12,609945.5611,4196.895269,3017.022913
2019/5/23 8:15,611160.6778,4241.041891,3034.481158
2019/5/23 8:18,599466.7278,4141.792595,3008.982784
2019/5/23 8:21,591058.6333,4076.093221,2999.897933
2019/5/23 8:24,591265.1167,4128.75107,3016.949145
2019/5/23 8:27,590158.1611,4177.093447,3023.233252
2019/5/23 8:30,597670.6889,4186.724482,3050.481994
2019/5/23 8:33,600749.15,4206.083112,3058.235871
2019/5/23 8:36,605678.8556,4225.250159,3078.357691
2019/5/23 8:39,611015.9778,4232.392381,3093.238149
2019/5/23 8:42,618409.5667,4240.385504,3100.738258
2019/5/23 8:45,623246.7833,4188.988267,3108.806402
2019/5/23 8:48,624709,4228.352632,3109.032465
2019/5/23 8:51,623613.1222,4306.937472,3115.567141
2019/5/23 8:54,625601.5389,4325.171987,3126.747762
2019/5/23 8:57,626635.6722,4337.714809,3126.225609
2019/5/23 9:00,629483.3444,4287.471384,3139.887364
2019/5/23 9:03,633622.1722,4307.904451,3142.747477
2019/5/23 9:06,640142.6333,4329.168762,3149.770319
2019/5/23 9:09,643093.8722,4318.800659,3151.065464
2019/5/23 9:12,643229.7333,4311.306935,3150.933369
2019/5/23 9:15,643836.8389,4207.690288,3136.041204
2019/5/23 9:18,649073.0389,4224.798869,3138.756111
2019/5/23 9:21,652394,4250.740284,3144.309746
2019/5/23 9:24,652990.4556,4171.187775,3134.014952
2019/5/23 9:27,653865.2278,4137.313915,3128.222905
2019/5/23 9:30,658506.3278,4200.744883,3145.377781
2019/5/23 9:33,660188.1167,4078.875974,3131.694655
2019/5/23 9:36,660183.1889,3804.251379,3098.399021
2019/5/23 9:39,662575.6556,3850.97103,3071.644856
2019/5/23 9:42,665894.2722,3920.877347,3076.736737
2019/5/23 9:45,666739.1833,4746.996828,3184.468678
2019/5/23 9:48,663140.5833,4860.607322,3234.152825
2019/5/23 9:51,654928.5722,5022.126975,3300.686013
2019/5/23 9:54,643752.6833,4924.294967,3278.62141
2019/5/23 9:57,631399.4167,4776.688374,3234.464789
2019/5/23 10:00,623777.4556,4739.584299,3243.205981
2019/5/23 10:03,616851.3778,4708.206684,3227.148276
2019/5/23 10:06,615760.2611,4776.341546,3234.017951
2019/5/23 10:09,615721.3167,4730.817915,3241.226707
2019/5/23 10:12,615562.8833,4698.018281,3237.049006
2019/5/23 10:15,616403.5,4641.818867,3251.191961
2019/5/23 10:18,617260.9,4608.569914,3240.057834
2019/5/23 10:21,617961.3944,4567.971357,3231.865057
2019/5/23 10:24,614034.85,4531.181947,3224.127253
2019/5/23 10:27,586655.3556,4432.419115,3199.179627
2019/5/23 10:30,587650.2,4435.902145,3209.31667
2019/5/23 10:33,586892.7667,4416.727495,3203.008333
2019/5/23 10:36,587546.2889,4397.598364,3210.618803
2019/5/23 10:39,587267.4,4403.673993,3214.381316
2019/5/23 10:42,587263.6444,4398.002673,3216.227669
2019/5/23 10:45,586447.4944,4435.69613,3225.32853
2019/5/23 10:48,584580.4278,4415.346479,3214.483974
2019/5/23 10:51,585929.9889,4407.538439,3212.838837
2019/5/23 10:54,586667.5667,4376.830581,3204.94012
2019/5/23 10:57,588775.8111,4367.463654,3185.134384
2019/5/23 11:00,591111.3222,4314.942053,3155.375925
2019/5/23 11:03,596279.8556,4354.872356,3160.755464
2019/5/23 11:06,598729.8167,4401.320631,3167.754058
2019/5/23 11:09,599404.9611,4446.483397,3181.815797
2019/5/23 11:12,598430.1611,4459.328036,3182.36847
2019/5/23 11:15,597097.5444,4554.609683,3176.604437
2019/5/23 11:18,597442.3111,4518.649294,3167.523231
2019/5/23 11:21,598062.6222,4472.546081,3159.195498
2019/5/23 11:24,598810.4667,4577.468373,3168.439053
2019/5/23 11:27,601519.3333,4641.810091,3175.56943
2019/5/23 11:30,603622.2333,4593.74901,3179.430896
2019/5/23 11:33,606625.3556,4608.287617,3183.22232
2019/5/23 11:36,608284.2111,4612.721925,3186.446007
2019/5/23 11:39,611550.0278,4640.019456,3195.855162
2019/5/23 11:42,612291.1778,4649.809437,3198.920217
2019/5/23 11:45,613080.5333,4639.757034,3197.7308
2019/5/23 11:48,614913.2722,4613.947564,3197.210086
2019/5/23 11:51,616284.9222,4546.155342,3193.168508
2019/5/23 11:54,616871.2222,4563.149566,3195.754197
2019/5/23 11:57,617573.0611,4568.485891,3195.12603
2019/5/23 12:00,615290.9444,4598.660568,3198.417571
2019/5/23 12:03,614857.5111,4592.522652,3192.623667
2019/5/23 12:06,614784.0667,4589.858227,3185.56735
2019/5/23 12:09,613696.1444,4584.033404,3184.688978
2019/5/23 12:12,613322.2222,4577.71672,3182.416493
2019/5/23 12:15,613197.7333,4534.18569,3185.962104
2019/5/23 12:18,612585.3278,4535.903036,3181.444393
2019/5/23 12:21,612831.9778,4570.143141,3189.677486
2019/5/23 12:24,612835.7444,4563.97237,3191.513856
2019/5/23 12:27,613757.1278,4560.690905,3193.692226
2019/5/23 12:30,615104.9278,4525.551395,3191.453967
2019/5/23 12:33,615511.4667,4547.485298,3189.137676
2019/5/23 12:36,615336.3389,4594.760681,3189.071063
2019/5/23 12:39,614893.5389,4557.125729,3189.068955
2019/5/23 12:42,614612.2389,4534.161914,3185.260557
2019/5/23 12:45,614608.4722,4486.727909,3179.611197
2019/5/23 12:48,613630.5722,4492.62805,3177.032759
2019/5/23 12:51,613764.1056,4521.588277,3179.072978
2019/5/23 12:54,614182.3944,4517.30986,3180.313637
2019/5/23 12:57,614533.5167,4512.111962,3178.30448
2019/5/23 13:00,614732.7,4418.228175,3177.562134
2019/5/23 13:03,614656.1944,4417.165577,3165.675698
2019/5/23 13:06,613509.85,4421.156523,3145.230174
2019/5/23 13:09,614100.1556,4424.650005,3150.057019
2019/5/23 13:12,613984.9778,4383.656718,3128.814066
2019/5/23 13:15,613656.6667,4486.221944,3150.301591
2019/5/23 13:18,614657.7333,4478.20369,3145.9817
2019/5/23 13:21,613527.4222,4449.576275,3141.05849
2019/5/23 13:24,614708.6722,4530.526882,3145.83952
2019/5/23 13:27,615696.2889,4569.408625,3145.673771
2019/5/23 13:30,616201.0667,4551.656992,3166.20806
2019/5/23 13:33,616865.3667,4540.973251,3165.449819
2019/5/23 13:36,617737.0667,4524.695357,3169.35743
2019/5/23 13:39,618203.6944,4468.142138,3157.191695
2019/5/23 13:42,618737.9278,4424.337218,3145.746887
2019/5/23 13:45,617907.0333,4443.226604,3129.494183
2019/5/23 13:48,618171.35,4499.081226,3133.887539
2019/5/23 13:51,618334.3111,4635.152019,3148.05393
2019/5/23 13:54,618992.2389,4676.791902,3161.893979
2019/5/23 13:57,619804.05,4699.865199,3168.760492
2019/5/23 14:00,620511.9778,4724.893369,3200.171179
2019/5/23 14:03,618751.9944,4694.836153,3192.956812
2019/5/23 14:06,614067.0167,4661.74389,3184.721643
2019/5/23 14:09,610791.1833,4578.632192,3177.044393
2019/5/23 14:12,609335.6778,4530.033531,3167.78543
2019/5/23 14:15,609051.9389,4444.791599,3183.521592
2019/5/23 14:18,609300.7667,4381.204494,3180.321032
2019/5/23 14:21,599363.0222,4264.723034,3178.667885
2019/5/23 14:24,600844.1278,4220.377092,3168.356799
2019/5/23 14:27,601620.2222,4210.830956,3161.413074
2019/5/23 14:30,601730.5167,4166.69773,3162.106287
2019/5/23 14:33,601424.1389,4182.886737,3163.170283
2019/5/23 14:36,601133.5389,4217.562516,3172.250416
2019/5/23 14:39,602637.4167,4250.142036,3171.077195
2019/5/23 14:42,604488.1889,4274.876568,3170.128995
2019/5/23 14:45,605251.6778,4271.973377,3165.306672
2019/5/23 14:48,606460.6111,4248.084693,3162.285709
2019/5/23 14:51,609421.7556,4216.453722,3163.77481
2019/5/23 14:54,609558.0667,4193.811254,3146.100515
2019/5/23 14:57,611068.0389,4187.078035,3135.754877
2019/5/23 15:00,611859.6667,4240.371496,3139.897994
2019/5/23 15:03,611187.6722,4210.090134,3125.911216
2019/5/23 15:06,611839.6444,4183.02819,3118.634547
2019/5/23 15:09,610194.2944,4191.775985,3115.79161
2019/5/23 15:12,613319.9056,4203.118834,3115.044478
2019/5/23 15:15,614828.9444,4264.81345,3123.405321
2019/5/23 15:18,618290.0056,4306.623234,3126.85208
2019/5/23 15:21,620202.7167,4399.607214,3138.383822
2019/5/23 15:24,621539.7667,4448.844629,3150.991202
2019/5/23 15:27,623546.8833,4479.926894,3157.282786
2019/5/23 15:30,623513.0278,4424.006184,3167.104236
2019/5/23 15:33,623900.0222,4447.939522,3168.163241
2019/5/23 15:36,623485.95,4486.989477,3172.63911
2019/5/23 15:39,622101.8389,4508.204819,3168.070524
2019/5/23 15:42,620763.6722,4414.500803,3117.729056
2019/5/23 15:45,620479.35,4414.404924,3128.860836
2019/5/23 15:48,621525.5167,4428.873438,3122.184673
2019/5/23 15:51,623377.1778,4442.989847,3108.900174
2019/5/23 15:54,625240.0167,4442.941607,3112.126295
2019/5/23 15:57,627382.2778,4454.422244,3116.676344
2019/5/23 16:00,628109.4833,4412.240972,3126.745533
2019/5/23 16:03,628199.8222,4392.522803,3125.702282
2019/5/23 16:06,628481.7944,4352.067916,3128.098341
2019/5/23 16:09,629577.7333,4342.414188,3138.973207
2019/5/23 16:12,631078.7056,4337.471052,3144.16073
2019/5/23 16:15,634678.3056,4470.488403,3169.809363
2019/5/23 16:18,644261.8444,4473.877403,3182.068784
2019/5/23 16:21,643034.9444,4465.994959,3207.772449
2019/5/23 16:24,638460.1389,4523.08833,3223.996032
2019/5/23 16:27,637245.4056,4513.57542,3212.946666
2019/5/23 16:30,631350.5333,4501.257161,3185.725912
2019/5/23 16:33,617831.0833,4368.296383,3100.071314
2019/5/23 16:36,612716.1556,4318.704231,3083.002393
2019/5/23 16:39,612121.9056,4313.900625,3085.518301
2019/5/23 16:42,613973.8056,4324.032235,3094.309338
2019/5/23 16:45,617317.55,4411.362137,3115.839284
2019/5/23 16:48,614226.6778,4414.817147,2986.357654
2019/5/23 16:51,619442.9833,4470.429624,2971.662171
2019/5/23 16:54,623548.4778,4438.28305,2987.834367
2019/5/23 16:57,629263.3444,4423.92303,2993.460531
2019/5/23 17:00,635859.9611,4622.358771,3067.865842
2019/5/23 17:03,635621.0778,4639.333172,3079.996338
2019/5/23 17:06,632881.6111,4645.511465,3090.943694
2019/5/23 17:09,632829.6611,4704.855364,3119.545822
2019/5/23 17:12,633728.7833,4747.258779,3139.153103
2019/5/23 17:15,635326.2111,4780.121102,3194.363236
2019/5/23 17:18,636253.5222,4751.415378,3184.647901
2019/5/23 17:21,637114.7556,4708.916453,3173.500432
2019/5/23 17:24,638612.3611,4707.577002,3156.135369
2019/5/23 17:27,641339.4722,4711.825915,3153.211539
2019/5/23 17:30,643398.2167,4704.905186,3191.864168
2019/5/23 17:33,644215.9722,4728.702387,3171.726784
2019/5/23 17:36,646179.7056,4918.280196,3209.777726
2019/5/23 17:39,645507.9667,4996.426219,3230.136607
2019/5/23 17:42,646585.3278,5049.034602,3244.617722
2019/5/23 17:45,646203.4722,4955.950947,3239.882055
2019/5/23 17:48,650584.4333,4904.365396,3215.232907
2019/5/23 17:51,653490.2056,4861.243634,3197.776819
2019/5/23 17:54,652097.4278,4859.02515,3185.443
2019/5/23 17:57,655897.1389,4861.573708,3183.765664
2019/5/23 18:00,656197.2889,4843.476294,3208.799763
2019/5/23 18:03,653694.9722,4805.088058,3202.804775
2019/5/23 18:06,652398.0444,4773.380006,3218.864958
2019/5/23 18:09,649973.2167,4774.462118,3200.52831
2019/5/23 18:12,650971.8833,4780.101789,3200.281362
2019/5/23 18:15,649084.9889,4734.237029,3194.792196
2019/5/23 18:18,648878.8278,4756.430333,3201.037013
2019/5/23 18:21,646934.2,4853.200213,3240.566557
2019/5/23 18:24,643562.8833,4893.447328,3244.69212
2019/5/23 18:27,641660.3889,4903.340777,3249.500373
2019/5/23 18:30,632837.8111,4922.817026,3228.917186
2019/5/23 18:33,625673.8833,4759.671282,3158.077767
2019/5/23 18:36,626464.1167,4665.792089,3110.61046
2019/5/23 18:39,628663.9722,4671.013615,3112.059213
2019/5/23 18:42,629390.9944,4698.253116,3131.108164
2019/5/23 18:45,633356.6667,4674.271139,3143.49033
2019/5/23 18:48,637130.8167,4692.809393,3158.327952
2019/5/23 18:51,638912.3111,4736.653207,3194.491101
2019/5/23 18:54,638816.7222,4740.274606,3192.196951
2019/5/23 18:57,644524.95,4753.622982,3198.520115
2019/5/23 19:00,645758.0611,4724.325506,3203.956204
2019/5/23 19:03,645220.0778,4746.735798,3216.684392
2019/5/23 19:06,643331.7333,4823.302618,3255.443363
2019/5/23 19:09,640732.4611,4822.589217,3257.61907
2019/5/23 19:12,641375.05,4821.097818,3262.383236
2019/5/23 19:15,640454.7611,4856.798986,3239.301886
2019/5/23 19:18,641230.6722,4813.196926,3223.299678
2019/5/23 19:21,639665.1333,4788.112826,3214.421269
2019/5/23 19:24,644556.7444,4539.177652,3197.136997
2019/5/23 19:27,654615.5389,4487.494415,3243.885311
2019/5/23 19:30,658289.7667,4232.782372,3255.334833
2019/5/23 19:33,658988.6278,4255.556396,3243.70794
2019/5/23 19:36,661904.45,4359.52163,3245.199233
2019/5/23 19:39,663452.4444,4279.579347,3210.214045
2019/5/23 19:42,665112.2667,4232.156532,3196.035759
2019/5/23 19:45,666220.5167,3937.58376,3156.30803
2019/5/23 19:48,665051.55,3885.27914,3139.500479
2019/5/23 19:51,664237.5778,3829.115816,3122.864793
2019/5/23 19:54,663702.9056,3776.798513,3090.183792
2019/5/23 19:57,662764.4333,3776.134658,3098.577485
2019/5/23 20:00,664299.8222,3781.559361,3103.200522
2019/5/23 20:03,666881.9056,3762.033895,3097.702557
2019/5/23 20:06,664470.4611,3767.380047,3105.008602
2019/5/23 20:09,665226.0722,3834.487447,3118.297938
2019/5/23 20:12,667971.25,3886.224228,3159.37172
2019/5/23 20:15,665171.6,3740.713377,3123.553306
2019/5/23 20:18,666498.2278,3677.765009,3092.37212
2019/5/23 20:21,671764.6667,3722.752334,3150.630246
2019/5/23 20:24,673003.6278,3775.492537,3163.289943
2019/5/23 20:27,677731.3333,3825.126509,3195.3443
2019/5/23 20:30,682500.1889,4098.45701,3309.927905
2019/5/23 20:33,687110.6333,4111.433483,3313.552723
2019/5/23 20:36,690932.5611,4176.740229,3340.844592
2019/5/23 20:39,694178.4944,4235.970794,3352.082797
2019/5/23 20:42,691141.3889,4259.463988,3367.154997
2019/5/23 20:45,691848.2889,4234.317415,3361.350982
2019/5/23 20:48,690172.9444,4159.250059,3302.180314
2019/5/23 20:51,689251.7722,4137.702325,3278.565583
2019/5/23 20:54,692755.85,4191.546124,3314.801403
2019/5/23 20:57,690518.9,4224.942409,3340.281132
2019/5/23 21:00,690114.2667,4284.041822,3316.241538
2019/5/23 21:03,690787.6278,4210.37184,3301.722185
2019/5/23 21:06,688423.4778,4140.716722,3303.327051
2019/5/23 21:09,688329.1778,4065.960224,3281.742097
2019/5/23 21:12,690570.7944,4058.575716,3304.105363
2019/5/23 21:15,691374.2333,4223.1439,3386.047803
2019/5/23 21:18,693481.85,4210.508258,3357.785925
2019/5/23 21:21,679015.8889,4339.504221,3256.198812
2019/5/23 21:24,658178.9667,4437.091301,3173.642316
2019/5/23 21:27,674638.7056,4571.952562,3298.561655
2019/5/23 21:30,682730.5833,4946.282981,3522.684266
2019/5/23 21:33,688258.8111,4975.302168,3537.066371
2019/5/23 21:36,688544.0278,5109.850851,3583.740272
2019/5/23 21:39,688216.65,5037.803836,3591.044394
2019/5/23 21:42,689174.0056,5004.558206,3619.230843
2019/5/23 21:45,689343.3944,5206.11727,3737.082609
2019/5/23 21:48,690872.0889,5154.378837,3708.727937
2019/5/23 21:51,693988.3444,5191.440806,3714.102725
2019/5/23 21:54,695404.6278,5110.618065,3643.353935
2019/5/23 21:57,695702.0222,5020.598826,3610.10115
2019/5/23 22:00,692832.2667,5062.435227,3664.390147
2019/5/23 22:03,692179.1944,4989.127037,3643.407971
2019/5/23 22:06,690331.65,4972.041649,3647.92525
2019/5/23 22:09,688981.9833,4877.87256,3650.159864
2019/5/23 22:12,690698.2556,4863.450624,3688.254038
2019/5/23 22:15,691602.8056,4888.255828,3672.056431
2019/5/23 22:18,693297.4889,4884.982972,3660.690869
2019/5/23 22:21,690378.4611,5038.129476,3661.147202
2019/5/23 22:24,693921.2944,5047.241637,3632.183335
2019/5/23 22:27,697396.9889,5056.504228,3646.528948
2019/5/23 22:30,697254.1944,5242.361251,3661.125285
2019/5/23 22:33,699317.0889,5254.269702,3652.659755
2019/5/23 22:36,698057.7944,5398.164066,3683.827652
2019/5/23 22:39,695673.7611,5351.357735,3645.732581
2019/5/23 22:42,692579.9667,5318.78436,3644.660078
2019/5/23 22:45,694915.3778,5322.543518,3667.235759
2019/5/23 22:48,701682.5444,5208.45184,3631.781533
2019/5/23 22:51,702304.7389,5176.322094,3645.772702
2019/5/23 22:54,700732.7778,5142.0963,3621.757041
2019/5/23 22:57,699975.5611,5139.78957,3633.492796
2019/5/23 23:00,700394.5,5246.909726,3669.737023
2019/5/23 23:03,697405.7667,5157.07142,3641.222826
2019/5/23 23:06,697577.6611,5190.225881,3679.916714
2019/5/23 23:09,700872,5107.091784,3621.791676
2019/5/23 23:12,704705.85,5078.780092,3623.267984
2019/5/23 23:15,704288.5667,5206.848735,3658.826044
2019/5/23 23:18,703711.5333,5071.501243,3574.25996
2019/5/23 23:21,702720.8611,4880.998605,3430.29332
2019/5/23 23:24,709583.3333,5019.690123,3479.013833
2019/5/23 23:27,712356.1833,5135.228044,3533.654274
2019/5/23 23:30,713661.3611,5127.690267,3513.881994
2019/5/23 23:33,713568.5389,5132.449928,3518.886765
2019/5/23 23:36,712016.9444,5318.502312,3577.206812
2019/5/23 23:39,710937,5182.328347,3535.253394
2019/5/23 23:42,709625.1944,5079.293447,3530.374394
2019/5/23 23:45,708630.8333,5022.540295,3549.965941
2019/5/23 23:48,709491.6222,4946.138623,3535.501537
2019/5/23 23:51,712979.4833,4957.045612,3590.095195
2019/5/23 23:54,715288.7889,4845.683255,3567.06868
2019/5/23 23:57,714057.7667,4813.022538,3581.449518
2019/5/24 0:00,711070.0222,4738.530116,3528.915417
2019/5/24 0:03,710066.1222,4727.589981,3528.725835
2019/5/24 0:06,710762.4889,4847.958146,3591.078149
2019/5/24 0:09,708477.3556,4914.713006,3574.598393
2019/5/24 0:12,708325.9722,4969.104423,3592.047674
2019/5/24 0:15,709913.8111,4942.493367,3618.065953
2019/5/24 0:18,711730.6889,5053.209967,3661.43278
2019/5/24 0:21,709234.7,5368.41464,3763.632148
2019/5/24 0:24,705729.9722,5368.026969,3700.429233
2019/5/24 0:27,703040.0056,5346.806005,3675.169191
2019/5/24 0:30,702234.9278,5399.722941,3691.858706
2019/5/24 0:33,704023.5111,5367.017276,3677.251616
2019/5/24 0:36,701660.8278,5395.062627,3673.406891
2019/5/24 0:39,701063.8,5216.228556,3613.679239
2019/5/24 0:42,699453.8167,5101.75907,3599.135308
2019/5/24 0:45,699513.75,5363.919376,3675.736174
2019/5/24 0:48,697034.0778,5279.332417,3655.149799
2019/5/24 0:51,697255.3278,5262.974876,3669.986957
2019/5/24 0:54,697404.2778,5159.187905,3614.386756
2019/5/24 0:57,697495.0111,5134.948446,3613.612679
2019/5/24 1:00,696385.9056,5066.707965,3595.705577
2019/5/24 1:03,696881.2222,5032.172271,3596.070026
2019/5/24 1:06,695192.8889,5122.749161,3653.15681
2019/5/24 1:09,694415.0278,5218.685245,3657.073283
2019/5/24 1:12,693420.9778,5240.742516,3659.387558
2019/5/24 1:15,687688.9222,5193.292169,3631.17237
2019/5/24 1:18,683185.0222,5041.630562,3552.370758
2019/5/24 1:21,676992.7444,4939.188651,3519.838554
2019/5/24 1:24,675419.6778,5031.371612,3562.345966
2019/5/24 1:27,674214.5778,5087.454606,3595.469034
2019/5/24 1:30,675510.6556,5276.852292,3617.676483
2019/5/24 1:33,682269.95,5275.409637,3608.063189
2019/5/24 1:36,679635.2556,5289.684874,3585.930709
2019/5/24 1:39,678075.3,5314.66049,3561.519363
2019/5/24 1:42,688391.1389,5442.82522,3601.772932
2019/5/24 1:45,684151.2778,5429.333542,3580.246519
2019/5/24 1:48,682177.0556,5333.621771,3559.781309
2019/5/24 1:51,685698.7889,5449.569677,3631.8263
2019/5/24 1:54,688809.6444,5458.740235,3615.380793
2019/5/24 1:57,682437.8722,5420.034744,3611.752744
2019/5/24 2:00,681753.2222,5423.748924,3576.956839
2019/5/24 2:03,688200.45,5319.643298,3551.37111
2019/5/24 2:06,691935.6056,5226.351149,3537.006264
2019/5/24 2:09,693479.1667,5231.527244,3488.806316
2019/5/24 2:12,695943.5167,5236.556777,3499.3974
2019/5/24 2:15,698129.4278,5345.155863,3551.565773
2019/5/24 2:18,697254.7278,5247.384557,3517.567356
2019/5/24 2:21,696941.8333,5275.92278,3528.235775
2019/5/24 2:24,697485.7722,5183.664884,3508.21506
2019/5/24 2:27,697765.0056,5145.226147,3522.985488
2019/5/24 2:30,697148.2778,5246.622186,3562.585916
2019/5/24 2:33,695085.5444,5108.096331,3519.670602
2019/5/24 2:36,690037.8667,5046.303625,3520.261345
2019/5/24 2:39,683626.1778,5076.269317,3518.638181
2019/5/24 2:42,687673.4222,5097.896658,3545.242108
2019/5/24 2:45,690687.6333,5071.167007,3518.51868
2019/5/24 2:48,691907.0556,5053.484925,3508.523285
2019/5/24 2:51,687210.7778,5160.663413,3606.259644
2019/5/24 2:54,683325.4222,5187.369076,3661.506496
2019/5/24 2:57,682441.8444,5217.895034,3709.685675
2019/5/24 3:00,681966.3889,5316.767361,3693.907632
2019/5/24 3:03,682170.9556,5326.23392,3676.220554
2019/5/24 3:06,683878.1222,5485.443734,3714.24954
2019/5/24 3:09,687659.6611,5501.820863,3701.479693
2019/5/24 3:12,687434.2667,5480.794317,3706.069062
2019/5/24 3:15,685148.0278,5200.133874,3684.802194
2019/5/24 3:18,684017.3278,5153.171944,3621.215791
2019/5/24 3:21,680240.2,5089.815152,3543.182545
2019/5/24 3:24,681896,5000.975893,3505.448919
2019/5/24 3:27,686751.8111,4948.568507,3502.810982
2019/5/24 3:30,684751.4556,4918.766816,3534.692782
2019/5/24 3:33,681863.8,4911.63767,3535.591173
2019/5/24 3:36,683395.7611,5070.835627,3645.698475
2019/5/24 3:39,683922.6056,5184.017427,3649.15149
2019/5/24 3:42,688575.5556,5229.92546,3650.199829
2019/5/24 3:45,683381.9056,5183.756074,3574.270221
2019/5/24 3:48,682036.2333,5138.474584,3564.977311
2019/5/24 3:51,683108.3111,5283.809064,3659.062786
2019/5/24 3:54,685338.5611,5335.003542,3642.887867
2019/5/24 3:57,680841.7278,5346.957245,3639.591113
2019/5/24 4:00,678898.55,5297.17978,3635.477757
2019/5/24 4:03,674888.2167,5182.544739,3594.57591
2019/5/24 4:06,673611.1667,5121.102949,3614.749739
2019/5/24 4:09,674093.4167,5140.819758,3620.794609
2019/5/24 4:12,673703.3556,5200.536788,3648.536368
2019/5/24 4:15,672512.1833,5138.556519,3646.945409
2019/5/24 4:18,667305.9278,5064.183815,3619.98385
2019/5/24 4:21,667129.4556,5073.755664,3641.903953
2019/5/24 4:24,667008.6056,5025.689521,3621.824944
2019/5/24 4:27,663930.1944,5000.073417,3614.438699
2019/5/24 4:30,666122.5833,4965.86305,3566.490965
2019/5/24 4:33,669890.1111,5026.025609,3587.400233
2019/5/24 4:36,673741.5056,5145.697838,3617.925376
2019/5/24 4:39,668641.8,5061.63341,3562.084731
2019/5/24 4:42,673289.2,5072.919311,3578.180142
2019/5/24 4:45,670946.5556,5204.343225,3591.020485
2019/5/24 4:48,666883.0611,5187.679554,3570.764111
2019/5/24 4:51,668135.1667,5264.336018,3603.953101
2019/5/24 4:54,669229.65,5222.543331,3616.69496
2019/5/24 4:57,667336.0944,5215.822591,3635.88768
2019/5/24 5:00,663581.5667,5206.485464,3600.145157
2019/5/24 5:03,662001.6,5159.643583,3602.626815
2019/5/24 5:06,664804.1667,5252.362274,3690.234721
2019/5/24 5:09,663869.8167,5226.25958,3651.49678
2019/5/24 5:12,661982.3611,5157.498241,3592.275102
2019/5/24 5:15,661974.1333,5227.024183,3622.980964
2019/5/24 5:18,662533.9778,5212.655439,3610.488447
2019/5/24 5:21,663322.0833,5302.839311,3642.286028
2019/5/24 5:24,667136.15,5270.368433,3628.92487
2019/5/24 5:27,668971.6611,5247.953967,3632.168775
2019/5/24 5:30,665173.1444,5224.885256,3627.271094
2019/5/24 5:33,662024.7889,5184.435815,3588.817881
2019/5/24 5:36,651433.5222,5180.900974,3525.307305
2019/5/24 5:39,644351.0167,4970.456965,3380.984377
2019/5/24 5:42,642838.6722,4850.949814,3301.328045
2019/5/24 5:45,645563.3611,4888.345035,3328.914066
2019/5/24 5:48,644534.4278,4809.015052,3271.9912
2019/5/24 5:51,647439.5944,4779.174251,3259.374602
2019/5/24 5:54,647469.0333,4663.87234,3215.374964
2019/5/24 5:57,640865.5778,4588.038003,3176.735981
2019/5/24 6:00,635329.8944,4410.683922,3076.009567
2019/5/24 6:03,639468.5833,4307.688017,3079.894404
2019/5/24 6:06,646799.1056,4154.036804,3143.041001
2019/5/24 6:09,653532.0889,4257.563906,3187.374688
2019/5/24 6:12,654973.6278,4305.743889,3196.923139
2019/5/24 6:15,655671.9833,4211.480214,3199.933291
2019/5/24 6:18,672257.0778,4288.331956,3292.667422
2019/5/24 6:21,681458.9667,4282.116572,3378.388628
2019/5/24 6:24,677757.4944,4139.948305,3309.183204
2019/5/24 6:27,665794.1056,4101.160743,3290.746584
2019/5/24 6:30,670566.4333,4182.3943,3389.244299
2019/5/24 6:33,677887.2444,4220.345139,3402.005514
2019/5/24 6:36,681241.4222,4262.715042,3430.855074
2019/5/24 6:39,685933.4667,4330.759732,3458.434718
2019/5/24 6:42,689546.4778,4373.760326,3476.455866
2019/5/24 6:45,687160.8722,4796.616216,3439.184712
2019/5/24 6:48,687076.3611,4818.162471,3408.194183
2019/5/24 6:51,685002.9222,4907.163238,3384.902344
2019/5/24 6:54,687588.8056,4834.21043,3325.474392
2019/5/24 6:57,674771.5722,4754.20443,3268.832474
2019/5/24 7:00,673177.9278,4744.59951,3326.688836
2019/5/24 7:03,678576.8111,4809.543439,3362.847979
2019/5/24 7:06,684345.1222,4975.686706,3446.219091
2019/5/24 7:09,684274.7167,4831.55533,3394.494924
2019/5/24 7:12,679214.7111,4752.564019,3348.087421
2019/5/24 7:15,680143.4667,4554.015973,3308.906536
2019/5/24 7:18,683577.4444,4547.417397,3310.109627
2019/5/24 7:21,682295.1167,4564.556053,3303.197502
2019/5/24 7:24,675287.8333,4569.307187,3280.363422
2019/5/24 7:27,681406.0222,4673.841904,3342.746723
2019/5/24 7:30,683488.65,4784.369553,3401.019691
2019/5/24 7:33,677162.3667,4657.264581,3312.396885
2019/5/24 7:36,656330.9556,4398.205023,3117.592975
2019/5/24 7:39,625968.3944,4069.71021,2825.361281
2019/5/24 7:42,628347.3444,4108.709929,2775.294823
2019/5/24 7:45,636522.6611,4116.97835,2834.171009
2019/5/24 7:48,644955.7,4188.40364,2875.001354
2019/5/24 7:51,650042.9278,4306.999982,2961.550747
2019/5/24 7:54,657487.3444,4296.672754,2983.942357
2019/5/24 7:57,663741.3778,4318.996695,3010.169304
2019/5/24 8:00,668428.0278,4467.463115,3102.832159
2019/5/24 8:03,666084.3944,4445.109683,3083.727847
2019/5/24 8:06,659569.0556,4433.859873,3060.775983
2019/5/24 8:09,653602.25,4450.068129,3091.244032
2019/5/24 8:12,652171.5611,4407.282331,3082.95599
2019/5/24 8:15,653972.3444,4472.445966,3111.795384
2019/5/24 8:18,653916.5944,4435.734309,3109.808041
2019/5/24 8:21,652758.2556,4340.699094,3094.856723
2019/5/24 8:24,650806.5556,4249.471697,3057.483427
2019/5/24 8:27,652187.5,4258.742119,3070.866974
2019/5/24 8:30,653420.2778,4269.51135,3080.738167
2019/5/24 8:33,651852.7167,4329.951456,3091.422669
2019/5/24 8:36,654098.7222,4485.55276,3136.859712
2019/5/24 8:39,654327.05,4331.276733,3120.911641
2019/5/24 8:42,652702.3944,4252.130036,3110.290166
2019/5/24 8:45,653826.5389,4276.342609,3127.171784
2019/5/24 8:48,655491.9333,4261.041715,3117.042431
2019/5/24 8:51,655171.9778,4248.178346,3104.502771
2019/5/24 8:54,657322.8333,4249.000042,3104.615721
2019/5/24 8:57,652606.3778,4266.156283,3096.441455
2019/5/24 9:00,653602.2111,4277.683128,3090.340736
2019/5/24 9:03,656024.1167,4210.653416,3091.594932
2019/5/24 9:06,657015.1389,4081.373084,3099.226568
2019/5/24 9:09,655176.9444,4098.298833,3064.700986
2019/5/24 9:12,653673.2778,4132.15873,3058.564131
2019/5/24 9:15,653124.25,4263.298693,3067.641799
2019/5/24 9:18,650988.0222,4262.577276,3057.873146
2019/5/24 9:21,650270.1833,4272.824886,3063.100092
2019/5/24 9:24,654831.4222,4279.661822,3063.938292
2019/5/24 9:27,655330.8333,4274.083842,3049.211141
2019/5/24 9:30,653874.5,4664.342557,3061.756799
2019/5/24 9:33,654750.1778,4714.493513,3089.263395
2019/5/24 9:36,650835.2722,4808.411329,3153.755838
2019/5/24 9:39,646232.5556,4724.177659,3142.173282
2019/5/24 9:42,639115.4278,4653.241255,3117.656383
2019/5/24 9:45,635415.0167,4645.984695,3104.235154
2019/5/24 9:48,633737.4111,4608.013152,3074.007255
2019/5/24 9:51,635279.1389,4590.887696,3061.376325
2019/5/24 9:54,636853.5667,4601.339043,3065.210528
2019/5/24 9:57,639881.5611,4619.942872,3074.614742
2019/5/24 10:00,641082.2667,4555.321399,3099.40071
2019/5/24 10:03,638186.2667,4561.800178,3097.679804
2019/5/24 10:06,638667.1056,4622.997883,3112.348632
2019/5/24 10:09,637724.6222,4653.268532,3130.090954
2019/5/24 10:12,639177.9056,4681.763673,3154.039887
2019/5/24 10:15,637114.4222,4760.540788,3171.883819
2019/5/24 10:18,634646.0444,4745.680697,3168.622822
2019/5/24 10:21,635793.4611,4780.370605,3195.602983
2019/5/24 10:24,637652.0389,4775.222624,3195.866347
2019/5/24 10:27,640320.0389,4753.360899,3187.089974
2019/5/24 10:30,638725.4278,4707.156398,3168.368705
2019/5/24 10:33,635897.2778,4683.729119,3159.233481
2019/5/24 10:36,632162.4167,4666.689936,3150.215311
2019/5/24 10:39,629847.8667,4605.868309,3094.166273
2019/5/24 10:42,630889.7833,4590.51508,3068.643486
2019/5/24 10:45,630847.4667,4590.660994,3068.397025
2019/5/24 10:48,634326.8611,4582.448195,3069.561958
2019/5/24 10:51,636902.0278,4604.148973,3098.255327
2019/5/24 10:54,638952.75,4666.973343,3121.226242
2019/5/24 10:57,639121.1889,4711.2693,3138.736226
2019/5/24 11:00,642116.2889,4706.51237,3145.668598
2019/5/24 11:03,644214.7389,4703.963951,3151.602697
2019/5/24 11:06,643214.5056,4713.165189,3167.229562
2019/5/24 11:09,641760.8889,4688.245019,3160.999724
2019/5/24 11:12,641368.0167,4688.693082,3165.27235
2019/5/24 11:15,641325.3333,4743.731956,3166.237201
2019/5/24 11:18,640021.8167,4746.464642,3168.691792
2019/5/24 11:21,643130.9222,4774.959707,3184.32874
2019/5/24 11:24,647207.6889,4743.663341,3159.594157
2019/5/24 11:27,650920.7056,4733.742393,3151.32279
2019/5/24 11:30,656739.2667,4714.324941,3179.378463
2019/5/24 11:33,656665.3444,4729.943513,3181.335264
2019/5/24 11:36,654521.5056,4770.496513,3192.298471
2019/5/24 11:39,651402.8278,4761.205729,3175.186261
2019/5/24 11:42,648938.1056,4755.829284,3167.524661
2019/5/24 11:45,646563.2222,4808.9172,3174.566151
2019/5/24 11:48,644543.9833,4810.557299,3174.459893
2019/5/24 11:51,642816.6111,4874.568235,3202.698568
2019/5/24 11:54,641684.1222,4855.833826,3202.753562
2019/5/24 11:57,638998.0222,4841.415267,3200.391741
2019/5/24 12:00,637994.8111,4855.788442,3203.16719
2019/5/24 12:03,637071.1944,4834.345055,3199.591751
2019/5/24 12:06,635341.9722,4827.853811,3204.242244
2019/5/24 12:09,636932.5611,4831.108176,3208.456417
2019/5/24 12:12,640319.4611,4840.878894,3210.848089
2019/5/24 12:15,641626.4056,4813.298115,3207.512015
2019/5/24 12:18,640869.0444,4771.415117,3197.397789
2019/5/24 12:21,638465.3167,4741.484036,3204.673746
2019/5/24 12:24,638989.4222,4789.118402,3212.803772
2019/5/24 12:27,637524.1444,4819.995371,3216.827934
2019/5/24 12:30,643922.0667,4838.758281,3214.456245
2019/5/24 12:33,645847.3611,4800.992738,3204.592446
2019/5/24 12:36,645173.8389,4764.232097,3208.543166
2019/5/24 12:39,641899.9722,4779.256091,3197.957894
2019/5/24 12:42,638792.4111,4795.617323,3182.915869
2019/5/24 12:45,635794.1556,4826.050814,3179.243048
2019/5/24 12:48,634064.6778,4779.766664,3167.436154
2019/5/24 12:51,633792.1389,4797.751604,3183.112298
2019/5/24 12:54,633021.6111,4770.297772,3180.749915
2019/5/24 12:57,632353.35,4752.181304,3178.542524
2019/5/24 13:00,635184.0056,4649.544846,3160.932549
2019/5/24 13:03,638035.9778,4635.002132,3151.056155
2019/5/24 13:06,637976.4778,4629.276877,3151.875521
2019/5/24 13:09,640041.3444,4638.235194,3147.816918
2019/5/24 13:12,641564.7056,4654.002593,3154.660436
2019/5/24 13:15,638193.5333,4703.334741,3152.621496
2019/5/24 13:18,635475.7722,4691.721393,3145.035285
2019/5/24 13:21,634458.3333,4695.118597,3148.728548
2019/5/24 13:24,633012.9667,4675.827134,3122.527887
2019/5/24 13:27,631643.4944,4693.88042,3124.907879
2019/5/24 13:30,631316.0944,4742.300369,3139.579854
2019/5/24 13:33,634610.5056,4743.486221,3138.082411
2019/5/24 13:36,634927.8278,4800.895306,3164.299762
2019/5/24 13:39,637289.7722,4780.811122,3161.993528
2019/5/24 13:42,639470.7556,4764.871501,3163.25983
2019/5/24 13:45,639793.4278,4785.92161,3186.314902
2019/5/24 13:48,635314.1056,4784.059765,3181.405401
2019/5/24 13:51,632708.0278,4821.54298,3188.924885
2019/5/24 13:54,630363.2778,4776.630712,3170.74989
2019/5/24 13:57,629070.1111,4755.942392,3163.701096
2019/5/24 14:00,626981.1111,4627.448915,3161.123559
2019/5/24 14:03,626506.4167,4616.495487,3155.679231
2019/5/24 14:06,625867.4056,4614.642529,3158.180583
2019/5/24 14:09,624709.8944,4627.242056,3150.091971
2019/5/24 14:12,625878.7222,4634.77334,3148.649964
2019/5/24 14:15,628472.5944,4643.208833,3162.975244
2019/5/24 14:18,629538.8111,4628.563659,3158.02149
2019/5/24 14:21,628883.8056,4609.38123,3164.263828
2019/5/24 14:24,626905.4611,4626.274231,3166.315914
2019/5/24 14:27,624988.2556,4639.124563,3167.848063
2019/5/24 14:30,624258.6667,4757.821129,3187.361374
2019/5/24 14:33,623012.6111,4784.348519,3186.876083
2019/5/24 14:36,621908.3722,4873.750184,3202.304177
2019/5/24 14:39,622977.3278,4794.923268,3178.346446
2019/5/24 14:42,622921.4778,4745.382499,3163.732069
2019/5/24 14:45,621187.7333,4691.282796,3130.082609
2019/5/24 14:48,621450.5389,4681.244756,3123.356498
2019/5/24 14:51,623169.9167,4700.118865,3129.346817
2019/5/24 14:54,621996.5167,4674.667718,3110.932173
2019/5/24 14:57,622907.1222,4674.996278,3104.450236
2019/5/24 15:00,623613.0778,4718.739483,3117.432148
2019/5/24 15:03,621502.7056,4693.98627,3108.366353
2019/5/24 15:06,617690.8667,4675.367161,3101.775647
2019/5/24 15:09,617246.6,4636.476223,3082.184879
2019/5/24 15:12,616955.35,4621.447372,3069.599275
2019/5/24 15:15,615432.9611,4541.559037,3064.984393
2019/5/24 15:18,614526.8889,4544.020756,3060.971605
2019/5/24 15:21,613886.9167,4584.444919,3069.730559
2019/5/24 15:24,613858.8389,4564.047325,3069.499843
2019/5/24 15:27,614851.0833,4547.619744,3068.220561
2019/5/24 15:30,618161.65,4602.213038,3069.495592
2019/5/24 15:33,622357.1722,4625.324918,3066.469679
2019/5/24 15:36,623421.7056,4683.624114,3077.022447
2019/5/24 15:39,622541.6944,4637.866559,3073.447102
2019/5/24 15:42,620808.7944,4627.889395,3076.487115
2019/5/24 15:45,620824.5444,4713.530188,3098.234724
2019/5/24 15:48,620562.9111,4711.552652,3097.801399
2019/5/24 15:51,621377.2056,4712.942222,3096.873097
2019/5/24 15:54,623318.7611,4716.103064,3112.078341
2019/5/24 15:57,624388.5889,4732.759713,3132.854712
2019/5/24 16:00,623575.9944,4676.3559,3146.349535
2019/5/24 16:03,622734.2167,4698.02113,3150.36993
2019/5/24 16:06,623463.2278,4752.3723,3157.897082
2019/5/24 16:09,625923.9222,4772.048486,3167.397353
2019/5/24 16:12,629841.2833,4798.909744,3180.468193
2019/5/24 16:15,632937.3556,4821.858764,3185.40569
2019/5/24 16:18,634736.0778,4781.60409,3174.049114
2019/5/24 16:21,637010.3833,4772.438414,3178.33132
2019/5/24 16:24,639887.3444,4747.529976,3169.294326
2019/5/24 16:27,641268.8722,4727.038467,3161.006979
2019/5/24 16:30,643794.8167,4746.691072,3173.593138
2019/5/24 16:33,642864.5,4693.940474,3152.055285
2019/5/24 16:36,644171.3222,4670.974365,3160.662348
2019/5/24 16:39,644542.4167,4597.802799,3157.270149
2019/5/24 16:42,644173.3833,4546.378949,3152.113456
2019/5/24 16:45,643205.6278,4554.967503,3152.031612
2019/5/24 16:48,640844.2722,4566.875269,3142.488317
2019/5/24 16:51,640612.2111,4636.5053,3156.916444
2019/5/24 16:54,640754.5,4622.457308,3153.772982
2019/5/24 16:57,638422.2556,4622.108851,3138.947965
2019/5/24 17:00,637835.8833,4551.901704,3149.468098
2019/5/24 17:03,638261.2444,4547.850975,3145.993991
2019/5/24 17:06,637937.3778,4608.337976,3165.007943
2019/5/24 17:09,636893.4667,4675.524404,3159.889689
2019/5/24 17:12,638085.7278,4723.215255,3165.82342
2019/5/24 17:15,638649.8222,4690.631301,3182.375541
2019/5/24 17:18,639047.0667,4699.728733,3184.404189
2019/5/24 17:21,640300.2056,4732.214322,3198.176628
2019/5/24 17:24,642473.7278,4768.737374,3197.279328
2019/5/24 17:27,645197.7556,4816.43471,3209.041699
2019/5/24 17:30,642463.6111,4773.035968,3201.283133
2019/5/24 17:33,642533.3778,4749.541052,3190.852406
2019/5/24 17:36,642245.3056,4810.96717,3217.744633
2019/5/24 17:39,639393.3778,4749.883675,3202.462429
2019/5/24 17:42,638599.9278,4709.691658,3191.453923
2019/5/24 17:45,639914.9444,4565.197511,3148.66661
2019/5/24 17:48,636210.0667,4527.328161,3129.694046
2019/5/24 17:51,631684.5056,4578.113717,3137.259498
2019/5/24 17:54,633508.4889,4631.6639,3157.790598
2019/5/24 17:57,631625.7667,4642.919676,3166.866036
2019/5/24 18:00,630925.8889,4619.094759,3147.27101
2019/5/24 18:03,630454.7778,4587.202446,3133.086467
2019/5/24 18:06,630733.1722,4602.119587,3136.308218
2019/5/24 18:09,631013.0167,4579.328645,3135.464718
2019/5/24 18:12,631451.2778,4561.569603,3136.801148
2019/5/24 18:15,634100.5722,4485.63114,3109.749014
2019/5/24 18:18,635985.25,4470.305153,3102.464829
2019/5/24 18:21,632283.2333,4441.025715,3095.10246
2019/5/24 18:24,639651.7611,4527.44108,3112.652126
2019/5/24 18:27,644243.4056,4570.423297,3128.90553
2019/5/24 18:30,642804.9778,4602.566261,3126.680672
2019/5/24 18:33,639656.0611,4581.741027,3106.732267
2019/5/24 18:36,636868.0556,4629.308995,3111.124059
2019/5/24 18:39,638604.5944,4525.346589,3112.046503
2019/5/24 18:42,639712.8278,4465.595093,3108.413792
2019/5/24 18:45,641311.1667,4092.70925,3062.395122
2019/5/24 18:48,646262.9278,3959.532091,3027.816186
2019/5/24 18:51,653140.4667,3784.723505,3004.910757
2019/5/24 18:54,653868.05,3650.358435,2996.182141
2019/5/24 18:57,654708.2333,3571.951187,2990.956957
2019/5/24 19:00,660896.0722,3640.57886,2980.399799
2019/5/24 19:03,661470.5944,3680.983614,2997.867829
2019/5/24 19:06,661760.9611,3653.809957,3005.695769
2019/5/24 19:09,661422.8444,3632.631812,3029.300355
2019/5/24 19:12,665179.8778,3651.696983,3058.439467
2019/5/24 19:15,666800.5944,3629.967405,3038.796999
2019/5/24 19:18,669088.4778,3639.605793,3044.399339
2019/5/24 19:21,680510.3778,3841.346393,3139.626324
2019/5/24 19:24,680585.5611,3875.467061,3143.71001
2019/5/24 19:27,674154.0222,3808.085266,3079.462692
2019/5/24 19:30,668965.9111,3544.656607,2930.566404
2019/5/24 19:33,679423.6778,3490.400972,2905.222767
2019/5/24 19:36,684582.7611,3660.920582,3029.392031
2019/5/24 19:39,686704.6611,3896.268397,3103.975539
2019/5/24 19:42,682470.4167,4035.216182,3118.769675
2019/5/24 19:45,680268.4056,4160.245163,3162.423598
2019/5/24 19:48,672172.2778,4010.725186,3039.61831
2019/5/24 19:51,668630.4167,4030.584472,3043.605176
2019/5/24 19:54,672650.5056,3894.320725,3054.892775
2019/5/24 19:57,678437.35,3950.780736,3144.489039
2019/5/24 20:00,683295.1556,4326.469232,3292.917194
2019/5/24 20:03,679468.8056,4412.600284,3272.416588
2019/5/24 20:06,677802.4,4725.090431,3380.323531
2019/5/24 20:09,672872.6611,4545.579093,3311.216074
2019/5/24 20:12,669364.1,4186.961452,3148.373702
2019/5/24 20:15,675872.3833,4140.13236,3117.358222
2019/5/24 20:18,675454.1611,4249.837241,3169.856711
2019/5/24 20:21,647849.0722,4445.876917,2998.275541
2019/5/24 20:24,646568.4389,4691.058091,3186.170122
2019/5/24 20:27,657962.8778,4909.659133,3357.7947
2019/5/24 20:30,669906.4333,5302.411604,3581.14157
2019/5/24 20:33,678941.6056,5348.655037,3621.421737
2019/5/24 20:36,683398.5556,5488.698057,3691.77582
2019/5/24 20:39,680948.0778,5392.736252,3707.71278
2019/5/24 20:42,681024.6833,5361.426562,3736.393652
2019/5/24 20:45,683466.25,5349.08034,3748.305142
2019/5/24 20:48,681642.8222,5328.030038,3717.147641
2019/5/24 20:51,680249.5333,5506.514415,3778.18242
2019/5/24 20:54,680868.4278,5338.27744,3706.688129
2019/5/24 20:57,681523.5389,5241.612316,3702.766491
2019/5/24 21:00,680047.7389,5470.847801,3757.417305
2019/5/24 21:03,676785.9389,5363.871535,3700.288418
2019/5/24 21:06,679274.1444,5330.109475,3683.158569
2019/5/24 21:09,680994.3944,5089.688952,3635.028131
2019/5/24 21:12,679596.2611,4951.601005,3618.057534
2019/5/24 21:15,681299.5889,4840.008538,3622.165123
2019/5/24 21:18,679016.6222,4779.958217,3602.952128
2019/5/24 21:21,677088.3111,4894.790874,3658.450721
2019/5/24 21:24,676564.2444,4924.736551,3648.061286
2019/5/24 21:27,671626.6722,4931.187489,3640.82101
2019/5/24 21:30,672438.0389,4801.888338,3563.990609
2019/5/24 21:33,672684.2056,4706.117506,3500.325819
2019/5/24 21:36,676063.7056,4768.922016,3552.042806
2019/5/24 21:39,678134.9833,4893.26615,3577.480179
2019/5/24 21:42,679856.0778,4983.57032,3622.573335
2019/5/24 21:45,681414.9667,5255.088127,3687.08256
2019/5/24 21:48,681828.0833,5245.391294,3663.088948
2019/5/24 21:51,680537.65,5373.674866,3681.185433
2019/5/24 21:54,680774.4722,5302.72615,3675.852152
2019/5/24 21:57,681349.0778,5280.24518,3695.685185
2019/5/24 22:00,680517.8556,4966.67485,3628.776105
2019/5/24 22:03,679381.6556,4865.142829,3573.999811
2019/5/24 22:06,677169.7278,4939.71514,3575.903448
2019/5/24 22:09,672172.6278,4695.748912,3494.18019
2019/5/24 22:12,670888.1722,4570.778397,3454.882653
2019/5/24 22:15,672363.2556,4623.304381,3554.871504
2019/5/24 22:18,675307.15,4679.908928,3597.215061
2019/5/24 22:21,675499.85,4900.092234,3688.078687
2019/5/24 22:24,676778.5444,5010.237578,3679.57014
2019/5/24 22:27,677663.1889,5110.870534,3702.010178
2019/5/24 22:30,677876.5889,4957.758311,3603.358734
2019/5/24 22:33,681056.5778,4836.81509,3557.844868
2019/5/24 22:36,680795.8722,4831.682396,3572.445807
2019/5/24 22:39,675203.7278,4746.647962,3524.387152
2019/5/24 22:42,671532.5389,4748.58849,3526.293549
2019/5/24 22:45,673782.8222,4796.944132,3558.552446
2019/5/24 22:48,672847.6944,4799.646524,3555.915528
2019/5/24 22:51,676038.6944,4857.858517,3591.811144
2019/5/24 22:54,680656.4389,4773.123464,3572.385247
2019/5/24 22:57,677621.5667,4698.52014,3593.600167
2019/5/24 23:00,674998.6778,5080.039443,3775.098332
2019/5/24 23:03,676376.0389,5115.929085,3780.405683
2019/5/24 23:06,676735.5167,5271.16478,3820.754108
2019/5/24 23:09,675944.6222,5015.682671,3715.254603
2019/5/24 23:12,682249.0889,4931.269148,3691.838751
2019/5/24 23:15,684191.8556,4889.134677,3649.735733
2019/5/24 23:18,684519.8056,4923.534976,3650.257753
2019/5/24 23:21,684785.3889,5141.898839,3693.975083
2019/5/24 23:24,683615.6111,5026.326942,3644.410223
2019/5/24 23:27,685061.1611,5002.700022,3649.060868
2019/5/24 23:30,684776.0444,5010.764362,3664.559969
2019/5/24 23:33,682173.7056,4904.231135,3645.238558
2019/5/24 23:36,681028.4833,4934.310314,3694.181185
2019/5/24 23:39,676651.3444,4863.571784,3681.170491
2019/5/24 23:42,676207.1611,4834.277518,3689.576646
2019/5/24 23:45,678830.2667,4887.081205,3720.143272
2019/5/24 23:48,678451.85,4810.594445,3682.888451
2019/5/24 23:51,673818.9,4826.886611,3670.675534
2019/5/24 23:54,669826.3278,4803.401259,3664.510818
2019/5/24 23:57,670139.2111,4816.638957,3693.283403
2019/5/25 0:00,665574.1722,4619.271132,3670.000635
2019/5/25 0:03,664772.4889,4608.535347,3663.906702
2019/5/25 0:06,662417.5944,4701.124634,3675.848249
2019/5/25 0:09,658505.2444,4668.546554,3629.705129
2019/5/25 0:12,653595.9889,4679.087636,3620.595842
2019/5/25 0:15,654180.4222,4751.410812,3680.222253
2019/5/25 0:18,660207.4389,4728.462572,3680.179051
2019/5/25 0:21,656660.2278,4774.155499,3712.850055
2019/5/25 0:24,652270.9444,4739.307785,3672.067113
2019/5/25 0:27,649383.1611,4664.237355,3608.022389
2019/5/25 0:30,650278.3556,4541.437746,3584.983188
2019/5/25 0:33,650680.8222,4520.997744,3571.759906
2019/5/25 0:36,658669.9278,4701.587341,3632.3768
2019/5/25 0:39,658068.5,4806.281105,3639.185331
2019/5/25 0:42,663402.0111,4849.988343,3660.017974
2019/5/25 0:45,665949.8167,4811.334043,3564.563257
2019/5/25 0:48,667124.1722,4793.289355,3530.24759
2019/5/25 0:51,660278.7444,4851.082767,3499.800337
2019/5/25 0:54,646233.2222,4723.921069,3413.166856
2019/5/25 0:57,642237.7944,4651.994617,3368.619773
2019/5/25 1:00,636579.3667,4764.315689,3367.304227
2019/5/25 1:03,629653.85,4609.228797,3295.140484
2019/5/25 1:06,625437.3278,4538.391331,3246.953966
2019/5/25 1:09,651090.9778,4699.77046,3253.55052
2019/5/25 1:12,660211.6889,4741.398173,3278.410774
2019/5/25 1:15,654999.6722,4666.014175,3290.517321
2019/5/25 1:18,655029.7778,4640.961943,3305.774419
2019/5/25 1:21,654652.9333,4819.311201,3404.935642
2019/5/25 1:24,659446.1056,4901.819336,3417.078074
2019/5/25 1:27,666846.4,4987.11387,3454.509198
2019/5/25 1:30,657114.9278,4930.327253,3439.392612
2019/5/25 1:33,643837.65,4795.660693,3380.84367
2019/5/25 1:36,641161.2889,4997.141956,3512.484469
2019/5/25 1:39,648293.2611,5123.099497,3566.90517
2019/5/25 1:42,656086.5944,5221.518945,3619.041264
2019/5/25 1:45,664666.9222,5354.0046,3650.320392
2019/5/25 1:48,666687.5667,5283.963037,3614.456597
2019/5/25 1:51,665776.3389,5254.414679,3595.659617
2019/5/25 1:54,672708.9444,5115.745985,3544.772991
2019/5/25 1:57,681247,5084.181198,3545.341401
2019/5/25 2:00,678756.4444,4941.969259,3454.159343
2019/5/25 2:03,676485.9111,4907.786885,3473.146356
2019/5/25 2:06,669648.6778,5126.716926,3615.331268
2019/5/25 2:09,678067.2389,5264.784321,3622.501308
2019/5/25 2:12,676473.5444,5268.897074,3610.759409
2019/5/25 2:15,671439.2444,5023.99691,3518.89772
2019/5/25 2:18,668565.9778,4933.638804,3480.510458
2019/5/25 2:21,664541.7556,5005.287979,3509.983217
2019/5/25 2:24,654932.7389,5026.876603,3497.372264
2019/5/25 2:27,662965.2556,5098.047475,3537.230134
2019/5/25 2:30,667092.9222,5285.422669,3624.947344
2019/5/25 2:33,668872.1833,5232.51906,3619.411383
2019/5/25 2:36,667849.4222,5304.760931,3669.796494
2019/5/25 2:39,667547.1444,5284.054915,3617.186585
2019/5/25 2:42,665010.8056,5204.519854,3568.109277
2019/5/25 2:45,662346.6556,5149.33939,3515.227719
2019/5/25 2:48,662325.25,5085.992217,3507.29875
2019/5/25 2:51,664033.9278,5170.671396,3580.578842
2019/5/25 2:54,672379.0611,5210.451195,3589.272853
2019/5/25 2:57,671792.6889,5174.575404,3570.367431
2019/5/25 3:00,669059.3167,5029.248087,3473.747571
2019/5/25 3:03,665827.4556,5000.97687,3484.239552
2019/5/25 3:06,675664.2833,5112.819803,3559.000056
2019/5/25 3:09,676225.6333,5059.61546,3506.861476
2019/5/25 3:12,670445.3278,4972.960786,3466.736327
2019/5/25 3:15,662258.35,4829.129596,3275.964735
2019/5/25 3:18,665796.4611,4847.698992,3299.172019
2019/5/25 3:21,668326.6778,5078.354422,3438.595621
2019/5/25 3:24,669547.6444,5014.191275,3453.622816
2019/5/25 3:27,662127.0278,4969.844911,3452.978449
2019/5/25 3:30,663124.7667,5016.976902,3551.774088
2019/5/25 3:33,661606.5056,5018.514791,3550.381013
2019/5/25 3:36,665811.45,5068.272138,3566.962726
2019/5/25 3:39,665422.4611,4989.42722,3527.619056
2019/5/25 3:42,663017.8556,4939.895727,3520.799834
2019/5/25 3:45,666373.15,5121.753285,3578.674774
2019/5/25 3:48,668834.5778,5094.124586,3528.423366
2019/5/25 3:51,669556.9778,5162.516473,3494.088511
2019/5/25 3:54,660428.9833,4994.860989,3397.314872
2019/5/25 3:57,658943.4111,4923.140399,3371.102878
2019/5/25 4:00,661946.5056,4805.252194,3311.651276
2019/5/25 4:03,653011.8056,4658.189189,3182.921475
2019/5/25 4:06,648346.1278,4603.241436,3078.629122
2019/5/25 4:09,653178.9278,4576.722707,3086.015028
2019/5/25 4:12,658769.7333,4555.785179,3092.231406
2019/5/25 4:15,658709.1611,4506.550507,3023.004467
2019/5/25 4:18,662132.5278,4374.574544,2960.362312
2019/5/25 4:21,662627.7722,4286.232075,2932.950626
2019/5/25 4:24,656585.6778,4295.604913,2935.237646
2019/5/25 4:27,658291.6778,4333.265142,2929.979257
2019/5/25 4:30,659223.1556,4536.232754,2966.801459
2019/5/25 4:33,664933,4568.705674,2996.802071
2019/5/25 4:36,667458.45,4636.277179,3037.193634
2019/5/25 4:39,665037.9667,4523.322479,2944.642201
2019/5/25 4:42,677241.5944,4536.57993,2937.386389
2019/5/25 4:45,692986.9278,4753.595566,2987.835653
2019/5/25 4:48,699603.5944,4764.407084,2995.65664
2019/5/25 4:51,692718.1667,4830.408506,3019.533536
2019/5/25 4:54,693059.2111,4646.465382,2945.209082
2019/5/25 4:57,695441.1444,4560.05451,2893.459162
2019/5/25 5:00,702070.3667,4599.596628,2916.669982
2019/5/25 5:03,696131.5444,4668.320611,2947.033517
2019/5/25 5:06,676497.4389,4628.500111,2994.515412
2019/5/25 5:09,658019.0833,4496.091311,2979.634656
2019/5/25 5:12,655138.9778,4513.430318,3007.263177
2019/5/25 5:15,656198.8111,4315.752706,3024.24947
2019/5/25 5:18,667384.7389,4359.250051,3023.391768
2019/5/25 5:21,683518.15,4454.920685,3064.621808
2019/5/25 5:24,675934.8778,4421.798404,2996.921842
2019/5/25 5:27,667284.1167,4435.459079,2945.649586
2019/5/25 5:30,671466.2278,4446.154626,2993.454705
2019/5/25 5:33,667868.3611,4445.660496,2988.254349
2019/5/25 5:36,655238.1722,4455.838109,2960.045088
2019/5/25 5:39,655533.1167,4483.030486,2963.182911
2019/5/25 5:42,659004.0389,4494.976096,2967.120411
2019/5/25 5:45,660729.3,4357.028679,2920.428849
2019/5/25 5:48,670771.2556,4367.451649,2917.591793
2019/5/25 5:51,674281.8833,4381.554249,2943.036009
2019/5/25 5:54,674459.2722,4348.698642,2912.475607
2019/5/25 5:57,684788.8333,4386.692889,2910.300563
2019/5/25 6:00,692487.3111,4322.966252,2919.642227
2019/5/25 6:03,677418.3833,4354.104869,2889.47852
2019/5/25 6:06,664563.7167,4487.164828,2902.146753
2019/5/25 6:09,662040.8833,4440.352814,2856.495269
2019/5/25 6:12,652843.6611,4394.935083,2809.724051
2019/5/25 6:15,654557.2556,4307.640858,2782.971596
2019/5/25 6:18,664889.5222,4401.163885,2802.130196
2019/5/25 6:21,668501.2778,4422.828453,2797.514037
2019/5/25 6:24,666854.5944,4428.694266,2794.675219
2019/5/25 6:27,674002.6667,4488.973566,2808.207364
2019/5/25 6:30,698386.2833,4659.123313,2878.460105
2019/5/25 6:33,700631.9444,4601.467593,2854.083182
2019/5/25 6:36,693981.55,4550.451464,2824.509088
2019/5/25 6:39,702533.3556,4589.007679,2836.352683
2019/5/25 6:42,698692.0944,4588.323315,2838.41367
2019/5/25 6:45,681855.4222,4484.385302,2825.473872
2019/5/25 6:48,642826.7611,4041.048679,2708.428351
2019/5/25 6:51,649558.2611,4115.659012,2693.652415
2019/5/25 6:54,662114.7333,4297.181078,2716.999511
2019/5/25 6:57,690582.4722,4506.386182,2768.533203
2019/5/25 7:00,698987.5778,4383.960223,2770.47506
2019/5/25 7:03,707065.4389,4420.010553,2765.324465
2019/5/25 7:06,729570.3278,4302.849492,2765.487322
2019/5/25 7:09,688604.1611,4349.58898,2720.291423
2019/5/25 7:12,643020.0944,4199.915545,2674.588298
2019/5/25 7:15,632461.5722,4530.728924,2768.631775
2019/5/25 7:18,639649.3222,4459.719515,2736.848653
2019/5/25 7:21,643596.8556,4619.275775,2780.341901
2019/5/25 7:24,637472.0833,4670.812443,2831.33741
2019/5/25 7:27,616405.6778,4602.548297,2826.43078
2019/5/25 7:30,621085.2389,4649.750221,2899.833482
2019/5/25 7:33,624840.3722,4627.133236,2912.840351
2019/5/25 7:36,628359.9111,4581.498708,2944.538083
2019/5/25 7:39,630184.6333,4537.649159,2952.652789
2019/5/25 7:42,632289.6278,4509.568389,2953.92109
2019/5/25 7:45,633884.35,4545.592527,2973.176469
2019/5/25 7:48,635624.3444,4532.947495,2964.637809
2019/5/25 7:51,637844.8944,4528.485512,2958.920959
2019/5/25 7:54,640274.1722,4452.20797,2947.269634
2019/5/25 7:57,642276.2,4410.339218,2938.559085
2019/5/25 8:00,644529.1778,4473.852052,2922.000373
2019/5/25 8:03,646863,4501.535797,2929.944296
2019/5/25 8:06,647304.95,4554.224712,2943.824468
2019/5/25 8:09,648060.3389,4596.097351,2954.811641
2019/5/25 8:12,651679.9111,4629.178043,2962.424665
2019/5/25 8:15,655261.5111,4637.291336,2986.555437
2019/5/25 8:18,658309.3,4657.366835,2989.408226
2019/5/25 8:21,659539.0278,4686.993338,2997.299059
2019/5/25 8:24,660359.35,4681.424853,3010.272836
2019/5/25 8:27,660428.3167,4676.128377,3016.413565
2019/5/25 8:30,660025.0722,4668.99861,3026.660743
2019/5/25 8:33,658850.4889,4646.035013,3011.061595
2019/5/25 8:36,657938.5556,4669.512936,3027.097013
2019/5/25 8:39,657158.9278,4709.023627,3049.835777
2019/5/25 8:42,656310.6167,4709.320163,3050.71307
2019/5/25 8:45,655002.3,4652.387803,3045.102107
2019/5/25 8:48,654534.0556,4686.615953,3033.342663
2019/5/25 8:51,656696.3333,4751.336045,3028.166945
2019/5/25 8:54,658071.0222,4765.90982,3041.185948
2019/5/25 8:57,659096,4773.474144,3050.238976
2019/5/25 9:00,657648.7667,4892.297455,3056.41403
2019/5/25 9:03,642645.4944,4737.582022,3007.824693
2019/5/25 9:06,639692.2556,4660.007871,2969.901864
2019/5/25 9:09,644121.1889,4603.895664,2946.675707
2019/5/25 9:12,646939.5056,4608.31837,2956.62542
2019/5/25 9:15,649054.5389,4665.504816,2990.998112
2019/5/25 9:18,651927.7944,4691.106931,3001.053395
2019/5/25 9:21,652738.2889,4717.598236,3022.515174
2019/5/25 9:24,652275.7611,4769.090896,3015.147141
2019/5/25 9:27,651919.0722,4805.635668,3014.481692
2019/5/25 9:30,651473.1167,4939.889135,3083.581553
2019/5/25 9:33,643992.2444,4852.310958,3056.629023
2019/5/25 9:36,639860.1722,4798.092092,3047.839848
2019/5/25 9:39,638018.5278,4742.08977,3042.08485
2019/5/25 9:42,635787.0167,4698.124637,3034.162165
2019/5/25 9:45,633169.1778,4751.644715,3078.994415
2019/5/25 9:48,630156.0333,4742.594542,3074.205951
2019/5/25 9:51,628725.9278,4775.09847,3083.433908
2019/5/25 9:54,629195.4111,4776.096574,3077.961036
2019/5/25 9:57,628534.2333,4774.513188,3072.981065
2019/5/25 10:00,628051,4821.613311,3086.786857
2019/5/25 10:03,629271.9333,4807.613028,3081.63249
2019/5/25 10:06,632538.7222,4787.646111,3078.293407
2019/5/25 10:09,633782.7444,4779.761133,3080.811074
2019/5/25 10:12,634275.6722,4772.810378,3080.874648
2019/5/25 10:15,633244.2833,4839.310881,3121.399186
2019/5/25 10:18,632473.2167,4804.083072,3118.067436
2019/5/25 10:21,631859.2833,4775.930191,3124.750189
2019/5/25 10:24,630293.6333,4771.270675,3123.976524
2019/5/25 10:27,627413.9611,4748.881,3116.045078
2019/5/25 10:30,624493.7222,4818.000574,3117.412954
2019/5/25 10:33,624408.6,4776.885091,3102.145445
2019/5/25 10:36,625133.0333,4734.532167,3092.837511
2019/5/25 10:39,622442.8222,4728.782783,3091.192955
2019/5/25 10:42,621687.1556,4710.162402,3084.401401
2019/5/25 10:45,621676.3333,4742.929054,3100.640526
2019/5/25 10:48,620883.3,4698.240014,3088.03604
2019/5/25 10:51,619735.3778,4646.102522,3076.790977
2019/5/25 10:54,618496.7111,4628.585287,3064.043253
2019/5/25 10:57,619331.4889,4626.004167,3058.999294
2019/5/25 11:00,619650.5778,4614.438602,3063.218131
2019/5/25 11:03,620045.8389,4622.703018,3071.207158
2019/5/25 11:06,620998.0889,4637.794558,3093.495627
2019/5/25 11:09,620764.5611,4641.282699,3099.2011
2019/5/25 11:12,621494.9667,4636.677219,3098.81484
2019/5/25 11:15,622308.4167,4714.144672,3102.777153
2019/5/25 11:18,623544.1611,4692.142556,3099.301851
2019/5/25 11:21,624686.9278,4668.403834,3101.403478
2019/5/25 11:24,627819.65,4694.27379,3094.372493
2019/5/25 11:27,628428.3222,4691.250402,3084.935305
2019/5/25 11:30,627404.3278,4738.580965,3086.17275
2019/5/25 11:33,626951.2333,4737.182258,3085.043991
2019/5/25 11:36,627907.8556,4776.211787,3098.000069
2019/5/25 11:39,627892.5833,4767.580301,3106.732675
2019/5/25 11:42,626614.7222,4752.262653,3105.857183
2019/5/25 11:45,626345.4111,4774.28045,3110.676729
2019/5/25 11:48,625931.5389,4756.142826,3103.564629
2019/5/25 11:51,628846.8889,4768.873279,3107.83805
2019/5/25 11:54,630196.8,4741.793094,3107.542136
2019/5/25 11:57,631944.6667,4733.2099,3107.797819
2019/5/25 12:00,632145.1722,4620.612747,3109.595826
2019/5/25 12:03,631153.9056,4635.935509,3101.737571
2019/5/25 12:06,630455.3,4659.715002,3095.984172
2019/5/25 12:09,630439.9222,4611.403144,3083.567785
2019/5/25 12:12,630772.6167,4599.729565,3075.466752
2019/5/25 12:15,633040.8,4562.464526,3063.736974
2019/5/25 12:18,635281.1111,4571.410786,3061.338752
2019/5/25 12:21,635667.2278,4573.553629,3057.385216
2019/5/25 12:24,637243.8,4596.223191,3075.20633
2019/5/25 12:27,638003.95,4579.455899,3076.638016
2019/5/25 12:30,636849.1944,4530.927381,3080.70739
2019/5/25 12:33,636356.7667,4530.328508,3068.498901
2019/5/25 12:36,637060.9833,4575.276129,3063.457489
2019/5/25 12:39,637988.3556,4616.528009,3064.509106
2019/5/25 12:42,637552.6556,4626.805168,3057.133794
2019/5/25 12:45,639014.6444,4670.88682,3090.470743
2019/5/25 12:48,638455.5,4665.253078,3085.458921
2019/5/25 12:51,637921.5389,4679.835835,3087.437955
2019/5/25 12:54,636290.1222,4676.775291,3080.943805
2019/5/25 12:57,636824.9556,4681.067921,3076.905319
2019/5/25 13:00,637338.6722,4649.575791,3087.104138
2019/5/25 13:03,637360.2,4656.961821,3093.671401
2019/5/25 13:06,637454.4667,4665.368983,3105.507613
2019/5/25 13:09,636201.3611,4632.942383,3098.816028
2019/5/25 13:12,636750.4222,4616.384526,3095.140891
2019/5/25 13:15,636835.8778,4622.92156,3097.686527
2019/5/25 13:18,636667.7333,4596.057027,3094.447717
2019/5/25 13:21,636352.6833,4560.174885,3095.203566
2019/5/25 13:24,636468.65,4547.753097,3095.528277
2019/5/25 13:27,635540.9611,4495.312915,3082.894096
2019/5/25 13:30,632520.6889,4515.609803,3092.607174
2019/5/25 13:33,631706.3,4468.027474,3079.319273
2019/5/25 13:36,630593.1889,4404.694297,3069.650835
2019/5/25 13:39,631112.1278,4356.176772,3054.154112
2019/5/25 13:42,632015.2667,4323.701352,3043.687629
2019/5/25 13:45,632796.9333,4342.71285,3054.646831
2019/5/25 13:48,633995.6111,4364.340872,3059.839313
2019/5/25 13:51,635136.9778,4423.643775,3081.991958
2019/5/25 13:54,635178.0611,4370.485215,3078.554471
2019/5/25 13:57,632706.0667,4346.993718,3071.333658
2019/5/25 14:00,631504.9556,4391.38861,3074.14064
2019/5/25 14:03,631352.3167,4402.43695,3071.419187
2019/5/25 14:06,632334.2056,4427.792675,3075.487805
2019/5/25 14:09,633101.2056,4439.796177,3075.59562
2019/5/25 14:12,632492.5167,4448.130118,3075.993555
2019/5/25 14:15,634347.35,4372.175782,3082.071995
2019/5/25 14:18,635983.15,4399.217489,3078.927227
2019/5/25 14:21,635974.2278,4468.842458,3074.420508
2019/5/25 14:24,633558.1444,4400.633044,3061.476752
2019/5/25 14:27,631737.2778,4334.360177,3047.802259
2019/5/25 14:30,628675.5222,4387.965199,3049.39539
2019/5/25 14:33,628551.0944,4367.867061,3046.260139
2019/5/25 14:36,627665.6111,4361.046326,3052.255633
2019/5/25 14:39,627542.2278,4311.912459,3059.984346
2019/5/25 14:42,627171.7056,4286.268979,3062.331055
2019/5/25 14:45,629746.0778,4180.300783,3042.432701
2019/5/25 14:48,630318.9389,4177.465335,3030.38579
2019/5/25 14:51,630329.9,4204.270052,3028.806454
2019/5/25 14:54,632403.1278,4196.111093,3030.856291
2019/5/25 14:57,633496.1556,4195.450037,3033.064427
2019/5/25 15:00,631580.8111,4227.777057,3063.336525
2019/5/25 15:03,632763.9778,4236.740792,3072.311314
2019/5/25 15:06,632430.9,4251.404343,3080.164667
2019/5/25 15:09,633576.2833,4159.176126,3045.565603
2019/5/25 15:12,634734.5556,4165.425184,3045.0249
2019/5/25 15:15,633403.2611,4104.051858,3046.722569
2019/5/25 15:18,634282.6,4129.285086,3039.09279
2019/5/25 15:21,634504.3667,4204.980008,3044.800215
2019/5/25 15:24,637121.2444,4250.625448,3049.047956
2019/5/25 15:27,634554.05,4244.820896,3048.220265
2019/5/25 15:30,629888.7722,4251.949609,3049.528369
2019/5/25 15:33,629055.5278,4196.277644,3016.027086
2019/5/25 15:36,629682.8056,4197.962759,3007.349833
2019/5/25 15:39,632087.2611,4163.169582,3004.706737
2019/5/25 15:42,634875.1833,4172.417648,2963.506625
2019/5/25 15:45,636121.5167,4325.259218,2979.120961
2019/5/25 15:48,634396.8222,4322.918898,2984.294901
2019/5/25 15:51,635208.4667,4346.410025,3008.844419
2019/5/25 15:54,631579.9222,4306.028489,3013.359109
2019/5/25 15:57,629400.8333,4266.701593,3006.381775
2019/5/25 16:00,631011.8278,4319.36427,2993.957945
2019/5/25 16:03,634794.0389,4370.138608,2992.747095
2019/5/25 16:06,636439.0556,4455.358195,2990.448284
2019/5/25 16:09,637386.7056,4494.71309,3011.92611
2019/5/25 16:12,638031.8056,4535.727768,3036.988984
2019/5/25 16:15,640202.4778,4481.059914,3061.929888
2019/5/25 16:18,641143.3889,4464.782334,3059.060096
2019/5/25 16:21,640529.2889,4450.771385,3059.780926
2019/5/25 16:24,640082.5667,4397.6692,3060.963007
2019/5/25 16:27,631272.0778,4348.355369,2968.010279
2019/5/25 16:30,623447.7556,4457.688939,2969.265736
2019/5/25 16:33,621925.8778,4448.84835,2987.161034
2019/5/25 16:36,623471.1111,4417.699186,2988.400746
2019/5/25 16:39,625843.9222,4371.524382,2987.387228
2019/5/25 16:42,626184.4389,4378.898716,3010.943697
2019/5/25 16:45,626156.2278,4483.905357,3059.935273
2019/5/25 16:48,627477.5222,4468.143894,3055.048671
2019/5/25 16:51,627282.1722,4482.854517,3058.521602
2019/5/25 16:54,623145.1778,4442.906628,3032.097127
2019/5/25 16:57,624733.8722,4410.860782,3005.025828
2019/5/25 17:00,626079.5611,4466.87874,3001.685099
2019/5/25 17:03,626643.1,4472.275898,3016.343939
2019/5/25 17:06,627135.6056,4496.363328,3059.94025
2019/5/25 17:09,626503.1444,4516.430273,3074.227799
2019/5/25 17:12,631417.7667,4532.080471,3087.042251
2019/5/25 17:15,633214.7833,4612.202947,3086.69268
2019/5/25 17:18,633495.8278,4603.309153,3089.665194
2019/5/25 17:21,635855.1722,4598.774707,3097.771547
2019/5/25 17:24,639358.5889,4653.443471,3112.554993
2019/5/25 17:27,638159.2722,4683.251631,3123.739451
2019/5/25 17:30,637821.2056,4684.538264,3123.370878
2019/5/25 17:33,637318.4111,4655.321503,3104.976008
2019/5/25 17:36,639294.0222,4716.556861,3127.881876
2019/5/25 17:39,642807.9167,4673.965525,3111.916324
2019/5/25 17:42,646334.3944,4636.255215,3092.890756
2019/5/25 17:45,645180.3333,4623.815431,3082.72598
2019/5/25 17:48,643842.0444,4634.202933,3093.015219
2019/5/25 17:51,643571.5833,4653.92084,3115.552814
2019/5/25 17:54,642982.8667,4667.246594,3114.367767
2019/5/25 17:57,642991.8333,4678.13102,3116.381204
2019/5/25 18:00,641135.5556,4708.770566,3120.464965
2019/5/25 18:03,640544.1278,4665.647139,3112.546482
2019/5/25 18:06,639798.7556,4598.637477,3102.276578
2019/5/25 18:09,638452.0333,4566.763968,3078.190121
2019/5/25 18:12,638141.0944,4530.296441,3051.769482
2019/5/25 18:15,639783.9833,4513.874113,3075.712848
2019/5/25 18:18,640146.1389,4431.087578,3056.091946
2019/5/25 18:21,641076.0278,4299.83055,3038.132424
2019/5/25 18:24,643404.7667,4098.574035,2987.740986
2019/5/25 18:27,645400,4013.392493,2972.953868
2019/5/25 18:30,648139.2944,3824.75554,2921.51448
2019/5/25 18:33,652409.5389,3828.501922,2938.057099
2019/5/25 18:36,656093.3611,3834.372213,2983.153951
2019/5/25 18:39,662323.6056,3907.969865,2999.918506
2019/5/25 18:42,652590.45,3869.307484,2938.708637
2019/5/25 18:45,664793.3722,3984.862661,3032.716376
2019/5/25 18:48,659434.1444,4024.991508,2998.612999
2019/5/25 18:51,664910.6444,4177.672472,3035.830575
2019/5/25 18:54,666538.5333,4098.275734,2989.44367
2019/5/25 18:57,661284.7056,4009.813036,2931.031443
2019/5/25 19:00,668394.9333,4045.461078,2953.730918
2019/5/25 19:03,679512.8944,4171.668201,2997.966162
2019/5/25 19:06,686474.2222,4290.356512,2994.154936
2019/5/25 19:09,702747.75,4247.65003,2963.620257
2019/5/25 19:12,710346.8944,4326.81629,2999.028198
2019/5/25 19:15,704459.1389,4456.137593,2987.496465
2019/5/25 19:18,695631.3556,4367.853076,2943.560173
2019/5/25 19:21,689298.2389,4249.207947,2887.984382
2019/5/25 19:24,693231.4278,4242.168408,2862.218704
2019/5/25 19:27,713418.8222,4341.85506,2884.692457
2019/5/25 19:30,729608.4611,4496.462404,2917.573439
2019/5/25 19:33,738084.5444,4509.749602,2945.197077
2019/5/25 19:36,717911.7056,4333.912899,2941.847514
2019/5/25 19:39,718477.3389,4250.22454,2942.738461
2019/5/25 19:42,729875.0167,4267.599308,2968.324996
2019/5/25 19:45,730610.6667,4375.457816,2991.705036
2019/5/25 19:48,733739.1278,4421.508421,2979.730909
2019/5/25 19:51,730608.1222,4546.087551,3042.457788
2019/5/25 19:54,718723.2111,4518.505669,3033.122028
2019/5/25 19:57,711765.0167,4509.492872,3022.402325
2019/5/25 20:00,700513.9889,4255.166362,2879.633844
2019/5/25 20:03,712327.0667,4429.964232,2968.06557
2019/5/25 20:06,715992.7389,4647.028324,3091.969212
2019/5/25 20:09,703544.5778,4490.67399,3088.417355
2019/5/25 20:12,703530.2,4452.973373,3083.105708
2019/5/25 20:15,706155.0611,4743.010708,3195.490212
2019/5/25 20:18,708247.2556,4717.205742,3214.420425
2019/5/25 20:21,710614.7056,4756.829001,3257.434315
2019/5/25 20:24,715618.2556,4697.22951,3202.332186
2019/5/25 20:27,710085.6667,4614.642525,3140.868217
2019/5/25 20:30,709625.3111,4554.862024,3100.514085
2019/5/25 20:33,712258.9556,4551.134482,3127.001282
2019/5/25 20:36,705789.9778,4438.304823,3125.546087
2019/5/25 20:39,647598.0722,4341.909714,2723.619753
2019/5/25 20:42,643421.0889,4339.621133,2670.41985
2019/5/25 20:45,643799.7611,4430.973044,2690.669009
2019/5/25 20:48,642568.4278,4398.973425,2690.44179
2019/5/25 20:51,640954.0833,4349.28555,2680.073501
2019/5/25 20:54,625066.3889,4170.194146,2572.698084
2019/5/25 20:57,619945.3222,4115.421162,2534.111832
2019/5/25 21:00,622499.5722,4146.92521,2573.229311
2019/5/25 21:03,617088.0333,4090.19027,2519.453517
2019/5/25 21:06,612902.6889,4039.122574,2480.050042
2019/5/25 21:09,625988.7278,4134.982313,2519.666795
2019/5/25 21:12,649907.3278,4265.648342,2578.029806
2019/5/25 21:15,673404.0778,4398.617703,2627.319211
2019/5/25 21:18,672231.6889,4430.603483,2616.487296
2019/5/25 21:21,707987.5056,4746.540958,2747.921657
2019/5/25 21:24,716302.5,4617.663788,2805.049428
2019/5/25 21:27,720111.1833,4576.334691,2836.101563
2019/5/25 21:30,730953.0556,4749.117473,2879.04949
2019/5/25 21:33,739707.2389,4732.088503,2881.970428
2019/5/25 21:36,746638.9167,4766.900096,2880.71898
2019/5/25 21:39,751416.4222,4765.888828,2897.120374
2019/5/25 21:42,756882.8056,4827.849096,2960.155749
2019/5/25 21:45,748788.15,5064.647414,3115.047804
2019/5/25 21:48,741064.8,4964.100413,3108.48271
2019/5/25 21:51,732395.9556,4875.335581,3107.763873
2019/5/25 21:54,724446.6111,4733.297891,3080.044331
2019/5/25 21:57,722434.2833,4701.89356,3091.196044
2019/5/25 22:00,721677.7111,4793.029526,3159.105968
2019/5/25 22:03,711353.7889,4703.455434,3097.751044
2019/5/25 22:06,668530.9333,4527.451318,2984.797796
2019/5/25 22:09,657494.4889,4298.330083,2918.484321
2019/5/25 22:12,650005.7778,4155.110045,2952.638834
2019/5/25 22:15,662022.3611,4554.635424,3132.419838
2019/5/25 22:18,674152.6444,4663.126523,3247.294495
2019/5/25 22:21,666740,4737.832538,3405.206183
2019/5/25 22:24,665234.2944,4635.524039,3409.576816
2019/5/25 22:27,663126.1778,4565.887588,3400.280017
2019/5/25 22:30,667142.2778,4463.777601,3416.666196
2019/5/25 22:33,669721.9667,4568.988725,3442.080486
2019/5/25 22:36,673568.1611,4856.581631,3523.856707
2019/5/25 22:39,677263.9611,5043.369753,3550.722138
2019/5/25 22:42,678565.3222,5208.875138,3599.886886
2019/5/25 22:45,676989.5667,5129.747961,3517.871488
2019/5/25 22:48,681052.0556,5110.963502,3506.525927
2019/5/25 22:51,685365.8889,5299.89816,3612.175425
2019/5/25 22:54,686822.5556,5380.722876,3640.835347
2019/5/25 22:57,684113.2722,5310.044121,3613.553636
2019/5/25 23:00,684218.85,5287.456906,3526.532769
2019/5/25 23:03,684883.1333,5150.265689,3475.346009
2019/5/25 23:06,674548.5111,5036.59886,3417.124731
2019/5/25 23:09,654077.2444,4700.175632,3176.079998
2019/5/25 23:12,663523.9778,4518.329349,3067.371344
2019/5/25 23:15,666937.3,4710.949259,3147.122469
2019/5/25 23:18,671226.8889,4668.080643,3121.689839
2019/5/25 23:21,675933.7667,4749.209565,3117.470355
2019/5/25 23:24,669422.7278,4481.159523,3010.434172
2019/5/25 23:27,677334.6333,4451.354196,3049.729013
2019/5/25 23:30,688010.0444,4731.277291,3196.787196
2019/5/25 23:33,688215.8444,4644.31091,3177.76456
2019/5/25 23:36,682066.5889,4824.506173,3252.713764
2019/5/25 23:39,666243.9889,4691.651645,3107.315259
2019/5/25 23:42,671750.1556,4610.260047,3075.721856
2019/5/25 23:45,657000.6,4641.276223,2975.922366
2019/5/25 23:48,654570.4167,4512.700449,2880.376563
2019/5/25 23:51,664502.1611,4461.28631,2783.731417
2019/5/25 23:54,683229.9444,4394.628239,2789.553677
2019/5/25 23:57,685150.6889,4409.48507,2821.062423
2019/5/26 0:00,674206.8889,4283.508274,2788.333325
2019/5/26 0:03,670841.6222,4229.289362,2780.218177
2019/5/26 0:06,679475.9722,4310.536786,2856.718068
2019/5/26 0:09,684436.8056,4585.866856,2907.489835
2019/5/26 0:12,670058.0111,4661.863468,2897.619514
2019/5/26 0:15,677142.4222,4596.755469,2926.696428
2019/5/26 0:18,693395.7278,4634.932221,2971.592525
2019/5/26 0:21,700808.4444,4709.298888,3014.262876
2019/5/26 0:24,708882.5833,4601.072575,2974.885304
2019/5/26 0:27,695240.85,4534.466762,2870.055086
2019/5/26 0:30,687838.9,4276.612797,2692.079691
2019/5/26 0:33,684450.95,4106.690784,2653.650449
2019/5/26 0:36,685561.0167,4101.5618,2721.551879
2019/5/26 0:39,682195.8833,4184.996996,2749.98961
2019/5/26 0:42,687354,4245.243725,2776.193552
2019/5/26 0:45,686818.5,4245.548532,2756.548938
2019/5/26 0:48,672013.5833,4125.465337,2674.073615
2019/5/26 0:51,654666.7722,3946.34783,2556.475283
2019/5/26 0:54,662380.75,4013.988697,2653.941986
2019/5/26 0:57,679093.6056,4232.457123,2791.788692
2019/5/26 1:00,691970.0889,4856.17331,3018.32303
2019/5/26 1:03,695516.4833,4820.382658,3031.913902
2019/5/26 1:06,698764.0167,4858.708564,3106.57536
2019/5/26 1:09,696934.7389,4970.991761,3185.012372
2019/5/26 1:12,694836.7667,5050.519063,3265.899709
2019/5/26 1:15,692658.3,4990.362725,3317.179208
2019/5/26 1:18,697896.3778,4962.605696,3354.8232
2019/5/26 1:21,698212.5944,5165.069716,3507.379678
2019/5/26 1:24,690370.6722,5233.078543,3535.499797
2019/5/26 1:27,681381.6944,5192.111046,3562.968126
2019/5/26 1:30,675004.3056,5060.171409,3588.273841
2019/5/26 1:33,677162.4389,5019.197246,3571.590139
2019/5/26 1:36,679990.9056,5031.51852,3581.794517
2019/5/26 1:39,681530.75,5071.249202,3597.696069
2019/5/26 1:42,680386.8889,5054.941931,3601.210104
2019/5/26 1:45,679565.3611,5046.258475,3582.713518
2019/5/26 1:48,677894.9278,5043.2544,3594.105054
2019/5/26 1:51,676565.7,5151.668936,3660.966623
2019/5/26 1:54,680530.2444,5138.327081,3665.761968
2019/5/26 1:57,680341.8056,5125.245433,3682.159271
2019/5/26 2:00,677842.2444,5093.267936,3611.734642
2019/5/26 2:03,680871.0389,4859.0523,3477.40924
2019/5/26 2:06,679779.6278,4829.684488,3503.757326
2019/5/26 2:09,680900.5611,4853.771406,3527.987791
2019/5/26 2:12,681546.5556,4888.427654,3559.547564
2019/5/26 2:15,688050.4056,5166.986943,3659.109006
2019/5/26 2:18,686480.9722,5186.006801,3668.642983
2019/5/26 2:21,689228,5351.322337,3760.221944
2019/5/26 2:24,687755.3278,5398.179835,3741.728612
2019/5/26 2:27,686352.3167,5402.086866,3734.536196
2019/5/26 2:30,687823.3889,5352.595236,3713.538746
2019/5/26 2:33,688428.0833,5255.256372,3676.530797
2019/5/26 2:36,676373.7167,5197.553991,3660.129861
2019/5/26 2:39,675870.8389,5125.018614,3597.340665
2019/5/26 2:42,673343.0278,5055.953972,3548.289927
2019/5/26 2:45,672379.1278,4803.059943,3363.52982
2019/5/26 2:48,672782.8278,4765.923294,3308.866729
2019/5/26 2:51,672186.45,4747.232431,3246.451129
2019/5/26 2:54,663279.0389,4453.268757,3011.062575
2019/5/26 2:57,640883.5833,4248.965391,2855.158381
2019/5/26 3:00,647919.8556,4177.463697,2716.018465
2019/5/26 3:03,692909.5278,4173.313632,2739.495292
2019/5/26 3:06,680761.8889,3989.769049,2694.902216
2019/5/26 3:09,659673.9278,3944.729407,2597.541628
2019/5/26 3:12,663685.2889,3902.10155,2539.946721
2019/5/26 3:15,684387.0556,4062.411115,2549.077499
2019/5/26 3:18,693315.5444,4123.435966,2570.127889
2019/5/26 3:21,678229.6,4057.336659,2551.089863
2019/5/26 3:24,656970.7222,3840.263816,2451.507096
2019/5/26 3:27,650930.2389,3862.515028,2436.007476
2019/5/26 3:30,655076.5833,3918.672966,2447.122294
2019/5/26 3:33,652328.8278,3825.416827,2428.7405
2019/5/26 3:36,644613.4333,3724.492647,2415.890832
2019/5/26 3:39,636045.6167,3635.282367,2373.725283
2019/5/26 3:42,644420.8778,3703.173882,2420.560863
2019/5/26 3:45,651680.3778,3888.267338,2511.643798
2019/5/26 3:48,660728.8333,4044.529976,2562.427316
2019/5/26 3:51,669296.7056,4210.668489,2585.531928
2019/5/26 3:54,671312.8278,4052.406882,2532.664222
2019/5/26 3:57,675179.3556,4051.495921,2550.703492
2019/5/26 4:00,671096.35,3890.693499,2497.974197
2019/5/26 4:03,651099.7722,3801.678801,2432.387507
2019/5/26 4:06,645430.5444,3888.974171,2432.168623
2019/5/26 4:09,648568.7778,4006.22839,2454.680175
2019/5/26 4:12,658105.3944,4096.254014,2475.898318
2019/5/26 4:15,673729.8556,4119.60526,2530.685007
2019/5/26 4:18,683531.8944,4122.600029,2537.072984
2019/5/26 4:21,682045.05,4072.917158,2507.527399
2019/5/26 4:24,684388.6,3993.228424,2509.357054
2019/5/26 4:27,680519.6056,4029.619043,2507.320022
2019/5/26 4:30,670978.7389,3918.841164,2453.589607
2019/5/26 4:33,676429.5833,3946.725914,2545.185385
2019/5/26 4:36,680726.8611,4162.509884,2695.739186
2019/5/26 4:39,686431.6667,4085.620636,2803.007339
2019/5/26 4:42,699132.9222,4119.63291,2872.352727
2019/5/26 4:45,695616.3667,3800.443339,2845.938112
2019/5/26 4:48,679337.1222,3937.654175,2871.313115
2019/5/26 4:51,683266.4444,4163.5481,2920.086653
2019/5/26 4:54,697592.05,4170.053022,2890.00701
2019/5/26 4:57,697683.3222,4124.922972,2863.334487
2019/5/26 5:00,693537.6556,4181.182586,2850.172941
2019/5/26 5:03,699962.2611,4225.028425,2838.638765
2019/5/26 5:06,700618.4167,4262.963157,2807.256853
2019/5/26 5:09,705754.2444,4223.560253,2786.957812
2019/5/26 5:12,713951.4389,4266.151,2811.554957
2019/5/26 5:15,716248,4273.644598,2658.591819
2019/5/26 5:18,733880.5167,4446.023801,2603.899595
2019/5/26 5:21,736237.0778,4685.504549,2715.964647
2019/5/26 5:24,725963.0111,4644.427323,2680.901105
2019/5/26 5:27,718893.8444,4583.597193,2646.526344
2019/5/26 5:30,716618.0722,4507.746188,2621.80205
2019/5/26 5:33,712561.5,4452.00141,2591.743895
2019/5/26 5:36,709044.6833,4453.068205,2571.628227
2019/5/26 5:39,712923.9444,4425.384673,2555.553164
2019/5/26 5:42,713527.4167,4441.906392,2547.259562
2019/5/26 5:45,714416.0944,4545.023085,2565.83644
2019/5/26 5:48,710336.0278,4511.741668,2578.139375
2019/5/26 5:51,713750.9889,4436.460078,2617.066597
2019/5/26 5:54,706195.4111,4324.261161,2568.170304
2019/5/26 5:57,688081.2056,4244.973527,2509.802388
2019/5/26 6:00,687794.3333,4232.399971,2517.980294
2019/5/26 6:03,680875.7278,4266.677934,2503.415395
2019/5/26 6:06,677727.9722,4299.568723,2481.111603
2019/5/26 6:09,678182.3167,4265.001411,2483.905427
2019/5/26 6:12,689354.5611,4317.534934,2494.409921
2019/5/26 6:15,702898.2111,4248.767532,2528.630835
2019/5/26 6:18,701030.8778,4254.80856,2530.536254
2019/5/26 6:21,695045.05,4281.7761,2567.519915
2019/5/26 6:24,694075.5611,4350.833812,2595.549729
2019/5/26 6:27,695423.6278,4391.108411,2599.937378
2019/5/26 6:30,705562.9944,4455.382156,2700.853896
2019/5/26 6:33,707752.7167,4394.151167,2712.238302
2019/5/26 6:36,714926.8778,4319.711509,2742.770334
2019/5/26 6:39,711076.8111,4349.771621,2724.487027
2019/5/26 6:42,704463.2,4352.839058,2701.67338
2019/5/26 6:45,706667.95,4441.589155,2655.733892
2019/5/26 6:48,697961.3333,4420.45888,2605.228136
2019/5/26 6:51,709910.4278,4520.300235,2607.085742
2019/5/26 6:54,719314.6833,4526.880409,2652.741588
2019/5/26 6:57,716270.85,4459.514927,2672.332937
2019/5/26 7:00,708287.3111,4501.428093,2735.052194
2019/5/26 7:03,705906.6778,4545.735187,2759.189136
2019/5/26 7:06,709458.8556,4713.629432,2808.473239
2019/5/26 7:09,695374.4778,4725.045155,2796.339264
2019/5/26 7:12,648240.8833,4280.406834,2722.649346
2019/5/26 7:15,643520.5056,4416.148923,2818.782976
2019/5/26 7:18,645185.5889,4449.638741,2793.216052
2019/5/26 7:21,647967.9778,4529.54073,2815.28071
2019/5/26 7:24,639291.3778,4499.491358,2854.274422
2019/5/26 7:27,626589.9111,4420.02774,2861.405103
2019/5/26 7:30,630226.9333,4467.024344,2914.391655
2019/5/26 7:33,633401.3556,4472.582523,2932.985145
2019/5/26 7:36,633840.5278,4477.135761,2950.526196
2019/5/26 7:39,629977.6167,4405.77475,2947.957336
2019/5/26 7:42,630832.4833,4405.639845,2940.831849
2019/5/26 7:45,635438.6389,4334.148129,2916.43133
2019/5/26 7:48,642859.5222,4309.728303,2906.633522
2019/5/26 7:51,643556.6667,4297.626844,2895.314479
2019/5/26 7:54,644562.35,4330.16359,2895.618664
2019/5/26 7:57,648026.5611,4352.003164,2895.402086
2019/5/26 8:00,653146.4722,4400.358392,2908.145221
2019/5/26 8:03,656085.5889,4489.023962,2925.212722
2019/5/26 8:06,650604.0778,4527.75882,2915.492593
2019/5/26 8:09,653588.1278,4545.438422,2926.051213
2019/5/26 8:12,657259.9111,4551.596548,2927.697032
2019/5/26 8:15,661435.2389,4613.042765,2936.835934
2019/5/26 8:18,662231.6333,4647.087589,2938.936122
2019/5/26 8:21,666094.5556,4697.589759,2952.021098
2019/5/26 8:24,668663.95,4781.488867,2969.869449
2019/5/26 8:27,669043.9944,4822.143301,2978.03169
2019/5/26 8:30,666728.9833,4815.599144,2991.014561
2019/5/26 8:33,664600.8278,4801.299358,2990.156411
2019/5/26 8:36,663735.8444,4785.168234,2990.525445
2019/5/26 8:39,665125.4278,4773.358302,2966.069665
2019/5/26 8:42,666756.6111,4807.289873,2989.61878
2019/5/26 8:45,668707.5444,4857.889931,3011.355718
2019/5/26 8:48,653647.7889,4752.060326,2983.597386
2019/5/26 8:51,642050.4556,4750.07452,2959.060096
2019/5/26 8:54,644075.6222,4627.856151,2946.429439
2019/5/26 8:57,644766.8222,4585.069962,2949.962778
2019/5/26 9:00,645481.9,4561.553228,2963.353788
2019/5/26 9:03,649055.7778,4573.12636,2959.881429
2019/5/26 9:06,642940.3722,4556.715182,2927.887173
2019/5/26 9:09,604865.2667,4412.278206,2838.427892
2019/5/26 9:12,610010.3722,4492.218107,2867.15245
2019/5/26 9:15,615084.1833,4629.468549,2976.121479
2019/5/26 9:18,628760.55,4673.947475,2999.289593
2019/5/26 9:21,635235.1333,4712.867197,3033.079962
2019/5/26 9:24,638729.2222,4700.544675,3039.166385
2019/5/26 9:27,635143.0667,4666.807954,3031.33066
2019/5/26 9:30,631069.55,4614.90635,3017.458383
2019/5/26 9:33,633423.9889,4659.202434,3009.77584
2019/5/26 9:36,634549.1278,4795.582434,3012.833417
2019/5/26 9:39,633045.5333,4831.805364,3032.768401
2019/5/26 9:42,631117.5333,4823.548997,3027.518716
2019/5/26 9:45,631135.5889,4789.555894,3040.973293
2019/5/26 9:48,634399.7333,4769.420208,3022.848314
2019/5/26 9:51,637556.7333,4794.787956,3023.771848
2019/5/26 9:54,640478.9556,4808.796186,3042.12286
2019/5/26 9:57,642072.2722,4804.964804,3050.240463
2019/5/26 10:00,640919.0556,4792.516466,3078.836735
2019/5/26 10:03,640340.4333,4771.219127,3070.804441
2019/5/26 10:06,639371.2778,4780.483735,3052.010295
2019/5/26 10:09,639346.1444,4815.290085,3038.741954
2019/5/26 10:12,638774.9,4825.476112,3034.656575
2019/5/26 10:15,641989.5167,4774.204395,3044.539637
2019/5/26 10:18,644657.7389,4744.042643,3043.375461
2019/5/26 10:21,646441.4222,4708.649409,3047.362844
2019/5/26 10:24,647773.5278,4745.873678,3044.967054
2019/5/26 10:27,647487.9056,4748.810666,3037.13902
2019/5/26 10:30,644569.5444,4754.134025,3043.050587
2019/5/26 10:33,645755.4778,4736.215847,3038.863703
2019/5/26 10:36,645119.3333,4756.049672,3050.702275
2019/5/26 10:39,644421.3944,4753.753835,3057.313364
2019/5/26 10:42,645794.0722,4732.950373,3053.122477
2019/5/26 10:45,645724.2167,4754.855971,3065.991394
2019/5/26 10:48,640303.7778,4729.443674,3051.954642
2019/5/26 10:51,639798.9444,4744.10103,3048.267417
2019/5/26 10:54,645637.3611,4720.529953,3041.213876
2019/5/26 10:57,653090.9778,4730.789595,3038.321986
2019/5/26 11:00,656568.7833,4740.436168,3054.557602
2019/5/26 11:03,656411.95,4744.713218,3056.294293
2019/5/26 11:06,653921.8944,4726.814512,3066.352375
2019/5/26 11:09,652767.0389,4766.775489,3070.406115
2019/5/26 11:12,654558.9889,4798.001232,3072.744363
2019/5/26 11:15,656148.4556,4816.192721,3066.196766
2019/5/26 11:18,654700.4389,4824.892011,3067.382952
2019/5/26 11:21,654814.3389,4818.286146,3072.391816
2019/5/26 11:24,652743.0944,4799.80954,3072.443878
2019/5/26 11:27,650920.4889,4787.211124,3074.630676
2019/5/26 11:30,648563.6389,4785.416899,3070.203897
2019/5/26 11:33,644615.55,4755.249145,3044.142105
2019/5/26 11:36,643979.8944,4777.595905,3030.151568
2019/5/26 11:39,641217.8389,4728.830533,3019.713274
2019/5/26 11:42,644947.8222,4720.213722,3014.307278
2019/5/26 11:45,644947.9556,4758.979968,3047.280937
2019/5/26 11:48,645188.8944,4769.135858,3047.893581
2019/5/26 11:51,645674.1333,4784.114225,3055.430466
2019/5/26 11:54,645816.4833,4770.604007,3052.811465
2019/5/26 11:57,647809.45,4779.193788,3052.658883
2019/5/26 12:00,649320.9167,4781.860277,3073.64276
2019/5/26 12:03,645578.1944,4755.576758,3065.906422
2019/5/26 12:06,640983.8611,4740.28351,3060.746715
2019/5/26 12:09,642411.0056,4735.994943,3058.526771
2019/5/26 12:12,635714.0722,4702.505443,3049.540242
2019/5/26 12:15,635982.9833,4656.496682,3051.924171
2019/5/26 12:18,636161.4333,4645.12228,3048.821164
2019/5/26 12:21,633290.9667,4621.127837,3043.8026
2019/5/26 12:24,633782.9611,4626.938807,3041.157998
2019/5/26 12:27,633308.7778,4602.381845,3033.330824
2019/5/26 12:30,628464.3056,4566.904415,3015.676296
2019/5/26 12:33,626537.7444,4542.698241,3005.135592
2019/5/26 12:36,625905.1389,4552.498809,3007.909995
2019/5/26 12:39,625883.2444,4578.894531,3013.123644
2019/5/26 12:42,625516.0833,4578.708384,3009.444797
2019/5/26 12:45,624598.8722,4555.914643,3001.628096
2019/5/26 12:48,625578.9667,4510.993785,2993.91447
2019/5/26 12:51,628992.8556,4488.213609,2996.378194
2019/5/26 12:54,632729.8278,4519.160933,2992.951969
2019/5/26 12:57,639920.6611,4590.76468,2999.213918
2019/5/26 13:00,644852.6056,4631.158023,3009.918694
2019/5/26 13:03,647575.7556,4652.88069,3016.768992
2019/5/26 13:06,648934.4667,4709.774298,3056.624993
2019/5/26 13:09,650080.1167,4736.452667,3052.11866
2019/5/26 13:12,646009.3167,4684.322235,3022.225894
2019/5/26 13:15,632308.2944,4666.283314,2983.676839
2019/5/26 13:18,629976.0111,4644.126137,2980.51886
2019/5/26 13:21,630700.9833,4663.337319,2997.431125
2019/5/26 13:24,627689.0333,4621.501279,2993.209492
2019/5/26 13:27,622281.9389,4555.706031,2983.373905
2019/5/26 13:30,622812.1444,4600.680663,2984.603439
2019/5/26 13:33,622653.2222,4573.531232,2983.471041
2019/5/26 13:36,623794.8,4579.039513,2998.655204
2019/5/26 13:39,621977.1556,4563.307874,2987.200352
2019/5/26 13:42,622936.7278,4544.84895,2976.217312
2019/5/26 13:45,622455.8667,4528.006201,2979.666956
2019/5/26 13:48,622991.9222,4515.372033,2984.267674
2019/5/26 13:51,622415.2556,4509.237572,3002.443057
2019/5/26 13:54,622005.1556,4481.57873,2999.351229
2019/5/26 13:57,622268.7056,4466.53056,2995.593973
2019/5/26 14:00,622738.4667,4369.056878,2986.35984
2019/5/26 14:03,624029.4722,4345.886259,2984.722947
2019/5/26 14:06,624284.25,4312.175715,2991.67488
2019/5/26 14:09,624828.7444,4191.688288,2990.544101
2019/5/26 14:12,626751.2389,4139.929206,2988.992028
2019/5/26 14:15,631760.2111,4273.985934,3004.610465
2019/5/26 14:18,637036.1611,4338.359313,3011.931558
2019/5/26 14:21,639272.5,4406.262511,3027.64209
2019/5/26 14:24,640226.1944,4356.831514,3026.370516
2019/5/26 14:27,642855.5889,4347.966131,3039.957353
2019/5/26 14:30,643435.1833,4313.649543,3007.510505
2019/5/26 14:33,641522.95,4313.919568,2988.55196
2019/5/26 14:36,638840.8056,4359.980583,2995.061793
2019/5/26 14:39,637946.6889,4312.862681,3000.531847
2019/5/26 14:42,638411.1833,4266.27337,2988.483747
2019/5/26 14:45,639295.05,4299.880055,2985.191837
2019/5/26 14:48,641036.5333,4320.573609,3003.283505
2019/5/26 14:51,646892.3278,4428.910305,3071.215485
2019/5/26 14:54,649345.5944,4537.602292,3072.508479
2019/5/26 14:57,646915.1444,4484.366201,3047.971115
2019/5/26 15:00,643132.2111,4439.110912,3041.789523
2019/5/26 15:03,647052.2389,4496.023262,3076.302196
2019/5/26 15:06,647599.2722,4601.103814,3134.568724
2019/5/26 15:09,646471.8278,4510.268124,3113.422325
2019/5/26 15:12,647604.2111,4481.774343,3105.650843
2019/5/26 15:15,647352.5833,4403.100161,3085.605488
2019/5/26 15:18,642904.0444,4467.092835,3049.716635
2019/5/26 15:21,639226.5833,4562.996104,3087.793791
2019/5/26 15:24,635164.1667,4417.601426,3075.161035
2019/5/26 15:27,623727.7444,4308.962563,3050.224879
2019/5/26 15:30,622246.0444,4106.097471,3026.834128
2019/5/26 15:33,624896.8556,4110.046501,3009.700684
2019/5/26 15:36,628484.9667,4182.545346,3009.792317
2019/5/26 15:39,629404.3889,4268.297338,3036.971034
2019/5/26 15:42,633181.25,4358.868917,3078.920775
2019/5/26 15:45,633886.0444,4215.244511,3085.370296
2019/5/26 15:48,633496.4722,4167.055026,3073.827235
2019/5/26 15:51,634658.55,4178.627054,3108.212168
2019/5/26 15:54,637206.35,4224.451944,3099.261831
2019/5/26 15:57,636773.4944,4194.116661,3054.109004
2019/5/26 16:00,632673.9167,4114.419167,3015.248713
2019/5/26 16:03,633304.5556,4156.77573,3005.590818
2019/5/26 16:06,635810.6889,4209.091505,2991.272245
2019/5/26 16:09,638572.5444,4165.763126,2983.580426
2019/5/26 16:12,639026.7278,4156.642034,2984.966235
2019/5/26 16:15,640314.1278,4212.632809,2994.752226
2019/5/26 16:18,643552.0556,4244.094047,3009.75284
2019/5/26 16:21,641581.3389,4271.727304,3007.443766
2019/5/26 16:24,642620.6278,4302.882011,3047.133067
2019/5/26 16:27,646094.2333,4393.559568,3125.25617
2019/5/26 16:30,646890.8222,4521.954802,3212.443948
2019/5/26 16:33,648698.2833,4414.973924,3160.621626
2019/5/26 16:36,647218.0944,4307.954313,3118.982304
2019/5/26 16:39,646415.7278,4391.615678,3129.413664
2019/5/26 16:42,645398.8722,4417.139459,3121.59118
2019/5/26 16:45,647898.7833,4540.491183,3127.864062
2019/5/26 16:48,648576.3833,4506.680875,3129.237979
2019/5/26 16:51,645535.7333,4412.876236,3111.137104
2019/5/26 16:54,645837.4222,4404.194673,3107.644666
2019/5/26 16:57,647542.2667,4460.916479,3140.340348
2019/5/26 17:00,649785.95,4490.755218,3163.546609
2019/5/26 17:03,650195.8611,4397.5112,3140.806962
2019/5/26 17:06,646828.6222,4285.076958,3123.087933
2019/5/26 17:09,646054.6222,4373.207153,3153.40294
2019/5/26 17:12,646383.6833,4420.264152,3174.076599
2019/5/26 17:15,646696.95,4397.039358,3129.143722
2019/5/26 17:18,646285.3611,4391.925841,3109.918353
2019/5/26 17:21,644565.7,4481.714511,3129.665609
2019/5/26 17:24,638641.9167,4678.273049,3118.913328
2019/5/26 17:27,635414.2722,4830.642486,3159.616112
2019/5/26 17:30,629943.0778,4783.74899,3102.369345
2019/5/26 17:33,626835.2167,4546.588197,3007.407796
2019/5/26 17:36,624608.3111,4522.12958,3029.892113
2019/5/26 17:39,627207.6944,4538.25689,3039.802401
2019/5/26 17:42,634817.8,4591.341425,3079.260411
2019/5/26 17:45,637875.0833,4587.57264,3096.275531
2019/5/26 17:48,633965.3389,4477.506585,3048.919624
2019/5/26 17:51,631988.0722,4516.140927,3075.228537
2019/5/26 17:54,629792.1333,4526.89489,3030.107962
2019/5/26 17:57,625164.2778,4538.292684,3017.990361
2019/5/26 18:00,622652.1778,4430.098887,2998.289853
2019/5/26 18:03,630521.6167,4305.343931,3019.365658
2019/5/26 18:06,634057.7833,4059.910501,3037.59816
2019/5/26 18:09,637735.0333,3732.146412,2940.202925
2019/5/26 18:12,636435.1056,3560.516397,2875.031362
2019/5/26 18:15,643695.0722,3385.170443,2759.943981
2019/5/26 18:18,669443.9,3538.830753,2748.711828
2019/5/26 18:21,727357.4056,3910.993801,2799.430355
2019/5/26 18:24,741605.2389,4252.950066,2828.727041
2019/5/26 18:27,741228.6444,4339.940901,2825.309407
2019/5/26 18:30,741064.2444,3982.667057,2752.674991
2019/5/26 18:33,731822.1778,3890.529449,2731.650016
2019/5/26 18:36,739960.8889,3940.542729,2734.607072
2019/5/26 18:39,741215.4944,3946.402313,2720.392333
2019/5/26 18:42,730058.7444,3971.279713,2710.027071
2019/5/26 18:45,724895.7944,4014.853213,2731.981751
2019/5/26 18:48,738033.6556,4135.201341,2771.186431
2019/5/26 18:51,738445.8667,4324.038167,2784.221902
2019/5/26 18:54,752537.5389,4210.586614,2772.649577
2019/5/26 18:57,753383.6556,4112.985027,2766.25681
2019/5/26 19:00,735562.1611,3952.01957,2711.018223
2019/5/26 19:03,728493.9333,3929.487511,2694.042142
2019/5/26 19:06,711103.6944,3890.079517,2661.373634
2019/5/26 19:09,713622.8333,3995.536839,2664.249668
2019/5/26 19:12,742826.0056,4229.035943,2714.543022
2019/5/26 19:15,748477.8444,4337.113251,2804.554826
2019/5/26 19:18,753312.5444,4334.450535,2803.065822
2019/5/26 19:21,751264.1056,4304.025118,2776.695368
2019/5/26 19:24,730499.7722,4069.366225,2767.08293
2019/5/26 19:27,730395.0111,4038.804971,2781.683506
2019/5/26 19:30,732959.2333,4109.870658,2838.948458
2019/5/26 19:33,736274.9778,4094.74782,2830.399659
2019/5/26 19:36,740266.4222,4033.397407,2823.355475
2019/5/26 19:39,747098.8944,3881.909607,2797.757053
2019/5/26 19:42,717288.7667,3826.516921,2751.618798
2019/5/26 19:45,699577.5056,3722.756304,2680.447822
2019/5/26 19:48,697287.5167,3623.383293,2666.187982
2019/5/26 19:51,692721.3167,3425.562423,2643.618749
2019/5/26 19:54,680009.9444,3400.407388,2619.068303
2019/5/26 19:57,674752.8278,3381.502061,2607.136665
2019/5/26 20:00,678854.9167,3359.163948,2621.254287
2019/5/26 20:03,693329.9278,3528.546464,2647.009145
2019/5/26 20:06,707727.2278,3937.019332,2604.765797
2019/5/26 20:09,669839.1556,4022.993252,2390.011682
2019/5/26 20:12,671935.5444,4090.47267,2380.903406
2019/5/26 20:15,703853.8,4466.002259,2431.832058
2019/5/26 20:18,736911.5556,4590.931711,2466.318055
2019/5/26 20:21,746635.5333,4622.433433,2482.122971
2019/5/26 20:24,748256.1944,4686.8095,2489.833074
2019/5/26 20:27,766646.1667,4752.725539,2512.756427
2019/5/26 20:30,773510.7889,4553.355016,2520.870241
2019/5/26 20:33,760071.6222,4446.430013,2514.449219
2019/5/26 20:36,740628.3222,4344.040833,2556.084193
2019/5/26 20:39,709875.0611,4128.51647,2512.888427
2019/5/26 20:42,673932.7944,4031.554985,2471.570258
2019/5/26 20:45,661169.2667,3955.860222,2429.176595
2019/5/26 20:48,661322.0667,3930.369316,2416.76765
2019/5/26 20:51,654628.4611,3843.565804,2402.277499
2019/5/26 20:54,651202.2,3694.493089,2390.981214
2019/5/26 20:57,646466.7222,3611.820121,2377.715983
2019/5/26 21:00,636065.9833,3591.039219,2356.965965
2019/5/26 21:03,629409.0833,3611.424584,2359.607057
2019/5/26 21:06,634393.8778,3697.877381,2397.690599
2019/5/26 21:09,635241.8389,3566.688852,2355.465687
2019/5/26 21:12,627653.5778,3467.051643,2323.104594
2019/5/26 21:15,624600.6833,3490.187844,2314.808992
2019/5/26 21:18,625774.4611,3503.041564,2311.507496
2019/5/26 21:21,622927.5556,3538.533264,2303.196419
2019/5/26 21:24,635745.4333,3652.484328,2315.026333
2019/5/26 21:27,642241.9944,3701.925185,2321.719277
2019/5/26 21:30,647022.8556,3630.335484,2323.835811
2019/5/26 21:33,644001.5444,3656.825519,2347.540227
2019/5/26 21:36,651202.5556,3787.674966,2408.592702
2019/5/26 21:39,648759.1833,3725.332817,2361.522261
2019/5/26 21:42,644174.3944,3705.64465,2342.955362
2019/5/26 21:45,648642.7167,3605.228543,2336.950107
2019/5/26 21:48,641787.0056,3553.935201,2325.635442
2019/5/26 21:51,641987.7722,3612.597711,2413.298348
2019/5/26 21:54,645752.0556,3905.445151,2608.035893
2019/5/26 21:57,642793.9944,4090.203745,2727.128713
2019/5/26 22:00,636864.4722,4307.19166,2796.899047
2019/5/26 22:03,642742.2611,4373.856667,2832.336221
2019/5/26 22:06,634712.2056,4333.529201,2807.43813
2019/5/26 22:09,632150.5333,4211.14571,2731.558375
2019/5/26 22:12,637229.75,4167.898745,2711.542744
2019/5/26 22:15,655975.6278,4346.730748,2700.831053
2019/5/26 22:18,680194.8389,4326.941444,2686.629653
2019/5/26 22:21,687176.1222,4095.020194,2627.399344
2019/5/26 22:24,671497.5944,3936.062276,2532.799189
2019/5/26 22:27,650768.6944,3911.516756,2568.411966
2019/5/26 22:30,645051.8611,4436.903586,2787.743973
2019/5/26 22:33,648700.3333,4544.218711,2885.286479
2019/5/26 22:36,650627.8444,4667.807373,2971.904063
2019/5/26 22:39,656853.1167,4699.519229,2918.925103
2019/5/26 22:42,655417.6667,4633.878558,2858.950954
2019/5/26 22:45,648595.8222,4316.93731,2654.301749
2019/5/26 22:48,650751.8667,4378.271773,2675.591122
2019/5/26 22:51,659410.0278,4544.748965,2739.578909
2019/5/26 22:54,660442.6278,4346.270744,2681.883585
2019/5/26 22:57,647834.9833,4082.029241,2582.958948
2019/5/26 23:00,650188.9556,3941.764013,2560.427734
2019/5/26 23:03,657280.3556,4036.807691,2610.641659
2019/5/26 23:06,657332.3333,4209.49924,2698.436545
2019/5/26 23:09,650222.8611,4213.416959,2677.072044
2019/5/26 23:12,660594.1333,4259.721427,2698.432823
2019/5/26 23:15,648810.6944,4119.089669,2600.669884
2019/5/26 23:18,641007.3222,3989.228446,2539.618184
2019/5/26 23:21,649719.8722,3977.588729,2517.356864
2019/5/26 23:24,667034.6667,4004.865065,2543.004767
2019/5/26 23:27,668642.3222,3997.840695,2551.308072
2019/5/26 23:30,655787.1333,4129.707264,2566.063102
2019/5/26 23:33,646323.05,4125.798131,2537.114577
2019/5/26 23:36,653085.2556,4280.4851,2550.079147
2019/5/26 23:39,645629.7167,4117.674831,2497.207823
2019/5/26 23:42,639050.0389,4078.090111,2495.102526
2019/5/26 23:45,626869.45,3860.353524,2438.794016
2019/5/26 23:48,625861.0111,3808.903311,2436.995446
2019/5/26 23:51,611153.3833,3700.075104,2381.801229
2019/5/26 23:54,623762.6056,3787.356943,2392.883917
2019/5/26 23:57,634758.7833,3925.711643,2436.439682
2019/5/27 0:00,637627.8667,3540.115273,2372.247918
2019/5/27 0:03,627784.2667,3453.98996,2342.519157
2019/5/27 0:06,621249.2944,3510.078131,2360.397389
2019/5/27 0:09,621181.8389,3573.578761,2331.104824
2019/5/27 0:12,610551.9778,3535.433439,2287.3667
2019/5/27 0:15,617172.55,3747.320472,2388.856677
2019/5/27 0:18,626979.55,3685.055614,2369.465737
2019/5/27 0:21,634221.0278,3625.392366,2366.867703
2019/5/27 0:24,638039.8222,3687.360967,2425.95592
2019/5/27 0:27,629386.0333,3640.617692,2420.322352
2019/5/27 0:30,625315.3,3635.012615,2414.013499
2019/5/27 0:33,628686.6111,3617.690135,2412.939654
2019/5/27 0:36,626191.6,3457.328913,2351.741754
2019/5/27 0:39,630444.6778,3416.624421,2386.232558
2019/5/27 0:42,633757.1889,3469.434795,2439.936148
2019/5/27 0:45,646631.3389,3682.657858,2464.267675
2019/5/27 0:48,655979.6056,3721.068576,2462.763966
2019/5/27 0:51,640300.7444,3735.946729,2432.491735
2019/5/27 0:54,648811.3222,3727.666776,2456.446358
2019/5/27 0:57,634108.1944,3606.389956,2415.099455
2019/5/27 1:00,621473.0333,3496.528921,2381.073971
2019/5/27 1:03,626119.5889,3563.524318,2416.284801
2019/5/27 1:06,625228.2,3573.942982,2421.900289
2019/5/27 1:09,629019.5667,3595.540277,2452.093434
2019/5/27 1:12,626193.6611,3555.774011,2442.393672
2019/5/27 1:15,625435.6667,3670.891091,2546.969593
2019/5/27 1:18,640322.7111,3864.807557,2681.891386
2019/5/27 1:21,647634.4167,4108.199353,2865.036378
2019/5/27 1:24,647115.2389,4336.661914,3011.62689
2019/5/27 1:27,636430.7222,4359.836735,3083.155691
2019/5/27 1:30,635119.4333,4379.764198,3192.382046
2019/5/27 1:33,638474.2889,4412.317311,3251.388144
2019/5/27 1:36,647612.7778,4527.098599,3390.671195
2019/5/27 1:39,658234.0444,4732.328378,3454.693061
2019/5/27 1:42,658823.4778,4807.184926,3464.914449
2019/5/27 1:45,659098.3444,4899.879828,3448.358725
2019/5/27 1:48,661860.0389,4842.174101,3437.310293
2019/5/27 1:51,656724.4111,4761.444003,3415.356811
2019/5/27 1:54,655774.9167,4727.14275,3431.330921
2019/5/27 1:57,661304.7333,4785.865686,3493.017202
2019/5/27 2:00,658763.8611,4798.480952,3467.46849
2019/5/27 2:03,653318.1222,4791.027715,3465.3274
2019/5/27 2:06,657788.0333,4916.003564,3534.981189
2019/5/27 2:09,660268.9278,4914.963075,3528.790763
2019/5/27 2:12,660132.6111,4848.01814,3513.102606
2019/5/27 2:15,660461.4111,4883.419786,3546.784828
2019/5/27 2:18,664936.3278,4964.351868,3570.170469
2019/5/27 2:21,666216.1056,5109.737685,3603.552306
2019/5/27 2:24,662296.2222,5100.480537,3498.315115
2019/5/27 2:27,654711.3333,5102.46158,3461.616233
2019/5/27 2:30,651744.4667,4981.610438,3365.472266
2019/5/27 2:33,658255.6333,4915.538545,3300.587425
2019/5/27 2:36,658809.9444,4870.260672,3240.6344
2019/5/27 2:39,659223.1222,4837.651839,3177.295591
2019/5/27 2:42,652289.7833,4749.76402,3117.331316
2019/5/27 2:45,639777.3944,4495.805426,2953.609977
2019/5/27 2:48,642076.1444,4434.598044,2916.544767
2019/5/27 2:51,640787.2,4371.047055,2857.025173
2019/5/27 2:54,641711.8833,4377.29533,2820.151239
2019/5/27 2:57,637552.7278,4373.839509,2793.253792
2019/5/27 3:00,646307.5167,4204.219327,2709.658214
2019/5/27 3:03,653451.8667,4166.492613,2673.877998
2019/5/27 3:06,660828.5333,4185.321921,2636.073387
2019/5/27 3:09,672588.5722,4201.970497,2621.998259
2019/5/27 3:12,680656.5056,4212.698964,2632.638587
2019/5/27 3:15,680023.1167,4112.941015,2604.944359
2019/5/27 3:18,674553.5444,4072.632708,2578.164283
2019/5/27 3:21,671456.15,4069.947299,2576.712632
2019/5/27 3:24,667217.6333,4091.382027,2556.257228
2019/5/27 3:27,672173.4778,4172.022317,2575.582129
2019/5/27 3:30,671085.2944,4073.420686,2550.484336
2019/5/27 3:33,684148.7944,4154.641527,2606.381965
2019/5/27 3:36,678794.5056,4173.889986,2626.071471
2019/5/27 3:39,676944.4389,4189.724264,2626.076554
2019/5/27 3:42,670535.7056,4174.754505,2611.869628
2019/5/27 3:45,666104.2778,3976.056143,2596.50177
2019/5/27 3:48,670363.7278,4013.553011,2592.533478
2019/5/27 3:51,668081.0556,4016.101205,2573.398215
2019/5/27 3:54,674014.5889,4028.526131,2576.584873
2019/5/27 3:57,668843.35,4013.493313,2558.841574
2019/5/27 4:00,661894.3333,4111.588443,2555.72373
2019/5/27 4:03,657097.9556,4109.033432,2544.759666
2019/5/27 4:06,657751.0667,4149.113282,2544.038486
2019/5/27 4:09,657654.2889,4176.63355,2562.603162
2019/5/27 4:12,656647.75,4175.401641,2567.859681
2019/5/27 4:15,664858.4611,4235.553118,2585.744732
2019/5/27 4:18,678279.5611,4233.168431,2592.807551
2019/5/27 4:21,671359.8889,4175.396321,2578.044188
2019/5/27 4:24,669110.0333,4228.188605,2577.244149
2019/5/27 4:27,682649.2556,4334.914398,2597.495195
2019/5/27 4:30,706732.5167,4334.795361,2653.507923
2019/5/27 4:33,699892.8222,4304.720179,2630.810877
2019/5/27 4:36,673709.2889,4252.306246,2608.195719
2019/5/27 4:39,668023.6722,4183.9103,2579.915392
2019/5/27 4:42,676313.9,4165.321135,2567.00392
2019/5/27 4:45,687865.1889,4081.323076,2597.479288
2019/5/27 4:48,685530.3056,4161.702639,2667.649975
2019/5/27 4:51,671850.2278,4283.071744,2754.663197
2019/5/27 4:54,677795.5056,4394.260207,2837.932195
2019/5/27 4:57,684397.9556,4522.065328,2882.500501
2019/5/27 5:00,699952.0222,4698.504843,2904.936676
2019/5/27 5:03,705794.1056,4702.392118,2914.889938
2019/5/27 5:06,707445,4708.124447,2941.752694
2019/5/27 5:09,694391.5111,4605.55097,2931.49528
2019/5/27 5:12,698293.8056,4595.575651,2932.470048
2019/5/27 5:15,704179.1111,4552.793459,2921.817947
2019/5/27 5:18,712583.1889,4599.57243,2929.025906
2019/5/27 5:21,708747.9389,4600.51175,2952.269013
2019/5/27 5:24,706770.5389,4579.482331,2959.303119
2019/5/27 5:27,707608.2444,4591.315185,2959.992431
2019/5/27 5:30,710165.6111,4665.317966,2918.037258
2019/5/27 5:33,706633.3333,4639.250402,2847.999859
2019/5/27 5:36,705446.6278,4656.4035,2815.179305
2019/5/27 5:39,712588.1611,4730.597367,2821.756051
2019/5/27 5:42,722199.5778,4784.518725,2838.693979
2019/5/27 5:45,722325.1111,4858.435452,2874.487404
2019/5/27 5:48,724538.6722,4875.197327,2887.707887
2019/5/27 5:51,723945.7889,4826.394525,2909.40068
2019/5/27 5:54,721233.7722,4860.597262,2915.312821
2019/5/27 5:57,727528.4056,4904.843931,2928.14848
2019/5/27 6:00,721165.4778,4813.42178,2913.879266
2019/5/27 6:03,713354.6778,4814.854318,2902.254867
2019/5/27 6:06,716983.6889,4819.040637,2906.881205
2019/5/27 6:09,713090.5278,4746.495668,2901.824577
2019/5/27 6:12,714128.6389,4757.110256,2861.447904
2019/5/27 6:15,712801.7444,4704.783488,2850.430901
2019/5/27 6:18,696136.2833,4695.171433,2837.630626
2019/5/27 6:21,690410.8278,4695.216527,2825.937369
2019/5/27 6:24,691297.3556,4693.98183,2841.725904
2019/5/27 6:27,695404.6056,4717.330439,2851.772096
2019/5/27 6:30,701854.0556,4741.831867,2864.199986
2019/5/27 6:33,717193.8278,4790.017445,2885.992135
2019/5/27 6:36,716765.3778,4795.280362,2903.819261
2019/5/27 6:39,720000.3722,4726.568094,2891.570384
2019/5/27 6:42,730574.1222,4747.963258,2896.842286
2019/5/27 6:45,734772.6556,4824.397559,2902.859479
2019/5/27 6:48,733080.7889,4830.21015,2897.344387
2019/5/27 6:51,725850.6611,4860.066997,2885.836629
2019/5/27 6:54,718419.3333,4837.187034,2847.909225
2019/5/27 6:57,703930.5333,4635.847876,2825.920155
2019/5/27 7:00,704449.2667,4562.601701,2822.312836
2019/5/27 7:03,711115.45,4528.966679,2813.690429
2019/5/27 7:06,712857.0833,4397.302487,2797.707088
2019/5/27 7:09,698801.9778,4386.360577,2762.675669
2019/5/27 7:12,654632.9,3933.041353,2673.250104
2019/5/27 7:15,654199.3556,3919.100725,2765.238699
2019/5/27 7:18,654824.5056,3880.723154,2713.626776
2019/5/27 7:21,659972.6333,3983.942499,2785.143399
2019/5/27 7:24,663047.5167,4010.479891,2836.174182
2019/5/27 7:27,640445.5,3842.994044,2793.828924
2019/5/27 7:30,652387.3389,3843.073508,2832.635371
2019/5/27 7:33,663114.2,3841.798058,2844.270895
2019/5/27 7:36,673672.9389,3866.234091,2862.5886
2019/5/27 7:39,679012.2389,3976.902644,2883.773128
2019/5/27 7:42,679554.5167,4024.278687,2893.996265
2019/5/27 7:45,679200.5778,4093.36465,2922.16179
2019/5/27 7:48,679017.0333,4096.330644,2924.950842
2019/5/27 7:51,678485.5889,4075.593712,2923.545608
2019/5/27 7:54,679974.7278,3934.542699,2924.934118
2019/5/27 7:57,678100.1889,3874.834352,2918.021553
2019/5/27 8:00,675875.8667,4009.085475,2919.89475
2019/5/27 8:03,674415.3833,4120.003573,2899.105139
2019/5/27 8:06,674498.8,4264.511294,2933.539174
2019/5/27 8:09,673805.1111,4161.220085,2964.164016
2019/5/27 8:12,668591.0278,4066.724161,2954.827138
2019/5/27 8:15,667214.8722,3937.863407,2909.139575
2019/5/27 8:18,670578.9556,3941.313801,2888.112384
2019/5/27 8:21,673910.6,3924.260865,2885.512655
2019/5/27 8:24,678792.1611,4079.730897,2911.234099
2019/5/27 8:27,682558.6278,4168.854526,2921.088592
2019/5/27 8:30,682025.7278,4218.508001,2958.756529
2019/5/27 8:33,678062.45,4168.531052,2941.948779
2019/5/27 8:36,677111.1833,4096.972432,2924.093637
2019/5/27 8:39,678147.9389,4167.523144,2920.636322
2019/5/27 8:42,681166.1889,4208.808006,2918.844454
2019/5/27 8:45,684064.5778,4165.48171,2950.717876
2019/5/27 8:48,688615.2611,4176.287015,2947.127486
2019/5/27 8:51,687368.4,4114.586176,2938.109459
2019/5/27 8:54,689475.25,4141.105914,2932.53313
2019/5/27 8:57,689359.8278,4167.946629,2927.153983
2019/5/27 9:00,689125.1222,4778.817257,3014.735885
2019/5/27 9:03,674210.1722,4713.843602,3015.664921
2019/5/27 9:06,664686.2333,4773.684301,3059.569394
2019/5/27 9:09,650950.5167,4739.354029,3046.798175
2019/5/27 9:12,647204.6167,4749.697739,3036.867846
2019/5/27 9:15,645610.7222,4742.75254,3046.270036
2019/5/27 9:18,643968.5333,4730.516494,3029.321107
2019/5/27 9:21,643150.9111,4735.931075,3038.795921
2019/5/27 9:24,645940.8667,4742.616154,3057.331986
2019/5/27 9:27,648475.2056,4737.9914,3061.764566
2019/5/27 9:30,644974.6,4774.169199,3098.997277
2019/5/27 9:33,641016.1111,4741.762381,3081.762874
2019/5/27 9:36,638388.3556,4744.158211,3077.359204
2019/5/27 9:39,636906.6333,4688.97361,3077.369351
2019/5/27 9:42,635589.3167,4658.382159,3072.520419
2019/5/27 9:45,635884.35,4674.363487,3071.717829
2019/5/27 9:48,636042.2389,4673.56924,3071.16739
2019/5/27 9:51,634328.2667,4697.408815,3081.386057
2019/5/27 9:54,632839.7444,4688.532345,3077.840508
2019/5/27 9:57,632679.7056,4671.105576,3061.985098
2019/5/27 10:00,633989.0667,4693.394765,3069.821528
2019/5/27 10:03,635452.9,4713.762448,3070.291708
2019/5/27 10:06,634114.0278,4757.732628,3089.774763
2019/5/27 10:09,630792.6222,4823.567092,3107.449553
2019/5/27 10:12,626957.1667,4844.512864,3108.460145
2019/5/27 10:15,628676.3111,4755.303606,3118.141281
2019/5/27 10:18,628996.3444,4751.058611,3111.508541
2019/5/27 10:21,629307.7111,4767.573735,3113.653609
2019/5/27 10:24,628499.6611,4821.232321,3110.93005
2019/5/27 10:27,628538.1389,4853.177244,3108.215769
2019/5/27 10:30,627744.0444,4917.47214,3128.760448
2019/5/27 10:33,624463.7056,4878.391235,3115.383334
2019/5/27 10:36,622129.1722,4857.362499,3114.684245
2019/5/27 10:39,618929.1833,4813.442499,3100.48267
2019/5/27 10:42,615864.95,4766.525184,3084.700122
2019/5/27 10:45,615440.7444,4794.297437,3090.894095
2019/5/27 10:48,615245.3333,4801.293037,3080.171298
2019/5/27 10:51,616150.2111,4837.766922,3071.414635
2019/5/27 10:54,617838.0056,4842.082813,3043.276201
2019/5/27 10:57,620287.8889,4830.422446,3041.122008
2019/5/27 11:00,622640.6222,4867.281141,3056.331721
2019/5/27 11:03,624730.5333,4842.315421,3054.711854
2019/5/27 11:06,627718.0889,4803.122082,3061.822138
2019/5/27 11:09,629055.0667,4786.407399,3058.297062
2019/5/27 11:12,629592.5389,4787.709419,3055.78805
2019/5/27 11:15,631256.7222,4797.708681,3061.30561
2019/5/27 11:18,633451.9056,4799.908538,3062.995257
2019/5/27 11:21,632953.8444,4795.243536,3070.436922
2019/5/27 11:24,632749.5111,4805.770313,3068.161117
2019/5/27 11:27,633198.9833,4822.413559,3066.247088
2019/5/27 11:30,633476.6222,4750.677737,3061.127632
2019/5/27 11:33,632162.8222,4740.189713,3044.287647
2019/5/27 11:36,632034.1222,4781.255132,3035.06539
2019/5/27 11:39,632026.0111,4777.830562,3045.678019
2019/5/27 11:42,632032.9222,4766.519411,3041.333344
2019/5/27 11:45,632640.0944,4748.101018,3044.012523
2019/5/27 11:48,632362.3222,4752.849217,3040.234212
2019/5/27 11:51,630682.1611,4778.092048,3047.909255
2019/5/27 11:54,630156.1167,4762.816426,3051.260027
2019/5/27 11:57,629994.0778,4752.540438,3051.331771
2019/5/27 12:00,631016.8889,4748.600365,3055.708559
2019/5/27 12:03,631831.6667,4769.233567,3056.65446
2019/5/27 12:06,632355.6111,4815.214898,3066.419255
2019/5/27 12:09,633250.7611,4804.102233,3075.989261
2019/5/27 12:12,633559.3056,4798.349684,3079.375393
2019/5/27 12:15,635091.5778,4739.155318,3072.709556
2019/5/27 12:18,637066.2444,4735.329059,3071.496318
2019/5/27 12:21,637828.5056,4720.427539,3070.608874
2019/5/27 12:24,638445.9778,4754.342849,3079.003197
2019/5/27 12:27,638544.6222,4770.102507,3080.600089
2019/5/27 12:30,634734.1333,4785.816726,3089.279371
2019/5/27 12:33,630079.1778,4751.364636,3067.341776
2019/5/27 12:36,627629.5611,4774.768415,3042.969701
2019/5/27 12:39,626332.7944,4740.362054,3033.043581
2019/5/27 12:42,626033.65,4720.573776,3025.972282
2019/5/27 12:45,626897.0222,4715.780536,3042.879012
2019/5/27 12:48,627204.6722,4699.1884,3032.120259
2019/5/27 12:51,628115.6167,4669.972907,3025.647189
2019/5/27 12:54,627642.6056,4753.354337,3027.186758
2019/5/27 12:57,626103.1056,4782.282137,3027.111438
2019/5/27 13:00,627648.0778,4813.82707,3049.836675
2019/5/27 13:03,629837.6611,4790.948073,3048.143272
2019/5/27 13:06,632179.2833,4756.657755,3062.680092
2019/5/27 13:09,632566.8333,4771.580745,3068.600824
2019/5/27 13:12,632464.4389,4783.738879,3072.143078
2019/5/27 13:15,632185.2833,4850.145807,3095.35933
2019/5/27 13:18,632048.5611,4824.130252,3091.81259
2019/5/27 13:21,631645.55,4784.8279,3091.533238
2019/5/27 13:24,631610.4056,4795.886132,3090.037067
2019/5/27 13:27,632862.5278,4806.423595,3088.440177
2019/5/27 13:30,631403.0111,4857.984286,3112.466766
2019/5/27 13:33,623657.1556,4776.903396,3079.425811
2019/5/27 13:36,621087.5611,4707.684248,3041.399855
2019/5/27 13:39,622544.1278,4689.96544,3023.131316
2019/5/27 13:42,623639.3556,4685.202718,3016.818673
2019/5/27 13:45,625780.7667,4732.765124,3023.434882
2019/5/27 13:48,626433.0333,4744.567551,3022.081664
2019/5/27 13:51,625548.7611,4791.86263,3033.265751
2019/5/27 13:54,626259.5667,4796.874886,3031.641548
2019/5/27 13:57,629220.3444,4819.477247,3039.300508
2019/5/27 14:00,629736.45,4790.985907,3067.071521
2019/5/27 14:03,630420.6444,4789.834977,3070.41569
2019/5/27 14:06,628391.8056,4737.431286,3070.439672
2019/5/27 14:09,628455.9778,4665.511838,3059.085643
2019/5/27 14:12,631061.7111,4626.45986,3050.144416
2019/5/27 14:15,631171.65,4723.685216,3047.122865
2019/5/27 14:18,633041.0222,4755.134489,3053.926567
2019/5/27 14:21,631896.2389,4791.148312,3069.92153
2019/5/27 14:24,631050.5667,4748.633975,3066.950815
2019/5/27 14:27,632188.1667,4718.373272,3063.786992
2019/5/27 14:30,631453.4611,4604.273702,3059.230628
2019/5/27 14:33,628985.7333,4568.815818,3034.316438
2019/5/27 14:36,628336.4833,4533.02341,3003.450778
2019/5/27 14:39,625525.8611,4511.996833,2983.354408
2019/5/27 14:42,624992.3056,4486.301677,2970.953744
2019/5/27 14:45,626005.0556,4551.325237,2974.473126
2019/5/27 14:48,625815.4556,4574.488907,2975.82241
2019/5/27 14:51,628507.5778,4641.079731,3003.658884
2019/5/27 14:54,629595.7889,4639.083335,3012.32665
2019/5/27 14:57,629523.0444,4634.557144,3008.293879
2019/5/27 15:00,630708.1611,4658.664386,3020.354266
2019/5/27 15:03,629171.4278,4641.638909,3008.283804
2019/5/27 15:06,628633.0333,4633.248353,3006.033846
2019/5/27 15:09,630622.3667,4636.088543,2997.173378
2019/5/27 15:12,631485.1333,4643.676799,2991.373068
2019/5/27 15:15,635037.5222,4731.235176,3013.646485
2019/5/27 15:18,637245.6333,4736.625437,3011.574964
2019/5/27 15:21,625925.7556,4637.595425,2994.193303
2019/5/27 15:24,623694.0889,4681.252036,2986.622816
2019/5/27 15:27,620946.6444,4700.441154,2979.483892
2019/5/27 15:30,623443.9889,4692.599398,2976.49296
2019/5/27 15:33,623681.1944,4662.182434,2964.12553
2019/5/27 15:36,621984.4389,4636.33849,2961.433187
2019/5/27 15:39,621730.3111,4609.217359,2956.886789
2019/5/27 15:42,625471.15,4587.947009,2951.458219
2019/5/27 15:45,629068.0222,4530.996693,2954.127192
2019/5/27 15:48,629621.55,4516.681301,2952.23441
2019/5/27 15:51,630393.2111,4507.434841,2959.772014
2019/5/27 15:54,631639.0167,4584.273303,2973.640477
2019/5/27 15:57,633639.1056,4640.863079,2989.759414
2019/5/27 16:00,633559.3222,4623.335781,3004.757492
2019/5/27 16:03,633852.7111,4653.613503,3008.300774
2019/5/27 16:06,632940.8722,4705.904277,3024.179388
2019/5/27 16:09,631268.05,4696.893406,3020.246379
2019/5/27 16:12,631129.4167,4714.196945,3027.211424
2019/5/27 16:15,631824.7389,4790.371667,3040.748329
2019/5/27 16:18,635973.9222,4807.560374,3034.238888
2019/5/27 16:21,636770.0944,4769.349534,3019.356735
2019/5/27 16:24,637964.3111,4772.195735,3012.611083
2019/5/27 16:27,639797.9111,4773.897519,3011.051315
2019/5/27 16:30,637960.8333,4810.859558,3010.257759
2019/5/27 16:33,634053.2,4769.070242,2993.567451
2019/5/27 16:36,630442.3889,4751.212818,2981.121382
2019/5/27 16:39,628254.8667,4775.019458,2968.352546
2019/5/27 16:42,627990.5389,4781.734118,2955.560766
2019/5/27 16:45,631503.3278,4776.237121,2972.178836
2019/5/27 16:48,632649.4,4732.289443,2970.408581
2019/5/27 16:51,632183.0111,4691.310108,2981.951639
2019/5/27 16:54,631762.1722,4673.349803,2975.445365
2019/5/27 16:57,635763.0722,4678.417353,2978.22393
2019/5/27 17:00,637015.1944,4690.209092,2994.406539
2019/5/27 17:03,635902.2667,4687.736595,2998.765116
2019/5/27 17:06,635455.5944,4660.592346,3020.898233
2019/5/27 17:09,634220.5111,4613.164524,3018.068417
2019/5/27 17:12,635793.1389,4597.628507,3018.03047
2019/5/27 17:15,636406.0167,4604.476647,3016.785632
2019/5/27 17:18,633946.3,4578.140922,3015.95782
2019/5/27 17:21,631779.2222,4516.061389,3013.247219
2019/5/27 17:24,629907.9833,4484.420904,2991.06693
2019/5/27 17:27,630052.3333,4476.291759,2974.756467
2019/5/27 17:30,629895.7,4679.887268,2984.476362
2019/5/27 17:33,629231.1333,4672.290823,2975.340755
2019/5/27 17:36,627571.2056,4678.189428,2976.714221
2019/5/27 17:39,626004.0222,4659.245107,2962.786374
2019/5/27 17:42,623768.7611,4641.175703,2945.679881
2019/5/27 17:45,622938.1667,4738.798563,2953.086149
2019/5/27 17:48,624428.9167,4702.943578,2952.012292
2019/5/27 17:51,627697.1278,4645.963141,2959.324814
2019/5/27 17:54,630351.5889,4673.58832,2960.382326
2019/5/27 17:57,633109.8944,4692.941511,2962.897707
2019/5/27 18:00,633075.9833,4841.608382,2988.039961
2019/5/27 18:03,632418.8833,4770.712396,2969.287806
2019/5/27 18:06,634039.1278,4734.857898,2996.884524
2019/5/27 18:09,634369.3389,4567.752631,2972.142122
2019/5/27 18:12,635654.9944,4489.970383,2960.888132
2019/5/27 18:15,639483.6167,4338.69931,2934.110703
2019/5/27 18:18,642203.6722,4281.361121,2916.738017
2019/5/27 18:21,640507.1333,4164.287961,2872.49213
2019/5/27 18:24,643336.1833,4052.997379,2835.453512
2019/5/27 18:27,642765.1389,4001.025618,2811.205651
2019/5/27 18:30,642504.7111,3499.731544,2760.138174
2019/5/27 18:33,646523.7389,3446.122696,2762.712857
2019/5/27 18:36,662633.3667,3301.508922,2762.810432
2019/5/27 18:39,689794.3833,3336.879948,2771.043579
2019/5/27 18:42,711228.45,3357.111457,2780.151535
2019/5/27 18:45,711719.9389,3380.027204,2769.645545
2019/5/27 18:48,688141.7,3422.211082,2764.077059
2019/5/27 18:51,682728.6111,3478.745029,2769.401167
2019/5/27 18:54,682029.7167,3385.431493,2768.660235
2019/5/27 18:57,684712.0222,3354.937292,2770.780348
2019/5/27 19:00,687476.8778,3444.297681,2736.444239
2019/5/27 19:03,693852.6389,3428.742695,2720.271778
2019/5/27 19:06,691074.7611,3458.860147,2726.316501
2019/5/27 19:09,696960.8056,3412.944104,2762.82885
2019/5/27 19:12,701544.8,3392.368117,2781.884413
2019/5/27 19:15,683154.9222,3179.023328,2748.22092
2019/5/27 19:18,674929.3889,3167.138778,2786.169441
2019/5/27 19:21,674266.9944,3113.935002,2834.594263
2019/5/27 19:24,680820.1111,3135.340947,2832.801343
2019/5/27 19:27,682213.65,3143.347229,2825.900064
2019/5/27 19:30,687573.9389,3380.476867,2833.087024
2019/5/27 19:33,694593.7278,3509.254897,2855.521744
2019/5/27 19:36,686968.5167,3654.679346,2879.27792
2019/5/27 19:39,682442.8722,3665.796616,2840.269186
2019/5/27 19:42,690494.3,3700.819476,2790.810753
2019/5/27 19:45,684211.5667,3692.543734,2663.018276
2019/5/27 19:48,630932.5333,3740.222186,2373.507628
2019/5/27 19:51,640032.4333,3995.900068,2376.646802
2019/5/27 19:54,666989.4167,3946.632892,2383.69969
2019/5/27 19:57,686020.7556,3930.921785,2359.011527
2019/5/27 20:00,664098.6056,4032.23665,2341.064989
2019/5/27 20:03,654324.6722,3955.485099,2322.851454
2019/5/27 20:06,638110.7111,3788.413033,2288.69102
2019/5/27 20:09,640319.7722,3950.219849,2301.968341
2019/5/27 20:12,654463.4,4099.837417,2320.8199
2019/5/27 20:15,671614.5667,3808.847901,2332.748848
2019/5/27 20:18,668707.5667,3667.897859,2323.778346
2019/5/27 20:21,612567.65,3365.601257,2270.067907
2019/5/27 20:24,600995.2278,3450.24994,2253.91182
2019/5/27 20:27,603686.3667,3549.346095,2261.369594
2019/5/27 20:30,611122.85,3416.011742,2258.786684
2019/5/27 20:33,609857.3167,3448.648968,2263.453028
2019/5/27 20:36,611143.5333,3497.92263,2282.107184
2019/5/27 20:39,607539.6833,3409.537674,2279.75622
2019/5/27 20:42,610228.35,3381.170644,2287.223256
2019/5/27 20:45,610908.6444,3300.159926,2268.684372
2019/5/27 20:48,612465.1278,3379.409023,2283.253952
2019/5/27 20:51,620089.9444,3556.777944,2319.867115
2019/5/27 20:54,623837.2222,3572.686466,2346.862469
2019/5/27 20:57,613110.05,3523.249352,2325.786791
2019/5/27 21:00,610657.0889,3412.133039,2278.912006
2019/5/27 21:03,608067.4,3392.727227,2265.63941
2019/5/27 21:06,615948.4444,3424.193382,2262.178272
2019/5/27 21:09,618787.0611,3350.621179,2254.745658
2019/5/27 21:12,620185.1111,3383.540715,2259.124159
2019/5/27 21:15,626313.2444,3503.66538,2319.608266
2019/5/27 21:18,654024.3611,3868.428304,2427.209348
2019/5/27 21:21,689469.1722,4219.324074,2563.772119
2019/5/27 21:24,700732.85,4232.192765,2557.18443
2019/5/27 21:27,678860.1278,4200.00923,2517.707208
2019/5/27 21:30,669740.1389,4174.451515,2464.042426
2019/5/27 21:33,680378.0389,4163.113222,2443.135934
2019/5/27 21:36,682049.9,4050.047503,2436.759345
2019/5/27 21:39,654721.4389,3931.032426,2408.294172
2019/5/27 21:42,638468.6611,3863.315711,2375.793998
2019/5/27 21:45,627237.1944,3747.160799,2326.101397
2019/5/27 21:48,628833.0556,3828.062416,2348.27285
2019/5/27 21:51,639514.6889,4085.876075,2465.368443
2019/5/27 21:54,671335.0833,4521.060695,2719.413225
2019/5/27 21:57,697259.7222,4826.058696,2873.554369
2019/5/27 22:00,714777.4778,4956.077215,2999.962248
2019/5/27 22:03,724495.0833,4927.699146,2986.33449
2019/5/27 22:06,716794.25,4851.679224,2998.039196
2019/5/27 22:09,702045.1167,4763.321766,2965.717308
2019/5/27 22:12,684033.6556,4679.048785,2930.392757
2019/5/27 22:15,679226.9389,4649.734438,2924.313538
2019/5/27 22:18,687808.0722,4791.964361,3007.06515
2019/5/27 22:21,684323.85,5009.682412,3111.517999
2019/5/27 22:24,679925.6167,5019.800148,3082.376388
2019/5/27 22:27,673932.3778,4925.513576,3027.599912
2019/5/27 22:30,667452.85,4573.835786,2925.65713
2019/5/27 22:33,675478.4889,4673.83357,3010.99181
2019/5/27 22:36,686751.7556,4917.015405,3193.031218
2019/5/27 22:39,699710.1889,5202.791244,3283.461556
2019/5/27 22:42,701977.5833,5311.055184,3349.403433
2019/5/27 22:45,700884.7444,5381.4256,3427.625298
2019/5/27 22:48,689054.9333,5198.988869,3381.31251
2019/5/27 22:51,679921.3667,5062.485734,3329.866222
2019/5/27 22:54,666685.6833,4476.036065,3035.005652
2019/5/27 22:57,670560.8111,3937.954271,2773.18816
2019/5/27 23:00,701288.6778,3921.667082,2764.859046
2019/5/27 23:03,724825.1167,4138.878792,2864.255008
2019/5/27 23:06,752992.0167,4405.314015,2985.240002
2019/5/27 23:09,763715.9889,4566.950995,2992.443327
2019/5/27 23:12,761296.9778,4697.337121,3059.638837
2019/5/27 23:15,769298.6722,4729.756068,3218.529578
2019/5/27 23:18,766396.9056,4665.706441,3185.78935
2019/5/27 23:21,748654.1278,4667.047772,3152.738239
2019/5/27 23:24,752037.0333,4697.059385,3217.565005
2019/5/27 23:27,750073.75,4695.57437,3265.132247
2019/5/27 23:30,738991.9278,4817.498243,3220.006323
2019/5/27 23:33,735993.5611,4527.500938,3130.85622
2019/5/27 23:36,736806.8,4269.110895,3086.797391
2019/5/27 23:39,746987.3722,4413.995516,3156.580175
2019/5/27 23:42,736894.4444,4394.986465,3139.248467
2019/5/27 23:45,734995.2778,4297.170313,3058.37882
2019/5/27 23:48,729356.1222,4299.076713,3031.665173
2019/5/27 23:51,721414.7222,4519.385876,3046.709834
2019/5/27 23:54,723436.3778,4264.310619,2911.92188
2019/5/27 23:57,728022.6167,4137.248268,2865.039774
2019/5/28 0:00,730348.0611,4042.097339,2812.021297
2019/5/28 0:03,748213.0833,3964.911262,2795.978744
2019/5/28 0:06,747588.7556,3849.469285,2808.807893
2019/5/28 0:09,755030.1722,4269.202039,3000.231039
2019/5/28 0:12,754638.5111,4489.440174,3129.4737
2019/5/28 0:15,752350.0222,4718.027688,3199.286621
2019/5/28 0:18,765217.75,4593.932475,3168.745592
2019/5/28 0:21,763318.4611,4378.658213,3117.950197
2019/5/28 0:24,765082.8778,4351.730028,3054.651905
2019/5/28 0:27,764638.0167,4372.13072,3055.635254
2019/5/28 0:30,772728.1111,4611.996908,3096.825497
2019/5/28 0:33,766019.3333,4433.73387,3071.644061
2019/5/28 0:36,756160.1,4269.666023,3042.127697
2019/5/28 0:39,751908.8778,4079.4916,2998.263058
2019/5/28 0:42,763524.3722,4192.805641,3047.280468
2019/5/28 0:45,763114.5889,4348.180705,3114.598621
2019/5/28 0:48,761407.8778,4327.961768,3143.56686
2019/5/28 0:51,762651.7222,4472.639906,3214.236069
2019/5/28 0:54,761905.1778,4503.703911,3183.208616
2019/5/28 0:57,767479.6556,4605.025423,3184.164323
2019/5/28 1:00,775206.8167,4589.862547,3069.280781
2019/5/28 1:03,769741.1944,4518.243605,3050.301703
2019/5/28 1:06,763011.65,4523.793834,3097.118293
2019/5/28 1:09,767263.8833,4328.814193,3064.592965
2019/5/28 1:12,768955.55,4243.288407,3053.648637
2019/5/28 1:15,759198.0389,4257.140495,3157.04284
2019/5/28 1:18,752928.8667,4199.71781,3144.398306
2019/5/28 1:21,754957.6056,4321.943087,3202.492353
2019/5/28 1:24,752313.6111,4370.242925,3261.97699
2019/5/28 1:27,756873.8111,4410.455138,3319.834192
2019/5/28 1:30,759850.1111,4531.606349,3335.482196
2019/5/28 1:33,747438.6056,4320.135056,3227.783479
2019/5/28 1:36,734551.45,4202.161953,3217.9102
2019/5/28 1:39,735034.6444,4449.94255,3331.348793
2019/5/28 1:42,740565.3944,4586.436208,3398.036634
2019/5/28 1:45,736376.6833,4459.42914,3306.347932
2019/5/28 1:48,730567.4222,4156.452457,3149.228782
2019/5/28 1:51,728853.7,4266.363977,3253.082694
2019/5/28 1:54,727918.6,4343.256539,3275.412967
2019/5/28 1:57,721241.5111,4278.87305,3250.05448
2019/5/28 2:00,719519.7167,4376.94827,3320.053726
2019/5/28 2:03,725046.2833,4418.298164,3335.915365
2019/5/28 2:06,725210.2944,4497.842508,3338.62189
2019/5/28 2:09,717391.5111,4445.574997,3336.863456
2019/5/28 2:12,717596.9222,4455.556205,3367.684869
2019/5/28 2:15,731649.3722,4489.458166,3444.288938
2019/5/28 2:18,735009.3167,4499.201932,3451.670227
2019/5/28 2:21,740120.3389,4580.21808,3476.363959
2019/5/28 2:24,739837.85,4424.900774,3405.245763
2019/5/28 2:27,733285.7389,4301.879164,3349.434626
2019/5/28 2:30,732696.5278,4443.866649,3346.306539
2019/5/28 2:33,726753.9611,4325.016277,3262.800517
2019/5/28 2:36,722170.0278,4420.036222,3290.958142
2019/5/28 2:39,723434.3722,4403.223372,3311.733122
2019/5/28 2:42,726760.7889,4431.74269,3323.044986
2019/5/28 2:45,728578.4111,4446.848374,3299.43938
2019/5/28 2:48,728398.8,4390.912408,3244.848685
2019/5/28 2:51,717835.1833,4294.022719,3147.792273
2019/5/28 2:54,719222.1722,4317.182437,3054.968238
2019/5/28 2:57,727384.5333,4329.347742,3031.58973
2019/5/28 3:00,725489.5333,4088.305082,2951.048563
2019/5/28 3:03,727549.6056,4058.713999,2932.029329
2019/5/28 3:06,730210.9667,4203.930139,2983.335401
2019/5/28 3:09,737303.4389,4169.414144,2982.199878
2019/5/28 3:12,744301.5444,4191.978828,2976.029679
2019/5/28 3:15,737374.6222,3965.775941,2752.819485
2019/5/28 3:18,735621.9556,3949.511484,2735.242705
2019/5/28 3:21,744166.8778,4018.929267,2766.914773
2019/5/28 3:24,747295.65,3908.940489,2729.543199
2019/5/28 3:27,729338.1667,3782.352597,2661.420671
2019/5/28 3:30,733843.9278,3788.283828,2719.824467
2019/5/28 3:33,752694.8278,3959.182343,2805.365217
2019/5/28 3:36,754848.9389,4083.193839,2843.436566
2019/5/28 3:39,748912.6944,3926.147929,2778.975964
2019/5/28 3:42,745365.8222,3914.809967,2776.323025
2019/5/28 3:45,755604.5667,4291.742078,2874.460657
2019/5/28 3:48,768303.0389,4232.805934,2848.438879
2019/5/28 3:51,768462.0111,4178.108232,2852.327795
2019/5/28 3:54,766606.8167,4228.053564,2875.885142
2019/5/28 3:57,758470.2556,4249.191655,2884.782488
2019/5/28 4:00,755752.9,4325.49295,2828.434758
2019/5/28 4:03,757137.3056,4380.430572,2848.318918
2019/5/28 4:06,763673.7556,4491.844126,2908.098218
2019/5/28 4:09,755092.1833,4236.804759,2820.261672
2019/5/28 4:12,736975.0444,4047.573785,2732.167104
2019/5/28 4:15,724798.5944,3882.432339,2651.656107
2019/5/28 4:18,731535.9889,3886.23835,2651.062991
2019/5/28 4:21,736870.7667,3933.579878,2661.210167
2019/5/28 4:24,740236.1556,3926.323827,2673.581832
2019/5/28 4:27,733142.8,3936.921677,2685.288452
2019/5/28 4:30,738364.6667,4013.437943,2708.357829
2019/5/28 4:33,750660.1444,4178.0905,2789.058246
2019/5/28 4:36,747017.8778,4348.655003,2862.929929
2019/5/28 4:39,759929.8,4416.691791,2862.068031
2019/5/28 4:42,775273.9167,4510.927471,2869.62141
2019/5/28 4:45,778884.7556,4443.865623,2825.085803
2019/5/28 4:48,768817.0889,4489.751308,2819.289311
2019/5/28 4:51,766168.6333,4550.364313,2808.660125
2019/5/28 4:54,761013.8389,4506.753717,2791.246754
2019/5/28 4:57,760688.0556,4548.967944,2825.798211
2019/5/28 5:00,750384.3833,4606.661414,2876.630877
2019/5/28 5:03,729753.0111,4436.143415,2873.515267
2019/5/28 5:06,712883.0833,4345.795449,2884.130121
2019/5/28 5:09,703770.7333,4362.894566,2904.564319
2019/5/28 5:12,705792.3389,4347.652778,2897.427364
2019/5/28 5:15,710462.4,4384.286089,2903.875629
2019/5/28 5:18,710386.9278,4399.549296,2919.702683
2019/5/28 5:21,716945.7444,4513.104025,2989.533474
2019/5/28 5:24,719154.75,4497.65394,2983.09455
2019/5/28 5:27,715184.4778,4476.819224,2960.646918
2019/5/28 5:30,716222.7278,4392.162593,2943.105283
2019/5/28 5:33,718046.7944,4486.435206,2919.782407
2019/5/28 5:36,716791.7778,4623.991866,2935.249366
2019/5/28 5:39,715439.7444,4524.913699,2933.287745
2019/5/28 5:42,710857.1722,4495.058273,2926.728877
2019/5/28 5:45,710218.5722,4528.481497,2923.720207
2019/5/28 5:48,707948.0278,4499.892094,2929.673181
2019/5/28 5:51,707641.4333,4433.421397,2953.987942
2019/5/28 5:54,709935.9722,4483.585313,2953.003305
2019/5/28 5:57,710177.6167,4523.651646,2955.758591
2019/5/28 6:00,712185.0833,4616.466037,2975.487689
2019/5/28 6:03,710600.1389,4592.243191,2989.935117
2019/5/28 6:06,711323.2889,4630.700862,3049.782752
2019/5/28 6:09,708231.6889,4625.10612,3025.978055
2019/5/28 6:12,702226.8389,4573.992686,2986.376905
2019/5/28 6:15,705524.2444,4556.51116,2911.61075
2019/5/28 6:18,710928.7167,4589.381555,2910.85534
2019/5/28 6:21,706802.4278,4692.889732,2940.29955
2019/5/28 6:24,702618.8111,4634.420808,2952.708823
2019/5/28 6:27,700773.3722,4586.473191,2937.455009
2019/5/28 6:30,693658.5722,4574.220899,2881.917359
2019/5/28 6:33,681386.7944,4567.978981,2851.805076
2019/5/28 6:36,680957.8722,4575.387675,2857.997998
2019/5/28 6:39,688494.3278,4645.178332,2929.621381
2019/5/28 6:42,678841.8222,4671.61646,2947.403109
2019/5/28 6:45,675611.3667,4596.456105,2928.345619
2019/5/28 6:48,672483.7389,4521.402664,2898.57229
2019/5/28 6:51,682403.45,4545.425453,2926.551826
2019/5/28 6:54,686424.6333,4637.867785,2919.35708
2019/5/28 6:57,679336.0111,4676.445013,2915.23982
2019/5/28 7:00,661714.7389,4633.910693,2845.880346
2019/5/28 7:03,658620.1778,4598.672571,2822.19506
2019/5/28 7:06,659974.5944,4587.861311,2804.660196
2019/5/28 7:09,657005.3222,4556.865458,2793.801129
2019/5/28 7:12,640633.9556,4158.511766,2744.696815
2019/5/28 7:15,643199.7389,4103.446746,2778.215644
2019/5/28 7:18,654773.5222,4126.521333,2789.21141
2019/5/28 7:21,668283.6722,4158.716218,2827.800034
2019/5/28 7:24,666296.4944,4130.447049,2858.654275
2019/5/28 7:27,633596.4722,3946.813276,2817.728859
2019/5/28 7:30,610052.6944,4109.173007,2837.773851
2019/5/28 7:33,607568.8833,4080.951248,2836.059869
2019/5/28 7:36,615655.8222,4191.691498,2870.97622
2019/5/28 7:39,618810.1944,4332.348486,2919.382953
2019/5/28 7:42,624090.1167,4411.199502,2945.952452
2019/5/28 7:45,628541.0556,4201.193554,2942.564353
2019/5/28 7:48,634594.0889,4157.759739,2938.30708
2019/5/28 7:51,630326.9667,4074.392223,2922.060903
2019/5/28 7:54,631261.9444,4121.865908,2917.679346
2019/5/28 7:57,634821.5667,4180.142111,2922.404704
2019/5/28 8:00,637895.6056,4093.540876,2929.530297
2019/5/28 8:03,641677.7056,4056.263167,2929.023049
2019/5/28 8:06,644697.1667,3955.684414,2936.93059
2019/5/28 8:09,647737.6667,3942.895213,2945.027829
2019/5/28 8:12,653886.0056,3948.212589,2950.494477
2019/5/28 8:15,654059.6444,3961.216709,2927.378944
2019/5/28 8:18,660161.8111,4029.357254,2935.157196
2019/5/28 8:21,666265.45,4173.807335,2949.372452
2019/5/28 8:24,670505.2778,4213.421522,2963.255274
2019/5/28 8:27,673241.0167,4237.301429,2971.529151
2019/5/28 8:30,675187.2056,4211.478126,2966.862823
2019/5/28 8:33,674812.6611,4343.468949,2972.717504
2019/5/28 8:36,674304.5222,4603.979034,2990.443992
2019/5/28 8:39,673576.5778,4529.11766,2990.348517
2019/5/28 8:42,671953.7722,4473.663032,2983.85084
2019/5/28 8:45,669526.4556,4362.917548,2963.995208
2019/5/28 8:48,642783.9278,4111.396985,2883.689379
2019/5/28 8:51,596872.5556,3798.945389,2750.720487
2019/5/28 8:54,607796.9833,3820.636964,2768.963997
2019/5/28 8:57,627655.6222,3868.060653,2799.329523
2019/5/28 9:00,633228.8778,3834.022256,2815.812957
2019/5/28 9:03,641635.0167,3803.196953,2821.941
2019/5/28 9:06,648170.1444,3750.88637,2825.596365
2019/5/28 9:09,652573.4,3951.830981,2859.988015
2019/5/28 9:12,655881.7778,4031.789788,2875.989827
2019/5/28 9:15,657063.6722,4173.043345,2899.3524
2019/5/28 9:18,653035.8389,4207.50989,2898.851083
2019/5/28 9:21,654371.9556,4323.170531,2911.507601
2019/5/28 9:24,655283.4278,4429.289338,2920.893529
2019/5/28 9:27,657188.0222,4474.423349,2925.977876
2019/5/28 9:30,663744.7,4811.0487,2970.232298
2019/5/28 9:33,666084.0556,4902.774108,3000.817429
2019/5/28 9:36,662640.8556,5022.70763,3053.259851
2019/5/28 9:39,649821.7056,4935.102338,3054.277903
2019/5/28 9:42,640734.7556,4847.113892,3037.407927
2019/5/28 9:45,633342.5778,4832.648567,3038.294139
2019/5/28 9:48,627730.4833,4760.845626,3004.585423
2019/5/28 9:51,622314.85,4755.932879,2993.45491
2019/5/28 9:54,620422.9667,4742.979358,2991.348927
2019/5/28 9:57,617662.7111,4726.152414,2977.611862
2019/5/28 10:00,621074.6111,4740.412111,2995.133615
2019/5/28 10:03,621414.1667,4722.927909,2990.742127
2019/5/28 10:06,626207.1111,4718.201574,2997.830294
2019/5/28 10:09,632643.2556,4732.469872,2987.6274
2019/5/28 10:12,630342.1944,4723.4872,2986.528698
2019/5/28 10:15,627237.3,4715.660788,2983.590626
2019/5/28 10:18,624265.9389,4712.961979,2967.98916
2019/5/28 10:21,628351.6,4763.879933,2990.228666
2019/5/28 10:24,624130.8611,4778.174948,2992.982215
2019/5/28 10:27,630754.5722,4808.555856,2997.485358
2019/5/28 10:30,626531.95,4763.86019,3006.874573
2019/5/28 10:33,624086.0611,4764.232698,3001.08714
2019/5/28 10:36,623779.8778,4775.358896,3008.387
2019/5/28 10:39,624526.1444,4700.945691,2997.528441
2019/5/28 10:42,623674.8778,4651.817063,2985.688737
2019/5/28 10:45,623702.4333,4689.17863,2991.353418
2019/5/28 10:48,622789.2889,4679.962282,2979.900604
2019/5/28 10:51,617891.3111,4688.996221,2972.324629
2019/5/28 10:54,616491.4722,4711.645129,2975.746883
2019/5/28 10:57,616477.9556,4710.850204,2972.327311
2019/5/28 11:00,613346.1667,4738.881988,2974.120645
2019/5/28 11:03,609934.7444,4706.861932,2967.95122
2019/5/28 11:06,606701.2167,4663.656725,2962.345132
2019/5/28 11:09,605935.0889,4734.146922,2966.904905
2019/5/28 11:12,608739.3667,4772.356264,2970.971276
2019/5/28 11:15,607312.8667,4809.56591,2981.248271
2019/5/28 11:18,611010.0722,4793.682464,2982.589985
2019/5/28 11:21,615900.3,4754.589717,2986.57764
2019/5/28 11:24,621844.7389,4723.945024,2985.674473
2019/5/28 11:27,623667.5722,4711.408177,2983.68851
2019/5/28 11:30,622643.2889,4665.020376,2987.14058
2019/5/28 11:33,625206.5778,4694.572005,2989.255198
2019/5/28 11:36,625756.6611,4693.240113,2989.242366
2019/5/28 11:39,625864.2722,4730.855287,2989.344049
2019/5/28 11:42,625711.3278,4749.948907,2984.661154
2019/5/28 11:45,626726.7556,4747.350696,2983.997419
2019/5/28 11:48,625511.8778,4728.292523,2979.157769
2019/5/28 11:51,626370.0389,4739.034773,2992.238994
2019/5/28 11:54,619011.0722,4678.940076,2973.539017
2019/5/28 11:57,616656.85,4650.745828,2964.13493
2019/5/28 12:00,618411.1167,4623.955612,2983.869586
2019/5/28 12:03,620458.4611,4625.427294,2982.821043
2019/5/28 12:06,621011.8444,4631.424094,2980.028087
2019/5/28 12:09,625331.0889,4591.761275,2976.17602
2019/5/28 12:12,629672.0611,4576.828211,2977.790205
2019/5/28 12:15,634188.6333,4651.589765,2988.405273
2019/5/28 12:18,637005.9556,4723.627092,2997.088515
2019/5/28 12:21,623375.3,4711.284835,2986.559445
2019/5/28 12:24,619447.7111,4695.329962,2973.407268
2019/5/28 12:27,621139.6222,4707.781389,2973.745491
2019/5/28 12:30,617909.7667,4716.277523,3006.471144
2019/5/28 12:33,607491.4889,4683.259118,2996.981013
2019/5/28 12:36,601049.85,4712.551109,3015.897786
2019/5/28 12:39,594152.9667,4650.455256,3009.026425
2019/5/28 12:42,596832.4611,4653.314026,3031.491206
2019/5/28 12:45,593409.7889,4617.433061,3017.724726
2019/5/28 12:48,597678.4389,4612.161518,3020.037596
2019/5/28 12:51,600482.3667,4564.372221,3017.905671
2019/5/28 12:54,598704.0444,4535.935963,3004.12183
2019/5/28 12:57,597766.5056,4560.345772,3014.615198
2019/5/28 13:00,592780.4778,4593.814597,3017.343754
2019/5/28 13:03,596039.3778,4612.172412,3038.595085
2019/5/28 13:06,593187.0444,4585.429928,3047.545762
2019/5/28 13:09,590100.5444,4583.549727,3037.611725
2019/5/28 13:12,594579.7444,4623.294337,3054.354101
2019/5/28 13:15,591060.2056,4599.928022,3037.494155
2019/5/28 13:18,594851.1778,4613.797475,3045.245457
2019/5/28 13:21,593748.8222,4580.203207,3028.462632
2019/5/28 13:24,593666.0722,4475.662401,3027.181828
2019/5/28 13:27,596792.3389,4454.956059,3045.20079
2019/5/28 13:30,591156.5222,4362.378903,2990.201764
2019/5/28 13:33,594172.8833,4431.051103,3005.024905
2019/5/28 13:36,593509.3944,4507.376753,3000.910447
2019/5/28 13:39,597322.3222,4557.58945,3004.396646
2019/5/28 13:42,599527.3444,4595.979375,3015.124899
2019/5/28 13:45,589354.3,4553.321946,3001.70562
2019/5/28 13:48,590490.6611,4630.826571,3022.001739
2019/5/28 13:51,588301.2,4749.894675,3058.113367
2019/5/28 13:54,586226.9722,4686.386595,3049.782503
2019/5/28 13:57,588637.6778,4677.258468,3058.748954
2019/5/28 14:00,583248.7889,4560.563686,3029.212012
2019/5/28 14:03,587399.1778,4580.70571,3042.659785
2019/5/28 14:06,587954.7889,4520.432657,3019.016325
2019/5/28 14:09,586657.7278,4540.857141,3011.630473
2019/5/28 14:12,588691.4778,4601.216102,3035.577461
2019/5/28 14:15,583293.5889,4544.572786,3018.714087
2019/5/28 14:18,584597.2167,4564.291563,3028.730393
2019/5/28 14:21,584401.1722,4579.165072,3032.846653
2019/5/28 14:24,584905.8667,4584.176971,3028.601651
2019/5/28 14:27,589424.1333,4612.149257,3041.450399
2019/5/28 14:30,585927.8167,4519.144198,3028.258958
2019/5/28 14:33,587174.8333,4548.067616,3033.756345
2019/5/28 14:36,584823.2833,4558.080461,3023.137625
2019/5/28 14:39,584517.9278,4542.460846,3011.846271
2019/5/28 14:42,582304.8,4579.714335,2971.786551
2019/5/28 14:45,577759.7056,4615.779332,2959.464463
2019/5/28 14:48,581838.1833,4620.99033,2965.120491
2019/5/28 14:51,577055.6278,4561.255961,2947.279028
2019/5/28 14:54,578532.0222,4448.131539,2931.896881
2019/5/28 14:57,584024.2611,4425.691492,2931.785316
2019/5/28 15:00,581892.5056,4424.76665,2912.021813
2019/5/28 15:03,582369.5944,4404.694608,2900.852914
2019/5/28 15:06,582763.9889,4370.265646,2871.952447
2019/5/28 15:09,580941.9611,4380.177984,2870.179462
2019/5/28 15:12,581037.6889,4395.75309,2878.077875
2019/5/28 15:15,574028.7611,4306.106385,2847.075076
2019/5/28 15:18,576423.2278,4325.224571,2859.056168
2019/5/28 15:21,578865.1889,4346.141493,2872.022237
2019/5/28 15:24,578770.8889,4355.555221,2862.32821
2019/5/28 15:27,582156.7222,4385.426227,2871.762549
2019/5/28 15:30,581970.0722,4332.558128,2875.348308
2019/5/28 15:33,585455.1889,4300.651427,2889.830073
2019/5/28 15:36,580113.3722,4163.232459,2881.794628
2019/5/28 15:39,580608.5056,4184.754562,2886.451948
2019/5/28 15:42,586682.3333,4215.143345,2902.028851
2019/5/28 15:45,585106.3167,4262.187208,2905.45706
2019/5/28 15:48,589082.7389,4297.378658,2915.157265
2019/5/28 15:51,590496.5389,4348.392851,2913.194786
2019/5/28 15:54,590503.7556,4393.776305,2898.841704
2019/5/28 15:57,594930.5667,4451.028288,2904.213159
2019/5/28 16:00,598974.1056,4481.406786,2927.334341
2019/5/28 16:03,605388.3667,4476.217654,2940.84813
2019/5/28 16:06,607103.5278,4416.413246,2940.459786
2019/5/28 16:09,608051.5833,4356.033527,2930.704646
2019/5/28 16:12,611866.9167,4345.557766,2920.269196
2019/5/28 16:15,607537.9944,4342.194076,2891.832021
2019/5/28 16:18,614463.7056,4389.251886,2912.452735
2019/5/28 16:21,619967.3722,4446.164842,2930.52483
2019/5/28 16:24,623802.3667,4493.845173,2949.529704
2019/5/28 16:27,627560.0111,4537.332311,2962.581957
2019/5/28 16:30,626435.4667,4590.129074,2978.143211
2019/5/28 16:33,626692.8167,4629.729978,2972.115991
2019/5/28 16:36,623937.8,4666.449364,2963.130901
2019/5/28 16:39,611624.2722,4583.730157,2945.601194
2019/5/28 16:42,613830.0278,4588.337025,2941.987001
2019/5/28 16:45,612423.8,4672.818151,2941.268093
2019/5/28 16:48,614392.7611,4685.097195,2942.818588
2019/5/28 16:51,615551.3667,4750.487418,2953.137316
2019/5/28 16:54,614711.5056,4708.800418,2960.130706
2019/5/28 16:57,618211.7611,4706.459916,2972.467524
2019/5/28 17:00,621369.8444,4709.01406,2981.314339
2019/5/28 17:03,626799.5,4760.398046,3001.479806
2019/5/28 17:06,629576.2,4798.272932,3022.065525
2019/5/28 17:09,631067.2167,4729.042616,3033.403048
2019/5/28 17:12,628436.5167,4673.427724,3029.988087
2019/5/28 17:15,619819.5556,4555.782623,3000.850645
2019/5/28 17:18,617579.65,4592.257503,2979.795753
2019/5/28 17:21,620612.15,4604.919646,2952.583342
2019/5/28 17:24,627089.5167,4654.785972,2967.511159
2019/5/28 17:27,628621.7722,4680.682563,2973.280626
2019/5/28 17:30,630386.0778,4705.569332,2976.07098
2019/5/28 17:33,626149.5389,4656.012979,2942.335811
2019/5/28 17:36,612516.4,4517.484535,2870.889741
2019/5/28 17:39,606419.2833,4476.142815,2858.346701
2019/5/28 17:42,614889.2722,4480.467306,2876.293388
2019/5/28 17:45,623852.0611,4681.225561,2938.405561
2019/5/28 17:48,629158.6833,4666.878561,2945.485807
2019/5/28 17:51,631154.9667,4682.41097,2956.592987
2019/5/28 17:54,629189.0056,4672.067711,2957.782729
2019/5/28 17:57,628934.7778,4667.431675,2957.081422
2019/5/28 18:00,632791.3167,4665.534037,2965.661298
2019/5/28 18:03,633721.9389,4634.918271,2966.655317
2019/5/28 18:06,632972.2444,4563.681944,2962.37475
2019/5/28 18:09,632711.7222,4618.056629,2969.754015
2019/5/28 18:12,635188.5667,4668.433553,2982.355361
2019/5/28 18:15,635745.6944,4744.80345,2984.192266
2019/5/28 18:18,636611.4222,4764.21097,2980.378281
2019/5/28 18:21,637583.4722,4784.92276,2978.175115
2019/5/28 18:24,638008.15,4750.431373,2977.298335
2019/5/28 18:27,638506.0722,4742.862375,2975.191561
2019/5/28 18:30,629305.8222,4677.188534,2944.436502
2019/5/28 18:33,629380.75,4679.534474,2941.791784
2019/5/28 18:36,628330.4278,4598.748194,2922.954525
2019/5/28 18:39,629666.6556,4556.672145,2927.15963
2019/5/28 18:42,632883.6167,4556.255536,2944.663166
2019/5/28 18:45,633491.9222,4632.178543,2952.812534
2019/5/28 18:48,633267.8556,4632.031686,2950.573724
2019/5/28 18:51,634157.5333,4674.462042,2959.213788
2019/5/28 18:54,633305.7889,4575.347324,2957.479962
2019/5/28 18:57,637089.6611,4553.896916,2979.462718
2019/5/28 19:00,638379.0667,4290.874749,2958.737806
2019/5/28 19:03,640977.6667,4208.924959,2946.736684
2019/5/28 19:06,650197.1056,4066.40138,2933.84914
2019/5/28 19:09,653001.1333,4006.052287,2915.301704
2019/5/28 19:12,661720.2444,4036.403048,2950.637485
2019/5/28 19:15,668034.8833,4136.392826,3006.133193
2019/5/28 19:18,675434.5556,4163.120518,3029.618823
2019/5/28 19:21,682472.4944,4201.719654,3056.174709
2019/5/28 19:24,691220.45,4312.763947,3088.222619
2019/5/28 19:27,695304.1389,4391.699076,3118.117084
2019/5/28 19:30,697644.8722,4449.461509,3122.41022
2019/5/28 19:33,702219.75,4475.119734,3121.593376
2019/5/28 19:36,709725.1333,4557.477592,3138.251758
2019/5/28 19:39,707517.8833,4484.134459,3085.95244
2019/5/28 19:42,707251.5278,4412.194393,3041.798453
2019/5/28 19:45,711707.8444,4553.981875,3055.15229
2019/5/28 19:48,710795.85,4558.722881,3067.897068
2019/5/28 19:51,709890.3722,4578.915054,3088.395626
2019/5/28 19:54,713134.4167,4550.321364,3082.118155
2019/5/28 19:57,714796.4722,4554.043969,3089.42018
2019/5/28 20:00,715403.4389,4683.3303,3136.655529
2019/5/28 20:03,716385.1611,4667.4552,3132.714512
2019/5/28 20:06,715135.6722,4710.993324,3151.148689
2019/5/28 20:09,714529.1222,4662.751117,3122.747428
2019/5/28 20:12,710534.4056,4629.020376,3120.454969
2019/5/28 20:15,705967.4444,4646.845775,3039.949233
2019/5/28 20:18,709685.9167,4649.147653,3056.015823
2019/5/28 20:21,712248.7444,4839.444585,3170.157774
2019/5/28 20:24,714103.0556,4806.902839,3167.130378
2019/5/28 20:27,711112.9056,4767.871257,3163.164221
2019/5/28 20:30,708774.1722,4776.472684,3148.46885
2019/5/28 20:33,709604.7,4770.974612,3159.092794
2019/5/28 20:36,678411.5833,4910.639685,2972.530787
2019/5/28 20:39,662050.2778,4884.927988,2965.811887
2019/5/28 20:42,658658.4833,4900.105704,3013.623675
2019/5/28 20:45,664653.8556,4759.594235,2924.561364
2019/5/28 20:48,666534.6278,4694.609682,2887.659135
2019/5/28 20:51,667557.1722,4623.996515,2822.955955
2019/5/28 20:54,677661.5056,4545.599174,2869.937811
2019/5/28 20:57,684658.0611,4566.079349,2938.228708
2019/5/28 21:00,686850.3444,4946.349605,3062.339463
2019/5/28 21:03,688408.2722,4885.21235,3062.827814
2019/5/28 21:06,681366.7611,4995.845167,3150.592828
2019/5/28 21:09,671578.4278,4993.809997,3059.324703
2019/5/28 21:12,660506.3833,5009.694024,3038.76476
2019/5/28 21:15,656014.0222,4990.796443,3055.330722
2019/5/28 21:18,657114.5278,4987.939375,3052.047415
2019/5/28 21:21,651748.9111,4943.402407,3007.502194
2019/5/28 21:24,656708.8111,4956.720603,3054.226328
2019/5/28 21:27,661707.5778,4979.627895,3108.749502
2019/5/28 21:30,659996.1778,5106.690526,3117.484359
2019/5/28 21:33,657477.65,5105.062609,3123.863422
2019/5/28 21:36,657685.9333,5269.72049,3215.102058
2019/5/28 21:39,662518.8,5358.014884,3261.696998
2019/5/28 21:42,667723.5444,5412.219007,3300.192379
2019/5/28 21:45,667077.2889,5366.828279,3250.265184
2019/5/28 21:48,669288.55,5305.198193,3232.102594
2019/5/28 21:51,671523.1056,5286.906593,3254.550091
2019/5/28 21:54,677756.5611,5258.471062,3271.549277
2019/5/28 21:57,682094.5556,5279.671442,3309.297896
2019/5/28 22:00,682284.2944,5366.559204,3333.240143
2019/5/28 22:03,677322.8056,5292.82706,3303.508481
2019/5/28 22:06,672960.2111,5363.901316,3331.502846
2019/5/28 22:09,664688.5278,5162.538869,3197.418634
2019/5/28 22:12,662213.7667,5128.388869,3190.462821
2019/5/28 22:15,662642.1889,5220.02823,3251.698902
2019/5/28 22:18,662687.6333,5169.251629,3229.959261
2019/5/28 22:21,661390.0222,5271.457065,3293.113517
2019/5/28 22:24,661487.4389,5291.745375,3288.911925
2019/5/28 22:27,661971.9167,5290.048914,3288.752902
2019/5/28 22:30,663310.0333,5386.344786,3271.753688
2019/5/28 22:33,664283.5556,5330.242209,3234.70213
2019/5/28 22:36,662734.1556,5240.710402,3142.336216
2019/5/28 22:39,663996.5167,4906.81432,2951.315309
2019/5/28 22:42,672055.3389,4753.038702,2888.137853
2019/5/28 22:45,672233.6833,5270.032609,3291.242302
2019/5/28 22:48,663628.0389,5332.169699,3286.514884
2019/5/28 22:51,659569.6278,5501.631326,3350.089962
2019/5/28 22:54,661710.6611,5289.579043,3267.757491
2019/5/28 22:57,666788.8667,5232.022009,3271.430314
2019/5/28 23:00,667368.3722,5541.548383,3441.318145
2019/5/28 23:03,666850.9833,5428.657145,3412.258417
2019/5/28 23:06,668029.5056,5367.885012,3404.893537
2019/5/28 23:09,673398.0389,5404.535919,3402.872592
2019/5/28 23:12,668143.15,5396.92508,3394.710307
2019/5/28 23:15,660920.4222,5463.966539,3413.51592
2019/5/28 23:18,659685.9167,5516.934817,3432.161894
2019/5/28 23:21,661461.1333,5693.351045,3494.611657
2019/5/28 23:24,660274.3667,5648.125181,3452.075669
2019/5/28 23:27,657612.1111,5614.682003,3446.621114
2019/5/28 23:30,658174.8944,5624.584769,3440.491851
2019/5/28 23:33,657766.95,5563.434951,3405.116784
2019/5/28 23:36,654317.6278,5596.740588,3404.954679
2019/5/28 23:39,652228.4611,5508.284567,3405.173473
2019/5/28 23:42,656777.9,5492.425054,3431.412785
2019/5/28 23:45,663218.1333,5576.69917,3437.009676
2019/5/28 23:48,666500.0444,5544.499163,3434.133274
2019/5/28 23:51,668920.2722,5604.239261,3482.743344
2019/5/28 23:54,668134.9222,5510.407542,3421.529339
2019/5/28 23:57,666546.1611,5390.859745,3345.147472
2019/5/29 0:00,663899.9,5221.321284,3274.417168
2019/5/29 0:03,660899.7333,5189.616269,3242.826384
2019/5/29 0:06,660661.9833,5372.818906,3295.383721
2019/5/29 0:09,657418.9778,5353.332768,3269.985741
2019/5/29 0:12,657436.2,5385.64593,3292.215545
2019/5/29 0:15,654857.4278,5367.196891,3292.760764
2019/5/29 0:18,650782.2889,5224.783462,3212.836936
2019/5/29 0:21,643624.5,5163.827026,3171.488248
2019/5/29 0:24,636720.8556,5070.656398,3136.044747
2019/5/29 0:27,642891.9444,5083.459463,3167.297679
2019/5/29 0:30,645788.5111,5201.639166,3232.356671
2019/5/29 0:33,643934.7167,5146.462352,3180.041869
2019/5/29 0:36,640115.3778,5158.815558,3158.504409
2019/5/29 0:39,637274.1389,5107.352455,3137.62369
2019/5/29 0:42,644123,5168.003776,3189.80745
2019/5/29 0:45,652556.9944,5404.657424,3325.184323
2019/5/29 0:48,657220.6889,5322.661397,3294.133749
2019/5/29 0:51,655565.2444,5240.801875,3262.558043
2019/5/29 0:54,657785.75,5255.744379,3266.267903
2019/5/29 0:57,660097.1944,5301.933034,3299.470836
2019/5/29 1:00,655587.8833,5179.245584,3196.227525
2019/5/29 1:03,660032.6111,5267.513154,3268.028126
2019/5/29 1:06,657436.0333,5408.269948,3360.838865
2019/5/29 1:09,663979.9056,5365.952935,3361.840465
2019/5/29 1:12,666649.9889,5344.79078,3359.043889
2019/5/29 1:15,667845.5556,5325.33393,3344.641218
2019/5/29 1:18,663778.0444,5199.043615,3263.555999
2019/5/29 1:21,648274.7611,5078.944008,3147.912215
2019/5/29 1:24,651468.8722,5063.111074,3120.488526
2019/5/29 1:27,656828.8,5108.668784,3145.44451
2019/5/29 1:30,649534.1722,5093.146435,3089.66656
2019/5/29 1:33,638430.0833,4987.57085,3028.527061
2019/5/29 1:36,637669.8944,4951.432959,3009.887146
2019/5/29 1:39,640717.8556,4966.281967,3008.781448
2019/5/29 1:42,627997.7667,4898.753638,2964.207992
2019/5/29 1:45,627192.9722,4900.766058,2957.543523
2019/5/29 1:48,631767.4722,4884.997764,2960.573522
2019/5/29 1:51,632102.4389,4904.973939,2971.817528
2019/5/29 1:54,633522.3222,4896.685574,2999.096821
2019/5/29 1:57,638136.6167,4941.74677,3058.810587
2019/5/29 2:00,634318.2333,4888.822569,2988.989325
2019/5/29 2:03,626733.65,4868.545458,2976.773737
2019/5/29 2:06,634790.7444,5002.274171,3046.124916
2019/5/29 2:09,640383.05,4969.095289,3029.940585
2019/5/29 2:12,633325.4889,4903.821111,2993.394977
2019/5/29 2:15,634373.3778,4956.119491,3022.533023
2019/5/29 2:18,645287.9556,5076.286144,3120.278984
2019/5/29 2:21,648134.4889,5173.411541,3222.933002
2019/5/29 2:24,647751.1722,5153.222831,3247.80516
2019/5/29 2:27,652037.9111,5216.791117,3313.45301
2019/5/29 2:30,653356.5722,5308.499439,3390.977948
2019/5/29 2:33,654201.6611,5291.513418,3396.259607
2019/5/29 2:36,659505.5056,5372.556732,3463.290341
2019/5/29 2:39,661422.9167,5395.532888,3455.672809
2019/5/29 2:42,658928.85,5345.993926,3418.327736
2019/5/29 2:45,654440,5321.599646,3368.709516
2019/5/29 2:48,648408.5444,5248.618121,3331.444419
2019/5/29 2:51,643507.8944,5311.079734,3365.155928
2019/5/29 2:54,645112.6889,5349.418725,3359.63082
2019/5/29 2:57,641252.7667,5151.434128,3222.608083
2019/5/29 3:00,637356.2056,5092.26458,3132.565352
2019/5/29 3:03,637672.55,5070.388434,3116.664709
2019/5/29 3:06,633384.0222,4951.429497,3019.665959
2019/5/29 3:09,635531.1056,5012.662173,3096.308492
2019/5/29 3:12,632245.4889,5014.079484,3119.695954
2019/5/29 3:15,622707.9556,4987.901908,3105.525061
2019/5/29 3:18,618990.9167,4872.714625,2999.268568
2019/5/29 3:21,621275.6222,4805.130727,2876.899813
2019/5/29 3:24,628693.25,4866.422471,2948.45702
2019/5/29 3:27,632294.5389,4929.188819,3013.987799
2019/5/29 3:30,631233.2833,5019.096686,3081.799492
2019/5/29 3:33,634566.7389,5012.584366,3077.720492
2019/5/29 3:36,633302.2167,5032.110515,3089.298003
2019/5/29 3:39,635220.9667,5043.615767,3056.356028
2019/5/29 3:42,640349.9444,5002.566921,2999.278715
2019/5/29 3:45,642700.0944,5130.137913,3082.155548
2019/5/29 3:48,640244.6556,5085.22099,3048.630785
2019/5/29 3:51,641568.6056,5007.908718,2963.921101
2019/5/29 3:54,643675.35,4992.336216,2950.942657
2019/5/29 3:57,634857.7944,5021.921361,2966.29329
2019/5/29 4:00,635951.7111,5082.459151,2990.598589
2019/5/29 4:03,633085.7389,5106.78018,2977.144911
2019/5/29 4:06,627505.4667,5070.041757,2942.800347
2019/5/29 4:09,619895.2611,4847.100733,2817.074879
2019/5/29 4:12,618525.6667,4781.054,2753.406021
2019/5/29 4:15,623228.1667,4774.866599,2769.692904
2019/5/29 4:18,626589.4944,4805.082295,2772.924092
2019/5/29 4:21,627007.05,4837.493847,2791.880406
2019/5/29 4:24,626381.9333,4774.671669,2740.998863
2019/5/29 4:27,625871.0667,4676.127837,2664.345958
2019/5/29 4:30,632612.5167,4730.528201,2711.604433
2019/5/29 4:33,633032.2833,4727.662656,2713.374318
2019/5/29 4:36,632866.4,4731.078074,2714.143511
2019/5/29 4:39,636963.7444,4754.774119,2754.095181
2019/5/29 4:42,631037.0556,4722.890883,2765.673929
2019/5/29 4:45,621738.4056,4701.346061,2718.737829
2019/5/29 4:48,630063.9556,4774.460817,2734.852119
2019/5/29 4:51,634710.9667,4889.925088,2806.127134
2019/5/29 4:54,634933,4882.31399,2793.54416
2019/5/29 4:57,629766.4556,4858.976782,2772.147741
2019/5/29 5:00,629958.3778,4945.958176,2828.528486
2019/5/29 5:03,630607.9833,4933.20393,2844.552948
2019/5/29 5:06,630421.4833,4962.985411,2880.905383
2019/5/29 5:09,627023.7667,4905.73001,2847.760227
2019/5/29 5:12,631461.0611,4902.839323,2838.885403
2019/5/29 5:15,632830.6889,4954.58032,2874.824507
2019/5/29 5:18,629608.9167,4887.185103,2842.457813
2019/5/29 5:21,635519.0944,4848.228085,2847.693563
2019/5/29 5:24,643499.0389,5003.267257,2919.89793
2019/5/29 5:27,641884.9667,5041.544254,2943.621654
2019/5/29 5:30,635133.1056,5032.608039,2945.680283
2019/5/29 5:33,634390.0389,5001.586377,2961.55543
2019/5/29 5:36,630866.6278,4947.425438,2991.111367
2019/5/29 5:39,625209.6222,4841.773204,2940.452606
2019/5/29 5:42,621389.8222,4761.569289,2901.454458
2019/5/29 5:45,617235.2389,4805.37101,2940.569002
2019/5/29 5:48,611348.9944,4812.685897,2924.95175
2019/5/29 5:51,605508.6556,4809.500792,2919.51812
2019/5/29 5:54,605297.3722,4736.667055,2883.957091
2019/5/29 5:57,602602.6389,4655.886868,2833.607663
2019/5/29 6:00,603669.5833,4684.753111,2844.733934
2019/5/29 6:03,608035.2278,4680.960964,2825.58921
2019/5/29 6:06,609240.8,4719.346845,2822.973514
2019/5/29 6:09,605195.6778,4705.887915,2812.150357
2019/5/29 6:12,603697.15,4697.238647,2804.973134
2019/5/29 6:15,605297.6,4730.697252,2825.832955
2019/5/29 6:18,604591.7389,4715.122763,2822.258389
2019/5/29 6:21,611222.8889,4734.972694,2848.558385
2019/5/29 6:24,609971.2778,4705.041015,2827.104134
2019/5/29 6:27,606607.7056,4691.782366,2822.245922
2019/5/29 6:30,611317.1722,4763.886229,2844.279825
2019/5/29 6:33,614548.3,4751.64212,2847.343117
2019/5/29 6:36,614187.5556,4751.027744,2874.110663
2019/5/29 6:39,617337.2833,4712.597769,2877.900026
2019/5/29 6:42,615724.8889,4671.928304,2863.280837
2019/5/29 6:45,614775.2722,4683.401234,2855.326146
2019/5/29 6:48,620615.5889,4733.772467,2877.309301
2019/5/29 6:51,624554.7389,4771.958354,2879.443738
2019/5/29 6:54,622883.3667,4760.656851,2840.257784
2019/5/29 6:57,619910.1222,4781.06061,2833.581894
2019/5/29 7:00,624373.4278,4821.807086,2888.221177
2019/5/29 7:03,622438.0444,4786.818482,2850.129893
2019/5/29 7:06,617030.0889,4772.588314,2812.247355
2019/5/29 7:09,615603.5222,4775.160016,2829.494588
2019/5/29 7:12,614084.7333,4806.899241,2860.532789
2019/5/29 7:15,618522.3111,4791.274376,2851.12854
2019/5/29 7:18,619594.3,4782.371703,2848.875474
2019/5/29 7:21,621876.85,4821.07036,2902.097545
2019/5/29 7:24,626934.1222,4828.154189,2889.389096
2019/5/29 7:27,596736.9111,4364.095085,2778.848301
2019/5/29 7:30,588838.7056,4063.424182,2739.855543
2019/5/29 7:33,598730.75,4059.37983,2763.89351
2019/5/29 7:36,607196.3278,4079.272699,2815.855025
2019/5/29 7:39,614268.8,4085.834023,2836.628349
2019/5/29 7:42,616713.6222,4104.005456,2853.204945
2019/5/29 7:45,616566.3889,4218.249064,2902.168594
2019/5/29 7:48,618087.95,4226.106878,2907.12803
2019/5/29 7:51,618703.8333,4236.852343,2924.56602
2019/5/29 7:54,618493.7278,4288.192782,2944.001618
2019/5/29 7:57,618872.7444,4310.909863,2952.090985
2019/5/29 8:00,620322.35,4518.895941,3004.269154
2019/5/29 8:03,609277.2778,4420.606153,2980.199197
2019/5/29 8:06,610764.6222,4293.591892,2983.868818
2019/5/29 8:09,609907.4389,4225.966158,2987.38318
2019/5/29 8:12,609656.7722,4189.118111,2988.01335
2019/5/29 8:15,611505.0722,4215.348111,2993.506612
2019/5/29 8:18,615161.7222,4143.334468,2980.672205
2019/5/29 8:21,617297.0556,3987.554818,2959.338631
2019/5/29 8:24,619855.9222,3988.085388,2945.990004
2019/5/29 8:27,621134.3722,4010.553135,2939.664518
2019/5/29 8:30,621682.4333,4055.802571,2929.843284
2019/5/29 8:33,622512.0722,4092.934193,2923.794064
2019/5/29 8:36,624821.9722,4178.012317,2924.73347
2019/5/29 8:39,628556.95,4241.5587,2937.194408
2019/5/29 8:42,629965.1,4259.160808,2942.072737
2019/5/29 8:45,631428.5056,4251.185747,2950.386409
2019/5/29 8:48,632811.6833,4277.176244,2953.356449
2019/5/29 8:51,634003.5778,4312.462834,2958.594068
2019/5/29 8:54,632496.9278,4248.732728,2950.304814
2019/5/29 8:57,630996.2056,4195.492185,2942.26993
2019/5/29 9:00,629748.1389,4277.15238,2941.130987
2019/5/29 9:03,630117.8056,4296.567951,2948.468205
2019/5/29 9:06,630395.2722,4347.720792,2960.000609
2019/5/29 9:09,629288.1833,4336.216363,2951.239929
2019/5/29 9:12,628373,4285.792485,2944.437064
2019/5/29 9:15,629144,4298.153045,2934.239319
2019/5/29 9:18,630706.6722,4290.576708,2927.628655
2019/5/29 9:21,629358.9389,4235.408757,2890.318799
2019/5/29 9:24,631851.6889,4307.057343,2879.331653
2019/5/29 9:27,637399.2778,4355.636654,2883.905217
2019/5/29 9:30,642592.4556,4817.328969,2941.373758
2019/5/29 9:33,641602.9444,4872.659697,2971.272564
2019/5/29 9:36,635404.8611,5004.269137,3025.163257
2019/5/29 9:39,626414.4556,4888.648187,3039.071053
2019/5/29 9:42,619980.9667,4749.974422,3032.249001
2019/5/29 9:45,615940.7778,4830.324035,3051.8912
2019/5/29 9:48,612323.1722,4772.482348,3034.565487
2019/5/29 9:51,612539.6333,4798.540326,3039.423748
2019/5/29 9:54,614174.5944,4791.26141,3037.366024
2019/5/29 9:57,615201.6333,4780.478806,3031.087941
2019/5/29 10:00,616910.1389,4796.412241,3048.035723
2019/5/29 10:03,618311.4,4774.561868,3044.431599
2019/5/29 10:06,618915.5444,4749.037892,3048.3443
2019/5/29 10:09,616556.75,4737.422724,3042.968631
2019/5/29 10:12,614810.9833,4737.599114,3035.055752
2019/5/29 10:15,615919.1944,4820.138055,3050.273713
2019/5/29 10:18,616812.1444,4814.180461,3048.920262
2019/5/29 10:21,617024.8278,4808.265902,3058.853544
2019/5/29 10:24,616149.1944,4870.095356,3071.346639
2019/5/29 10:27,618456.7278,4908.89426,3077.246235
2019/5/29 10:30,619355.7389,4888.07253,3092.04581
2019/5/29 10:33,619587.8611,4859.801558,3090.343395
2019/5/29 10:36,616498.5833,4777.914019,3088.0225
2019/5/29 10:39,612069.3444,4712.252787,3066.387034
2019/5/29 10:42,610756.55,4675.978217,3052.930528
2019/5/29 10:45,610735.4611,4695.509549,3045.57467
2019/5/29 10:48,611287.4889,4695.334215,3036.014744
2019/5/29 10:51,611931.4056,4711.51154,3037.641419
2019/5/29 10:54,611754.9444,4690.58119,3044.409327
2019/5/29 10:57,611955.8667,4671.880199,3042.656052
2019/5/29 11:00,610528.5167,4743.925981,3045.561045
2019/5/29 11:03,611626.3444,4717.404463,3044.704817
2019/5/29 11:06,610785.8889,4677.07395,3053.450304
2019/5/29 11:09,609080.4833,4567.909912,3045.295456
2019/5/29 11:12,610707.5556,4520.294689,3007.371578
2019/5/29 11:15,613909.3722,4624.920053,2997.811028
2019/5/29 11:18,616952.55,4620.46635,2996.812429
2019/5/29 11:21,619141.2667,4610.073932,2998.905485
2019/5/29 11:24,619358.3833,4657.305388,3008.676701
2019/5/29 11:27,620350.4778,4688.86314,3014.001259
2019/5/29 11:30,620346.1278,4747.830037,3029.556445
2019/5/29 11:33,620897.4389,4743.309735,3028.787665
2019/5/29 11:36,618985.0389,4704.902722,3028.599141
2019/5/29 11:39,615987.9778,4652.713391,3016.1012
2019/5/29 11:42,615753.8111,4636.257726,3006.785528
2019/5/29 11:45,614948.0944,4665.222423,3004.913457
2019/5/29 11:48,615567.5944,4634.976301,2993.332311
2019/5/29 11:51,616385.3,4603.652378,2983.115261
2019/5/29 11:54,614197.5667,4577.365682,2973.609827
2019/5/29 11:57,616823.5222,4599.337684,2976.335668
2019/5/29 12:00,617030.6778,4723.130997,3004.384766
2019/5/29 12:03,617602.3833,4732.793981,3009.527227
2019/5/29 12:06,617478.0333,4757.234565,3023.558741
2019/5/29 12:09,618305.4611,4773.511135,3025.063467
2019/5/29 12:12,618799.45,4775.336982,3023.135575
2019/5/29 12:15,619063.0167,4732.043397,3024.343098
2019/5/29 12:18,618739.3778,4734.15924,3017.974956
2019/5/29 12:21,618400.3167,4744.908193,3012.752785
2019/5/29 12:24,618048.7667,4735.289245,3013.052075
2019/5/29 12:27,617885.3778,4733.923101,3013.956856
2019/5/29 12:30,617719.3556,4753.092019,3023.010442
2019/5/29 12:33,616654.1056,4747.444248,3022.53288
2019/5/29 12:36,616528.3444,4704.509332,3021.944838
2019/5/29 12:39,615486.4722,4630.222191,3006.756374
2019/5/29 12:42,614316.8722,4599.96588,2990.973436
2019/5/29 12:45,614041.4722,4610.842056,2993.543745
2019/5/29 12:48,614171.9,4563.776576,2983.065527
2019/5/29 12:51,614716.8167,4522.933495,2977.468017
2019/5/29 12:54,615178.2167,4544.179146,2987.396551
2019/5/29 12:57,615868.2556,4579.096445,3007.58409
2019/5/29 13:00,612900.5,4691.782072,3036.513813
2019/5/29 13:03,613375.4722,4704.710293,3036.448945
2019/5/29 13:06,614097.2556,4739.830217,3039.894797
2019/5/29 13:09,614735.9222,4760.782314,3042.752624
2019/5/29 13:12,615563.7111,4770.520524,3045.229259
2019/5/29 13:15,615580.2556,4823.396693,3050.005995
2019/5/29 13:18,614528.9,4813.634448,3050.006836
2019/5/29 13:21,617849,4821.731836,3058.897487
2019/5/29 13:24,616584.7889,4768.916568,3056.131162
2019/5/29 13:27,618643.8944,4737.195203,3051.678308
2019/5/29 13:30,621175.5,4700.66916,3037.825275
2019/5/29 13:33,620087.2056,4675.034226,3026.003152
2019/5/29 13:36,618498.6056,4652.006486,3024.409461
2019/5/29 13:39,617553.7556,4601.858185,3010.667081
2019/5/29 13:42,617643.45,4574.039877,2989.203825
2019/5/29 13:45,616535.8333,4659.836471,2991.508485
2019/5/29 13:48,617565.8722,4604.276028,2979.233811
2019/5/29 13:51,620012.2389,4541.815281,2974.64682
2019/5/29 13:54,621825.5278,4532.013137,2972.849002
2019/5/29 13:57,623920.7111,4549.232477,2978.22115
2019/5/29 14:00,622318.5833,4644.784819,2991.98081
2019/5/29 14:03,624015.1056,4654.607773,3000.999899
2019/5/29 14:06,625924.4111,4662.677147,3026.006073
2019/5/29 14:09,627138.6,4672.027714,3036.018431
2019/5/29 14:12,627012.3,4674.129992,3042.039043
2019/5/29 14:15,628048.3611,4683.212242,3040.91735
2019/5/29 14:18,628573.8778,4676.985911,3041.19487
2019/5/29 14:21,628739.2278,4676.063667,3048.113195
2019/5/29 14:24,628325.3778,4638.342516,3040.943174
2019/5/29 14:27,627415.4056,4622.739316,3038.299372
2019/5/29 14:30,627005.8222,4628.005057,3036.232096
2019/5/29 14:33,626253.3222,4606.39939,3028.417582
2019/5/29 14:36,624991.9556,4591.17529,3025.183437
2019/5/29 14:39,623008.4778,4602.930021,3010.700165
2019/5/29 14:42,621024.0611,4529.745306,2973.315855
2019/5/29 14:45,620276.6,4567.94537,2974.262978
2019/5/29 14:48,619737.6167,4535.935528,2959.842545
2019/5/29 14:51,618662.3056,4530.180566,2962.156726
2019/5/29 14:54,618830.2556,4575.696386,2983.400623
2019/5/29 14:57,618065.55,4602.41774,2996.792999
2019/5/29 15:00,617508.7111,4655.88121,3038.696736
2019/5/29 15:03,622026.7556,4671.459639,3041.454713
2019/5/29 15:06,623970.3944,4723.138647,3061.881324
2019/5/29 15:09,625474.3389,4692.089083,3061.618728
2019/5/29 15:12,625736.8722,4676.001828,3061.797523
2019/5/29 15:15,625168.8333,4598.150738,3041.212515
2019/5/29 15:18,624495.5389,4570.854646,3024.460914
2019/5/29 15:21,624072.45,4540.242224,3005.449878
2019/5/29 15:24,624715.35,4587.691754,3008.718365
2019/5/29 15:27,624832.9556,4614.901572,3010.594398
2019/5/29 15:30,624002.0167,4637.23947,3032.230769
2019/5/29 15:33,623054.9333,4604.489305,3021.513081
2019/5/29 15:36,623033.4222,4574.538172,3020.591489
2019/5/29 15:39,619578.9833,4520.662722,2988.922126
2019/5/29 15:42,617816.4944,4461.863851,2955.328055
2019/5/29 15:45,617562.5111,4441.416939,2933.21153
2019/5/29 15:48,618676.9333,4374.008825,2917.543012
2019/5/29 15:51,620906.0111,4324.448149,2921.108797
2019/5/29 15:54,623018.7111,4379.420484,2923.076156
2019/5/29 15:57,626081.55,4430.658274,2935.486459
2019/5/29 16:00,627817.5167,4477.47965,2958.855506
2019/5/29 16:03,628301.6111,4449.518529,2957.518536
2019/5/29 16:06,628137.5778,4412.007595,2972.219153
2019/5/29 16:09,627836.3833,4443.244089,2976.36152
2019/5/29 16:12,627559.4444,4457.388564,2980.462769
2019/5/29 16:15,625518.9833,4530.346889,2977.168911
2019/5/29 16:18,623867.4556,4539.663448,2969.283847
2019/5/29 16:21,622608.9111,4575.33413,2971.747886
2019/5/29 16:24,621901,4562.091091,2967.236873
2019/5/29 16:27,620862.65,4552.964935,2964.871205
2019/5/29 16:30,620451.7056,4597.292521,2975.282418
2019/5/29 16:33,620278.4833,4583.456678,2967.013033
2019/5/29 16:36,619088.5944,4553.057977,2964.072047
2019/5/29 16:39,617956.2833,4508.613433,2952.469471
2019/5/29 16:42,617667.9278,4470.38471,2937.202403
2019/5/29 16:45,616445.1722,4418.813143,2948.611873
2019/5/29 16:48,616907.0389,4390.408976,2938.773773
2019/5/29 16:51,616929.7778,4399.527859,2951.027893
2019/5/29 16:54,617585.4222,4450.94788,2946.715124
2019/5/29 16:57,617422.8444,4468.925425,2943.013595
2019/5/29 17:00,617139.7111,4529.605972,2934.923331
2019/5/29 17:03,617183.85,4513.866094,2930.304693
2019/5/29 17:06,615582.9833,4492.222627,2935.919442
2019/5/29 17:09,615399.5722,4474.770395,2933.654264
2019/5/29 17:12,615521.0167,4471.998091,2930.209
2019/5/29 17:15,615008.6611,4411.093803,2922.755016
2019/5/29 17:18,615834.8722,4430.326276,2923.260737
2019/5/29 17:21,617019.4944,4497.222781,2937.602443
2019/5/29 17:24,616617.1444,4514.424798,2932.426417
2019/5/29 17:27,615870.85,4523.312038,2929.192806
2019/5/29 17:30,616090.4278,4517.980343,2939.330012
2019/5/29 17:33,616265.0111,4518.792304,2936.948389
2019/5/29 17:36,616329.5,4524.710515,2937.472536
2019/5/29 17:39,617090.9,4526.081521,2936.530559
2019/5/29 17:42,617624.5222,4504.341473,2927.549937
2019/5/29 17:45,617683.0944,4606.181133,2951.359756
2019/5/29 17:48,616563.4167,4566.657462,2943.285423
2019/5/29 17:51,616027.8111,4521.972647,2949.673971
2019/5/29 17:54,616147.7056,4494.685112,2946.033948
2019/5/29 17:57,615789.5389,4469.898791,2938.273036
2019/5/29 18:00,615310.2,4364.724328,2938.08848
2019/5/29 18:03,615707.7111,4370.725615,2931.826622
2019/5/29 18:06,616061.1889,4408.372087,2930.215024
2019/5/29 18:09,617094,4449.564343,2925.556404
2019/5/29 18:12,617442.0444,4454.370258,2920.291897
2019/5/29 18:15,617332.0722,4391.796652,2910.012464
2019/5/29 18:18,617252.2611,4405.763088,2907.063338
2019/5/29 18:21,617221.55,4451.680423,2913.161046
2019/5/29 18:24,612417.7278,4462.418198,2913.778133
2019/5/29 18:27,608527.6722,4445.458789,2897.617359
2019/5/29 18:30,607166.9056,4430.940431,2888.968372
2019/5/29 18:33,606015.4722,4460.64472,2893.292197
2019/5/29 18:36,605683.0611,4511.510783,2903.355086
2019/5/29 18:39,609057.7167,4466.716227,2890.370035
2019/5/29 18:42,611055.8,4433.061002,2881.089784
2019/5/29 18:45,609753.3278,4319.191074,2887.749437
2019/5/29 18:48,609643.2389,4282.791888,2867.073738
2019/5/29 18:51,608531.2722,4268.663853,2856.710703
2019/5/29 18:54,609894.2,4330.104448,2864.621478
2019/5/29 18:57,610945.6,4352.48598,2865.725713
2019/5/29 19:00,611140.5333,4403.083865,2900.26748
2019/5/29 19:03,612282.2222,4401.448777,2895.440658
2019/5/29 19:06,613052.1889,4412.299932,2892.444082
2019/5/29 19:09,613033.2111,4444.208372,2888.938065
2019/5/29 19:12,611390.1222,4443.296909,2876.179036
2019/5/29 19:15,609156.8833,4394.139747,2867.633448
2019/5/29 19:18,609451.9889,4387.3427,2864.508867
2019/5/29 19:21,611253.0333,4403.98456,2877.545746
2019/5/29 19:24,614737.0111,4508.742592,2906.289743
2019/5/29 19:27,616745.6778,4572.220701,2924.649058
2019/5/29 19:30,615682.9889,4431.342889,2916.916151
2019/5/29 19:33,616515.35,4267.232502,2889.007051
2019/5/29 19:36,617124.2111,3952.380787,2847.515942
2019/5/29 19:39,619240.35,3569.915219,2787.188543
2019/5/29 19:42,620456.9889,3407.50067,2764.904469
2019/5/29 19:45,625454.7556,3291.546637,2741.784594
2019/5/29 19:48,627859.0889,3318.956915,2736.865993
2019/5/29 19:51,633037.0944,3386.693795,2747.237658
2019/5/29 19:54,638575.3222,3528.427755,2768.774503
2019/5/29 19:57,643601.6444,3665.364051,2799.834711
2019/5/29 20:00,644268.4056,3522.385103,2807.939105
2019/5/29 20:03,644489.5111,3400.688312,2772.721971
2019/5/29 20:06,646097.8611,3263.471793,2765.022138
2019/5/29 20:09,650091.1889,3510.003717,2832.198871
2019/5/29 20:12,649535.6333,3656.151785,2854.131961
2019/5/29 20:15,649328.1611,3277.316685,2779.760724
2019/5/29 20:18,653527.7722,3271.727233,2801.902536
2019/5/29 20:21,657411.5444,3286.162557,2856.807658
2019/5/29 20:24,662347,3368.110694,2895.068901
2019/5/29 20:27,664878.5778,3419.460066,2911.876783
2019/5/29 20:30,666171.9611,3508.767057,2935.564637
2019/5/29 20:33,617507.5111,3603.712835,2776.270622
2019/5/29 20:36,535566.8222,3642.158812,2697.2945
2019/5/29 20:39,581966.2222,4162.513689,2934.864109
2019/5/29 20:42,597009.3889,4360.322409,3049.18312
2019/5/29 20:45,609731.5222,4363.247014,3098.885411
2019/5/29 20:48,623439.55,4402.714939,3161.092035
2019/5/29 20:51,640951.8722,4606.396701,3312.17567
2019/5/29 20:54,639921.0389,4412.611314,3159.190548
2019/5/29 20:57,646458.0056,4094.945382,2962.542619
2019/5/29 21:00,679384.0056,4199.010029,3059.590652
2019/5/29 21:03,685472.0556,4272.710297,3079.871054
2019/5/29 21:06,671448.6056,4211.907422,3016.178147
2019/5/29 21:09,657585.0944,3834.970019,2802.414344
2019/5/29 21:12,672976.5444,3767.579821,2778.411074
2019/5/29 21:15,679445.8556,3847.543466,2841.662381
2019/5/29 21:18,681546.1667,3798.429283,2845.113143
2019/5/29 21:21,674400.3722,3749.569855,2876.894538
2019/5/29 21:24,659843.6833,3589.334198,2806.005486
2019/5/29 21:27,666647.7389,3548.82888,2832.712781
2019/5/29 21:30,665291.2722,4036.046236,3063.603078
2019/5/29 21:33,662595.9333,4040.039299,3048.873987
2019/5/29 21:36,660818.9333,3923.453866,2973.664873
2019/5/29 21:39,664010.1444,3618.505185,2849.596097
2019/5/29 21:42,667686.55,3525.285065,2819.228302
2019/5/29 21:45,671157.4889,3687.084002,2897.578385
2019/5/29 21:48,678336.7944,3876.997369,2987.961263
2019/5/29 21:51,686335.2833,4265.940154,3144.136642
2019/5/29 21:54,690033.9611,4144.576573,3144.301649
2019/5/29 21:57,689124.3444,4153.489959,3137.12812
2019/5/29 22:00,633089.5556,4197.342921,2883.51054
2019/5/29 22:03,633952.1833,4175.038343,2886.703603
2019/5/29 22:06,637278.6833,4217.968632,2882.385821
2019/5/29 22:09,650783.7944,4444.161679,2850.239929
2019/5/29 22:12,657964.8222,4547.190915,2839.973577
2019/5/29 22:15,657491.6833,4571.630093,2855.234704
2019/5/29 22:18,662516.0889,4542.895368,2842.699803
2019/5/29 22:21,676741.2278,4638.95424,2927.435257
2019/5/29 22:24,690399.5056,4775.978991,3030.579277
2019/5/29 22:27,699036.9889,4836.129836,3089.568012
2019/5/29 22:30,701462.4111,4837.035779,3113.143327
2019/5/29 22:33,704535.1,4815.656751,3123.647508
2019/5/29 22:36,707977.5333,4837.101997,3160.618028
2019/5/29 22:39,709098.5,4913.351761,3186.536283
2019/5/29 22:42,714226.2056,5010.127531,3233.383763
2019/5/29 22:45,716593.8167,4988.606892,3224.931463
2019/5/29 22:48,713877.4222,4895.829951,3199.219531
2019/5/29 22:51,712353.2611,4820.194726,3193.875258
2019/5/29 22:54,712639.55,4807.809198,3209.540215
2019/5/29 22:57,714435.3333,4851.06999,3241.081958
2019/5/29 23:00,714716.0111,4795.275817,3210.357057
2019/5/29 23:03,714275.9944,4743.20177,3197.246665
2019/5/29 23:06,711352.6111,4681.437586,3176.412004
2019/5/29 23:09,712550.1944,4206.960203,2943.434533
2019/5/29 23:12,714233.9389,3984.842483,2831.369409
2019/5/29 23:15,718184.0889,4497.589103,3181.83927
2019/5/29 23:18,718575.1611,4597.651211,3197.559659
2019/5/29 23:21,717137.7278,4811.335301,3263.292249
2019/5/29 23:24,711610.5111,4722.456478,3219.718239
2019/5/29 23:27,708873.0778,4689.800085,3216.404677
2019/5/29 23:30,707875.4389,4680.36897,3204.686567
2019/5/29 23:33,704880.9944,4598.186531,3193.352918
2019/5/29 23:36,706013.7722,4572.932766,3232.64688
2019/5/29 23:39,706677.8,4634.444848,3256.385642
2019/5/29 23:42,707991.2778,4704.382144,3300.707675
2019/5/29 23:45,707906.7667,4629.037952,3235.187981
2019/5/29 23:48,705222.0944,4558.412792,3206.532806
2019/5/29 23:51,700874.0333,4555.163619,3207.291535
2019/5/29 23:54,687889.8778,4588.780031,3180.696225
2019/5/29 23:57,688991.6556,4659.778866,3234.494745
2019/5/30 0:00,693163.3889,4649.937147,3277.073188
2019/5/30 0:03,698791.9389,4516.957103,3215.62851
2019/5/30 0:06,697652.8667,4454.930776,3195.2215
2019/5/30 0:09,696039.4,4755.275809,3289.526801
2019/5/30 0:12,696195.7111,4923.931497,3354.062532
2019/5/30 0:15,693122.8,5054.331293,3343.458533
2019/5/30 0:18,692324.55,4992.871722,3343.337865
2019/5/30 0:21,696849.9111,4989.632353,3384.58103
2019/5/30 0:24,699204.4778,4924.284354,3357.128938
2019/5/30 0:27,702158.9389,4907.824671,3374.702095
2019/5/30 0:30,703553.7556,4821.08509,3358.174984
2019/5/30 0:33,704673.3722,4839.646941,3369.590121
2019/5/30 0:36,700217.5389,4844.841129,3369.286903
2019/5/30 0:39,697713.5667,4748.864017,3335.550554
2019/5/30 0:42,697560.9611,4749.736435,3350.295001
2019/5/30 0:45,695501.1444,4823.599662,3348.784562
2019/5/30 0:48,697797.1333,4803.378286,3346.763491
2019/5/30 0:51,701358.5778,4893.403217,3366.709647
2019/5/30 0:54,704444.7611,4758.486744,3293.367374
2019/5/30 0:57,703595.8056,4692.397669,3276.086321
2019/5/30 1:00,706795.6667,4867.039767,3314.567212
2019/5/30 1:03,707176.0444,4787.69599,3255.481244
2019/5/30 1:06,705887.1833,4683.387747,3167.446176
2019/5/30 1:09,706315.5611,4704.774122,3195.158067
2019/5/30 1:12,708983.4444,4759.892269,3251.136285
2019/5/30 1:15,709855.6333,5030.971,3307.821886
2019/5/30 1:18,706269.75,4893.033906,3266.87578
2019/5/30 1:21,696788.8667,4770.355342,3235.381817
2019/5/30 1:24,685534.0278,4694.555364,3085.540732
2019/5/30 1:27,692090.6278,4777.128693,3121.535407
2019/5/30 1:30,689828.0889,5075.558185,3296.237066
2019/5/30 1:33,689660.7444,5096.818455,3300.773967
2019/5/30 1:36,691394.0278,5243.078527,3357.687842
2019/5/30 1:39,694690.1111,5272.492983,3362.84561
2019/5/30 1:42,696580.9722,5287.589076,3376.551522
2019/5/30 1:45,698608.2889,5117.505807,3318.635332
2019/5/30 1:48,699512.3,5134.79373,3341.351306
2019/5/30 1:51,701409.4222,5207.982956,3382.58799
2019/5/30 1:54,705830.4778,5227.838418,3365.619706
2019/5/30 1:57,701583,5326.561072,3375.413669
2019/5/30 2:00,701041.9056,5229.29294,3297.591404
2019/5/30 2:03,701260.2667,5154.162583,3301.323699
2019/5/30 2:06,701139.4778,5130.092249,3354.889493
2019/5/30 2:09,698197,5001.07403,3324.392861
2019/5/30 2:12,694342.1444,4976.958647,3304.35077
2019/5/30 2:15,696500.6389,4908.603232,3281.482439
2019/5/30 2:18,695330.8722,4809.257684,3271.902665
2019/5/30 2:21,692914.6278,4739.333369,3306.212467
2019/5/30 2:24,687252.2444,4789.741014,3330.448342
2019/5/30 2:27,682083.7278,4850.840984,3361.785981
2019/5/30 2:30,686071.7833,5087.89266,3478.528526
2019/5/30 2:33,688911.0389,5099.724412,3475.713714
2019/5/30 2:36,688732.15,5185.234362,3517.219647
2019/5/30 2:39,689546.3444,5082.160084,3429.998526
2019/5/30 2:42,692891.35,5023.594493,3392.480479
2019/5/30 2:45,700470.4056,5153.035846,3408.50177
2019/5/30 2:48,704993.4278,5130.397462,3376.584102
2019/5/30 2:51,703922.0389,5122.179112,3327.306936
2019/5/30 2:54,703593.45,5127.09204,3296.934449
2019/5/30 2:57,703301.0667,5146.562081,3307.725665
2019/5/30 3:00,699870.7111,5227.0384,3332.054392
2019/5/30 3:03,697583.9444,5233.770646,3307.659666
2019/5/30 3:06,697725.7611,5291.694625,3328.810038
2019/5/30 3:09,694652.3167,5171.507608,3287.484483
2019/5/30 3:12,689718.6056,5087.45764,3269.183121
2019/5/30 3:15,690683.8222,4905.759103,3216.533901
2019/5/30 3:18,689119.0778,4868.678907,3163.602315
2019/5/30 3:21,685170.4778,4830.491804,3076.318514
2019/5/30 3:24,679049.2,4781.844296,3045.25669
2019/5/30 3:27,687747.65,4837.32321,3096.028677
2019/5/30 3:30,694194.9389,5051.465153,3268.501242
2019/5/30 3:33,698009.8667,5085.088746,3271.994732
2019/5/30 3:36,699528.0611,5203.910538,3295.437176
2019/5/30 3:39,698502.7833,5089.784913,3198.887846
2019/5/30 3:42,694162.9111,4971.842808,3104.784483
2019/5/30 3:45,696064.4111,5010.792673,3155.451084
2019/5/30 3:48,696514.45,4990.543649,3174.608729
2019/5/30 3:51,692227.2778,4936.861353,3209.443154
2019/5/30 3:54,691896.9667,4910.201303,3208.354122
2019/5/30 3:57,694158.4333,4963.441374,3250.622115
2019/5/30 4:00,696115.9944,5041.603623,3268.339837
2019/5/30 4:03,690727.6944,5099.021508,3278.222509
2019/5/30 4:06,689006.2889,5250.457181,3343.637468
2019/5/30 4:09,686948.5611,5146.173695,3307.111871
2019/5/30 4:12,682874.9667,5166.161005,3297.698239
2019/5/30 4:15,678731.3278,5084.615657,3208.22581
2019/5/30 4:18,681125.7444,5039.078952,3194.184803
2019/5/30 4:21,685348.0056,5105.987485,3240.143155
2019/5/30 4:24,693435.7389,5222.651204,3254.978164
2019/5/30 4:27,693295.3944,5254.604682,3273.607014
2019/5/30 4:30,686669.9222,5316.775299,3212.904169
2019/5/30 4:33,685720.4111,5205.968621,3146.007051
2019/5/30 4:36,687082.5,5124.213879,3108.310517
2019/5/30 4:39,689889.4222,5042.188012,3071.051084
2019/5/30 4:42,686061.9667,4938.249261,3023.42755
2019/5/30 4:45,686834.8056,5074.386256,3115.963899
2019/5/30 4:48,685277.0222,5113.238313,3144.396041
2019/5/30 4:51,683693.7778,5158.378168,3162.628017
2019/5/30 4:54,683021.0889,5017.099551,3086.848981
2019/5/30 4:57,685073.2667,5015.863318,3091.922023
2019/5/30 5:00,678403.1889,4875.41804,3051.085359
2019/5/30 5:03,678431.4,4716.888997,2998.140957
2019/5/30 5:06,680533.3722,4680.893713,3010.96012
2019/5/30 5:09,680761.1333,4783.976894,3030.496493
2019/5/30 5:12,682961.9278,4987.430631,3144.881464
2019/5/30 5:15,688083.1833,5244.49092,3313.444517
2019/5/30 5:18,685201.1111,5142.049013,3262.233583
2019/5/30 5:21,684728.15,5029.055817,3188.380273
2019/5/30 5:24,686675.85,5135.960672,3227.33713
2019/5/30 5:27,686809.2722,5225.887594,3275.056833
2019/5/30 5:30,685452.6333,5098.220389,3210.134075
2019/5/30 5:33,682629.2722,4943.990014,3098.217432
2019/5/30 5:36,677172.0944,4787.768934,3003.519667
2019/5/30 5:39,670750.2389,4748.507111,3010.989965
2019/5/30 5:42,669387.3667,4718.26047,3002.580552
2019/5/30 5:45,674882.7222,4809.297973,3050.145701
2019/5/30 5:48,673813.0833,4884.404849,3089.270797
2019/5/30 5:51,677273.5,5012.102201,3190.006502
2019/5/30 5:54,677004.8722,4999.719077,3203.057994
2019/5/30 5:57,669800.3667,4955.777937,3187.464397
2019/5/30 6:00,659770.0889,4806.88253,3064.222623
2019/5/30 6:03,657655.8556,4807.820919,3094.996095
2019/5/30 6:06,661247.6611,4897.680467,3210.790761
2019/5/30 6:09,663076.7,4854.754537,3208.384811
2019/5/30 6:12,666363.0056,4855.157319,3212.803117
2019/5/30 6:15,673578.7389,4888.214521,3196.456793
2019/5/30 6:18,676869.85,4869.131114,3177.217407
2019/5/30 6:21,675527.4444,4866.183108,3144.875598
2019/5/30 6:24,674377.5111,4916.827692,3172.112325
2019/5/30 6:27,673041.3444,4969.98481,3209.000202
2019/5/30 6:30,669632.4667,4846.17971,3191.426541
2019/5/30 6:33,670059.5278,4857.928503,3190.337178
2019/5/30 6:36,668623.1,4944.766724,3234.650197
2019/5/30 6:39,668729.7,4832.854211,3208.78608
2019/5/30 6:42,668943.3389,4804.885384,3221.039586
2019/5/30 6:45,670190.9889,4753.381374,3077.589239
2019/5/30 6:48,671820.8944,4657.816139,3034.398279
2019/5/30 6:51,673472.4056,4485.912728,2957.116689
2019/5/30 6:54,665330.2722,4557.516228,2989.078339
2019/5/30 6:57,656646.4889,4610.730018,3020.419437
2019/5/30 7:00,656919.85,4628.863774,3098.337958
2019/5/30 7:03,654456.6667,4611.372759,3078.932089
2019/5/30 7:06,656889.3722,4692.511949,3113.683853
2019/5/30 7:09,651470.8389,4535.866007,2985.409456
2019/5/30 7:12,643989.6833,4417.862047,2911.766676
2019/5/30 7:15,646632.3722,4457.436268,2896.485056
2019/5/30 7:18,650610.4611,4449.224895,2887.327569
2019/5/30 7:21,651653.9111,4498.841668,2893.6347
2019/5/30 7:24,656109.6056,4424.61658,2881.01606
2019/5/30 7:27,643792.25,4294.995878,2833.990666
2019/5/30 7:30,603836.8667,3951.480647,2647.246664
2019/5/30 7:33,595005.7722,3989.220036,2624.823644
2019/5/30 7:36,596208.0056,4171.353424,2710.06664
2019/5/30 7:39,606022.9167,4240.157539,2767.189865
2019/5/30 7:42,609630.8833,4284.282777,2799.989352
2019/5/30 7:45,612113.9889,4222.592116,2857.31803
2019/5/30 7:48,615292.9611,4237.896212,2867.836521
2019/5/30 7:51,617588.0167,4265.085469,2886.279178
2019/5/30 7:54,619570.6833,4327.313899,2906.224568
2019/5/30 7:57,620282.0333,4355.726942,2914.017345
2019/5/30 8:00,619621.75,4281.445977,2924.043685
2019/5/30 8:03,615050.9333,4231.188507,2914.953236
2019/5/30 8:06,617579.3889,4158.638555,2913.842212
2019/5/30 8:09,619463.0167,4018.757698,2896.22374
2019/5/30 8:12,622035.9611,3949.874229,2888.335036
2019/5/30 8:15,623464.4278,3838.267005,2864.707334
2019/5/30 8:18,625844.3833,3802.02031,2855.845422
2019/5/30 8:21,627390.8667,3714.441882,2838.822093
2019/5/30 8:24,636075.7778,3722.662557,2845.688659
2019/5/30 8:27,639902.9889,3743.363189,2824.913314
2019/5/30 8:30,640783.3389,3862.155455,2855.289457
2019/5/30 8:33,638249.7,3844.939263,2840.452838
2019/5/30 8:36,640722.0333,3838.909609,2851.021674
2019/5/30 8:39,641446.5778,3864.883885,2847.94005
2019/5/30 8:42,643111.5889,3887.993756,2845.31674
2019/5/30 8:45,644802.4722,4153.173752,2873.595115
2019/5/30 8:48,645644.4111,4150.988204,2872.668728
2019/5/30 8:51,645967.2444,4123.416681,2873.868175
2019/5/30 8:54,646170.9722,4054.216219,2857.027169
2019/5/30 8:57,645492.0278,4030.878455,2852.795224
2019/5/30 9:00,645979.2722,3918.406347,2859.79676
2019/5/30 9:03,646300.7222,3936.797925,2863.252477
2019/5/30 9:06,645614.3333,3999.406263,2882.429872
2019/5/30 9:09,645624.1056,4062.420918,2898.607033
2019/5/30 9:12,645906.1556,4095.595238,2907.928772
2019/5/30 9:15,644381.7889,3976.765794,2903.02019
2019/5/30 9:18,643560.3444,3936.414265,2888.861088
2019/5/30 9:21,642850.5778,3886.916213,2879.564536
2019/5/30 9:24,645038.9833,3903.932589,2869.214398
2019/5/30 9:27,649011.6833,3937.080792,2877.067938
2019/5/30 9:30,653860.9333,4220.612321,2944.35801
2019/5/30 9:33,654431.3778,4369.809911,2973.645421
2019/5/30 9:36,654387.6222,4667.561931,3032.829554
2019/5/30 9:39,652451.7333,4782.824125,3083.0513
2019/5/30 9:42,641995.8389,4751.833643,3062.412585
2019/5/30 9:45,627324.4333,4711.953733,3007.619925
2019/5/30 9:48,619211.9611,4672.587739,2969.639732
2019/5/30 9:51,610829.6111,4742.1116,2989.552458
2019/5/30 9:54,603995.7444,4770.815154,2996.882696
2019/5/30 9:57,599541.5222,4771.958003,2987.098787
2019/5/30 10:00,597533.6,4799.26839,3001.673237
2019/5/30 10:03,596549.4111,4778.474876,2992.773865
2019/5/30 10:06,596372.9667,4780.607539,2999.195589
2019/5/30 10:09,594896.9889,4779.430303,2992.16073
2019/5/30 10:12,593767.5278,4775.069843,2985.883683
2019/5/30 10:15,592825.4556,4718.851728,2982.61576
2019/5/30 10:18,592065.9222,4713.992509,2970.583789
2019/5/30 10:21,590176.4889,4771.575066,2969.765301
2019/5/30 10:24,591167.7333,4802.041753,2980.00933
2019/5/30 10:27,592495.3333,4817.90181,2980.289113
2019/5/30 10:30,593650.8333,4757.0054,2996.310263
2019/5/30 10:33,594394.1944,4739.837614,2989.72529
2019/5/30 10:36,594042.3222,4736.197274,3005.385723
2019/5/30 10:39,594169.55,4707.265441,2997.259234
2019/5/30 10:42,594506.2556,4665.317933,2981.802653
2019/5/30 10:45,594985.8556,4686.284325,2990.013105
2019/5/30 10:48,593863.4056,4650.170611,2979.223018
2019/5/30 10:51,593433.35,4649.671371,2985.192229
2019/5/30 10:54,592162.9611,4683.875388,2982.307059
2019/5/30 10:57,590972.5444,4682.11443,2969.762235
2019/5/30 11:00,589944.8056,4650.381468,2970.90928
2019/5/30 11:03,589927.5444,4649.185715,2970.094331
2019/5/30 11:06,590863.3444,4673.794015,2985.775588
2019/5/30 11:09,591911.5556,4601.037753,2979.587319
2019/5/30 11:12,593960.7944,4555.633341,2973.174384
2019/5/30 11:15,595376.9222,4501.930017,2961.997177
2019/5/30 11:18,596502.3889,4509.913837,2960.894027
2019/5/30 11:21,597356.5389,4540.940039,2969.814458
2019/5/30 11:24,597874.6,4587.206092,2977.769134
2019/5/30 11:27,598105.4056,4599.588743,2977.276871
2019/5/30 11:30,598088.8222,4667.014592,2987.692706
2019/5/30 11:33,599373.2167,4647.544186,2983.450162
2019/5/30 11:36,600758.3222,4626.90521,2988.278547
2019/5/30 11:39,599462.9333,4604.66382,2974.84122
2019/5/30 11:42,598507.0333,4560.46198,2953.901739
2019/5/30 11:45,598269.8222,4566.56783,2954.227439
2019/5/30 11:48,599556.9556,4568.566615,2947.449251
2019/5/30 11:51,601103.2944,4636.354768,2957.853555
2019/5/30 11:54,601744.4111,4591.150791,2957.698615
2019/5/30 11:57,602326.1389,4548.12173,2949.828438
2019/5/30 12:00,603710.1444,4596.501094,2964.7901
2019/5/30 12:03,602202.5222,4554.022002,2937.368532
2019/5/30 12:06,598695.1611,4496.746828,2910.799821
2019/5/30 12:09,600130.0611,4479.850213,2918.59141
2019/5/30 12:12,603597.0556,4470.685097,2922.791398
2019/5/30 12:15,608186.1,4523.714708,2934.541886
2019/5/30 12:18,607842.7556,4514.647503,2927.852955
2019/5/30 12:21,609251.4389,4537.8322,2935.091194
2019/5/30 12:24,611500.7833,4556.052388,2934.921077
2019/5/30 12:27,613391.5056,4552.78958,2933.449797
2019/5/30 12:30,615189.0222,4555.407115,2938.415363
2019/5/30 12:33,616473.4389,4572.79108,2941.1562
2019/5/30 12:36,617367.8333,4617.021513,2952.611812
2019/5/30 12:39,616241.7722,4600.672698,2956.465227
2019/5/30 12:42,613935.8833,4548.451342,2939.06874
2019/5/30 12:45,612735.0444,4615.073813,2964.562086
2019/5/30 12:48,610993.75,4593.694436,2953.180967
2019/5/30 12:51,610073.0222,4591.773793,2952.559125
2019/5/30 12:54,610086.5667,4551.884963,2947.366462
2019/5/30 12:57,611358.9833,4526.325074,2940.955228
2019/5/30 13:00,612714.8556,4512.242293,2931.682709
2019/5/30 13:03,612819.1389,4525.024159,2929.059716
2019/5/30 13:06,612805.55,4557.148181,2935.735917
2019/5/30 13:09,613198.5833,4575.231819,2946.645673
2019/5/30 13:12,611785.6167,4579.17361,2947.079753
2019/5/30 13:15,611058.0944,4628.730319,2963.166282
2019/5/30 13:18,611432.2778,4628.421116,2963.148503
2019/5/30 13:21,612322.4222,4647.410687,2971.535324
2019/5/30 13:24,612620.4722,4627.560573,2974.107101
2019/5/30 13:27,611539.9667,4607.730139,2971.125884
2019/5/30 13:30,612916.3222,4567.07758,2968.873382
2019/5/30 13:33,614348.7889,4588.664604,2970.862849
2019/5/30 13:36,614767.3111,4632.469606,2976.190425
2019/5/30 13:39,612148.7167,4631.082707,2980.973469
2019/5/30 13:42,609446.3222,4592.995149,2963.757505
2019/5/30 13:45,607167.4111,4658.045281,2991.374696
2019/5/30 13:48,604084.1056,4637.249744,2977.413713
2019/5/30 13:51,601115.95,4634.947582,2974.021256
2019/5/30 13:54,593685.1444,4573.567117,2942.509318
2019/5/30 13:57,590895.1,4556.706826,2922.785461
2019/5/30 14:00,594532.9722,4528.142352,2917.290848
2019/5/30 14:03,596692.2611,4447.714783,2904.602829
2019/5/30 14:06,598983.3889,4306.534843,2894.530287
2019/5/30 14:09,602757.4889,4504.094552,2927.5709
2019/5/30 14:12,605312.4889,4601.027648,2943.419789
2019/5/30 14:15,607147.7222,4671.894127,2963.615934
2019/5/30 14:18,608882.2944,4636.28398,2961.70527
2019/5/30 14:21,609690.1111,4578.525654,2963.846723
2019/5/30 14:24,612160.4611,4504.069009,2952.512634
2019/5/30 14:27,614191.1278,4463.038071,2946.892092
2019/5/30 14:30,614911.3278,4507.62754,2943.179382
2019/5/30 14:33,615211.2611,4516.923801,2948.846433
2019/5/30 14:36,615612.5111,4512.376607,2957.506111
2019/5/30 14:39,614463.1056,4346.117892,2932.890179
2019/5/30 14:42,613340.7389,4221.29021,2899.560676
2019/5/30 14:45,613875.7889,4393.689903,2905.748204
2019/5/30 14:48,614982.8167,4449.591978,2917.761855
2019/5/30 14:51,614673.1111,4540.716889,2938.380589
2019/5/30 14:54,614751.05,4531.230383,2940.398636
2019/5/30 14:57,615221.8722,4533.308757,2941.849
2019/5/30 15:00,614584.6889,4485.735708,2954.906842
2019/5/30 15:03,614430.8778,4475.820136,2943.615567
2019/5/30 15:06,614604.2667,4490.052592,2936.861949
2019/5/30 15:09,615814.6222,4460.61881,2935.270202
2019/5/30 15:12,616764.9889,4446.174014,2935.635623
2019/5/30 15:15,616671.9,4541.828594,2959.16169
2019/5/30 15:18,615752.5556,4535.497592,2955.930849
2019/5/30 15:21,614034.2111,4552.319518,2966.983424
2019/5/30 15:24,611755.2,4526.735912,2963.581993
2019/5/30 15:27,611862.2389,4515.436195,2963.461379
2019/5/30 15:30,611536.7222,4561.745502,2960.727929
2019/5/30 15:33,611477.9611,4533.647561,2954.379107
2019/5/30 15:36,612468.3278,4517.26291,2959.108795
2019/5/30 15:39,611726.5556,4536.739633,2962.002146
2019/5/30 15:42,609956.5556,4485.428127,2941.999653
2019/5/30 15:45,609722.4722,4505.905494,2937.775163
2019/5/30 15:48,610083.7444,4488.800518,2931.542955
2019/5/30 15:51,610072.9667,4473.670064,2928.630624
2019/5/30 15:54,610791.3722,4483.842347,2937.986868
2019/5/30 15:57,611449.5167,4499.876519,2942.297595
2019/5/30 16:00,612146.3944,4551.55831,2954.252416
2019/5/30 16:03,613541.2111,4525.646581,2951.043327
2019/5/30 16:06,614448.3111,4484.486448,2960.064405
2019/5/30 16:09,615099.8389,4528.613901,2964.82924
2019/5/30 16:12,616472.7,4550.320756,2970.970427
2019/5/30 16:15,617403.5389,4552.01523,2980.393012
2019/5/30 16:18,616625.9111,4553.870207,2979.240139
2019/5/30 16:21,617615.6944,4572.252277,2984.813253
2019/5/30 16:24,617154.9,4538.877725,2963.397807
2019/5/30 16:27,617058.4556,4519.626248,2954.174752
2019/5/30 16:30,616730.1222,4576.213854,2976.9322
2019/5/30 16:33,616324.0278,4570.072847,2971.932119
2019/5/30 16:36,616225.0722,4573.935577,2975.120745
2019/5/30 16:39,616540.5111,4578.851134,2962.240915
2019/5/30 16:42,614397.8333,4506.72891,2923.608376
2019/5/30 16:45,613132.5833,4526.464469,2904.852531
2019/5/30 16:48,613499.3167,4487.398683,2884.933149
2019/5/30 16:51,615270.8056,4496.262751,2882.027135
2019/5/30 16:54,615248.2944,4509.364028,2893.296102
2019/5/30 16:57,615459.85,4519.222296,2897.845193
2019/5/30 17:00,615576.6056,4564.549032,2904.265074
2019/5/30 17:03,616591.6778,4542.067517,2912.35284
2019/5/30 17:06,617437.6944,4516.650497,2941.486258
2019/5/30 17:09,617552.4944,4458.685362,2928.824322
2019/5/30 17:12,606566.4778,4323.182339,2895.316643
2019/5/30 17:15,606972.6222,4198.286797,2864.672769
2019/5/30 17:18,610236.0722,4313.322832,2870.787094
2019/5/30 17:21,613651.6833,4484.454208,2890.457133
2019/5/30 17:24,616467.5056,4513.813141,2907.748075
2019/5/30 17:27,617374.4667,4528.768531,2916.682305
2019/5/30 17:30,619014.4667,4586.970249,2937.733223
2019/5/30 17:33,620118.6,4590.036064,2940.61814
2019/5/30 17:36,620216.8889,4602.506146,2949.606582
2019/5/30 17:39,618397.7333,4610.479765,2952.458462
2019/5/30 17:42,614077.3444,4548.744402,2928.364495
2019/5/30 17:45,613945.5222,4578.15273,2913.644122
2019/5/30 17:48,613938.2833,4555.752753,2904.941746
2019/5/30 17:51,613885.8889,4548.789858,2900.417782
2019/5/30 17:54,609890.6111,4461.816828,2883.740536
2019/5/30 17:57,606867.7778,4398.316526,2873.958061
2019/5/30 18:00,609237.7611,4346.584975,2857.705535
2019/5/30 18:03,611236.3333,4351.010672,2855.278858
2019/5/30 18:06,612020.9611,4384.286095,2859.669461
2019/5/30 18:09,615048.05,4389.079378,2865.911337
2019/5/30 18:12,617348.0889,4398.384441,2872.019137
2019/5/30 18:15,618754.4667,4510.841174,2917.173404
2019/5/30 18:18,618605.6833,4553.397841,2925.759008
2019/5/30 18:21,617697.8,4634.453117,2938.763044
2019/5/30 18:24,616982.35,4506.244214,2938.060308
2019/5/30 18:27,617772.3389,4439.542804,2936.710834
2019/5/30 18:30,619321.1222,4024.156531,2866.938628
2019/5/30 18:33,624535.3778,3988.740155,2851.098579
2019/5/30 18:36,627169.7056,3949.114532,2834.05741
2019/5/30 18:39,622571.7889,3870.785652,2806.044558
2019/5/30 18:42,621221.4611,3822.649441,2791.437
2019/5/30 18:45,619596.8278,3412.339609,2742.057397
2019/5/30 18:48,621962.3333,3306.207842,2714.794055
2019/5/30 18:51,622385.3611,3141.721828,2686.962893
2019/5/30 18:54,626207.2833,3147.469108,2660.906483
2019/5/30 18:57,628423.0222,3151.973126,2654.23201
2019/5/30 19:00,627074.1167,3249.660411,2650.946849
2019/5/30 19:03,641515.0556,3307.722216,2670.314181
2019/5/30 19:06,654923.0722,3357.128739,2710.657306
2019/5/30 19:09,660380.4889,3537.872088,2775.696812
2019/5/30 19:12,659633.1611,3633.414752,2814.790019
2019/5/30 19:15,660909.7333,3928.954905,2784.623122
2019/5/30 19:18,659148.5111,3960.686224,2776.446975
2019/5/30 19:21,657354.6,4159.506136,2807.375653
2019/5/30 19:24,655747.05,4241.411527,2790.287136
2019/5/30 19:27,658099.0389,4245.699838,2775.632498
2019/5/30 19:30,667818.1611,4375.996144,2816.957998
2019/5/30 19:33,672173.2778,4390.228968,2836.490204
2019/5/30 19:36,675881.55,4433.484921,2887.684199
2019/5/30 19:39,676369.9722,4440.940627,2900.198174
2019/5/30 19:42,679370.2833,4478.916224,2928.23648
2019/5/30 19:45,680615.8,4664.64295,2983.015866
2019/5/30 19:48,683965.1111,4716.105023,3007.638197
2019/5/30 19:51,682767.7222,4809.555915,3053.5881
2019/5/30 19:54,680064.4944,4778.087836,3017.153624
2019/5/30 19:57,680640.7278,4765.371506,3003.535261
2019/5/30 20:00,681024.6556,4635.44822,2977.826668
2019/5/30 20:03,680045.4389,4583.858188,2949.04661
2019/5/30 20:06,680517.6,4565.328024,2920.136871
2019/5/30 20:09,682550.0056,4575.71622,2906.792345
2019/5/30 20:12,682306.0444,4564.241335,2895.003791
2019/5/30 20:15,681024.9944,4569.233523,2914.001386
2019/5/30 20:18,675798.6056,4544.864738,2896.491116
2019/5/30 20:21,676516.0833,4529.507407,2902.979623
2019/5/30 20:24,675603.45,4581.239605,2900.24116
2019/5/30 20:27,681236.3833,4625.416716,2925.6204
2019/5/30 20:30,684757.5611,4701.822486,2997.892516
2019/5/30 20:33,682322.0667,4697.399139,2984.004736
2019/5/30 20:36,680466.2667,4712.237369,2960.116397
2019/5/30 20:39,684693.6667,4626.977566,2940.64147
2019/5/30 20:42,685697.2111,4637.073331,2969.716736
2019/5/30 20:45,688790.7111,4751.256702,3048.493923
2019/5/30 20:48,693288.3056,4749.80342,3050.414622
2019/5/30 20:51,695681.0444,4787.206782,3071.077208
2019/5/30 20:54,694529.7722,4820.577712,3092.802082
2019/5/30 20:57,695210.1556,4857.309685,3117.899075
2019/5/30 21:00,690163.9444,4842.203396,3097.265623
2019/5/30 21:03,689596.0778,4783.409907,3069.049273
2019/5/30 21:06,690116.5222,4758.575317,3057.281821
2019/5/30 21:09,690269.3889,4784.017831,3068.805951
2019/5/30 21:12,689007.7278,4803.503427,3080.840347
2019/5/30 21:15,687299.6944,4785.054998,3075.652292
2019/5/30 21:18,685714.9833,4760.726852,3068.532552
2019/5/30 21:21,684701.0444,4787.914938,3084.191893
2019/5/30 21:24,682958.3833,4766.171629,3065.411057
2019/5/30 21:27,687763.9556,4748.981314,3058.023538
2019/5/30 21:30,690163.8,4678.635995,3025.2541
2019/5/30 21:33,688448.2667,4644.350315,3007.925851
2019/5/30 21:36,685294.2389,4643.800193,3000.501727
2019/5/30 21:39,683876.7389,4700.854627,3021.137824
2019/5/30 21:42,683432.3111,4710.273121,3023.286325
2019/5/30 21:45,684236.6,4730.828825,3046.768755
2019/5/30 21:48,684697.1667,4695.070252,3043.935809
2019/5/30 21:51,682484.85,4638.230609,3039.693936
2019/5/30 21:54,681570.8167,4571.057894,3017.158067
2019/5/30 21:57,678699.4889,4540.670531,2999.693533
2019/5/30 22:00,678223.5222,4675.07219,3029.376243
2019/5/30 22:03,679556.5333,4651.587751,3015.168632
2019/5/30 22:06,680557.3889,4687.055274,3028.758836
2019/5/30 22:09,680132.0056,4575.353509,3036.48584
2019/5/30 22:12,678658.1444,4518.580528,3036.744378
2019/5/30 22:15,680528.7111,4551.904484,3037.443906
2019/5/30 22:18,681300.1556,4531.536772,3026.645426
2019/5/30 22:21,682283.9722,4572.584856,3047.390161
2019/5/30 22:24,683223.6944,4558.407036,3045.256529
2019/5/30 22:27,689604.6667,4560.51332,3048.554638
2019/5/30 22:30,694201.9722,4597.698093,3089.815904
2019/5/30 22:33,692290.0944,4597.297276,3082.320722
2019/5/30 22:36,688474.8889,4639.871593,3087.631172
2019/5/30 22:39,684985.8444,4694.925353,3076.516423
2019/5/30 22:42,685283.0667,4737.633376,3084.117166
2019/5/30 22:45,684419.4111,4724.451604,3132.973019
2019/5/30 22:48,683628.2,4702.765232,3125.290047
2019/5/30 22:51,682351.0222,4712.158079,3141.773284
2019/5/30 22:54,679718.1111,4599.232923,3124.362994
2019/5/30 22:57,678653.3444,4558.631538,3114.400897
2019/5/30 23:00,680027.1556,4667.700217,3132.267585
2019/5/30 23:03,681532.7667,4674.418976,3131.611518
2019/5/30 23:06,682565.5556,4734.655513,3156.796938
2019/5/30 23:09,683522.4278,4661.621906,3157.435148
2019/5/30 23:12,684356.1111,4630.79939,3165.29403
2019/5/30 23:15,685268.3444,4523.714206,3170.073726
2019/5/30 23:18,686985.15,4418.706849,3153.555941
2019/5/30 23:21,689517.1944,4282.40143,3150.236979
2019/5/30 23:24,691490.8944,4109.197914,3133.706602
2019/5/30 23:27,691785.95,4024.649415,3136.884997
2019/5/30 23:30,691902.7722,3978.660377,3149.359623
2019/5/30 23:33,690539.3,3944.366612,3138.861767
2019/5/30 23:36,685201.3889,3947.574682,3139.167392
2019/5/30 23:39,682214.3556,4002.348762,3165.432983
2019/5/30 23:42,657488.9056,4115.723716,2998.518468
2019/5/30 23:45,615079.2889,4330.962278,2959.777546
2019/5/30 23:48,628418.0278,4524.080851,3039.758164
2019/5/30 23:51,634291.0278,4945.410238,3206.429249
2019/5/30 23:54,640738.0889,4784.307373,3145.668773
2019/5/30 23:57,656617.7389,4712.132585,3172.61582
2019/5/31 0:00,662656.8,4949.939676,3437.591044
2019/5/31 0:03,663249.7889,4953.376177,3425.143055
2019/5/31 0:06,658648.7611,4929.1244,3357.751558
2019/5/31 0:09,660724.5611,4680.624052,3164.939043
2019/5/31 0:12,672072.9778,4638.293622,3116.713804
2019/5/31 0:15,670299.2333,4727.670886,3275.107502
2019/5/31 0:18,670571.5778,4696.741765,3295.659524
2019/5/31 0:21,672684.4167,4724.920127,3360.46742
2019/5/31 0:24,674101.7556,4665.817655,3339.115697
2019/5/31 0:27,673863.2944,4653.818594,3343.463039
2019/5/31 0:30,669638.6778,4639.172369,3291.669658
2019/5/31 0:33,660907.7111,4396.23822,3107.304198
2019/5/31 0:36,665122.1722,4522.053046,3113.201016
2019/5/31 0:39,665929.5167,4569.665551,3115.597927
2019/5/31 0:42,674825.9889,4589.026165,3191.48166
2019/5/31 0:45,680795.9667,5034.123477,3444.594253
2019/5/31 0:48,680874.9556,4998.588293,3418.911007
2019/5/31 0:51,683605.7778,5055.431073,3422.080564
2019/5/31 0:54,685150.5556,5027.821632,3398.760751
2019/5/31 0:57,682638.9222,5042.47886,3413.852956
2019/5/31 1:00,670250.4167,4803.909352,3235.312945
2019/5/31 1:03,671378.8278,4350.901639,3027.192764
2019/5/31 1:06,681425.9056,4421.763026,3182.335872
2019/5/31 1:09,678329.1667,4938.869798,3331.613989
2019/5/31 1:12,675531.2389,5117.70481,3382.346715
2019/5/31 1:15,672204.3056,4913.776304,3298.557718
2019/5/31 1:18,673587.3611,4804.868956,3305.612006
2019/5/31 1:21,672621.0556,4885.800616,3420.393927
2019/5/31 1:24,672595.0333,4920.167311,3413.475812
2019/5/31 1:27,675571.7556,4917.342688,3395.783999
2019/5/31 1:30,676242.3056,4814.992071,3304.449294
2019/5/31 1:33,676831.4,4823.490691,3314.084729
2019/5/31 1:36,675797.1056,4884.42091,3333.833699
2019/5/31 1:39,674295.4333,4895.854929,3322.892207
2019/5/31 1:42,672582.7889,4907.641041,3328.214875
2019/5/31 1:45,668935.5889,5062.582819,3397.687937
2019/5/31 1:48,671684.1333,4988.308965,3338.414808
2019/5/31 1:51,672514.3111,4803.025702,3176.224304
2019/5/31 1:54,674249.0722,4696.818883,3160.198139
2019/5/31 1:57,677860.1389,4697.372182,3218.005388
2019/5/31 2:00,682996.9889,5087.820289,3426.042797
2019/5/31 2:03,676561.4667,4909.261758,3309.571456
2019/5/31 2:06,676312.9278,4772.149443,3220.886852
2019/5/31 2:09,685166.5,4829.465981,3294.282567
2019/5/31 2:12,687045.2944,4853.687133,3343.408648
2019/5/31 2:15,685576.3778,4707.247904,3351.634847
2019/5/31 2:18,684139.3778,4726.810203,3354.602578
2019/5/31 2:21,684326.5389,4774.424625,3377.534758
2019/5/31 2:24,687840.1833,4796.993559,3363.540359
2019/5/31 2:27,690867.7944,4879.935702,3400.157524
2019/5/31 2:30,694131.3333,5040.665809,3474.273711
2019/5/31 2:33,695827.8444,5033.038597,3458.157303
2019/5/31 2:36,696621.8778,5073.127416,3483.478439
2019/5/31 2:39,697966.8,5103.271652,3497.45593
2019/5/31 2:42,700905.6444,5130.245661,3521.600574
2019/5/31 2:45,699383.2111,5150.505293,3480.024386
2019/5/31 2:48,696834.95,5078.377079,3437.890238
2019/5/31 2:51,692804.0056,5005.441657,3385.972061
2019/5/31 2:54,693224.0278,4457.193739,3081.586884
2019/5/31 2:57,700022.6778,4128.974522,2915.700373
2019/5/31 3:00,698141.6167,3737.5934,2662.566021
2019/5/31 3:03,699901.0222,3676.772159,2654.444868
2019/5/31 3:06,705280.3,3711.779136,2713.262838
2019/5/31 3:09,706462.6167,3984.731964,3034.994809
2019/5/31 3:12,707861.8389,4099.788176,3170.873325
2019/5/31 3:15,695680.7167,4990.323534,3515.179885
2019/5/31 3:18,684826.5611,4786.417046,3343.956527
2019/5/31 3:21,680350.2611,4665.482993,3210.124726
2019/5/31 3:24,677188.8889,4720.922847,3202.018062
2019/5/31 3:27,673381.6889,4769.920608,3224.450776
2019/5/31 3:30,676520.0944,5052.422949,3376.186145
2019/5/31 3:33,677224.6778,5043.25207,3362.531064
2019/5/31 3:36,677116.3389,5140.194048,3388.515723
2019/5/31 3:39,679880.6556,5063.479688,3352.835756
2019/5/31 3:42,684114.15,5096.234778,3377.681194
2019/5/31 3:45,686405.1944,4962.139499,3235.368195
2019/5/31 3:48,688886.7556,4985.722613,3265.97744
2019/5/31 3:51,681369.2,5073.163072,3296.381652
2019/5/31 3:54,668236.2778,4820.33207,3164.187091
2019/5/31 3:57,651504.1,4645.700313,3093.676345
2019/5/31 4:00,642098.5056,4380.911739,2954.486115
2019/5/31 4:03,637454.8889,4238.268655,2867.962021
2019/5/31 4:06,639958.4611,4321.194202,2895.589809
2019/5/31 4:09,644013.65,4304.518631,2873.560138
2019/5/31 4:12,643807.3389,4226.051606,2834.08386
2019/5/31 4:15,654323.2333,4332.968415,2921.354843
2019/5/31 4:18,655528.2111,4327.344029,2908.857623
2019/5/31 4:21,655319.1611,4326.280955,2902.556742
2019/5/31 4:24,660857.1722,4398.103485,2964.405232
2019/5/31 4:27,661902.5222,4484.899606,3017.510504
2019/5/31 4:30,663071.5389,4727.740878,3061.772822
2019/5/31 4:33,662667.8778,4656.878165,3058.109899
2019/5/31 4:36,662746.8778,4643.863077,3105.797188
2019/5/31 4:39,663269.0278,4735.822382,3120.35441
2019/5/31 4:42,665014.5278,4791.009991,3137.5805
2019/5/31 4:45,664334.1222,4898.492329,3150.340184
2019/5/31 4:48,664268.3111,4778.562238,3096.862873
2019/5/31 4:51,668651.5222,4710.319897,3077.452641
2019/5/31 4:54,673318.5111,4686.731577,3049.529531
2019/5/31 4:57,674161.1222,4695.582847,3058.051132
2019/5/31 5:00,670662.3667,4754.704535,3048.779012
2019/5/31 5:03,666171.8722,4726.810268,3050.609659
2019/5/31 5:06,659076.4667,4730.424091,3071.715633
2019/5/31 5:09,652912.7722,4709.607429,3062.017333
2019/5/31 5:12,649052.1833,4700.329794,3065.82824
2019/5/31 5:15,643343.9556,4555.961424,2991.496971
2019/5/31 5:18,643332.6,4509.983212,2942.705402
2019/5/31 5:21,643469.2722,4530.399576,2926.773954
2019/5/31 5:24,643565.6167,4506.286591,2922.978793
2019/5/31 5:27,645308.4556,4586.807438,2960.074206
2019/5/31 5:30,645496.9944,4512.712062,2905.114042
2019/5/31 5:33,646860.45,4485.955063,2899.007955
2019/5/31 5:36,646647.8833,4565.4809,2966.086491
2019/5/31 5:39,644847.7333,4543.976321,2947.031242
2019/5/31 5:42,643034.8056,4520.36906,2932.719029
2019/5/31 5:45,643624.2944,4515.261382,2965.524243
2019/5/31 5:48,642681.8056,4418.37162,2989.012952
2019/5/31 5:51,645231.0389,4283.693736,3042.150407
2019/5/31 5:54,647704.4944,4353.08582,3063.772492
2019/5/31 5:57,650397.5889,4414.276358,3088.870823
2019/5/31 6:00,653297.6389,4482.153261,3140.643913
2019/5/31 6:03,653272.6556,4455.711454,3134.675958
2019/5/31 6:06,647872.2556,4475.267879,3171.332042
2019/5/31 6:09,651767.4556,4456.015909,3156.570849
2019/5/31 6:12,655808.0111,4475.678441,3164.626696
2019/5/31 6:15,660618.6944,4571.983721,3192.824114
2019/5/31 6:18,662985.5,4545.443725,3192.650875
2019/5/31 6:21,663844.9778,4517.404413,3207.323008
2019/5/31 6:24,666318.4,4516.083463,3204.424148
2019/5/31 6:27,667989.9556,4537.389354,3216.979577
2019/5/31 6:30,669727.1778,4666.124588,3229.401488
2019/5/31 6:33,670423.0889,4710.515269,3211.332193
2019/5/31 6:36,671075.3889,4817.059728,3193.808328
2019/5/31 6:39,671137.8,4848.931424,3179.394117
2019/5/31 6:42,671806.2,4886.620666,3188.811656
2019/5/31 6:45,671540.2389,4864.771918,3146.745292
2019/5/31 6:48,670666.8611,4813.876587,3122.368196
2019/5/31 6:51,670249.2556,4809.484435,3126.819178
2019/5/31 6:54,668398.9056,4791.333809,3090.68637
2019/5/31 6:57,657904.2444,4686.707805,3020.828015
2019/5/31 7:00,661638.9056,4587.298491,2932.426887
2019/5/31 7:03,668544.4778,4599.964195,2972.603481
2019/5/31 7:06,674710.5389,4635.698932,3048.984994
2019/5/31 7:09,679454.1278,4642.395079,3087.845567
2019/5/31 7:12,682705.8944,4648.956644,3118.704841
2019/5/31 7:15,684314.35,4763.240492,3146.002438
2019/5/31 7:18,686972.3778,4799.628942,3140.801818
2019/5/31 7:21,682827.2833,4862.750984,3129.142945
2019/5/31 7:24,668153.0222,4909.839274,3087.630413
2019/5/31 7:27,654737.8278,4826.818761,2988.000254
2019/5/31 7:30,648311.9944,4954.798469,3052.358038
2019/5/31 7:33,649857.6778,4947.31478,3059.497779
2019/5/31 7:36,650523.8278,5016.181127,3101.408848
2019/5/31 7:39,648936.0722,4942.576355,3055.748578
2019/5/31 7:42,643202.9278,4854.575058,3004.906935
2019/5/31 7:45,638991.3389,4796.618037,2965.266667
2019/5/31 7:48,638467.4667,4702.88267,2914.244605
2019/5/31 7:51,639655.6278,4727.626219,2932.419573
2019/5/31 7:54,631176.2944,4596.655923,2892.083615
2019/5/31 7:57,620301.85,4460.929506,2834.68462
2019/5/31 8:00,623306.7722,4392.074531,2742.988752
2019/5/31 8:03,623589.0111,4448.051922,2743.300131
2019/5/31 8:06,624668.4333,4493.369656,2759.280161
2019/5/31 8:09,626303.9778,4465.34886,2746.635419
2019/5/31 8:12,627136.7389,4449.742045,2740.663025
2019/5/31 8:15,625984.3389,4472.751503,2739.647421
2019/5/31 8:18,625259.2667,4437.504156,2709.33974
2019/5/31 8:21,627851.4167,4419.148905,2684.894973
2019/5/31 8:24,630283.4111,4378.45459,2690.390385
2019/5/31 8:27,632054.4167,4365.362106,2696.855388
2019/5/31 8:30,629923.3889,4244.645884,2674.698952
2019/5/31 8:33,625730.3333,4210.575328,2644.509335
2019/5/31 8:36,621233.75,4195.739995,2618.710597
2019/5/31 8:39,621677.7056,4204.963173,2617.057284
2019/5/31 8:42,623851.3722,4194.439466,2609.326603
2019/5/31 8:45,626876.5667,4235.725328,2624.602922
2019/5/31 8:48,626730.6944,4251.212385,2630.945047
2019/5/31 8:51,628181.0889,4311.030407,2655.009967
2019/5/31 8:54,626292.5889,4276.0128,2651.304514
2019/5/31 8:57,626126.7167,4287.171862,2659.972446
2019/5/31 9:00,624475.75,4274.775061,2706.833274
2019/5/31 9:03,624656.1944,4242.668518,2704.747546
2019/5/31 9:06,623217.7944,4219.59233,2722.466454
2019/5/31 9:09,623270.8167,4230.502143,2724.742306
2019/5/31 9:12,623456.4333,4231.088741,2723.477656
2019/5/31 9:15,623696.1056,4209.335159,2681.833913
2019/5/31 9:18,625641.9278,4179.81073,2625.821655
2019/5/31 9:21,629845.8944,4220.517454,2665.372818
2019/5/31 9:24,631030.3056,4184.885645,2656.495924
2019/5/31 9:27,628108,4151.077034,2648.576607
2019/5/31 9:30,630174.0333,4171.861243,2668.396508
2019/5/31 9:33,631262.5833,4168.815219,2667.428451
2019/5/31 9:36,630213.4,4185.579787,2675.894078
2019/5/31 9:39,631057.7056,4095.774793,2668.08925
2019/5/31 9:42,628391.3833,4095.135662,2658.90118
2019/5/31 9:45,626089.6722,4192.083394,2721.009537
2019/5/31 9:48,626528.3389,4203.774964,2743.144801
2019/5/31 9:51,628831.5611,4122.870817,2748.680481
2019/5/31 9:54,627698.9944,4097.318256,2763.753564
2019/5/31 9:57,630599.2111,4106.434933,2793.734197
2019/5/31 10:00,634173.4889,4196.040804,2831.64161
2019/5/31 10:03,636923.3111,4222.952198,2840.641779
2019/5/31 10:06,635969.8389,4258.079325,2840.852994
2019/5/31 10:09,637292.7722,4299.83327,2848.126911
2019/5/31 10:12,638479.7667,4314.887403,2850.391523
2019/5/31 10:15,640132.65,4445.607299,2876.105123
2019/5/31 10:18,640565.1056,4405.944798,2864.262347
2019/5/31 10:21,639931.0778,4393.922378,2875.197797
2019/5/31 10:24,640886.4944,4370.591668,2860.011244
2019/5/31 10:27,640865.4611,4360.622972,2858.116575
2019/5/31 10:30,641563.6556,4376.823922,2855.346066
2019/5/31 10:33,644306.65,4401.859931,2855.275822
2019/5/31 10:36,645880.2833,4460.330299,2874.557964
2019/5/31 10:39,645291.4778,4438.884817,2862.256078
2019/5/31 10:42,645802.4167,4440.262721,2864.033777
2019/5/31 10:45,646138.8333,4375.745944,2849.800296
2019/5/31 10:48,649563.6278,4423.255614,2854.419172
2019/5/31 10:51,647456.7556,4482.253287,2855.132629
2019/5/31 10:54,644467.8667,4494.828254,2836.246639
2019/5/31 10:57,644447.2944,4515.550782,2836.934834
2019/5/31 11:00,642329.5889,4438.569707,2805.831603
2019/5/31 11:03,639678.4722,4378.066916,2763.562471
2019/5/31 11:06,633913.3944,4264.304855,2698.166963
2019/5/31 11:09,634100.8278,4172.921372,2703.088374
2019/5/31 11:12,631331.1944,4119.802701,2696.677002
2019/5/31 11:15,632897.3222,4088.828162,2693.099174
2019/5/31 11:18,634766.2611,4146.444997,2709.801146
2019/5/31 11:21,638759.8556,4293.479519,2758.909952
2019/5/31 11:24,638737.3833,4260.066175,2745.972935
2019/5/31 11:27,639249.8222,4235.117937,2738.047529
2019/5/31 11:30,642083.9556,4266.678885,2751.882336
2019/5/31 11:33,641059.3333,4261.818213,2746.683408
2019/5/31 11:36,643119.1222,4313.828954,2772.894756
2019/5/31 11:39,646182.2667,4346.530558,2797.845148
2019/5/31 11:42,645087.1944,4338.79787,2799.316275
2019/5/31 11:45,643643.2833,4241.414572,2765.968097
2019/5/31 11:48,644184.5889,4235.174303,2762.763276
2019/5/31 11:51,641822.2389,4229.298456,2771.234196
2019/5/31 11:54,645229.9278,4197.799978,2766.727753
2019/5/31 11:57,648632.5556,4210.511507,2778.395514
2019/5/31 12:00,650336.2778,4250.451319,2804.870329
2019/5/31 12:03,653217.7056,4233.580025,2817.400217
2019/5/31 12:06,653569.2056,4200.009268,2839.426325
2019/5/31 12:09,651527.1722,4217.08483,2820.562674
2019/5/31 12:12,647386.5222,4230.813164,2808.137267
2019/5/31 12:15,648016.4,4225.363619,2800.367335
2019/5/31 12:18,646324.7889,4210.519496,2788.151654
2019/5/31 12:21,643238.6222,4184.238508,2765.357582
2019/5/31 12:24,641257.6167,4179.113245,2747.23523
2019/5/31 12:27,642745.7444,4196.805415,2741.783705
2019/5/31 12:30,644994.5278,4279.861265,2786.719213
2019/5/31 12:33,644283.6667,4254.465998,2772.325902
2019/5/31 12:36,642583.8333,4225.172267,2760.831455
2019/5/31 12:39,640745.4278,4226.900743,2737.278794
2019/5/31 12:42,640432.9111,4214.176604,2717.70217
2019/5/31 12:45,640883.4556,4205.342985,2710.527298
2019/5/31 12:48,637951.9333,4148.236686,2688.234466
2019/5/31 12:51,641502.3556,4160.188815,2708.363817
2019/5/31 12:54,642366.3667,4088.180283,2725.469073
2019/5/31 12:57,634632.7111,4046.093159,2715.446181
2019/5/31 13:00,627492.7722,3937.487911,2675.943549
2019/5/31 13:03,626570.5389,3966.468821,2679.300693
2019/5/31 13:06,627806.1833,4062.456313,2703.120859
2019/5/31 13:09,631157.3167,4131.987028,2717.558211
2019/5/31 13:12,631740.4556,4178.860355,2735.875015
2019/5/31 13:15,633029.0111,4106.734912,2752.785827
2019/5/31 13:18,632261.8722,4094.642618,2750.230301
2019/5/31 13:21,632312.1389,4120.95725,2772.883799
2019/5/31 13:24,630509.6278,4151.451635,2747.595194
2019/5/31 13:27,622121.1167,4136.841045,2718.066454
2019/5/31 13:30,622033.9667,4227.961087,2736.720626
2019/5/31 13:33,622654.8944,4240.966774,2727.069318
2019/5/31 13:36,624369.8778,4252.532405,2732.282066
2019/5/31 13:39,624168.9444,4217.181297,2708.660309
2019/5/31 13:42,626076.5389,4199.809454,2698.285039
2019/5/31 13:45,629781.8222,4187.462691,2723.103309
2019/5/31 13:48,631948.9556,4150.546023,2722.599385
2019/5/31 13:51,631904.1389,4096.015417,2728.807918
2019/5/31 13:54,633033.1722,4117.29217,2730.879076
2019/5/31 13:57,632904.1833,4110.033266,2723.374133
2019/5/31 14:00,631712.2667,4101.4531,2693.284048
2019/5/31 14:03,631094.1778,4092.284671,2681.552692
2019/5/31 14:06,630993.0222,4123.688568,2685.458461
2019/5/31 14:09,628613.6556,4097.492072,2662.757161
2019/5/31 14:12,628631.3444,4096.181444,2650.970672
2019/5/31 14:15,630103.1111,4083.707754,2649.342488
2019/5/31 14:18,631100.2222,4089.416408,2654.811466
2019/5/31 14:21,633320.2444,4113.747493,2671.696493
2019/5/31 14:24,634046.95,4140.778683,2688.151044
2019/5/31 14:27,635004.3222,4151.656267,2694.935117
2019/5/31 14:30,635965.9333,3973.145091,2690.406181
2019/5/31 14:33,636236.5278,3927.204799,2672.863247
2019/5/31 14:36,627389.9278,3814.76348,2621.91886
2019/5/31 14:39,625054.4167,3776.670357,2570.460314
2019/5/31 14:42,633443.8833,3799.82598,2561.299518
2019/5/31 14:45,642887.7111,3936.511217,2610.520602
2019/5/31 14:48,647602.8556,3967.678472,2632.91134
2019/5/31 14:51,646369.4278,3980.327208,2647.028055
2019/5/31 14:54,652969.1056,3996.752015,2674.987874
2019/5/31 14:57,662006.7278,4010.700372,2690.452456
2019/5/31 15:00,666550,4088.160099,2739.250107
2019/5/31 15:03,666753.6333,4058.519871,2724.710869
2019/5/31 15:06,663232.9889,4033.6922,2711.898482
2019/5/31 15:09,665345.9778,4090.404276,2729.00387
2019/5/31 15:12,666539.3889,4151.503865,2753.453794
2019/5/31 15:15,669103.2278,4154.584334,2782.382454
2019/5/31 15:18,673138.4444,4125.177915,2799.327519
2019/5/31 15:21,674291.2333,4071.267875,2831.869618
2019/5/31 15:24,675824.7056,4160.772899,2812.557794
2019/5/31 15:27,672967.5833,4162.428195,2791.929308
2019/5/31 15:30,674589.7278,4186.319984,2784.95488
2019/5/31 15:33,675805.0333,4100.231855,2766.04995
2019/5/31 15:36,675537.3833,4095.650112,2771.182834
2019/5/31 15:39,675700.7722,4038.542519,2733.735212
2019/5/31 15:42,673212.2889,3956.89823,2697.181228
2019/5/31 15:45,678809.8222,4185.498062,2786.156455
2019/5/31 15:48,683304.7278,4144.127685,2776.820019
2019/5/31 15:51,682411.4167,4083.997014,2744.555355
2019/5/31 15:54,683431.4667,3953.389087,2713.005593
2019/5/31 15:57,684099.0889,3900.633949,2711.027208
2019/5/31 16:00,683144.0667,4026.263372,2735.60492
2019/5/31 16:03,678509.4722,4010.132312,2740.733816
2019/5/31 16:06,678268.3222,4106.76365,2803.906869
2019/5/31 16:09,679284.7389,4096.337395,2794.375787
2019/5/31 16:12,679441.8444,4112.833759,2820.624443
2019/5/31 16:15,679363.2722,4227.38868,2919.091278
2019/5/31 16:18,680281.0722,4274.643489,2926.387175
2019/5/31 16:21,682473.7444,4443.560051,2964.281497
2019/5/31 16:24,682049.6111,4352.642891,2940.546635
2019/5/31 16:27,685880.0667,4308.170067,2941.000247
2019/5/31 16:30,687611.5778,4430.942756,2979.030309
2019/5/31 16:33,685302.05,4407.257774,2973.405781
2019/5/31 16:36,688355.3944,4506.285397,3043.301007
2019/5/31 16:39,687521.8722,4503.714397,3029.538469
2019/5/31 16:42,690012.2889,4487.844522,3020.133282
2019/5/31 16:45,693929.0611,4526.251324,3035.387654
2019/5/31 16:48,695110.95,4524.324598,3046.550875
2019/5/31 16:51,695537.55,4606.004282,3090.810972
2019/5/31 16:54,692477.8444,4436.539244,3032.952633
2019/5/31 16:57,684209.2778,4257.195406,2957.604883
2019/5/31 17:00,676807.9111,3951.968122,2772.212973
2019/5/31 17:03,676605.3944,3929.858814,2769.049312
2019/5/31 17:06,678562.7,4047.749601,2847.378409
2019/5/31 17:09,676824.7,4035.204165,2861.555438
2019/5/31 17:12,674174.1833,3972.729801,2848.119849
2019/5/31 17:15,668704.9944,3856.935801,2802.879883
2019/5/31 17:18,662981.4056,3673.880057,2740.510426
2019/5/31 17:21,660191.8556,3511.382988,2708.824645
2019/5/31 17:24,662875.0611,3609.0798,2735.712381
2019/5/31 17:27,673906.8556,3758.042461,2810.204738
2019/5/31 17:30,684018.7222,4118.298648,2933.570272
2019/5/31 17:33,689355.5111,4115.118987,2931.90727
2019/5/31 17:36,688283.9944,4246.711145,2956.412587
2019/5/31 17:39,685267.7111,4407.477991,2954.061572
2019/5/31 17:42,687900.7,4511.872357,3040.31902
2019/5/31 17:45,687438.1333,4523.728879,3040.790935
2019/5/31 17:48,690409.6889,4431.694215,3019.605252
2019/5/31 17:51,691193.8,4516.365575,3089.069856
2019/5/31 17:54,691441.9611,4542.449369,3091.922946
2019/5/31 17:57,692124.5389,4569.961457,3115.754869
2019/5/31 18:00,692183.7889,4651.274871,3142.77975
2019/5/31 18:03,691530.45,4579.062957,3119.444372
2019/5/31 18:06,694565.1556,4605.900038,3141.400741
2019/5/31 18:09,695885.7667,4607.623754,3128.161804
2019/5/31 18:12,696200.5556,4599.864414,3133.340959
2019/5/31 18:15,696683.9389,4716.537147,3207.649122
2019/5/31 18:18,699324.9333,4704.403992,3216.747294
2019/5/31 18:21,679494.0556,4755.873622,3144.081016
2019/5/31 18:24,640182,4424.210613,2854.983461
2019/5/31 18:27,655545.9389,4348.382803,2825.459477
2019/5/31 18:30,657874.4389,4597.539934,2953.130695
2019/5/31 18:33,665992.4056,4644.402202,2990.16621
2019/5/31 18:36,672859.3833,4805.891698,3101.524579
2019/5/31 18:39,681210.1833,4956.943498,3201.103587
2019/5/31 18:42,686125.3222,5010.930677,3253.50223
2019/5/31 18:45,688680.2833,5079.953905,3277.823427
2019/5/31 18:48,690501.4667,4997.759486,3266.480632
2019/5/31 18:51,691352.6667,5025.681125,3309.63811
2019/5/31 18:54,692286.65,5023.321695,3304.58947
2019/5/31 18:57,690590.8278,4994.459228,3311.459191
2019/5/31 19:00,692430.4667,5042.831587,3372.57402
2019/5/31 19:03,691859.8167,4950.162625,3309.296061
2019/5/31 19:06,691862.8944,4949.484568,3288.819352
2019/5/31 19:09,694780.2556,5079.865135,3346.914003
2019/5/31 19:12,694181.2556,5162.890811,3381.875725
2019/5/31 19:15,693254.9833,5125.251536,3340.619945
2019/5/31 19:18,692258.2111,5033.450652,3304.914846
2019/5/31 19:21,693588.7389,5239.38236,3421.325568
2019/5/31 19:24,686546.9667,5275.746091,3423.487075
2019/5/31 19:27,673460.9056,5248.836904,3419.984795
2019/5/31 19:30,675197.9222,5302.300392,3393.248837
2019/5/31 19:33,670312.4667,5099.984746,3262.287999
2019/5/31 19:36,670609.7833,4822.151892,3056.831241
2019/5/31 19:39,676851.5,4609.346682,2931.704964
2019/5/31 19:42,682512.1667,4617.972621,2954.271067
2019/5/31 19:45,686248.5389,4886.393757,3083.738832
2019/5/31 19:48,691201.5444,4919.010392,3119.614991
2019/5/31 19:51,693971.8111,5109.115914,3222.449303
2019/5/31 19:54,694358.7889,5075.247191,3208.620876
2019/5/31 19:57,693892.9611,5052.615332,3219.312971
2019/5/31 20:00,686562.3611,5085.696156,3249.745914
2019/5/31 20:03,683480.7889,4966.341721,3204.323501
2019/5/31 20:06,683052.0167,5008.647356,3230.15467
2019/5/31 20:09,687218.9556,5050.379583,3250.321484
2019/5/31 20:12,692725.6944,5095.49564,3295.142117
2019/5/31 20:15,696353.1,5025.2646,3291.282449
2019/5/31 20:18,699079.2556,5006.43003,3293.676201
2019/5/31 20:21,704957.3889,5166.039137,3358.288803
2019/5/31 20:24,706786.6222,5095.495231,3305.78557
2019/5/31 20:27,705109.2611,5026.669679,3279.298305
2019/5/31 20:30,701556.8778,5131.352031,3370.050492
2019/5/31 20:33,700541.3611,5103.483442,3356.890653
2019/5/31 20:36,696355.5222,5242.538717,3392.878142
2019/5/31 20:39,692402.6278,5124.81459,3303.237459
2019/5/31 20:42,698046.9889,5031.987826,3271.980382
2019/5/31 20:45,700259.5889,5050.230625,3312.118599
2019/5/31 20:48,699876.6444,4983.836046,3295.119967
2019/5/31 20:51,701442.5667,5149.008532,3378.18068
2019/5/31 20:54,703315.3167,5149.935238,3305.652221
2019/5/31 20:57,704993.3889,5158.005811,3283.767671
2019/5/31 21:00,701400.7778,4997.228238,3137.42193
2019/5/31 21:03,697307.5056,4939.898991,3127.384049
2019/5/31 21:06,693532.2556,4921.154281,3154.147588
2019/5/31 21:09,686182.8111,4994.769778,3221.860524
2019/5/31 21:12,680143.2833,5047.98615,3278.537654
2019/5/31 21:15,674767.5389,5011.910551,3287.703373
2019/5/31 21:18,671327.9889,4949.109464,3235.425036
2019/5/31 21:21,669742.6444,4862.064962,3178.426147
2019/5/31 21:24,670091.5556,4824.249761,3168.547692
2019/5/31 21:27,670406.7944,4808.240868,3178.968888
2019/5/31 21:30,670848.1333,4814.693895,3189.323047
2019/5/31 21:33,672493.2667,4774.571514,3176.732938
2019/5/31 21:36,672443.7056,4780.316818,3192.737833
2019/5/31 21:39,666787.7,4631.002497,3105.859547
2019/5/31 21:42,663599.1556,4566.904229,3071.541533
2019/5/31 21:45,659341.3222,4638.064725,2992.801414
2019/5/31 21:48,660500.9056,4596.142361,2952.796342
2019/5/31 21:51,661828.3444,4624.181131,2968.821759
2019/5/31 21:54,661216.1667,4597.0878,2950.887183
2019/5/31 21:57,663284.8056,4556.714086,2924.431723
2019/5/31 22:00,664275.9,4656.026511,2964.351259
2019/5/31 22:03,670384.1389,4694.08049,2984.327303
2019/5/31 22:06,677174.9056,4756.015995,3028.515388
2019/5/31 22:09,677440.5778,4808.998095,3078.364376
2019/5/31 22:12,675617.0611,4739.408095,3052.82088
2019/5/31 22:15,674878.7611,4899.573538,3173.326966
2019/5/31 22:18,675450.4556,4851.184742,3155.189334
2019/5/31 22:21,677757.2889,4888.729298,3191.10407
2019/5/31 22:24,682224.0444,4855.576301,3202.279102
2019/5/31 22:27,683131.95,4830.603546,3214.646301
2019/5/31 22:30,679015.0889,4852.005865,3165.057723
2019/5/31 22:33,674857.9556,4645.691315,3044.335937
2019/5/31 22:36,665624.6556,4684.896708,3078.115623
2019/5/31 22:39,661089.1,4869.75281,3217.110744
2019/5/31 22:42,664428.3333,5001.129123,3311.577128
2019/5/31 22:45,666066.3278,5098.867905,3380.097033
2019/5/31 22:48,666149.1722,5074.109687,3360.140616
2019/5/31 22:51,665838.7111,5158.631268,3379.287099
2019/5/31 22:54,665559.8833,5133.606779,3365.560558
2019/5/31 22:57,665604.4111,5123.29424,3367.566518
2019/5/31 23:00,664830.9889,5013.324231,3319.479765
2019/5/31 23:03,666336.5444,4924.797225,3280.066092
2019/5/31 23:06,671876.5667,4952.723058,3291.452258
2019/5/31 23:09,669743.25,4907.608709,3247.047315
2019/5/31 23:12,659542.6889,4839.922373,3218.565896
2019/5/31 23:15,655456.2722,4911.666287,3319.011199
2019/5/31 23:18,652147.5667,4859.444303,3323.538399
2019/5/31 23:21,651173.7111,4934.73608,3395.516096
2019/5/31 23:24,650463.7167,4924.698268,3410.450006
2019/5/31 23:27,650733.9556,4923.608702,3429.428813
2019/5/31 23:30,653470.2889,4972.612894,3448.141344
2019/5/31 23:33,655315.6,4907.576739,3412.234143
2019/5/31 23:36,656720.3944,4936.351836,3426.853221
2019/5/31 23:39,658185.1222,4878.386641,3385.066463
2019/5/31 23:42,655821.1333,4803.81286,3349.883434
2019/5/31 23:45,648524.9833,4597.579372,3277.417645
2019/5/31 23:48,643700.4222,4590.075246,3257.592811
2019/5/31 23:51,647284.9444,4728.510049,3312.019964
2019/5/31 23:54,641318.15,4718.49167,3275.974214
2019/5/31 23:57,632790.9,4698.29934,3253.484977
